000000
000101
000202
000303
000404
000505
000606
000707
000808
000909
000a0a
000b0b
000c0c
000d0d
000e0e
000f0f
001010
001111
001212
001313
001414
001515
001616
001717
001818
001919
001a1a
001b1b
001c1c
001d1d
001e1e
001f1f
002020
002121
002222
002323
002424
002525
002626
002727
002828
002929
002a2a
002b2b
002c2c
002d2d
002e2e
002f2f
003030
003131
003232
003333
003434
003535
003636
003737
003838
003939
003a3a
003b3b
003c3c
003d3d
003e3e
003f3f
004040
004141
004242
004343
004444
004545
004646
004747
004848
004949
004a4a
004b4b
004c4c
004d4d
004e4e
004f4f
005050
005151
005252
005353
005454
005555
005656
005757
005858
005959
005a5a
005b5b
005c5c
005d5d
005e5e
005f5f
006060
006161
006262
006363
006464
006565
006666
006767
006868
006969
006a6a
006b6b
006c6c
006d6d
006e6e
006f6f
007070
007171
007272
007373
007474
007575
007676
007777
007878
007979
007a7a
007b7b
007c7c
007d7d
007e7e
007f7f
008000
008181
008282
008383
008484
008585
008686
008787
008888
008989
008a8a
008b8b
008c8c
008d8d
008e8e
008f8f
009090
009191
009292
009393
009494
009595
009696
009797
009898
009999
009a9a
009b9b
009c9c
009d9d
009e9e
009f9f
00a0a0
00a1a1
00a2a2
00a3a3
00a4a4
00a5a5
00a6a6
00a7a7
00a8a8
00a9a9
00aaaa
00abab
00acac
00adad
00aeae
00afaf
00b0b0
00b1b1
00b2b2
00b3b3
00b4b4
00b5b5
00b6b6
00b7b7
00b8b8
00b9b9
00baba
00bbbb
00bcbc
00bdbd
00bebe
00bfbf
00c0c0
00c1c1
00c2c2
00c3c3
00c4c4
00c5c5
00c6c6
00c7c7
00c8c8
00c9c9
00caca
00cbcb
00cccc
00cdcd
00cece
00cfcf
00d0d0
00d1d1
00d2d2
00d3d3
00d4d4
00d5d5
00d6d6
00d7d7
00d8d8
00d9d9
00dada
00dbdb
00dcdc
00dddd
00dede
00dfdf
00e0e0
00e1e1
00e2e2
00e3e3
00e4e4
00e5e5
00e6e6
00e7e7
00e8e8
00e9e9
00eaea
00ebeb
00ecec
00eded
00eeee
00efef
00f0f0
00f1f1
00f2f2
00f3f3
00f4f4
00f5f5
00f6f6
00f7f7
00f8f8
00f9f9
00fafa
00fbfb
00fcfc
00fdfd
00fefe
00ffff
010001
010109
01020a
01030a
01040a
01050b
01060c
01070c
01080c
01090e
010a0e
010b10
010c10
010d11
010e11
010f12
011012
011113
011214
011315
011416
011517
011618
011719
011819
01191a
011a1b
011b1c
011c1d
011d1e
011e1f
011f20
012021
012122
012223
012324
012425
012526
012627
012728
012828
012929
012a2a
012b2b
012c2c
012d2d
012e2e
012f2f
013030
013131
013232
013333
013434
013535
013636
013737
013838
013939
013a3a
013b3b
013c3c
013d3d
013e3e
013f3f
014040
014141
014242
014343
014444
014545
014646
014747
014848
014949
014a4a
014b4b
014c4c
014d4d
014e4e
014f4f
015050
015151
015252
015353
015454
015555
015656
015757
015858
015959
015a5a
015b5b
015c5c
015d5d
015e5e
015f5f
016060
016161
016262
016363
016464
016565
016666
016767
016868
016969
016a6a
016b6b
016c6c
016d6d
016e6e
016f6f
017070
017171
017272
017373
017474
017575
017676
017777
017878
017979
017a7a
017b7b
017c7c
017d7d
017e7e
017f7f
018001
018100
018200
018300
018400
018500
018600
018700
018800
018981
018a83
018b85
018c87
018d88
018e8a
018f8a
01908c
01918e
019290
019391
019492
019593
019694
019795
019896
019998
019a99
019b9a
019c9b
019d9c
019e9d
019f9e
01a09f
01a1a0
01a2a1
01a3a2
01a4a3
01a5a4
01a6a5
01a7a6
01a8a7
01a9a9
01aaaa
01abab
01acac
01adad
01aeae
01afaf
01b0b0
01b1b1
01b2b2
01b3b3
01b4b4
01b5b5
01b6b6
01b7b7
01b8b8
01b9b9
01baba
01bbbb
01bcbc
01bdbd
01bebe
01bfbf
01c0c0
01c1c1
01c2c2
01c3c3
01c4c4
01c5c5
01c6c6
01c7c7
01c8c8
01c9c9
01caca
01cbcb
01cccc
01cdcd
01cece
01cfcf
01d0d0
01d1d1
01d2d2
01d3d3
01d4d4
01d5d5
01d6d6
01d7d7
01d8d8
01d9d9
01dada
01dbdb
01dcdc
01dddd
01dede
01dfdf
01e0e0
01e1e1
01e2e2
01e3e3
01e4e4
01e5e5
01e6e6
01e7e7
01e8e8
01e9e9
01eaea
01ebeb
01ecec
01eded
01eeee
01efef
01f0f0
01f1f1
01f2f2
01f3f3
01f4f4
01f5f5
01f6f6
01f7f7
01f8f8
01f9f9
01fafa
01fbfb
01fcfc
01fdfd
01fefe
01ffff
020002
02010a
02020a
02030a
02040b
02050c
02060c
02070c
02080d
02090e
020a0f
020b10
020c10
020d11
020e12
020f12
021012
021114
021214
021316
021416
021518
021618
021719
021819
02191a
021a1b
021b1c
021c1d
021d1e
021e1f
021f20
022021
022122
022223
022324
022425
022526
022627
022728
022828
022929
022a2a
022b2b
022c2c
022d2d
022e2e
022f2f
023030
023131
023232
023333
023434
023535
023636
023737
023838
023939
023a3a
023b3b
023c3c
023d3d
023e3e
023f3f
024040
024141
024242
024343
024444
024545
024646
024747
024848
024949
024a4a
024b4b
024c4c
024d4d
024e4e
024f4f
025050
025151
025252
025353
025454
025555
025656
025757
025858
025959
025a5a
025b5b
025c5c
025d5d
025e5e
025f5f
026060
026161
026262
026363
026464
026565
026666
026767
026868
026969
026a6a
026b6b
026c6c
026d6d
026e6e
026f6f
027070
027171
027272
027373
027474
027575
027676
027777
027878
027979
027a7a
027b7b
027c7c
027d7d
027e7e
027f7f
028002
028100
028200
028300
028400
028500
028600
028700
028800
028980
028a82
028b84
028c86
028d88
028e89
028f8a
02908b
02918d
02928f
029390
029492
029592
029694
029794
029896
029998
029a99
029b9a
029c9b
029d9c
029e9d
029f9e
02a09f
02a1a0
02a2a1
02a3a2
02a4a3
02a5a4
02a6a5
02a7a6
02a8a7
02a9a9
02aaaa
02abab
02acac
02adad
02aeae
02afaf
02b0b0
02b1b1
02b2b2
02b3b3
02b4b4
02b5b5
02b6b6
02b7b7
02b8b8
02b9b9
02baba
02bbbb
02bcbc
02bdbd
02bebe
02bfbf
02c0c0
02c1c1
02c2c2
02c3c3
02c4c4
02c5c5
02c6c6
02c7c7
02c8c8
02c9c9
02caca
02cbcb
02cccc
02cdcd
02cece
02cfcf
02d0d0
02d1d1
02d2d2
02d3d3
02d4d4
02d5d5
02d6d6
02d7d7
02d8d8
02d9d9
02dada
02dbdb
02dcdc
02dddd
02dede
02dfdf
02e0e0
02e1e1
02e2e2
02e3e3
02e4e4
02e5e5
02e6e6
02e7e7
02e8e8
02e9e9
02eaea
02ebeb
02ecec
02eded
02eeee
02efef
02f0f0
02f1f1
02f2f2
02f3f3
02f4f4
02f5f5
02f6f6
02f7f7
02f8f8
02f9f9
02fafa
02fbfb
02fcfc
02fdfd
02fefe
02ffff
030003
03010a
03020a
03030b
03040c
03050c
03060c
03070d
03080e
03090e
030a10
030b10
030c11
030d11
030e12
030f12
031013
031114
031215
031316
031417
031518
031618
031719
031819
03191a
031a1b
031b1c
031c1d
031d1e
031e1f
031f20
032021
032122
032223
032324
032425
032526
032627
032728
032828
032929
032a2a
032b2b
032c2c
032d2d
032e2e
032f2f
033030
033131
033232
033333
033434
033535
033636
033737
033838
033939
033a3a
033b3b
033c3c
033d3d
033e3e
033f3f
034040
034141
034242
034343
034444
034545
034646
034747
034848
034949
034a4a
034b4b
034c4c
034d4d
034e4e
034f4f
035050
035151
035252
035353
035454
035555
035656
035757
035858
035959
035a5a
035b5b
035c5c
035d5d
035e5e
035f5f
036060
036161
036262
036363
036464
036565
036666
036767
036868
036969
036a6a
036b6b
036c6c
036d6d
036e6e
036f6f
037070
037171
037272
037373
037474
037575
037676
037777
037878
037979
037a7a
037b7b
037c7c
037d7d
037e7e
037f7f
038003
038100
038200
038300
038400
038500
038600
038700
038800
038900
038a81
038b83
038c85
038d87
038e88
038f8a
03908a
03918c
03928e
039390
039491
039592
039693
039794
039895
039997
039a99
039b9a
039c9b
039d9c
039e9d
039f9e
03a09f
03a1a0
03a2a1
03a3a2
03a4a3
03a5a4
03a6a5
03a7a6
03a8a7
03a9a9
03aaaa
03abab
03acac
03adad
03aeae
03afaf
03b0b0
03b1b1
03b2b2
03b3b3
03b4b4
03b5b5
03b6b6
03b7b7
03b8b8
03b9b9
03baba
03bbbb
03bcbc
03bdbd
03bebe
03bfbf
03c0c0
03c1c1
03c2c2
03c3c3
03c4c4
03c5c5
03c6c6
03c7c7
03c8c8
03c9c9
03caca
03cbcb
03cccc
03cdcd
03cece
03cfcf
03d0d0
03d1d1
03d2d2
03d3d3
03d4d4
03d5d5
03d6d6
03d7d7
03d8d8
03d9d9
03dada
03dbdb
03dcdc
03dddd
03dede
03dfdf
03e0e0
03e1e1
03e2e2
03e3e3
03e4e4
03e5e5
03e6e6
03e7e7
03e8e8
03e9e9
03eaea
03ebeb
03ecec
03eded
03eeee
03efef
03f0f0
03f1f1
03f2f2
03f3f3
03f4f4
03f5f5
03f6f6
03f7f7
03f8f8
03f9f9
03fafa
03fbfb
03fcfc
03fdfd
03fefe
03ffff
040004
04010a
04020b
04030c
04040c
04050c
04060d
04070e
04080e
04090f
040a10
040b10
040c11
040d12
040e12
040f12
041013
041114
041215
041316
041417
041518
041618
041719
04181a
04191a
041a1c
041b1c
041c1e
041d1e
041e20
041f20
042021
042122
042223
042324
042425
042526
042627
042728
042828
042929
042a2a
042b2b
042c2c
042d2d
042e2e
042f2f
043030
043131
043232
043333
043434
043535
043636
043737
043838
043939
043a3a
043b3b
043c3c
043d3d
043e3e
043f3f
044040
044141
044242
044343
044444
044545
044646
044747
044848
044949
044a4a
044b4b
044c4c
044d4d
044e4e
044f4f
045050
045151
045252
045353
045454
045555
045656
045757
045858
045959
045a5a
045b5b
045c5c
045d5d
045e5e
045f5f
046060
046161
046262
046363
046464
046565
046666
046767
046868
046969
046a6a
046b6b
046c6c
046d6d
046e6e
046f6f
047070
047171
047272
047373
047474
047575
047676
047777
047878
047979
047a7a
047b7b
047c7c
047d7d
047e7e
047f7f
048004
048100
048200
048300
048400
048500
048600
048700
048800
048900
048a80
048b82
048c84
048d86
048e88
048f89
04908a
04918c
04928e
049390
049491
049592
049693
049794
049895
049997
049a98
049b9a
049c9a
049d9c
049e9c
049f9e
04a09e
04a1a0
04a2a1
04a3a2
04a4a3
04a5a4
04a6a5
04a7a6
04a8a7
04a9a9
04aaaa
04abab
04acac
04adad
04aeae
04afaf
04b0b0
04b1b1
04b2b2
04b3b3
04b4b4
04b5b5
04b6b6
04b7b7
04b8b8
04b9b9
04baba
04bbbb
04bcbc
04bdbd
04bebe
04bfbf
04c0c0
04c1c1
04c2c2
04c3c3
04c4c4
04c5c5
04c6c6
04c7c7
04c8c8
04c9c9
04caca
04cbcb
04cccc
04cdcd
04cece
04cfcf
04d0d0
04d1d1
04d2d2
04d3d3
04d4d4
04d5d5
04d6d6
04d7d7
04d8d8
04d9d9
04dada
04dbdb
04dcdc
04dddd
04dede
04dfdf
04e0e0
04e1e1
04e2e2
04e3e3
04e4e4
04e5e5
04e6e6
04e7e7
04e8e8
04e9e9
04eaea
04ebeb
04ecec
04eded
04eeee
04efef
04f0f0
04f1f1
04f2f2
04f3f3
04f4f4
04f5f5
04f6f6
04f7f7
04f8f8
04f9f9
04fafa
04fbfb
04fcfc
04fdfd
04fefe
04ffff
050005
05010b
05020c
05030c
05040c
05050d
05060e
05070e
05080e
050910
050a10
050b11
050c11
050d12
050e12
050f13
051013
051114
051215
051316
051417
051518
051619
051719
05181a
05191b
051a1c
051b1d
051c1e
051d1f
051e20
051f20
052021
052122
052223
052324
052425
052526
052627
052728
052828
052929
052a2a
052b2b
052c2c
052d2d
052e2e
052f2f
053030
053131
053232
053333
053434
053535
053636
053737
053838
053939
053a3a
053b3b
053c3c
053d3d
053e3e
053f3f
054040
054141
054242
054343
054444
054545
054646
054747
054848
054949
054a4a
054b4b
054c4c
054d4d
054e4e
054f4f
055050
055151
055252
055353
055454
055555
055656
055757
055858
055959
055a5a
055b5b
055c5c
055d5d
055e5e
055f5f
056060
056161
056262
056363
056464
056565
056666
056767
056868
056969
056a6a
056b6b
056c6c
056d6d
056e6e
056f6f
057070
057171
057272
057373
057474
057575
057676
057777
057878
057979
057a7a
057b7b
057c7c
057d7d
057e7e
057f7f
058005
058100
058200
058300
058400
058500
058600
058700
058800
058900
058a00
058b81
058c83
058d85
058e87
058f88
05908a
05918c
05928e
059390
059491
059592
059693
059794
059895
059997
059a98
059b99
059c9a
059d9b
059e9c
059f9d
05a09e
05a1a0
05a2a1
05a3a2
05a4a3
05a5a4
05a6a5
05a7a6
05a8a7
05a9a9
05aaaa
05abab
05acac
05adad
05aeae
05afaf
05b0b0
05b1b1
05b2b2
05b3b3
05b4b4
05b5b5
05b6b6
05b7b7
05b8b8
05b9b9
05baba
05bbbb
05bcbc
05bdbd
05bebe
05bfbf
05c0c0
05c1c1
05c2c2
05c3c3
05c4c4
05c5c5
05c6c6
05c7c7
05c8c8
05c9c9
05caca
05cbcb
05cccc
05cdcd
05cece
05cfcf
05d0d0
05d1d1
05d2d2
05d3d3
05d4d4
05d5d5
05d6d6
05d7d7
05d8d8
05d9d9
05dada
05dbdb
05dcdc
05dddd
05dede
05dfdf
05e0e0
05e1e1
05e2e2
05e3e3
05e4e4
05e5e5
05e6e6
05e7e7
05e8e8
05e9e9
05eaea
05ebeb
05ecec
05eded
05eeee
05efef
05f0f0
05f1f1
05f2f2
05f3f3
05f4f4
05f5f5
05f6f6
05f7f7
05f8f8
05f9f9
05fafa
05fbfb
05fcfc
05fdfd
05fefe
05ffff
060006
06010c
06020c
06030c
06040d
06050e
06060e
06070e
06080f
060910
060a10
060b11
060c12
060d12
060e12
060f13
061014
061114
061216
061316
061418
061518
061619
061719
06181a
06191b
061a1c
061b1d
061c1e
061d1f
061e20
061f20
062021
062122
062223
062324
062425
062526
062627
062728
062828
062929
062a2a
062b2b
062c2c
062d2d
062e2e
062f2f
063030
063131
063232
063333
063434
063535
063636
063737
063838
063939
063a3a
063b3b
063c3c
063d3d
063e3e
063f3f
064040
064141
064242
064343
064444
064545
064646
064747
064848
064949
064a4a
064b4b
064c4c
064d4d
064e4e
064f4f
065050
065151
065252
065353
065454
065555
065656
065757
065858
065959
065a5a
065b5b
065c5c
065d5d
065e5e
065f5f
066060
066161
066262
066363
066464
066565
066666
066767
066868
066969
066a6a
066b6b
066c6c
066d6d
066e6e
066f6f
067070
067171
067272
067373
067474
067575
067676
067777
067878
067979
067a7a
067b7b
067c7c
067d7d
067e7e
067f7f
068006
068100
068200
068300
068400
068500
068600
068700
068800
068900
068a00
068b80
068c82
068d84
068e86
068f88
069089
06918b
06928d
06938f
069490
069592
069692
069794
069894
069996
069a98
069b99
069c9a
069d9b
069e9c
069f9d
06a09e
06a1a0
06a2a1
06a3a2
06a4a3
06a5a4
06a6a5
06a7a6
06a8a7
06a9a9
06aaaa
06abab
06acac
06adad
06aeae
06afaf
06b0b0
06b1b1
06b2b2
06b3b3
06b4b4
06b5b5
06b6b6
06b7b7
06b8b8
06b9b9
06baba
06bbbb
06bcbc
06bdbd
06bebe
06bfbf
06c0c0
06c1c1
06c2c2
06c3c3
06c4c4
06c5c5
06c6c6
06c7c7
06c8c8
06c9c9
06caca
06cbcb
06cccc
06cdcd
06cece
06cfcf
06d0d0
06d1d1
06d2d2
06d3d3
06d4d4
06d5d5
06d6d6
06d7d7
06d8d8
06d9d9
06dada
06dbdb
06dcdc
06dddd
06dede
06dfdf
06e0e0
06e1e1
06e2e2
06e3e3
06e4e4
06e5e5
06e6e6
06e7e7
06e8e8
06e9e9
06eaea
06ebeb
06ecec
06eded
06eeee
06efef
06f0f0
06f1f1
06f2f2
06f3f3
06f4f4
06f5f5
06f6f6
06f7f7
06f8f8
06f9f9
06fafa
06fbfb
06fcfc
06fdfd
06fefe
06ffff
070007
07010c
07020c
07030d
07040e
07050e
07060e
07070f
070810
070910
070a11
070b11
070c12
070d12
070e13
070f13
071014
071115
071216
071317
071418
071518
071619
071719
07181a
07191b
071a1c
071b1d
071c1e
071d1f
071e20
071f20
072021
072122
072223
072324
072425
072526
072627
072728
072828
072929
072a2a
072b2b
072c2c
072d2d
072e2e
072f2f
073030
073131
073232
073333
073434
073535
073636
073737
073838
073939
073a3a
073b3b
073c3c
073d3d
073e3e
073f3f
074040
074141
074242
074343
074444
074545
074646
074747
074848
074949
074a4a
074b4b
074c4c
074d4d
074e4e
074f4f
075050
075151
075252
075353
075454
075555
075656
075757
075858
075959
075a5a
075b5b
075c5c
075d5d
075e5e
075f5f
076060
076161
076262
076363
076464
076565
076666
076767
076868
076969
076a6a
076b6b
076c6c
076d6d
076e6e
076f6f
077070
077171
077272
077373
077474
077575
077676
077777
077878
077979
077a7a
077b7b
077c7c
077d7d
077e7e
077f7f
078007
078100
078200
078300
078400
078500
078600
078700
078800
078900
078a00
078b00
078c81
078d83
078e85
078f87
079088
07918a
07928c
07938e
079490
079591
079692
079793
079894
079996
079a98
079b99
079c9a
079d9b
079e9c
079f9d
07a09e
07a1a0
07a2a1
07a3a2
07a4a3
07a5a4
07a6a5
07a7a6
07a8a7
07a9a9
07aaaa
07abab
07acac
07adad
07aeae
07afaf
07b0b0
07b1b1
07b2b2
07b3b3
07b4b4
07b5b5
07b6b6
07b7b7
07b8b8
07b9b9
07baba
07bbbb
07bcbc
07bdbd
07bebe
07bfbf
07c0c0
07c1c1
07c2c2
07c3c3
07c4c4
07c5c5
07c6c6
07c7c7
07c8c8
07c9c9
07caca
07cbcb
07cccc
07cdcd
07cece
07cfcf
07d0d0
07d1d1
07d2d2
07d3d3
07d4d4
07d5d5
07d6d6
07d7d7
07d8d8
07d9d9
07dada
07dbdb
07dcdc
07dddd
07dede
07dfdf
07e0e0
07e1e1
07e2e2
07e3e3
07e4e4
07e5e5
07e6e6
07e7e7
07e8e8
07e9e9
07eaea
07ebeb
07ecec
07eded
07eeee
07efef
07f0f0
07f1f1
07f2f2
07f3f3
07f4f4
07f5f5
07f6f6
07f7f7
07f8f8
07f9f9
07fafa
07fbfb
07fcfc
07fdfd
07fefe
07ffff
080008
08010c
08020d
08030e
08040e
08050e
08060f
080710
080810
080910
080a11
080b12
080c12
080d12
080e13
080f14
081014
081115
081216
081317
081418
081518
081619
08171a
08181a
08191b
081a1c
081b1d
081c1e
081d1f
081e20
081f20
082021
082122
082223
082324
082425
082526
082627
082728
082828
08292a
082a2a
082b2c
082c2c
082d2e
082e2e
082f30
083030
083131
083232
083333
083434
083535
083636
083737
083838
083939
083a3a
083b3b
083c3c
083d3d
083e3e
083f3f
084040
084141
084242
084343
084444
084545
084646
084747
084848
084949
084a4a
084b4b
084c4c
084d4d
084e4e
084f4f
085050
085151
085252
085353
085454
085555
085656
085757
085858
085959
085a5a
085b5b
085c5c
085d5d
085e5e
085f5f
086060
086161
086262
086363
086464
086565
086666
086767
086868
086969
086a6a
086b6b
086c6c
086d6d
086e6e
086f6f
087070
087171
087272
087373
087474
087575
087676
087777
087878
087979
087a7a
087b7b
087c7c
087d7d
087e7e
087f7f
088008
088100
088200
088300
088400
088500
088600
088700
088800
088900
088a00
088b00
088c80
088d82
088e84
088f86
089088
08918a
08928c
08938e
089490
089591
089692
089793
089894
089996
089a98
089b99
089c9a
089d9b
089e9c
089f9d
08a09e
08a1a0
08a2a1
08a3a2
08a4a3
08a5a4
08a6a5
08a7a6
08a8a7
08a9a8
08aaaa
08abaa
08acac
08adac
08aeae
08afae
08b0b0
08b1b1
08b2b2
08b3b3
08b4b4
08b5b5
08b6b6
08b7b7
08b8b8
08b9b9
08baba
08bbbb
08bcbc
08bdbd
08bebe
08bfbf
08c0c0
08c1c1
08c2c2
08c3c3
08c4c4
08c5c5
08c6c6
08c7c7
08c8c8
08c9c9
08caca
08cbcb
08cccc
08cdcd
08cece
08cfcf
08d0d0
08d1d1
08d2d2
08d3d3
08d4d4
08d5d5
08d6d6
08d7d7
08d8d8
08d9d9
08dada
08dbdb
08dcdc
08dddd
08dede
08dfdf
08e0e0
08e1e1
08e2e2
08e3e3
08e4e4
08e5e5
08e6e6
08e7e7
08e8e8
08e9e9
08eaea
08ebeb
08ecec
08eded
08eeee
08efef
08f0f0
08f1f1
08f2f2
08f3f3
08f4f4
08f5f5
08f6f6
08f7f7
08f8f8
08f9f9
08fafa
08fbfb
08fcfc
08fdfd
08fefe
08ffff
090009
09010e
09020e
09030e
09040f
090510
090610
090710
090810
090911
090a12
090b12
090c12
090d13
090e14
090f14
091014
091116
091216
091318
091418
091519
091619
09171a
09181a
09191b
091a1c
091b1d
091c1e
091d1f
091e20
091f21
092021
092122
092223
092324
092425
092526
092627
092728
092829
09292a
092a2b
092b2c
092c2d
092d2e
092e2f
092f30
093030
093131
093232
093333
093434
093535
093636
093737
093838
093939
093a3a
093b3b
093c3c
093d3d
093e3e
093f3f
094040
094141
094242
094343
094444
094545
094646
094747
094848
094949
094a4a
094b4b
094c4c
094d4d
094e4e
094f4f
095050
095151
095252
095353
095454
095555
095656
095757
095858
095959
095a5a
095b5b
095c5c
095d5d
095e5e
095f5f
096060
096161
096262
096363
096464
096565
096666
096767
096868
096969
096a6a
096b6b
096c6c
096d6d
096e6e
096f6f
097070
097171
097272
097373
097474
097575
097676
097777
097878
097979
097a7a
097b7b
097c7c
097d7d
097e7e
097f7f
098009
098101
098200
098300
098400
098500
098600
098700
098800
098900
098a00
098b00
098c00
098d80
098e82
098f84
099086
099189
09928b
09938d
09948f
099590
099692
099792
099894
099996
099a98
099b99
099c9a
099d9b
099e9c
099f9d
09a09e
09a1a0
09a2a1
09a3a2
09a4a3
09a5a4
09a6a5
09a7a6
09a8a7
09a9a8
09aaa9
09abaa
09acab
09adac
09aead
09afae
09b0af
09b1b1
09b2b2
09b3b3
09b4b4
09b5b5
09b6b6
09b7b7
09b8b8
09b9b9
09baba
09bbbb
09bcbc
09bdbd
09bebe
09bfbf
09c0c0
09c1c1
09c2c2
09c3c3
09c4c4
09c5c5
09c6c6
09c7c7
09c8c8
09c9c9
09caca
09cbcb
09cccc
09cdcd
09cece
09cfcf
09d0d0
09d1d1
09d2d2
09d3d3
09d4d4
09d5d5
09d6d6
09d7d7
09d8d8
09d9d9
09dada
09dbdb
09dcdc
09dddd
09dede
09dfdf
09e0e0
09e1e1
09e2e2
09e3e3
09e4e4
09e5e5
09e6e6
09e7e7
09e8e8
09e9e9
09eaea
09ebeb
09ecec
09eded
09eeee
09efef
09f0f0
09f1f1
09f2f2
09f3f3
09f4f4
09f5f5
09f6f6
09f7f7
09f8f8
09f9f9
09fafa
09fbfb
09fcfc
09fdfd
09fefe
09ffff
0a000a
0a010e
0a020f
0a0310
0a0410
0a0510
0a0610
0a0711
0a0811
0a0912
0a0a12
0a0b12
0a0c13
0a0d14
0a0e14
0a0f14
0a1015
0a1116
0a1217
0a1318
0a1418
0a1519
0a161a
0a171a
0a181a
0a191c
0a1a1c
0a1b1e
0a1c1e
0a1d20
0a1e20
0a1f21
0a2021
0a2122
0a2223
0a2324
0a2425
0a2526
0a2627
0a2728
0a2829
0a292a
0a2a2b
0a2b2c
0a2c2d
0a2d2e
0a2e2f
0a2f30
0a3030
0a3131
0a3232
0a3333
0a3434
0a3535
0a3636
0a3737
0a3838
0a3939
0a3a3a
0a3b3b
0a3c3c
0a3d3d
0a3e3e
0a3f3f
0a4040
0a4141
0a4242
0a4343
0a4444
0a4545
0a4646
0a4747
0a4848
0a4949
0a4a4a
0a4b4b
0a4c4c
0a4d4d
0a4e4e
0a4f4f
0a5050
0a5151
0a5252
0a5353
0a5454
0a5555
0a5656
0a5757
0a5858
0a5959
0a5a5a
0a5b5b
0a5c5c
0a5d5d
0a5e5e
0a5f5f
0a6060
0a6161
0a6262
0a6363
0a6464
0a6565
0a6666
0a6767
0a6868
0a6969
0a6a6a
0a6b6b
0a6c6c
0a6d6d
0a6e6e
0a6f6f
0a7070
0a7171
0a7272
0a7373
0a7474
0a7575
0a7676
0a7777
0a7878
0a7979
0a7a7a
0a7b7b
0a7c7c
0a7d7d
0a7e7e
0a7f7f
0a800a
0a8103
0a8202
0a8301
0a8400
0a8500
0a8600
0a8700
0a8800
0a8900
0a8a00
0a8b00
0a8c00
0a8d00
0a8e80
0a8f82
0a9084
0a9188
0a928a
0a938c
0a948e
0a9590
0a9691
0a9792
0a9893
0a9995
0a9a97
0a9b98
0a9c9a
0a9d9a
0a9e9c
0a9f9c
0aa09e
0aa1a0
0aa2a1
0aa3a2
0aa4a3
0aa5a4
0aa6a5
0aa7a6
0aa8a7
0aa9a8
0aaaa9
0aabaa
0aacab
0aadac
0aaead
0aafae
0ab0af
0ab1b1
0ab2b2
0ab3b3
0ab4b4
0ab5b5
0ab6b6
0ab7b7
0ab8b8
0ab9b9
0ababa
0abbbb
0abcbc
0abdbd
0abebe
0abfbf
0ac0c0
0ac1c1
0ac2c2
0ac3c3
0ac4c4
0ac5c5
0ac6c6
0ac7c7
0ac8c8
0ac9c9
0acaca
0acbcb
0acccc
0acdcd
0acece
0acfcf
0ad0d0
0ad1d1
0ad2d2
0ad3d3
0ad4d4
0ad5d5
0ad6d6
0ad7d7
0ad8d8
0ad9d9
0adada
0adbdb
0adcdc
0adddd
0adede
0adfdf
0ae0e0
0ae1e1
0ae2e2
0ae3e3
0ae4e4
0ae5e5
0ae6e6
0ae7e7
0ae8e8
0ae9e9
0aeaea
0aebeb
0aecec
0aeded
0aeeee
0aefef
0af0f0
0af1f1
0af2f2
0af3f3
0af4f4
0af5f5
0af6f6
0af7f7
0af8f8
0af9f9
0afafa
0afbfb
0afcfc
0afdfd
0afefe
0affff
0b000b
0b0110
0b0210
0b0310
0b0410
0b0511
0b0611
0b0711
0b0812
0b0912
0b0a12
0b0b13
0b0c14
0b0d14
0b0e14
0b0f15
0b1016
0b1116
0b1218
0b1318
0b1419
0b1519
0b161a
0b171a
0b181b
0b191c
0b1a1d
0b1b1e
0b1c1f
0b1d20
0b1e20
0b1f21
0b2021
0b2122
0b2223
0b2324
0b2425
0b2526
0b2627
0b2728
0b2829
0b292a
0b2a2b
0b2b2c
0b2c2d
0b2d2e
0b2e2f
0b2f30
0b3030
0b3131
0b3232
0b3333
0b3434
0b3535
0b3636
0b3737
0b3838
0b3939
0b3a3a
0b3b3b
0b3c3c
0b3d3d
0b3e3e
0b3f3f
0b4040
0b4141
0b4242
0b4343
0b4444
0b4545
0b4646
0b4747
0b4848
0b4949
0b4a4a
0b4b4b
0b4c4c
0b4d4d
0b4e4e
0b4f4f
0b5050
0b5151
0b5252
0b5353
0b5454
0b5555
0b5656
0b5757
0b5858
0b5959
0b5a5a
0b5b5b
0b5c5c
0b5d5d
0b5e5e
0b5f5f
0b6060
0b6161
0b6262
0b6363
0b6464
0b6565
0b6666
0b6767
0b6868
0b6969
0b6a6a
0b6b6b
0b6c6c
0b6d6d
0b6e6e
0b6f6f
0b7070
0b7171
0b7272
0b7373
0b7474
0b7575
0b7676
0b7777
0b7878
0b7979
0b7a7a
0b7b7b
0b7c7c
0b7d7d
0b7e7e
0b7f7f
0b800b
0b8105
0b8204
0b8303
0b8402
0b8501
0b8600
0b8700
0b8800
0b8900
0b8a00
0b8b00
0b8c00
0b8d00
0b8e00
0b8f80
0b9082
0b9186
0b9289
0b938b
0b948d
0b958f
0b9690
0b9792
0b9892
0b9994
0b9a96
0b9b98
0b9c99
0b9d9a
0b9e9b
0b9f9c
0ba09d
0ba19f
0ba2a1
0ba3a2
0ba4a3
0ba5a4
0ba6a5
0ba7a6
0ba8a7
0ba9a8
0baaa9
0babaa
0bacab
0badac
0baead
0bafae
0bb0af
0bb1b1
0bb2b2
0bb3b3
0bb4b4
0bb5b5
0bb6b6
0bb7b7
0bb8b8
0bb9b9
0bbaba
0bbbbb
0bbcbc
0bbdbd
0bbebe
0bbfbf
0bc0c0
0bc1c1
0bc2c2
0bc3c3
0bc4c4
0bc5c5
0bc6c6
0bc7c7
0bc8c8
0bc9c9
0bcaca
0bcbcb
0bcccc
0bcdcd
0bcece
0bcfcf
0bd0d0
0bd1d1
0bd2d2
0bd3d3
0bd4d4
0bd5d5
0bd6d6
0bd7d7
0bd8d8
0bd9d9
0bdada
0bdbdb
0bdcdc
0bdddd
0bdede
0bdfdf
0be0e0
0be1e1
0be2e2
0be3e3
0be4e4
0be5e5
0be6e6
0be7e7
0be8e8
0be9e9
0beaea
0bebeb
0becec
0beded
0beeee
0befef
0bf0f0
0bf1f1
0bf2f2
0bf3f3
0bf4f4
0bf5f5
0bf6f6
0bf7f7
0bf8f8
0bf9f9
0bfafa
0bfbfb
0bfcfc
0bfdfd
0bfefe
0bffff
0c000c
0c0110
0c0210
0c0311
0c0411
0c0511
0c0612
0c0712
0c0812
0c0912
0c0a13
0c0b14
0c0c14
0c0d14
0c0e15
0c0f16
0c1016
0c1117
0c1218
0c1318
0c1419
0c151a
0c161a
0c171a
0c181b
0c191c
0c1a1d
0c1b1e
0c1c1f
0c1d20
0c1e20
0c1f21
0c2022
0c2122
0c2224
0c2324
0c2426
0c2526
0c2628
0c2728
0c2829
0c292a
0c2a2b
0c2b2c
0c2c2d
0c2d2e
0c2e2f
0c2f30
0c3030
0c3131
0c3232
0c3333
0c3434
0c3535
0c3636
0c3737
0c3838
0c3939
0c3a3a
0c3b3b
0c3c3c
0c3d3d
0c3e3e
0c3f3f
0c4040
0c4141
0c4242
0c4343
0c4444
0c4545
0c4646
0c4747
0c4848
0c4949
0c4a4a
0c4b4b
0c4c4c
0c4d4d
0c4e4e
0c4f4f
0c5050
0c5151
0c5252
0c5353
0c5454
0c5555
0c5656
0c5757
0c5858
0c5959
0c5a5a
0c5b5b
0c5c5c
0c5d5d
0c5e5e
0c5f5f
0c6060
0c6161
0c6262
0c6363
0c6464
0c6565
0c6666
0c6767
0c6868
0c6969
0c6a6a
0c6b6b
0c6c6c
0c6d6d
0c6e6e
0c6f6f
0c7070
0c7171
0c7272
0c7373
0c7474
0c7575
0c7676
0c7777
0c7878
0c7979
0c7a7a
0c7b7b
0c7c7c
0c7d7d
0c7e7e
0c7f7f
0c800c
0c8107
0c8206
0c8305
0c8404
0c8503
0c8602
0c8701
0c8800
0c8900
0c8a00
0c8b00
0c8c00
0c8d00
0c8e00
0c8f00
0c9080
0c9184
0c9288
0c938a
0c948c
0c958e
0c9690
0c9791
0c9892
0c9994
0c9a96
0c9b98
0c9c99
0c9d9a
0c9e9b
0c9f9c
0ca09d
0ca19f
0ca2a0
0ca3a2
0ca4a2
0ca5a4
0ca6a4
0ca7a6
0ca8a6
0ca9a8
0caaa9
0cabaa
0cacab
0cadac
0caead
0cafae
0cb0af
0cb1b1
0cb2b2
0cb3b3
0cb4b4
0cb5b5
0cb6b6
0cb7b7
0cb8b8
0cb9b9
0cbaba
0cbbbb
0cbcbc
0cbdbd
0cbebe
0cbfbf
0cc0c0
0cc1c1
0cc2c2
0cc3c3
0cc4c4
0cc5c5
0cc6c6
0cc7c7
0cc8c8
0cc9c9
0ccaca
0ccbcb
0ccccc
0ccdcd
0ccece
0ccfcf
0cd0d0
0cd1d1
0cd2d2
0cd3d3
0cd4d4
0cd5d5
0cd6d6
0cd7d7
0cd8d8
0cd9d9
0cdada
0cdbdb
0cdcdc
0cdddd
0cdede
0cdfdf
0ce0e0
0ce1e1
0ce2e2
0ce3e3
0ce4e4
0ce5e5
0ce6e6
0ce7e7
0ce8e8
0ce9e9
0ceaea
0cebeb
0cecec
0ceded
0ceeee
0cefef
0cf0f0
0cf1f1
0cf2f2
0cf3f3
0cf4f4
0cf5f5
0cf6f6
0cf7f7
0cf8f8
0cf9f9
0cfafa
0cfbfb
0cfcfc
0cfdfd
0cfefe
0cffff
0d000d
0d0111
0d0211
0d0311
0d0412
0d0512
0d0612
0d0712
0d0812
0d0913
0d0a14
0d0b14
0d0c14
0d0d15
0d0e16
0d0f16
0d1016
0d1118
0d1218
0d1319
0d1419
0d151a
0d161a
0d171b
0d181b
0d191c
0d1a1d
0d1b1e
0d1c1f
0d1d20
0d1e21
0d1f21
0d2022
0d2123
0d2224
0d2325
0d2426
0d2527
0d2628
0d2728
0d2829
0d292a
0d2a2b
0d2b2c
0d2c2d
0d2d2e
0d2e2f
0d2f30
0d3030
0d3131
0d3232
0d3333
0d3434
0d3535
0d3636
0d3737
0d3838
0d3939
0d3a3a
0d3b3b
0d3c3c
0d3d3d
0d3e3e
0d3f3f
0d4040
0d4141
0d4242
0d4343
0d4444
0d4545
0d4646
0d4747
0d4848
0d4949
0d4a4a
0d4b4b
0d4c4c
0d4d4d
0d4e4e
0d4f4f
0d5050
0d5151
0d5252
0d5353
0d5454
0d5555
0d5656
0d5757
0d5858
0d5959
0d5a5a
0d5b5b
0d5c5c
0d5d5d
0d5e5e
0d5f5f
0d6060
0d6161
0d6262
0d6363
0d6464
0d6565
0d6666
0d6767
0d6868
0d6969
0d6a6a
0d6b6b
0d6c6c
0d6d6d
0d6e6e
0d6f6f
0d7070
0d7171
0d7272
0d7373
0d7474
0d7575
0d7676
0d7777
0d7878
0d7979
0d7a7a
0d7b7b
0d7c7c
0d7d7d
0d7e7e
0d7f7f
0d800d
0d8108
0d8208
0d8307
0d8406
0d8505
0d8604
0d8703
0d8802
0d8900
0d8a00
0d8b00
0d8c00
0d8d00
0d8e00
0d8f00
0d9000
0d9182
0d9286
0d9389
0d948b
0d958d
0d968f
0d9790
0d9892
0d9994
0d9a96
0d9b98
0d9c99
0d9d9a
0d9e9b
0d9f9c
0da09d
0da19f
0da2a0
0da3a1
0da4a2
0da5a3
0da6a4
0da7a5
0da8a6
0da9a8
0daaa9
0dabaa
0dacab
0dadac
0daead
0dafae
0db0af
0db1b1
0db2b2
0db3b3
0db4b4
0db5b5
0db6b6
0db7b7
0db8b8
0db9b9
0dbaba
0dbbbb
0dbcbc
0dbdbd
0dbebe
0dbfbf
0dc0c0
0dc1c1
0dc2c2
0dc3c3
0dc4c4
0dc5c5
0dc6c6
0dc7c7
0dc8c8
0dc9c9
0dcaca
0dcbcb
0dcccc
0dcdcd
0dcece
0dcfcf
0dd0d0
0dd1d1
0dd2d2
0dd3d3
0dd4d4
0dd5d5
0dd6d6
0dd7d7
0dd8d8
0dd9d9
0ddada
0ddbdb
0ddcdc
0ddddd
0ddede
0ddfdf
0de0e0
0de1e1
0de2e2
0de3e3
0de4e4
0de5e5
0de6e6
0de7e7
0de8e8
0de9e9
0deaea
0debeb
0decec
0deded
0deeee
0defef
0df0f0
0df1f1
0df2f2
0df3f3
0df4f4
0df5f5
0df6f6
0df7f7
0df8f8
0df9f9
0dfafa
0dfbfb
0dfcfc
0dfdfd
0dfefe
0dffff
0e000e
0e0111
0e0212
0e0312
0e0412
0e0512
0e0612
0e0713
0e0813
0e0914
0e0a14
0e0b14
0e0c15
0e0d16
0e0e16
0e0f16
0e1017
0e1118
0e1218
0e1319
0e141a
0e151a
0e161a
0e171b
0e181c
0e191c
0e1a1e
0e1b1e
0e1c20
0e1d20
0e1e21
0e1f21
0e2022
0e2123
0e2224
0e2325
0e2426
0e2527
0e2628
0e2728
0e2829
0e292a
0e2a2b
0e2b2c
0e2c2d
0e2d2e
0e2e2f
0e2f30
0e3030
0e3131
0e3232
0e3333
0e3434
0e3535
0e3636
0e3737
0e3838
0e3939
0e3a3a
0e3b3b
0e3c3c
0e3d3d
0e3e3e
0e3f3f
0e4040
0e4141
0e4242
0e4343
0e4444
0e4545
0e4646
0e4747
0e4848
0e4949
0e4a4a
0e4b4b
0e4c4c
0e4d4d
0e4e4e
0e4f4f
0e5050
0e5151
0e5252
0e5353
0e5454
0e5555
0e5656
0e5757
0e5858
0e5959
0e5a5a
0e5b5b
0e5c5c
0e5d5d
0e5e5e
0e5f5f
0e6060
0e6161
0e6262
0e6363
0e6464
0e6565
0e6666
0e6767
0e6868
0e6969
0e6a6a
0e6b6b
0e6c6c
0e6d6d
0e6e6e
0e6f6f
0e7070
0e7171
0e7272
0e7373
0e7474
0e7575
0e7676
0e7777
0e7878
0e7979
0e7a7a
0e7b7b
0e7c7c
0e7d7d
0e7e7e
0e7f7f
0e800e
0e810a
0e8209
0e8308
0e8408
0e8507
0e8606
0e8705
0e8804
0e8902
0e8a00
0e8b00
0e8c00
0e8d00
0e8e00
0e8f00
0e9000
0e9180
0e9284
0e9388
0e948a
0e958c
0e968e
0e9790
0e9891
0e9993
0e9a95
0e9b97
0e9c98
0e9d9a
0e9e9a
0e9f9c
0ea09c
0ea19e
0ea2a0
0ea3a1
0ea4a2
0ea5a3
0ea6a4
0ea7a5
0ea8a6
0ea9a8
0eaaa9
0eabaa
0eacab
0eadac
0eaead
0eafae
0eb0af
0eb1b1
0eb2b2
0eb3b3
0eb4b4
0eb5b5
0eb6b6
0eb7b7
0eb8b8
0eb9b9
0ebaba
0ebbbb
0ebcbc
0ebdbd
0ebebe
0ebfbf
0ec0c0
0ec1c1
0ec2c2
0ec3c3
0ec4c4
0ec5c5
0ec6c6
0ec7c7
0ec8c8
0ec9c9
0ecaca
0ecbcb
0ecccc
0ecdcd
0ecece
0ecfcf
0ed0d0
0ed1d1
0ed2d2
0ed3d3
0ed4d4
0ed5d5
0ed6d6
0ed7d7
0ed8d8
0ed9d9
0edada
0edbdb
0edcdc
0edddd
0edede
0edfdf
0ee0e0
0ee1e1
0ee2e2
0ee3e3
0ee4e4
0ee5e5
0ee6e6
0ee7e7
0ee8e8
0ee9e9
0eeaea
0eebeb
0eecec
0eeded
0eeeee
0eefef
0ef0f0
0ef1f1
0ef2f2
0ef3f3
0ef4f4
0ef5f5
0ef6f6
0ef7f7
0ef8f8
0ef9f9
0efafa
0efbfb
0efcfc
0efdfd
0efefe
0effff
0f000f
0f0112
0f0212
0f0312
0f0412
0f0513
0f0613
0f0713
0f0814
0f0914
0f0a14
0f0b15
0f0c16
0f0d16
0f0e16
0f0f17
0f1018
0f1118
0f1219
0f1319
0f141a
0f151a
0f161b
0f171b
0f181c
0f191d
0f1a1e
0f1b1f
0f1c20
0f1d20
0f1e21
0f1f21
0f2022
0f2123
0f2224
0f2325
0f2426
0f2527
0f2628
0f2728
0f2829
0f292a
0f2a2b
0f2b2c
0f2c2d
0f2d2e
0f2e2f
0f2f30
0f3030
0f3131
0f3232
0f3333
0f3434
0f3535
0f3636
0f3737
0f3838
0f3939
0f3a3a
0f3b3b
0f3c3c
0f3d3d
0f3e3e
0f3f3f
0f4040
0f4141
0f4242
0f4343
0f4444
0f4545
0f4646
0f4747
0f4848
0f4949
0f4a4a
0f4b4b
0f4c4c
0f4d4d
0f4e4e
0f4f4f
0f5050
0f5151
0f5252
0f5353
0f5454
0f5555
0f5656
0f5757
0f5858
0f5959
0f5a5a
0f5b5b
0f5c5c
0f5d5d
0f5e5e
0f5f5f
0f6060
0f6161
0f6262
0f6363
0f6464
0f6565
0f6666
0f6767
0f6868
0f6969
0f6a6a
0f6b6b
0f6c6c
0f6d6d
0f6e6e
0f6f6f
0f7070
0f7171
0f7272
0f7373
0f7474
0f7575
0f7676
0f7777
0f7878
0f7979
0f7a7a
0f7b7b
0f7c7c
0f7d7d
0f7e7e
0f7f7f
0f800f
0f810a
0f820a
0f830a
0f8409
0f8508
0f8608
0f8707
0f8806
0f8904
0f8a02
0f8b00
0f8c00
0f8d00
0f8e00
0f8f00
0f9000
0f9100
0f9282
0f9386
0f9489
0f958b
0f968d
0f978f
0f9890
0f9992
0f9a94
0f9b96
0f9c98
0f9d99
0f9e9a
0f9f9b
0fa09c
0fa19e
0fa2a0
0fa3a1
0fa4a2
0fa5a3
0fa6a4
0fa7a5
0fa8a6
0fa9a8
0faaa9
0fabaa
0facab
0fadac
0faead
0fafae
0fb0af
0fb1b1
0fb2b2
0fb3b3
0fb4b4
0fb5b5
0fb6b6
0fb7b7
0fb8b8
0fb9b9
0fbaba
0fbbbb
0fbcbc
0fbdbd
0fbebe
0fbfbf
0fc0c0
0fc1c1
0fc2c2
0fc3c3
0fc4c4
0fc5c5
0fc6c6
0fc7c7
0fc8c8
0fc9c9
0fcaca
0fcbcb
0fcccc
0fcdcd
0fcece
0fcfcf
0fd0d0
0fd1d1
0fd2d2
0fd3d3
0fd4d4
0fd5d5
0fd6d6
0fd7d7
0fd8d8
0fd9d9
0fdada
0fdbdb
0fdcdc
0fdddd
0fdede
0fdfdf
0fe0e0
0fe1e1
0fe2e2
0fe3e3
0fe4e4
0fe5e5
0fe6e6
0fe7e7
0fe8e8
0fe9e9
0feaea
0febeb
0fecec
0feded
0feeee
0fefef
0ff0f0
0ff1f1
0ff2f2
0ff3f3
0ff4f4
0ff5f5
0ff6f6
0ff7f7
0ff8f8
0ff9f9
0ffafa
0ffbfb
0ffcfc
0ffdfd
0ffefe
0fffff
100010
100112
100212
100313
100413
100513
100614
100714
100814
100914
100a15
100b16
100c16
100d16
100e17
100f18
101018
101118
101219
10131a
10141a
10151a
10161b
10171c
10181c
10191d
101a1e
101b1f
101c20
101d20
101e21
101f22
102022
102123
102224
102325
102426
102527
102628
102728
102829
10292a
102a2b
102b2c
102c2d
102d2e
102e2f
102f30
103030
103132
103232
103334
103434
103536
103636
103738
103838
103939
103a3a
103b3b
103c3c
103d3d
103e3e
103f3f
104040
104141
104242
104343
104444
104545
104646
104747
104848
104949
104a4a
104b4b
104c4c
104d4d
104e4e
104f4f
105050
105151
105252
105353
105454
105555
105656
105757
105858
105959
105a5a
105b5b
105c5c
105d5d
105e5e
105f5f
106060
106161
106262
106363
106464
106565
106666
106767
106868
106969
106a6a
106b6b
106c6c
106d6d
106e6e
106f6f
107070
107171
107272
107373
107474
107575
107676
107777
107878
107979
107a7a
107b7b
107c7c
107d7d
107e7e
107f7f
108010
10810c
10820b
10830a
10840a
10850a
108609
108708
108808
108906
108a04
108b02
108c00
108d00
108e00
108f00
109000
109100
109280
109384
109488
10958a
10968c
10978e
109890
109992
109a94
109b96
109c98
109d99
109e9a
109f9b
10a09c
10a19e
10a2a0
10a3a1
10a4a2
10a5a3
10a6a4
10a7a5
10a8a6
10a9a8
10aaa9
10abaa
10acab
10adac
10aead
10afae
10b0af
10b1b0
10b2b2
10b3b2
10b4b4
10b5b4
10b6b6
10b7b6
10b8b8
10b9b9
10baba
10bbbb
10bcbc
10bdbd
10bebe
10bfbf
10c0c0
10c1c1
10c2c2
10c3c3
10c4c4
10c5c5
10c6c6
10c7c7
10c8c8
10c9c9
10caca
10cbcb
10cccc
10cdcd
10cece
10cfcf
10d0d0
10d1d1
10d2d2
10d3d3
10d4d4
10d5d5
10d6d6
10d7d7
10d8d8
10d9d9
10dada
10dbdb
10dcdc
10dddd
10dede
10dfdf
10e0e0
10e1e1
10e2e2
10e3e3
10e4e4
10e5e5
10e6e6
10e7e7
10e8e8
10e9e9
10eaea
10ebeb
10ecec
10eded
10eeee
10efef
10f0f0
10f1f1
10f2f2
10f3f3
10f4f4
10f5f5
10f6f6
10f7f7
10f8f8
10f9f9
10fafa
10fbfb
10fcfc
10fdfd
10fefe
10ffff
110011
110113
110214
110314
110414
110514
110614
110715
110815
110916
110a16
110b16
110c17
110d18
110e18
110f18
111018
111119
11121a
11131a
11141a
11151b
11161c
11171c
11181c
11191e
111a1e
111b20
111c20
111d21
111e21
111f22
112022
112123
112224
112325
112426
112527
112628
112729
112829
11292a
112a2b
112b2c
112c2d
112d2e
112e2f
112f30
113031
113132
113233
113334
113435
113536
113637
113738
113838
113939
113a3a
113b3b
113c3c
113d3d
113e3e
113f3f
114040
114141
114242
114343
114444
114545
114646
114747
114848
114949
114a4a
114b4b
114c4c
114d4d
114e4e
114f4f
115050
115151
115252
115353
115454
115555
115656
115757
115858
115959
115a5a
115b5b
115c5c
115d5d
115e5e
115f5f
116060
116161
116262
116363
116464
116565
116666
116767
116868
116969
116a6a
116b6b
116c6c
116d6d
116e6e
116f6f
117070
117171
117272
117373
117474
117575
117676
117777
117878
117979
117a7a
117b7b
117c7c
117d7d
117e7e
117f7f
118011
11810e
11820d
11830c
11840c
11850c
11860b
11870a
11880a
118909
118a08
118b06
118c04
118d02
118e00
118f00
119000
119100
119200
119380
119484
119588
11968a
11978c
11988e
119991
119a93
119b95
119c97
119d98
119e9a
119f9a
11a09c
11a19e
11a2a0
11a3a1
11a4a2
11a5a3
11a6a4
11a7a5
11a8a6
11a9a8
11aaa9
11abaa
11acab
11adac
11aead
11afae
11b0af
11b1b0
11b2b1
11b3b2
11b4b3
11b5b4
11b6b5
11b7b6
11b8b7
11b9b9
11baba
11bbbb
11bcbc
11bdbd
11bebe
11bfbf
11c0c0
11c1c1
11c2c2
11c3c3
11c4c4
11c5c5
11c6c6
11c7c7
11c8c8
11c9c9
11caca
11cbcb
11cccc
11cdcd
11cece
11cfcf
11d0d0
11d1d1
11d2d2
11d3d3
11d4d4
11d5d5
11d6d6
11d7d7
11d8d8
11d9d9
11dada
11dbdb
11dcdc
11dddd
11dede
11dfdf
11e0e0
11e1e1
11e2e2
11e3e3
11e4e4
11e5e5
11e6e6
11e7e7
11e8e8
11e9e9
11eaea
11ebeb
11ecec
11eded
11eeee
11efef
11f0f0
11f1f1
11f2f2
11f3f3
11f4f4
11f5f5
11f6f6
11f7f7
11f8f8
11f9f9
11fafa
11fbfb
11fcfc
11fdfd
11fefe
11ffff
120012
120114
120214
120315
120415
120515
120616
120716
120816
120916
120a17
120b18
120c18
120d18
120e18
120f19
121019
12111a
12121a
12131a
12141b
12151c
12161c
12171c
12181d
12191e
121a1f
121b20
121c20
121d21
121e22
121f22
122022
122124
122224
122326
122426
122528
122628
122729
122829
12292a
122a2b
122b2c
122c2d
122d2e
122e2f
122f30
123031
123132
123233
123334
123435
123536
123637
123738
123838
123939
123a3a
123b3b
123c3c
123d3d
123e3e
123f3f
124040
124141
124242
124343
124444
124545
124646
124747
124848
124949
124a4a
124b4b
124c4c
124d4d
124e4e
124f4f
125050
125151
125252
125353
125454
125555
125656
125757
125858
125959
125a5a
125b5b
125c5c
125d5d
125e5e
125f5f
126060
126161
126262
126363
126464
126565
126666
126767
126868
126969
126a6a
126b6b
126c6c
126d6d
126e6e
126f6f
127070
127171
127272
127373
127474
127575
127676
127777
127878
127979
127a7a
127b7b
127c7c
127d7d
127e7e
127f7f
128012
128110
12820f
12830e
12840e
12850e
12860d
12870c
12880c
12890b
128a0a
128b09
128c08
128d06
128e04
128f02
129000
129100
129200
129300
129480
129584
129688
12978a
12988c
129990
129a92
129b94
129c96
129d98
129e99
129f9a
12a09b
12a19d
12a29f
12a3a0
12a4a2
12a5a2
12a6a4
12a7a4
12a8a6
12a9a8
12aaa9
12abaa
12acab
12adac
12aead
12afae
12b0af
12b1b0
12b2b1
12b3b2
12b4b3
12b5b4
12b6b5
12b7b6
12b8b7
12b9b9
12baba
12bbbb
12bcbc
12bdbd
12bebe
12bfbf
12c0c0
12c1c1
12c2c2
12c3c3
12c4c4
12c5c5
12c6c6
12c7c7
12c8c8
12c9c9
12caca
12cbcb
12cccc
12cdcd
12cece
12cfcf
12d0d0
12d1d1
12d2d2
12d3d3
12d4d4
12d5d5
12d6d6
12d7d7
12d8d8
12d9d9
12dada
12dbdb
12dcdc
12dddd
12dede
12dfdf
12e0e0
12e1e1
12e2e2
12e3e3
12e4e4
12e5e5
12e6e6
12e7e7
12e8e8
12e9e9
12eaea
12ebeb
12ecec
12eded
12eeee
12efef
12f0f0
12f1f1
12f2f2
12f3f3
12f4f4
12f5f5
12f6f6
12f7f7
12f8f8
12f9f9
12fafa
12fbfb
12fcfc
12fdfd
12fefe
12ffff
130013
130115
130216
130316
130416
130516
130616
130717
130817
130918
130a18
130b18
130c18
130d19
130e19
130f19
13101a
13111a
13121a
13131b
13141c
13151c
13161c
13171d
13181e
13191e
131a20
131b20
131c21
131d21
131e22
131f22
132023
132124
132225
132326
132427
132528
132628
132729
132829
13292a
132a2b
132b2c
132c2d
132d2e
132e2f
132f30
133031
133132
133233
133334
133435
133536
133637
133738
133838
133939
133a3a
133b3b
133c3c
133d3d
133e3e
133f3f
134040
134141
134242
134343
134444
134545
134646
134747
134848
134949
134a4a
134b4b
134c4c
134d4d
134e4e
134f4f
135050
135151
135252
135353
135454
135555
135656
135757
135858
135959
135a5a
135b5b
135c5c
135d5d
135e5e
135f5f
136060
136161
136262
136363
136464
136565
136666
136767
136868
136969
136a6a
136b6b
136c6c
136d6d
136e6e
136f6f
137070
137171
137272
137373
137474
137575
137676
137777
137878
137979
137a7a
137b7b
137c7c
137d7d
137e7e
137f7f
138013
138111
138210
138310
138410
138510
13860f
13870e
13880e
13890d
138a0c
138b0b
138c0a
138d09
138e08
138f06
139004
139100
139200
139300
139400
139580
139684
139788
13988a
13998e
139a91
139b93
139c95
139d97
139e98
139f9a
13a09a
13a19c
13a29e
13a3a0
13a4a1
13a5a2
13a6a3
13a7a4
13a8a5
13a9a7
13aaa9
13abaa
13acab
13adac
13aead
13afae
13b0af
13b1b0
13b2b1
13b3b2
13b4b3
13b5b4
13b6b5
13b7b6
13b8b7
13b9b9
13baba
13bbbb
13bcbc
13bdbd
13bebe
13bfbf
13c0c0
13c1c1
13c2c2
13c3c3
13c4c4
13c5c5
13c6c6
13c7c7
13c8c8
13c9c9
13caca
13cbcb
13cccc
13cdcd
13cece
13cfcf
13d0d0
13d1d1
13d2d2
13d3d3
13d4d4
13d5d5
13d6d6
13d7d7
13d8d8
13d9d9
13dada
13dbdb
13dcdc
13dddd
13dede
13dfdf
13e0e0
13e1e1
13e2e2
13e3e3
13e4e4
13e5e5
13e6e6
13e7e7
13e8e8
13e9e9
13eaea
13ebeb
13ecec
13eded
13eeee
13efef
13f0f0
13f1f1
13f2f2
13f3f3
13f4f4
13f5f5
13f6f6
13f7f7
13f8f8
13f9f9
13fafa
13fbfb
13fcfc
13fdfd
13fefe
13ffff
140014
140116
140216
140317
140417
140517
140618
140718
140818
140918
140a18
140b19
140c19
140d19
140e1a
140f1a
14101a
14111a
14121b
14131c
14141c
14151c
14161d
14171e
14181e
14191f
141a20
141b20
141c21
141d22
141e22
141f22
142023
142124
142225
142326
142427
142528
142628
142729
14282a
14292a
142a2c
142b2c
142c2e
142d2e
142e30
142f30
143031
143132
143233
143334
143435
143536
143637
143738
143838
143939
143a3a
143b3b
143c3c
143d3d
143e3e
143f3f
144040
144141
144242
144343
144444
144545
144646
144747
144848
144949
144a4a
144b4b
144c4c
144d4d
144e4e
144f4f
145050
145151
145252
145353
145454
145555
145656
145757
145858
145959
145a5a
145b5b
145c5c
145d5d
145e5e
145f5f
146060
146161
146262
146363
146464
146565
146666
146767
146868
146969
146a6a
146b6b
146c6c
146d6d
146e6e
146f6f
147070
147171
147272
147373
147474
147575
147676
147777
147878
147979
147a7a
147b7b
147c7c
147d7d
147e7e
147f7f
148014
148112
148212
148311
148411
148511
148610
148710
148810
14890f
148a0e
148b0d
148c0c
148d0b
148e0a
148f09
149008
149104
149200
149300
149400
149500
149680
149784
149888
14998c
149a90
149b92
149c94
149d96
149e98
149f99
14a09a
14a19c
14a29e
14a3a0
14a4a1
14a5a2
14a6a3
14a7a4
14a8a5
14a9a7
14aaa8
14abaa
14acaa
14adac
14aeac
14afae
14b0ae
14b1b0
14b2b1
14b3b2
14b4b3
14b5b4
14b6b5
14b7b6
14b8b7
14b9b9
14baba
14bbbb
14bcbc
14bdbd
14bebe
14bfbf
14c0c0
14c1c1
14c2c2
14c3c3
14c4c4
14c5c5
14c6c6
14c7c7
14c8c8
14c9c9
14caca
14cbcb
14cccc
14cdcd
14cece
14cfcf
14d0d0
14d1d1
14d2d2
14d3d3
14d4d4
14d5d5
14d6d6
14d7d7
14d8d8
14d9d9
14dada
14dbdb
14dcdc
14dddd
14dede
14dfdf
14e0e0
14e1e1
14e2e2
14e3e3
14e4e4
14e5e5
14e6e6
14e7e7
14e8e8
14e9e9
14eaea
14ebeb
14ecec
14eded
14eeee
14efef
14f0f0
14f1f1
14f2f2
14f3f3
14f4f4
14f5f5
14f6f6
14f7f7
14f8f8
14f9f9
14fafa
14fbfb
14fcfc
14fdfd
14fefe
14ffff
150015
150117
150218
150318
150418
150518
150618
150718
150818
150919
150a19
150b19
150c1a
150d1a
150e1a
150f1a
15101a
15111b
15121c
15131c
15141c
15151d
15161e
15171e
15181e
151920
151a20
151b21
151c21
151d22
151e22
151f23
152023
152124
152225
152326
152427
152528
152629
152729
15282a
15292b
152a2c
152b2d
152c2e
152d2f
152e30
152f30
153031
153132
153233
153334
153435
153536
153637
153738
153838
153939
153a3a
153b3b
153c3c
153d3d
153e3e
153f3f
154040
154141
154242
154343
154444
154545
154646
154747
154848
154949
154a4a
154b4b
154c4c
154d4d
154e4e
154f4f
155050
155151
155252
155353
155454
155555
155656
155757
155858
155959
155a5a
155b5b
155c5c
155d5d
155e5e
155f5f
156060
156161
156262
156363
156464
156565
156666
156767
156868
156969
156a6a
156b6b
156c6c
156d6d
156e6e
156f6f
157070
157171
157272
157373
157474
157575
157676
157777
157878
157979
157a7a
157b7b
157c7c
157d7d
157e7e
157f7f
158015
158113
158212
158312
158412
158512
158612
158711
158811
158910
158a10
158b0f
158c0e
158d0d
158e0c
158f0b
15900a
159108
159204
159300
159400
159500
159600
159780
159884
15998a
159a8e
159b91
159c93
159d95
159e97
159f98
15a09a
15a19c
15a29e
15a3a0
15a4a1
15a5a2
15a6a3
15a7a4
15a8a5
15a9a7
15aaa8
15aba9
15acaa
15adab
15aeac
15afad
15b0ae
15b1b0
15b2b1
15b3b2
15b4b3
15b5b4
15b6b5
15b7b6
15b8b7
15b9b9
15baba
15bbbb
15bcbc
15bdbd
15bebe
15bfbf
15c0c0
15c1c1
15c2c2
15c3c3
15c4c4
15c5c5
15c6c6
15c7c7
15c8c8
15c9c9
15caca
15cbcb
15cccc
15cdcd
15cece
15cfcf
15d0d0
15d1d1
15d2d2
15d3d3
15d4d4
15d5d5
15d6d6
15d7d7
15d8d8
15d9d9
15dada
15dbdb
15dcdc
15dddd
15dede
15dfdf
15e0e0
15e1e1
15e2e2
15e3e3
15e4e4
15e5e5
15e6e6
15e7e7
15e8e8
15e9e9
15eaea
15ebeb
15ecec
15eded
15eeee
15efef
15f0f0
15f1f1
15f2f2
15f3f3
15f4f4
15f5f5
15f6f6
15f7f7
15f8f8
15f9f9
15fafa
15fbfb
15fcfc
15fdfd
15fefe
15ffff
160016
160118
160218
160318
160418
160519
160619
160719
160819
160919
160a1a
160b1a
160c1a
160d1a
160e1a
160f1b
16101b
16111c
16121c
16131c
16141d
16151e
16161e
16171e
16181f
161920
161a20
161b21
161c22
161d22
161e22
161f23
162024
162124
162226
162326
162428
162528
162629
162729
16282a
16292b
162a2c
162b2d
162c2e
162d2f
162e30
162f30
163031
163132
163233
163334
163435
163536
163637
163738
163838
163939
163a3a
163b3b
163c3c
163d3d
163e3e
163f3f
164040
164141
164242
164343
164444
164545
164646
164747
164848
164949
164a4a
164b4b
164c4c
164d4d
164e4e
164f4f
165050
165151
165252
165353
165454
165555
165656
165757
165858
165959
165a5a
165b5b
165c5c
165d5d
165e5e
165f5f
166060
166161
166262
166363
166464
166565
166666
166767
166868
166969
166a6a
166b6b
166c6c
166d6d
166e6e
166f6f
167070
167171
167272
167373
167474
167575
167676
167777
167878
167979
167a7a
167b7b
167c7c
167d7d
167e7e
167f7f
168016
168114
168214
168313
168413
168513
168612
168712
168812
168912
168a11
168b10
168c10
168d0f
168e0e
168f0d
16900c
16910a
169208
169304
169400
169500
169600
169700
169880
169988
169a8c
169b90
169c92
169d94
169e96
169f98
16a099
16a19b
16a29d
16a39f
16a4a0
16a5a2
16a6a2
16a7a4
16a8a4
16a9a6
16aaa8
16aba9
16acaa
16adab
16aeac
16afad
16b0ae
16b1b0
16b2b1
16b3b2
16b4b3
16b5b4
16b6b5
16b7b6
16b8b7
16b9b9
16baba
16bbbb
16bcbc
16bdbd
16bebe
16bfbf
16c0c0
16c1c1
16c2c2
16c3c3
16c4c4
16c5c5
16c6c6
16c7c7
16c8c8
16c9c9
16caca
16cbcb
16cccc
16cdcd
16cece
16cfcf
16d0d0
16d1d1
16d2d2
16d3d3
16d4d4
16d5d5
16d6d6
16d7d7
16d8d8
16d9d9
16dada
16dbdb
16dcdc
16dddd
16dede
16dfdf
16e0e0
16e1e1
16e2e2
16e3e3
16e4e4
16e5e5
16e6e6
16e7e7
16e8e8
16e9e9
16eaea
16ebeb
16ecec
16eded
16eeee
16efef
16f0f0
16f1f1
16f2f2
16f3f3
16f4f4
16f5f5
16f6f6
16f7f7
16f8f8
16f9f9
16fafa
16fbfb
16fcfc
16fdfd
16fefe
16ffff
170017
170119
170219
170319
170419
170519
170619
170719
17081a
17091a
170a1a
170b1a
170c1a
170d1b
170e1b
170f1b
17101c
17111c
17121c
17131d
17141e
17151e
17161e
17171f
171820
171920
171a21
171b21
171c22
171d22
171e23
171f23
172024
172125
172226
172327
172428
172528
172629
172729
17282a
17292b
172a2c
172b2d
172c2e
172d2f
172e30
172f30
173031
173132
173233
173334
173435
173536
173637
173738
173838
173939
173a3a
173b3b
173c3c
173d3d
173e3e
173f3f
174040
174141
174242
174343
174444
174545
174646
174747
174848
174949
174a4a
174b4b
174c4c
174d4d
174e4e
174f4f
175050
175151
175252
175353
175454
175555
175656
175757
175858
175959
175a5a
175b5b
175c5c
175d5d
175e5e
175f5f
176060
176161
176262
176363
176464
176565
176666
176767
176868
176969
176a6a
176b6b
176c6c
176d6d
176e6e
176f6f
177070
177171
177272
177373
177474
177575
177676
177777
177878
177979
177a7a
177b7b
177c7c
177d7d
177e7e
177f7f
178017
178115
178214
178314
178414
178514
178614
178713
178813
178912
178a12
178b12
178c11
178d10
178e10
178f0f
17900e
17910c
17920a
179308
179404
179500
179600
179700
179800
179984
179a8a
179b8e
179c91
179d93
179e95
179f97
17a098
17a19a
17a29c
17a39e
17a4a0
17a5a1
17a6a2
17a7a3
17a8a4
17a9a6
17aaa8
17aba9
17acaa
17adab
17aeac
17afad
17b0ae
17b1b0
17b2b1
17b3b2
17b4b3
17b5b4
17b6b5
17b7b6
17b8b7
17b9b9
17baba
17bbbb
17bcbc
17bdbd
17bebe
17bfbf
17c0c0
17c1c1
17c2c2
17c3c3
17c4c4
17c5c5
17c6c6
17c7c7
17c8c8
17c9c9
17caca
17cbcb
17cccc
17cdcd
17cece
17cfcf
17d0d0
17d1d1
17d2d2
17d3d3
17d4d4
17d5d5
17d6d6
17d7d7
17d8d8
17d9d9
17dada
17dbdb
17dcdc
17dddd
17dede
17dfdf
17e0e0
17e1e1
17e2e2
17e3e3
17e4e4
17e5e5
17e6e6
17e7e7
17e8e8
17e9e9
17eaea
17ebeb
17ecec
17eded
17eeee
17efef
17f0f0
17f1f1
17f2f2
17f3f3
17f4f4
17f5f5
17f6f6
17f7f7
17f8f8
17f9f9
17fafa
17fbfb
17fcfc
17fdfd
17fefe
17ffff
180018
180119
180219
180319
18041a
18051a
18061a
18071a
18081a
18091a
180a1a
180b1b
180c1b
180d1b
180e1c
180f1c
18101c
18111c
18121d
18131e
18141e
18151e
18161f
181720
181820
181920
181a21
181b22
181c22
181d22
181e23
181f24
182024
182125
182226
182327
182428
182528
182629
18272a
18282a
18292b
182a2c
182b2d
182c2e
182d2f
182e30
182f30
183031
183132
183233
183334
183435
183536
183637
183738
183838
18393a
183a3a
183b3c
183c3c
183d3e
183e3e
183f40
184040
184141
184242
184343
184444
184545
184646
184747
184848
184949
184a4a
184b4b
184c4c
184d4d
184e4e
184f4f
185050
185151
185252
185353
185454
185555
185656
185757
185858
185959
185a5a
185b5b
185c5c
185d5d
185e5e
185f5f
186060
186161
186262
186363
186464
186565
186666
186767
186868
186969
186a6a
186b6b
186c6c
186d6d
186e6e
186f6f
187070
187171
187272
187373
187474
187575
187676
187777
187878
187979
187a7a
187b7b
187c7c
187d7d
187e7e
187f7f
188018
188116
188216
188315
188415
188515
188614
188714
188814
188914
188a13
188b12
188c12
188d12
188e11
188f10
189010
18910e
18920c
18930a
189408
189504
189600
189700
189800
189980
189a88
189b8c
189c90
189d92
189e94
189f96
18a098
18a19a
18a29c
18a39e
18a4a0
18a5a1
18a6a2
18a7a3
18a8a4
18a9a6
18aaa8
18aba9
18acaa
18adab
18aeac
18afad
18b0ae
18b1b0
18b2b1
18b3b2
18b4b3
18b5b4
18b6b5
18b7b6
18b8b7
18b9b8
18baba
18bbba
18bcbc
18bdbc
18bebe
18bfbe
18c0c0
18c1c1
18c2c2
18c3c3
18c4c4
18c5c5
18c6c6
18c7c7
18c8c8
18c9c9
18caca
18cbcb
18cccc
18cdcd
18cece
18cfcf
18d0d0
18d1d1
18d2d2
18d3d3
18d4d4
18d5d5
18d6d6
18d7d7
18d8d8
18d9d9
18dada
18dbdb
18dcdc
18dddd
18dede
18dfdf
18e0e0
18e1e1
18e2e2
18e3e3
18e4e4
18e5e5
18e6e6
18e7e7
18e8e8
18e9e9
18eaea
18ebeb
18ecec
18eded
18eeee
18efef
18f0f0
18f1f1
18f2f2
18f3f3
18f4f4
18f5f5
18f6f6
18f7f7
18f8f8
18f9f9
18fafa
18fbfb
18fcfc
18fdfd
18fefe
18ffff
190019
19011a
19021a
19031a
19041a
19051b
19061b
19071b
19081b
19091b
190a1c
190b1c
190c1c
190d1c
190e1c
190f1d
19101d
19111e
19121e
19131e
19141f
191520
191620
191720
191820
191921
191a22
191b22
191c22
191d23
191e24
191f24
192024
192126
192226
192328
192428
192529
192629
19272a
19282a
19292b
192a2c
192b2d
192c2e
192d2f
192e30
192f31
193031
193132
193233
193334
193435
193536
193637
193738
193839
19393a
193a3b
193b3c
193c3d
193d3e
193e3f
193f40
194040
194141
194242
194343
194444
194545
194646
194747
194848
194949
194a4a
194b4b
194c4c
194d4d
194e4e
194f4f
195050
195151
195252
195353
195454
195555
195656
195757
195858
195959
195a5a
195b5b
195c5c
195d5d
195e5e
195f5f
196060
196161
196262
196363
196464
196565
196666
196767
196868
196969
196a6a
196b6b
196c6c
196d6d
196e6e
196f6f
197070
197171
197272
197373
197474
197575
197676
197777
197878
197979
197a7a
197b7b
197c7c
197d7d
197e7e
197f7f
198019
198118
198218
198317
198417
198517
198616
198716
198816
198916
198a15
198b14
198c14
198d14
198e13
198f12
199012
199111
199210
19930e
19940c
19950a
199608
199704
199800
199900
199a80
199b88
199c8c
199d90
199e92
199f94
19a096
19a199
19a29b
19a39d
19a49f
19a5a0
19a6a2
19a7a2
19a8a4
19a9a6
19aaa8
19aba9
19acaa
19adab
19aeac
19afad
19b0ae
19b1b0
19b2b1
19b3b2
19b4b3
19b5b4
19b6b5
19b7b6
19b8b7
19b9b8
19bab9
19bbba
19bcbb
19bdbc
19bebd
19bfbe
19c0bf
19c1c1
19c2c2
19c3c3
19c4c4
19c5c5
19c6c6
19c7c7
19c8c8
19c9c9
19caca
19cbcb
19cccc
19cdcd
19cece
19cfcf
19d0d0
19d1d1
19d2d2
19d3d3
19d4d4
19d5d5
19d6d6
19d7d7
19d8d8
19d9d9
19dada
19dbdb
19dcdc
19dddd
19dede
19dfdf
19e0e0
19e1e1
19e2e2
19e3e3
19e4e4
19e5e5
19e6e6
19e7e7
19e8e8
19e9e9
19eaea
19ebeb
19ecec
19eded
19eeee
19efef
19f0f0
19f1f1
19f2f2
19f3f3
19f4f4
19f5f5
19f6f6
19f7f7
19f8f8
19f9f9
19fafa
19fbfb
19fcfc
19fdfd
19fefe
19ffff
1a001a
1a011b
1a021b
1a031b
1a041c
1a051c
1a061c
1a071c
1a081c
1a091c
1a0a1c
1a0b1d
1a0c1d
1a0d1d
1a0e1e
1a0f1e
1a101e
1a111e
1a121f
1a1320
1a1420
1a1520
1a1620
1a1721
1a1821
1a1922
1a1a22
1a1b22
1a1c23
1a1d24
1a1e24
1a1f24
1a2025
1a2126
1a2227
1a2328
1a2428
1a2529
1a262a
1a272a
1a282a
1a292c
1a2a2c
1a2b2e
1a2c2e
1a2d30
1a2e30
1a2f31
1a3031
1a3132
1a3233
1a3334
1a3435
1a3536
1a3637
1a3738
1a3839
1a393a
1a3a3b
1a3b3c
1a3c3d
1a3d3e
1a3e3f
1a3f40
1a4040
1a4141
1a4242
1a4343
1a4444
1a4545
1a4646
1a4747
1a4848
1a4949
1a4a4a
1a4b4b
1a4c4c
1a4d4d
1a4e4e
1a4f4f
1a5050
1a5151
1a5252
1a5353
1a5454
1a5555
1a5656
1a5757
1a5858
1a5959
1a5a5a
1a5b5b
1a5c5c
1a5d5d
1a5e5e
1a5f5f
1a6060
1a6161
1a6262
1a6363
1a6464
1a6565
1a6666
1a6767
1a6868
1a6969
1a6a6a
1a6b6b
1a6c6c
1a6d6d
1a6e6e
1a6f6f
1a7070
1a7171
1a7272
1a7373
1a7474
1a7575
1a7676
1a7777
1a7878
1a7979
1a7a7a
1a7b7b
1a7c7c
1a7d7d
1a7e7e
1a7f7f
1a801a
1a8119
1a8219
1a8319
1a8418
1a8518
1a8618
1a8718
1a8818
1a8918
1a8a17
1a8b16
1a8c16
1a8d16
1a8e15
1a8f14
1a9014
1a9113
1a9212
1a9311
1a9410
1a950e
1a960c
1a970a
1a9808
1a9900
1a9a00
1a9b80
1a9c88
1a9d8c
1a9e90
1a9f92
1aa094
1aa198
1aa29a
1aa39c
1aa49e
1aa5a0
1aa6a1
1aa7a2
1aa8a3
1aa9a5
1aaaa7
1aaba8
1aacaa
1aadaa
1aaeac
1aafac
1ab0ae
1ab1b0
1ab2b1
1ab3b2
1ab4b3
1ab5b4
1ab6b5
1ab7b6
1ab8b7
1ab9b8
1abab9
1abbba
1abcbb
1abdbc
1abebd
1abfbe
1ac0bf
1ac1c1
1ac2c2
1ac3c3
1ac4c4
1ac5c5
1ac6c6
1ac7c7
1ac8c8
1ac9c9
1acaca
1acbcb
1acccc
1acdcd
1acece
1acfcf
1ad0d0
1ad1d1
1ad2d2
1ad3d3
1ad4d4
1ad5d5
1ad6d6
1ad7d7
1ad8d8
1ad9d9
1adada
1adbdb
1adcdc
1adddd
1adede
1adfdf
1ae0e0
1ae1e1
1ae2e2
1ae3e3
1ae4e4
1ae5e5
1ae6e6
1ae7e7
1ae8e8
1ae9e9
1aeaea
1aebeb
1aecec
1aeded
1aeeee
1aefef
1af0f0
1af1f1
1af2f2
1af3f3
1af4f4
1af5f5
1af6f6
1af7f7
1af8f8
1af9f9
1afafa
1afbfb
1afcfc
1afdfd
1afefe
1affff
1b001b
1b011c
1b021c
1b031c
1b041c
1b051d
1b061d
1b071d
1b081d
1b091d
1b0a1e
1b0b1e
1b0c1e
1b0d1e
1b0e1e
1b0f1f
1b101f
1b1120
1b1220
1b1320
1b1420
1b1521
1b1621
1b1721
1b1822
1b1922
1b1a22
1b1b23
1b1c24
1b1d24
1b1e24
1b1f25
1b2026
1b2126
1b2228
1b2328
1b2429
1b2529
1b262a
1b272a
1b282b
1b292c
1b2a2d
1b2b2e
1b2c2f
1b2d30
1b2e30
1b2f31
1b3031
1b3132
1b3233
1b3334
1b3435
1b3536
1b3637
1b3738
1b3839
1b393a
1b3a3b
1b3b3c
1b3c3d
1b3d3e
1b3e3f
1b3f40
1b4040
1b4141
1b4242
1b4343
1b4444
1b4545
1b4646
1b4747
1b4848
1b4949
1b4a4a
1b4b4b
1b4c4c
1b4d4d
1b4e4e
1b4f4f
1b5050
1b5151
1b5252
1b5353
1b5454
1b5555
1b5656
1b5757
1b5858
1b5959
1b5a5a
1b5b5b
1b5c5c
1b5d5d
1b5e5e
1b5f5f
1b6060
1b6161
1b6262
1b6363
1b6464
1b6565
1b6666
1b6767
1b6868
1b6969
1b6a6a
1b6b6b
1b6c6c
1b6d6d
1b6e6e
1b6f6f
1b7070
1b7171
1b7272
1b7373
1b7474
1b7575
1b7676
1b7777
1b7878
1b7979
1b7a7a
1b7b7b
1b7c7c
1b7d7d
1b7e7e
1b7f7f
1b801b
1b811a
1b821a
1b831a
1b841a
1b8519
1b8619
1b8719
1b8819
1b8919
1b8a18
1b8b18
1b8c18
1b8d18
1b8e17
1b8f16
1b9016
1b9115
1b9214
1b9313
1b9412
1b9511
1b9610
1b970e
1b980c
1b9908
1b9a00
1b9b00
1b9c80
1b9d88
1b9e8c
1b9f90
1ba092
1ba196
1ba299
1ba39b
1ba49d
1ba59f
1ba6a0
1ba7a2
1ba8a2
1ba9a4
1baaa6
1baba8
1baca9
1badaa
1baeab
1bafac
1bb0ad
1bb1af
1bb2b1
1bb3b2
1bb4b3
1bb5b4
1bb6b5
1bb7b6
1bb8b7
1bb9b8
1bbab9
1bbbba
1bbcbb
1bbdbc
1bbebd
1bbfbe
1bc0bf
1bc1c1
1bc2c2
1bc3c3
1bc4c4
1bc5c5
1bc6c6
1bc7c7
1bc8c8
1bc9c9
1bcaca
1bcbcb
1bcccc
1bcdcd
1bcece
1bcfcf
1bd0d0
1bd1d1
1bd2d2
1bd3d3
1bd4d4
1bd5d5
1bd6d6
1bd7d7
1bd8d8
1bd9d9
1bdada
1bdbdb
1bdcdc
1bdddd
1bdede
1bdfdf
1be0e0
1be1e1
1be2e2
1be3e3
1be4e4
1be5e5
1be6e6
1be7e7
1be8e8
1be9e9
1beaea
1bebeb
1becec
1beded
1beeee
1befef
1bf0f0
1bf1f1
1bf2f2
1bf3f3
1bf4f4
1bf5f5
1bf6f6
1bf7f7
1bf8f8
1bf9f9
1bfafa
1bfbfb
1bfcfc
1bfdfd
1bfefe
1bffff
1c001c
1c011d
1c021d
1c031d
1c041e
1c051e
1c061e
1c071e
1c081e
1c091e
1c0a1e
1c0b1f
1c0c1f
1c0d1f
1c0e20
1c0f20
1c1020
1c1120
1c1220
1c1321
1c1421
1c1521
1c1622
1c1722
1c1822
1c1922
1c1a23
1c1b24
1c1c24
1c1d24
1c1e25
1c1f26
1c2026
1c2127
1c2228
1c2328
1c2429
1c252a
1c262a
1c272a
1c282b
1c292c
1c2a2d
1c2b2e
1c2c2f
1c2d30
1c2e30
1c2f31
1c3032
1c3132
1c3234
1c3334
1c3436
1c3536
1c3638
1c3738
1c3839
1c393a
1c3a3b
1c3b3c
1c3c3d
1c3d3e
1c3e3f
1c3f40
1c4040
1c4141
1c4242
1c4343
1c4444
1c4545
1c4646
1c4747
1c4848
1c4949
1c4a4a
1c4b4b
1c4c4c
1c4d4d
1c4e4e
1c4f4f
1c5050
1c5151
1c5252
1c5353
1c5454
1c5555
1c5656
1c5757
1c5858
1c5959
1c5a5a
1c5b5b
1c5c5c
1c5d5d
1c5e5e
1c5f5f
1c6060
1c6161
1c6262
1c6363
1c6464
1c6565
1c6666
1c6767
1c6868
1c6969
1c6a6a
1c6b6b
1c6c6c
1c6d6d
1c6e6e
1c6f6f
1c7070
1c7171
1c7272
1c7373
1c7474
1c7575
1c7676
1c7777
1c7878
1c7979
1c7a7a
1c7b7b
1c7c7c
1c7d7d
1c7e7e
1c7f7f
1c801c
1c811b
1c821b
1c831b
1c841a
1c851a
1c861a
1c871a
1c881a
1c891a
1c8a1a
1c8b19
1c8c19
1c8d19
1c8e18
1c8f18
1c9018
1c9117
1c9216
1c9315
1c9414
1c9513
1c9612
1c9711
1c9810
1c990c
1c9a08
1c9b00
1c9c00
1c9d80
1c9e88
1c9f8c
1ca090
1ca194
1ca298
1ca39a
1ca49c
1ca59e
1ca6a0
1ca7a1
1ca8a2
1ca9a4
1caaa6
1caba8
1caca9
1cadaa
1caeab
1cafac
1cb0ad
1cb1af
1cb2b0
1cb3b2
1cb4b2
1cb5b4
1cb6b4
1cb7b6
1cb8b6
1cb9b8
1cbab9
1cbbba
1cbcbb
1cbdbc
1cbebd
1cbfbe
1cc0bf
1cc1c1
1cc2c2
1cc3c3
1cc4c4
1cc5c5
1cc6c6
1cc7c7
1cc8c8
1cc9c9
1ccaca
1ccbcb
1ccccc
1ccdcd
1ccece
1ccfcf
1cd0d0
1cd1d1
1cd2d2
1cd3d3
1cd4d4
1cd5d5
1cd6d6
1cd7d7
1cd8d8
1cd9d9
1cdada
1cdbdb
1cdcdc
1cdddd
1cdede
1cdfdf
1ce0e0
1ce1e1
1ce2e2
1ce3e3
1ce4e4
1ce5e5
1ce6e6
1ce7e7
1ce8e8
1ce9e9
1ceaea
1cebeb
1cecec
1ceded
1ceeee
1cefef
1cf0f0
1cf1f1
1cf2f2
1cf3f3
1cf4f4
1cf5f5
1cf6f6
1cf7f7
1cf8f8
1cf9f9
1cfafa
1cfbfb
1cfcfc
1cfdfd
1cfefe
1cffff
1d001d
1d011e
1d021e
1d031e
1d041e
1d051f
1d061f
1d071f
1d081f
1d091f
1d0a20
1d0b20
1d0c20
1d0d20
1d0e20
1d0f20
1d1020
1d1121
1d1221
1d1321
1d1422
1d1522
1d1622
1d1722
1d1822
1d1923
1d1a24
1d1b24
1d1c24
1d1d25
1d1e26
1d1f26
1d2026
1d2128
1d2228
1d2329
1d2429
1d252a
1d262a
1d272b
1d282b
1d292c
1d2a2d
1d2b2e
1d2c2f
1d2d30
1d2e31
1d2f31
1d3032
1d3133
1d3234
1d3335
1d3436
1d3537
1d3638
1d3738
1d3839
1d393a
1d3a3b
1d3b3c
1d3c3d
1d3d3e
1d3e3f
1d3f40
1d4040
1d4141
1d4242
1d4343
1d4444
1d4545
1d4646
1d4747
1d4848
1d4949
1d4a4a
1d4b4b
1d4c4c
1d4d4d
1d4e4e
1d4f4f
1d5050
1d5151
1d5252
1d5353
1d5454
1d5555
1d5656
1d5757
1d5858
1d5959
1d5a5a
1d5b5b
1d5c5c
1d5d5d
1d5e5e
1d5f5f
1d6060
1d6161
1d6262
1d6363
1d6464
1d6565
1d6666
1d6767
1d6868
1d6969
1d6a6a
1d6b6b
1d6c6c
1d6d6d
1d6e6e
1d6f6f
1d7070
1d7171
1d7272
1d7373
1d7474
1d7575
1d7676
1d7777
1d7878
1d7979
1d7a7a
1d7b7b
1d7c7c
1d7d7d
1d7e7e
1d7f7f
1d801d
1d811c
1d821c
1d831c
1d841c
1d851b
1d861b
1d871b
1d881b
1d891b
1d8a1a
1d8b1a
1d8c1a
1d8d1a
1d8e1a
1d8f19
1d9019
1d9118
1d9218
1d9317
1d9416
1d9515
1d9614
1d9713
1d9812
1d9910
1d9a0c
1d9b08
1d9c00
1d9d00
1d9e80
1d9f88
1da08c
1da192
1da296
1da399
1da49b
1da59d
1da69f
1da7a0
1da8a2
1da9a4
1daaa6
1daba8
1daca9
1dadaa
1daeab
1dafac
1db0ad
1db1af
1db2b0
1db3b1
1db4b2
1db5b3
1db6b4
1db7b5
1db8b6
1db9b8
1dbab9
1dbbba
1dbcbb
1dbdbc
1dbebd
1dbfbe
1dc0bf
1dc1c1
1dc2c2
1dc3c3
1dc4c4
1dc5c5
1dc6c6
1dc7c7
1dc8c8
1dc9c9
1dcaca
1dcbcb
1dcccc
1dcdcd
1dcece
1dcfcf
1dd0d0
1dd1d1
1dd2d2
1dd3d3
1dd4d4
1dd5d5
1dd6d6
1dd7d7
1dd8d8
1dd9d9
1ddada
1ddbdb
1ddcdc
1ddddd
1ddede
1ddfdf
1de0e0
1de1e1
1de2e2
1de3e3
1de4e4
1de5e5
1de6e6
1de7e7
1de8e8
1de9e9
1deaea
1debeb
1decec
1deded
1deeee
1defef
1df0f0
1df1f1
1df2f2
1df3f3
1df4f4
1df5f5
1df6f6
1df7f7
1df8f8
1df9f9
1dfafa
1dfbfb
1dfcfc
1dfdfd
1dfefe
1dffff
1e001e
1e011f
1e021f
1e031f
1e0420
1e0520
1e0620
1e0720
1e0820
1e0920
1e0a20
1e0b20
1e0c20
1e0d21
1e0e21
1e0f21
1e1021
1e1121
1e1222
1e1322
1e1422
1e1522
1e1622
1e1723
1e1823
1e1924
1e1a24
1e1b24
1e1c25
1e1d26
1e1e26
1e1f26
1e2027
1e2128
1e2228
1e2329
1e242a
1e252a
1e262a
1e272b
1e282c
1e292c
1e2a2e
1e2b2e
1e2c30
1e2d30
1e2e31
1e2f31
1e3032
1e3133
1e3234
1e3335
1e3436
1e3537
1e3638
1e3738
1e3839
1e393a
1e3a3b
1e3b3c
1e3c3d
1e3d3e
1e3e3f
1e3f40
1e4040
1e4141
1e4242
1e4343
1e4444
1e4545
1e4646
1e4747
1e4848
1e4949
1e4a4a
1e4b4b
1e4c4c
1e4d4d
1e4e4e
1e4f4f
1e5050
1e5151
1e5252
1e5353
1e5454
1e5555
1e5656
1e5757
1e5858
1e5959
1e5a5a
1e5b5b
1e5c5c
1e5d5d
1e5e5e
1e5f5f
1e6060
1e6161
1e6262
1e6363
1e6464
1e6565
1e6666
1e6767
1e6868
1e6969
1e6a6a
1e6b6b
1e6c6c
1e6d6d
1e6e6e
1e6f6f
1e7070
1e7171
1e7272
1e7373
1e7474
1e7575
1e7676
1e7777
1e7878
1e7979
1e7a7a
1e7b7b
1e7c7c
1e7d7d
1e7e7e
1e7f7f
1e801e
1e811d
1e821d
1e831d
1e841c
1e851c
1e861c
1e871c
1e881c
1e891c
1e8a1c
1e8b1b
1e8c1b
1e8d1b
1e8e1a
1e8f1a
1e901a
1e911a
1e9219
1e9318
1e9418
1e9517
1e9616
1e9715
1e9814
1e9912
1e9a10
1e9b0c
1e9c08
1e9d00
1e9e00
1e9f80
1ea088
1ea190
1ea294
1ea398
1ea49a
1ea59c
1ea69e
1ea7a0
1ea8a1
1ea9a3
1eaaa5
1eaba7
1eaca8
1eadaa
1eaeaa
1eafac
1eb0ac
1eb1ae
1eb2b0
1eb3b1
1eb4b2
1eb5b3
1eb6b4
1eb7b5
1eb8b6
1eb9b8
1ebab9
1ebbba
1ebcbb
1ebdbc
1ebebd
1ebfbe
1ec0bf
1ec1c1
1ec2c2
1ec3c3
1ec4c4
1ec5c5
1ec6c6
1ec7c7
1ec8c8
1ec9c9
1ecaca
1ecbcb
1ecccc
1ecdcd
1ecece
1ecfcf
1ed0d0
1ed1d1
1ed2d2
1ed3d3
1ed4d4
1ed5d5
1ed6d6
1ed7d7
1ed8d8
1ed9d9
1edada
1edbdb
1edcdc
1edddd
1edede
1edfdf
1ee0e0
1ee1e1
1ee2e2
1ee3e3
1ee4e4
1ee5e5
1ee6e6
1ee7e7
1ee8e8
1ee9e9
1eeaea
1eebeb
1eecec
1eeded
1eeeee
1eefef
1ef0f0
1ef1f1
1ef2f2
1ef3f3
1ef4f4
1ef5f5
1ef6f6
1ef7f7
1ef8f8
1ef9f9
1efafa
1efbfb
1efcfc
1efdfd
1efefe
1effff
1f001f
1f0120
1f0220
1f0320
1f0420
1f0520
1f0620
1f0720
1f0820
1f0921
1f0a21
1f0b21
1f0c21
1f0d21
1f0e21
1f0f21
1f1022
1f1122
1f1222
1f1322
1f1422
1f1523
1f1623
1f1723
1f1824
1f1924
1f1a24
1f1b25
1f1c26
1f1d26
1f1e26
1f1f27
1f2028
1f2128
1f2229
1f2329
1f242a
1f252a
1f262b
1f272b
1f282c
1f292d
1f2a2e
1f2b2f
1f2c30
1f2d30
1f2e31
1f2f31
1f3032
1f3133
1f3234
1f3335
1f3436
1f3537
1f3638
1f3738
1f3839
1f393a
1f3a3b
1f3b3c
1f3c3d
1f3d3e
1f3e3f
1f3f40
1f4040
1f4141
1f4242
1f4343
1f4444
1f4545
1f4646
1f4747
1f4848
1f4949
1f4a4a
1f4b4b
1f4c4c
1f4d4d
1f4e4e
1f4f4f
1f5050
1f5151
1f5252
1f5353
1f5454
1f5555
1f5656
1f5757
1f5858
1f5959
1f5a5a
1f5b5b
1f5c5c
1f5d5d
1f5e5e
1f5f5f
1f6060
1f6161
1f6262
1f6363
1f6464
1f6565
1f6666
1f6767
1f6868
1f6969
1f6a6a
1f6b6b
1f6c6c
1f6d6d
1f6e6e
1f6f6f
1f7070
1f7171
1f7272
1f7373
1f7474
1f7575
1f7676
1f7777
1f7878
1f7979
1f7a7a
1f7b7b
1f7c7c
1f7d7d
1f7e7e
1f7f7f
1f801f
1f811e
1f821e
1f831e
1f841e
1f851d
1f861d
1f871d
1f881d
1f891d
1f8a1c
1f8b1c
1f8c1c
1f8d1c
1f8e1c
1f8f1b
1f901b
1f911a
1f921a
1f931a
1f9419
1f9518
1f9618
1f9717
1f9816
1f9914
1f9a12
1f9b10
1f9c0c
1f9d08
1f9e00
1f9f00
1fa080
1fa18c
1fa292
1fa396
1fa499
1fa59b
1fa69d
1fa79f
1fa8a0
1fa9a2
1faaa4
1faba6
1faca8
1fada9
1faeaa
1fafab
1fb0ac
1fb1ae
1fb2b0
1fb3b1
1fb4b2
1fb5b3
1fb6b4
1fb7b5
1fb8b6
1fb9b8
1fbab9
1fbbba
1fbcbb
1fbdbc
1fbebd
1fbfbe
1fc0bf
1fc1c1
1fc2c2
1fc3c3
1fc4c4
1fc5c5
1fc6c6
1fc7c7
1fc8c8
1fc9c9
1fcaca
1fcbcb
1fcccc
1fcdcd
1fcece
1fcfcf
1fd0d0
1fd1d1
1fd2d2
1fd3d3
1fd4d4
1fd5d5
1fd6d6
1fd7d7
1fd8d8
1fd9d9
1fdada
1fdbdb
1fdcdc
1fdddd
1fdede
1fdfdf
1fe0e0
1fe1e1
1fe2e2
1fe3e3
1fe4e4
1fe5e5
1fe6e6
1fe7e7
1fe8e8
1fe9e9
1feaea
1febeb
1fecec
1feded
1feeee
1fefef
1ff0f0
1ff1f1
1ff2f2
1ff3f3
1ff4f4
1ff5f5
1ff6f6
1ff7f7
1ff8f8
1ff9f9
1ffafa
1ffbfb
1ffcfc
1ffdfd
1ffefe
1fffff
200020
200121
200221
200321
200421
200521
200621
200721
200821
200921
200a21
200b21
200c22
200d22
200e22
200f22
201022
201122
201222
201323
201423
201523
201624
201724
201824
201924
201a25
201b26
201c26
201d26
201e27
201f28
202028
202128
202229
20232a
20242a
20252a
20262b
20272c
20282c
20292d
202a2e
202b2f
202c30
202d30
202e31
202f32
203032
203133
203234
203335
203436
203537
203638
203738
203839
20393a
203a3b
203b3c
203c3d
203d3e
203e3f
203f40
204040
204142
204242
204344
204444
204546
204646
204748
204848
204949
204a4a
204b4b
204c4c
204d4d
204e4e
204f4f
205050
205151
205252
205353
205454
205555
205656
205757
205858
205959
205a5a
205b5b
205c5c
205d5d
205e5e
205f5f
206060
206161
206262
206363
206464
206565
206666
206767
206868
206969
206a6a
206b6b
206c6c
206d6d
206e6e
206f6f
207070
207171
207272
207373
207474
207575
207676
207777
207878
207979
207a7a
207b7b
207c7c
207d7d
207e7e
207f7f
208020
20811f
20821f
20831f
20841e
20851e
20861e
20871e
20881e
20891e
208a1e
208b1d
208c1d
208d1d
208e1c
208f1c
20901c
20911c
20921b
20931a
20941a
20951a
209619
209718
209818
209916
209a14
209b12
209c10
209d0c
209e08
209f00
20a000
20a188
20a290
20a394
20a498
20a59a
20a69c
20a79e
20a8a0
20a9a2
20aaa4
20aba6
20aca8
20ada9
20aeaa
20afab
20b0ac
20b1ae
20b2b0
20b3b1
20b4b2
20b5b3
20b6b4
20b7b5
20b8b6
20b9b8
20bab9
20bbba
20bcbb
20bdbc
20bebd
20bfbe
20c0bf
20c1c0
20c2c2
20c3c2
20c4c4
20c5c4
20c6c6
20c7c6
20c8c8
20c9c9
20caca
20cbcb
20cccc
20cdcd
20cece
20cfcf
20d0d0
20d1d1
20d2d2
20d3d3
20d4d4
20d5d5
20d6d6
20d7d7
20d8d8
20d9d9
20dada
20dbdb
20dcdc
20dddd
20dede
20dfdf
20e0e0
20e1e1
20e2e2
20e3e3
20e4e4
20e5e5
20e6e6
20e7e7
20e8e8
20e9e9
20eaea
20ebeb
20ecec
20eded
20eeee
20efef
20f0f0
20f1f1
20f2f2
20f3f3
20f4f4
20f5f5
20f6f6
20f7f7
20f8f8
20f9f9
20fafa
20fbfb
20fcfc
20fdfd
20fefe
20ffff
210021
210122
210222
210322
210422
210522
210622
210722
210822
210922
210a22
210b22
210c22
210d23
210e23
210f23
211023
211123
211224
211324
211424
211524
211624
211725
211825
211926
211a26
211b26
211c27
211d28
211e28
211f28
212028
212129
21222a
21232a
21242a
21252b
21262c
21272c
21282c
21292e
212a2e
212b30
212c30
212d31
212e31
212f32
213032
213133
213234
213335
213436
213537
213638
213739
213839
21393a
213a3b
213b3c
213c3d
213d3e
213e3f
213f40
214041
214142
214243
214344
214445
214546
214647
214748
214848
214949
214a4a
214b4b
214c4c
214d4d
214e4e
214f4f
215050
215151
215252
215353
215454
215555
215656
215757
215858
215959
215a5a
215b5b
215c5c
215d5d
215e5e
215f5f
216060
216161
216262
216363
216464
216565
216666
216767
216868
216969
216a6a
216b6b
216c6c
216d6d
216e6e
216f6f
217070
217171
217272
217373
217474
217575
217676
217777
217878
217979
217a7a
217b7b
217c7c
217d7d
217e7e
217f7f
218021
218120
218220
218320
218420
218520
218620
218720
218820
218920
218a20
218b1f
218c1f
218d1f
218e1e
218f1e
21901e
21911e
21921d
21931c
21941c
21951c
21961b
21971a
21981a
219919
219a18
219b16
219c14
219d12
219e10
219f0c
21a008
21a100
21a288
21a390
21a494
21a598
21a69a
21a79c
21a89e
21a9a1
21aaa3
21aba5
21aca7
21ada8
21aeaa
21afaa
21b0ac
21b1ae
21b2b0
21b3b1
21b4b2
21b5b3
21b6b4
21b7b5
21b8b6
21b9b8
21bab9
21bbba
21bcbb
21bdbc
21bebd
21bfbe
21c0bf
21c1c0
21c2c1
21c3c2
21c4c3
21c5c4
21c6c5
21c7c6
21c8c7
21c9c9
21caca
21cbcb
21cccc
21cdcd
21cece
21cfcf
21d0d0
21d1d1
21d2d2
21d3d3
21d4d4
21d5d5
21d6d6
21d7d7
21d8d8
21d9d9
21dada
21dbdb
21dcdc
21dddd
21dede
21dfdf
21e0e0
21e1e1
21e2e2
21e3e3
21e4e4
21e5e5
21e6e6
21e7e7
21e8e8
21e9e9
21eaea
21ebeb
21ecec
21eded
21eeee
21efef
21f0f0
21f1f1
21f2f2
21f3f3
21f4f4
21f5f5
21f6f6
21f7f7
21f8f8
21f9f9
21fafa
21fbfb
21fcfc
21fdfd
21fefe
21ffff
220022
220123
220223
220323
220423
220523
220623
220723
220823
220923
220a23
220b23
220c24
220d24
220e24
220f24
221024
221124
221224
221325
221425
221525
221626
221726
221826
221926
221a27
221b28
221c28
221d28
221e28
221f29
222029
22212a
22222a
22232a
22242b
22252c
22262c
22272c
22282d
22292e
222a2f
222b30
222c30
222d31
222e32
222f32
223032
223134
223234
223336
223436
223538
223638
223739
223839
22393a
223a3b
223b3c
223c3d
223d3e
223e3f
223f40
224041
224142
224243
224344
224445
224546
224647
224748
224848
224949
224a4a
224b4b
224c4c
224d4d
224e4e
224f4f
225050
225151
225252
225353
225454
225555
225656
225757
225858
225959
225a5a
225b5b
225c5c
225d5d
225e5e
225f5f
226060
226161
226262
226363
226464
226565
226666
226767
226868
226969
226a6a
226b6b
226c6c
226d6d
226e6e
226f6f
227070
227171
227272
227373
227474
227575
227676
227777
227878
227979
227a7a
227b7b
227c7c
227d7d
227e7e
227f7f
228022
228121
228221
228321
228421
228521
228621
228721
228821
228921
228a21
228b21
228c20
228d20
228e20
228f20
229020
229120
22921f
22931e
22941e
22951e
22961d
22971c
22981c
22991b
229a1a
229b19
229c18
229d16
229e14
229f12
22a010
22a108
22a200
22a388
22a490
22a594
22a698
22a79a
22a89c
22a9a0
22aaa2
22aba4
22aca6
22ada8
22aea9
22afaa
22b0ab
22b1ad
22b2af
22b3b0
22b4b2
22b5b2
22b6b4
22b7b4
22b8b6
22b9b8
22bab9
22bbba
22bcbb
22bdbc
22bebd
22bfbe
22c0bf
22c1c0
22c2c1
22c3c2
22c4c3
22c5c4
22c6c5
22c7c6
22c8c7
22c9c9
22caca
22cbcb
22cccc
22cdcd
22cece
22cfcf
22d0d0
22d1d1
22d2d2
22d3d3
22d4d4
22d5d5
22d6d6
22d7d7
22d8d8
22d9d9
22dada
22dbdb
22dcdc
22dddd
22dede
22dfdf
22e0e0
22e1e1
22e2e2
22e3e3
22e4e4
22e5e5
22e6e6
22e7e7
22e8e8
22e9e9
22eaea
22ebeb
22ecec
22eded
22eeee
22efef
22f0f0
22f1f1
22f2f2
22f3f3
22f4f4
22f5f5
22f6f6
22f7f7
22f8f8
22f9f9
22fafa
22fbfb
22fcfc
22fdfd
22fefe
22ffff
230023
230124
230224
230324
230424
230524
230624
230724
230824
230924
230a24
230b24
230c24
230d25
230e25
230f25
231025
231125
231226
231326
231426
231526
231626
231727
231827
231928
231a28
231b28
231c28
231d29
231e29
231f29
23202a
23212a
23222a
23232b
23242c
23252c
23262c
23272d
23282e
23292e
232a30
232b30
232c31
232d31
232e32
232f32
233033
233134
233235
233336
233437
233538
233638
233739
233839
23393a
233a3b
233b3c
233c3d
233d3e
233e3f
233f40
234041
234142
234243
234344
234445
234546
234647
234748
234848
234949
234a4a
234b4b
234c4c
234d4d
234e4e
234f4f
235050
235151
235252
235353
235454
235555
235656
235757
235858
235959
235a5a
235b5b
235c5c
235d5d
235e5e
235f5f
236060
236161
236262
236363
236464
236565
236666
236767
236868
236969
236a6a
236b6b
236c6c
236d6d
236e6e
236f6f
237070
237171
237272
237373
237474
237575
237676
237777
237878
237979
237a7a
237b7b
237c7c
237d7d
237e7e
237f7f
238023
238122
238222
238322
238422
238522
238622
238722
238822
238922
238a22
238b22
238c22
238d21
238e21
238f21
239021
239121
239220
239320
239420
239520
23961f
23971e
23981e
23991d
239a1c
239b1b
239c1a
239d19
239e18
239f16
23a014
23a110
23a208
23a300
23a488
23a590
23a694
23a798
23a89a
23a99e
23aaa1
23aba3
23aca5
23ada7
23aea8
23afaa
23b0aa
23b1ac
23b2ae
23b3b0
23b4b1
23b5b2
23b6b3
23b7b4
23b8b5
23b9b7
23bab9
23bbba
23bcbb
23bdbc
23bebd
23bfbe
23c0bf
23c1c0
23c2c1
23c3c2
23c4c3
23c5c4
23c6c5
23c7c6
23c8c7
23c9c9
23caca
23cbcb
23cccc
23cdcd
23cece
23cfcf
23d0d0
23d1d1
23d2d2
23d3d3
23d4d4
23d5d5
23d6d6
23d7d7
23d8d8
23d9d9
23dada
23dbdb
23dcdc
23dddd
23dede
23dfdf
23e0e0
23e1e1
23e2e2
23e3e3
23e4e4
23e5e5
23e6e6
23e7e7
23e8e8
23e9e9
23eaea
23ebeb
23ecec
23eded
23eeee
23efef
23f0f0
23f1f1
23f2f2
23f3f3
23f4f4
23f5f5
23f6f6
23f7f7
23f8f8
23f9f9
23fafa
23fbfb
23fcfc
23fdfd
23fefe
23ffff
240024
240125
240225
240325
240425
240525
240625
240725
240825
240925
240a25
240b25
240c26
240d26
240e26
240f26
241026
241126
241226
241327
241427
241527
241628
241728
241828
241928
241a28
241b29
241c29
241d29
241e2a
241f2a
24202a
24212a
24222b
24232c
24242c
24252c
24262d
24272e
24282e
24292f
242a30
242b30
242c31
242d32
242e32
242f32
243033
243134
243235
243336
243437
243538
243638
243739
24383a
24393a
243a3c
243b3c
243c3e
243d3e
243e40
243f40
244041
244142
244243
244344
244445
244546
244647
244748
244848
244949
244a4a
244b4b
244c4c
244d4d
244e4e
244f4f
245050
245151
245252
245353
245454
245555
245656
245757
245858
245959
245a5a
245b5b
245c5c
245d5d
245e5e
245f5f
246060
246161
246262
246363
246464
246565
246666
246767
246868
246969
246a6a
246b6b
246c6c
246d6d
246e6e
246f6f
247070
247171
247272
247373
247474
247575
247676
247777
247878
247979
247a7a
247b7b
247c7c
247d7d
247e7e
247f7f
248024
248123
248223
248323
248423
248523
248623
248723
248823
248923
248a23
248b23
248c22
248d22
248e22
248f22
249022
249122
249222
249321
249421
249521
249620
249720
249820
24991f
249a1e
249b1d
249c1c
249d1b
249e1a
249f19
24a018
24a114
24a210
24a308
24a400
24a588
24a690
24a794
24a898
24a99c
24aaa0
24aba2
24aca4
24ada6
24aea8
24afa9
24b0aa
24b1ac
24b2ae
24b3b0
24b4b1
24b5b2
24b6b3
24b7b4
24b8b5
24b9b7
24bab8
24bbba
24bcba
24bdbc
24bebc
24bfbe
24c0be
24c1c0
24c2c1
24c3c2
24c4c3
24c5c4
24c6c5
24c7c6
24c8c7
24c9c9
24caca
24cbcb
24cccc
24cdcd
24cece
24cfcf
24d0d0
24d1d1
24d2d2
24d3d3
24d4d4
24d5d5
24d6d6
24d7d7
24d8d8
24d9d9
24dada
24dbdb
24dcdc
24dddd
24dede
24dfdf
24e0e0
24e1e1
24e2e2
24e3e3
24e4e4
24e5e5
24e6e6
24e7e7
24e8e8
24e9e9
24eaea
24ebeb
24ecec
24eded
24eeee
24efef
24f0f0
24f1f1
24f2f2
24f3f3
24f4f4
24f5f5
24f6f6
24f7f7
24f8f8
24f9f9
24fafa
24fbfb
24fcfc
24fdfd
24fefe
24ffff
250025
250126
250226
250326
250426
250526
250626
250726
250826
250926
250a26
250b26
250c26
250d27
250e27
250f27
251027
251127
251228
251328
251428
251528
251628
251728
251828
251929
251a29
251b29
251c2a
251d2a
251e2a
251f2a
25202a
25212b
25222c
25232c
25242c
25252d
25262e
25272e
25282e
252930
252a30
252b31
252c31
252d32
252e32
252f33
253033
253134
253235
253336
253437
253538
253639
253739
25383a
25393b
253a3c
253b3d
253c3e
253d3f
253e40
253f40
254041
254142
254243
254344
254445
254546
254647
254748
254848
254949
254a4a
254b4b
254c4c
254d4d
254e4e
254f4f
255050
255151
255252
255353
255454
255555
255656
255757
255858
255959
255a5a
255b5b
255c5c
255d5d
255e5e
255f5f
256060
256161
256262
256363
256464
256565
256666
256767
256868
256969
256a6a
256b6b
256c6c
256d6d
256e6e
256f6f
257070
257171
257272
257373
257474
257575
257676
257777
257878
257979
257a7a
257b7b
257c7c
257d7d
257e7e
257f7f
258025
258124
258224
258324
258424
258524
258624
258724
258824
258924
258a24
258b24
258c24
258d23
258e23
258f23
259023
259123
259222
259322
259422
259522
259622
259721
259821
259920
259a20
259b1f
259c1e
259d1d
259e1c
259f1b
25a01a
25a118
25a214
25a310
25a408
25a500
25a688
25a790
25a894
25a99a
25aa9e
25aba1
25aca3
25ada5
25aea7
25afa8
25b0aa
25b1ac
25b2ae
25b3b0
25b4b1
25b5b2
25b6b3
25b7b4
25b8b5
25b9b7
25bab8
25bbb9
25bcba
25bdbb
25bebc
25bfbd
25c0be
25c1c0
25c2c1
25c3c2
25c4c3
25c5c4
25c6c5
25c7c6
25c8c7
25c9c9
25caca
25cbcb
25cccc
25cdcd
25cece
25cfcf
25d0d0
25d1d1
25d2d2
25d3d3
25d4d4
25d5d5
25d6d6
25d7d7
25d8d8
25d9d9
25dada
25dbdb
25dcdc
25dddd
25dede
25dfdf
25e0e0
25e1e1
25e2e2
25e3e3
25e4e4
25e5e5
25e6e6
25e7e7
25e8e8
25e9e9
25eaea
25ebeb
25ecec
25eded
25eeee
25efef
25f0f0
25f1f1
25f2f2
25f3f3
25f4f4
25f5f5
25f6f6
25f7f7
25f8f8
25f9f9
25fafa
25fbfb
25fcfc
25fdfd
25fefe
25ffff
260026
260127
260227
260327
260427
260527
260627
260727
260827
260927
260a27
260b27
260c28
260d28
260e28
260f28
261028
261128
261228
261328
261428
261529
261629
261729
261829
261929
261a2a
261b2a
261c2a
261d2a
261e2a
261f2b
26202b
26212c
26222c
26232c
26242d
26252e
26262e
26272e
26282f
262930
262a30
262b31
262c32
262d32
262e32
262f33
263034
263134
263236
263336
263438
263538
263639
263739
26383a
26393b
263a3c
263b3d
263c3e
263d3f
263e40
263f40
264041
264142
264243
264344
264445
264546
264647
264748
264848
264949
264a4a
264b4b
264c4c
264d4d
264e4e
264f4f
265050
265151
265252
265353
265454
265555
265656
265757
265858
265959
265a5a
265b5b
265c5c
265d5d
265e5e
265f5f
266060
266161
266262
266363
266464
266565
266666
266767
266868
266969
266a6a
266b6b
266c6c
266d6d
266e6e
266f6f
267070
267171
267272
267373
267474
267575
267676
267777
267878
267979
267a7a
267b7b
267c7c
267d7d
267e7e
267f7f
268026
268125
268225
268325
268425
268525
268625
268725
268825
268925
268a25
268b25
268c24
268d24
268e24
268f24
269024
269124
269224
269323
269423
269523
269622
269722
269822
269922
269a21
269b20
269c20
269d1f
269e1e
269f1d
26a01c
26a11a
26a218
26a314
26a410
26a508
26a600
26a788
26a890
26a998
26aa9c
26aba0
26aca2
26ada4
26aea6
26afa8
26b0a9
26b1ab
26b2ad
26b3af
26b4b0
26b5b2
26b6b2
26b7b4
26b8b4
26b9b6
26bab8
26bbb9
26bcba
26bdbb
26bebc
26bfbd
26c0be
26c1c0
26c2c1
26c3c2
26c4c3
26c5c4
26c6c5
26c7c6
26c8c7
26c9c9
26caca
26cbcb
26cccc
26cdcd
26cece
26cfcf
26d0d0
26d1d1
26d2d2
26d3d3
26d4d4
26d5d5
26d6d6
26d7d7
26d8d8
26d9d9
26dada
26dbdb
26dcdc
26dddd
26dede
26dfdf
26e0e0
26e1e1
26e2e2
26e3e3
26e4e4
26e5e5
26e6e6
26e7e7
26e8e8
26e9e9
26eaea
26ebeb
26ecec
26eded
26eeee
26efef
26f0f0
26f1f1
26f2f2
26f3f3
26f4f4
26f5f5
26f6f6
26f7f7
26f8f8
26f9f9
26fafa
26fbfb
26fcfc
26fdfd
26fefe
26ffff
270027
270128
270228
270328
270428
270528
270628
270728
270828
270928
270a28
270b28
270c28
270d28
270e28
270f28
271028
271129
271229
271329
271429
271529
271629
271729
27182a
27192a
271a2a
271b2a
271c2a
271d2b
271e2b
271f2b
27202c
27212c
27222c
27232d
27242e
27252e
27262e
27272f
272830
272930
272a31
272b31
272c32
272d32
272e33
272f33
273034
273135
273236
273337
273438
273538
273639
273739
27383a
27393b
273a3c
273b3d
273c3e
273d3f
273e40
273f40
274041
274142
274243
274344
274445
274546
274647
274748
274848
274949
274a4a
274b4b
274c4c
274d4d
274e4e
274f4f
275050
275151
275252
275353
275454
275555
275656
275757
275858
275959
275a5a
275b5b
275c5c
275d5d
275e5e
275f5f
276060
276161
276262
276363
276464
276565
276666
276767
276868
276969
276a6a
276b6b
276c6c
276d6d
276e6e
276f6f
277070
277171
277272
277373
277474
277575
277676
277777
277878
277979
277a7a
277b7b
277c7c
277d7d
277e7e
277f7f
278027
278126
278226
278326
278426
278526
278626
278726
278826
278926
278a26
278b26
278c26
278d25
278e25
278f25
279025
279125
279224
279324
279424
279524
279624
279723
279823
279922
279a22
279b22
279c21
279d20
279e20
279f1f
27a01e
27a11c
27a21a
27a318
27a414
27a510
27a608
27a700
27a888
27a994
27aa9a
27ab9e
27aca1
27ada3
27aea5
27afa7
27b0a8
27b1aa
27b2ac
27b3ae
27b4b0
27b5b1
27b6b2
27b7b3
27b8b4
27b9b6
27bab8
27bbb9
27bcba
27bdbb
27bebc
27bfbd
27c0be
27c1c0
27c2c1
27c3c2
27c4c3
27c5c4
27c6c5
27c7c6
27c8c7
27c9c9
27caca
27cbcb
27cccc
27cdcd
27cece
27cfcf
27d0d0
27d1d1
27d2d2
27d3d3
27d4d4
27d5d5
27d6d6
27d7d7
27d8d8
27d9d9
27dada
27dbdb
27dcdc
27dddd
27dede
27dfdf
27e0e0
27e1e1
27e2e2
27e3e3
27e4e4
27e5e5
27e6e6
27e7e7
27e8e8
27e9e9
27eaea
27ebeb
27ecec
27eded
27eeee
27efef
27f0f0
27f1f1
27f2f2
27f3f3
27f4f4
27f5f5
27f6f6
27f7f7
27f8f8
27f9f9
27fafa
27fbfb
27fcfc
27fdfd
27fefe
27ffff
280028
280128
280228
280328
280428
280528
280628
280728
280828
280929
280a29
280b29
280c29
280d29
280e29
280f29
281029
281129
281229
281329
28142a
28152a
28162a
28172a
28182a
28192a
281a2a
281b2b
281c2b
281d2b
281e2c
281f2c
28202c
28212c
28222d
28232e
28242e
28252e
28262f
282730
282830
282930
282a31
282b32
282c32
282d32
282e33
282f34
283034
283135
283236
283337
283438
283538
283639
28373a
28383a
28393b
283a3c
283b3d
283c3e
283d3f
283e40
283f40
284041
284142
284243
284344
284445
284546
284647
284748
284848
28494a
284a4a
284b4c
284c4c
284d4e
284e4e
284f50
285050
285151
285252
285353
285454
285555
285656
285757
285858
285959
285a5a
285b5b
285c5c
285d5d
285e5e
285f5f
286060
286161
286262
286363
286464
286565
286666
286767
286868
286969
286a6a
286b6b
286c6c
286d6d
286e6e
286f6f
287070
287171
287272
287373
287474
287575
287676
287777
287878
287979
287a7a
287b7b
287c7c
287d7d
287e7e
287f7f
288028
288127
288227
288327
288427
288527
288627
288727
288827
288927
288a27
288b27
288c26
288d26
288e26
288f26
289026
289126
289226
289325
289425
289525
289624
289724
289824
289924
289a23
289b22
289c22
289d22
289e21
289f20
28a020
28a11e
28a21c
28a31a
28a418
28a514
28a610
28a708
28a800
28a990
28aa98
28ab9c
28aca0
28ada2
28aea4
28afa6
28b0a8
28b1aa
28b2ac
28b3ae
28b4b0
28b5b1
28b6b2
28b7b3
28b8b4
28b9b6
28bab8
28bbb9
28bcba
28bdbb
28bebc
28bfbd
28c0be
28c1c0
28c2c1
28c3c2
28c4c3
28c5c4
28c6c5
28c7c6
28c8c7
28c9c8
28caca
28cbca
28cccc
28cdcc
28cece
28cfce
28d0d0
28d1d1
28d2d2
28d3d3
28d4d4
28d5d5
28d6d6
28d7d7
28d8d8
28d9d9
28dada
28dbdb
28dcdc
28dddd
28dede
28dfdf
28e0e0
28e1e1
28e2e2
28e3e3
28e4e4
28e5e5
28e6e6
28e7e7
28e8e8
28e9e9
28eaea
28ebeb
28ecec
28eded
28eeee
28efef
28f0f0
28f1f1
28f2f2
28f3f3
28f4f4
28f5f5
28f6f6
28f7f7
28f8f8
28f9f9
28fafa
28fbfb
28fcfc
28fdfd
28fefe
28ffff
290029
290129
290229
290329
290429
290529
290629
290729
29082a
29092a
290a2a
290b2a
290c2a
290d2a
290e2a
290f2a
29102a
29112a
29122a
29132a
29142a
29152b
29162b
29172b
29182b
29192b
291a2c
291b2c
291c2c
291d2c
291e2c
291f2d
29202d
29212e
29222e
29232e
29242f
292530
292630
292730
292830
292931
292a32
292b32
292c32
292d33
292e34
292f34
293034
293136
293236
293338
293438
293539
293639
29373a
29383a
29393b
293a3c
293b3d
293c3e
293d3f
293e40
293f41
294041
294142
294243
294344
294445
294546
294647
294748
294849
29494a
294a4b
294b4c
294c4d
294d4e
294e4f
294f50
295050
295151
295252
295353
295454
295555
295656
295757
295858
295959
295a5a
295b5b
295c5c
295d5d
295e5e
295f5f
296060
296161
296262
296363
296464
296565
296666
296767
296868
296969
296a6a
296b6b
296c6c
296d6d
296e6e
296f6f
297070
297171
297272
297373
297474
297575
297676
297777
297878
297979
297a7a
297b7b
297c7c
297d7d
297e7e
297f7f
298029
298129
298229
298329
298429
298529
298629
298729
298828
298928
298a28
298b28
298c28
298d28
298e28
298f28
299028
299128
299228
299327
299427
299527
299626
299726
299826
299926
299a25
299b24
299c24
299d24
299e23
299f22
29a022
29a121
29a220
29a31e
29a41c
29a51a
29a618
29a714
29a810
29a900
29aa90
29ab98
29ac9c
29ada0
29aea2
29afa4
29b0a6
29b1a9
29b2ab
29b3ad
29b4af
29b5b0
29b6b2
29b7b2
29b8b4
29b9b6
29bab8
29bbb9
29bcba
29bdbb
29bebc
29bfbd
29c0be
29c1c0
29c2c1
29c3c2
29c4c3
29c5c4
29c6c5
29c7c6
29c8c7
29c9c8
29cac9
29cbca
29cccb
29cdcc
29cecd
29cfce
29d0cf
29d1d1
29d2d2
29d3d3
29d4d4
29d5d5
29d6d6
29d7d7
29d8d8
29d9d9
29dada
29dbdb
29dcdc
29dddd
29dede
29dfdf
29e0e0
29e1e1
29e2e2
29e3e3
29e4e4
29e5e5
29e6e6
29e7e7
29e8e8
29e9e9
29eaea
29ebeb
29ecec
29eded
29eeee
29efef
29f0f0
29f1f1
29f2f2
29f3f3
29f4f4
29f5f5
29f6f6
29f7f7
29f8f8
29f9f9
29fafa
29fbfb
29fcfc
29fdfd
29fefe
29ffff
2a002a
2a012a
2a022a
2a032a
2a042a
2a052a
2a062a
2a072a
2a082a
2a092b
2a0a2b
2a0b2b
2a0c2b
2a0d2b
2a0e2b
2a0f2b
2a102b
2a112b
2a122b
2a132b
2a142c
2a152c
2a162c
2a172c
2a182c
2a192c
2a1a2c
2a1b2d
2a1c2d
2a1d2d
2a1e2e
2a1f2e
2a202e
2a212e
2a222f
2a2330
2a2430
2a2530
2a2630
2a2731
2a2831
2a2932
2a2a32
2a2b32
2a2c33
2a2d34
2a2e34
2a2f34
2a3035
2a3136
2a3237
2a3338
2a3438
2a3539
2a363a
2a373a
2a383a
2a393c
2a3a3c
2a3b3e
2a3c3e
2a3d40
2a3e40
2a3f41
2a4041
2a4142
2a4243
2a4344
2a4445
2a4546
2a4647
2a4748
2a4849
2a494a
2a4a4b
2a4b4c
2a4c4d
2a4d4e
2a4e4f
2a4f50
2a5050
2a5151
2a5252
2a5353
2a5454
2a5555
2a5656
2a5757
2a5858
2a5959
2a5a5a
2a5b5b
2a5c5c
2a5d5d
2a5e5e
2a5f5f
2a6060
2a6161
2a6262
2a6363
2a6464
2a6565
2a6666
2a6767
2a6868
2a6969
2a6a6a
2a6b6b
2a6c6c
2a6d6d
2a6e6e
2a6f6f
2a7070
2a7171
2a7272
2a7373
2a7474
2a7575
2a7676
2a7777
2a7878
2a7979
2a7a7a
2a7b7b
2a7c7c
2a7d7d
2a7e7e
2a7f7f
2a802a
2a812a
2a822a
2a832a
2a842a
2a852a
2a862a
2a872a
2a882a
2a8929
2a8a29
2a8b29
2a8c29
2a8d29
2a8e29
2a8f29
2a9029
2a9129
2a9229
2a9329
2a9428
2a9528
2a9628
2a9728
2a9828
2a9928
2a9a27
2a9b26
2a9c26
2a9d26
2a9e25
2a9f24
2aa024
2aa123
2aa222
2aa321
2aa420
2aa51e
2aa61c
2aa71a
2aa818
2aa910
2aaa00
2aab90
2aac98
2aad9c
2aaea0
2aafa2
2ab0a4
2ab1a8
2ab2aa
2ab3ac
2ab4ae
2ab5b0
2ab6b1
2ab7b2
2ab8b3
2ab9b5
2abab7
2abbb8
2abcba
2abdba
2abebc
2abfbc
2ac0be
2ac1c0
2ac2c1
2ac3c2
2ac4c3
2ac5c4
2ac6c5
2ac7c6
2ac8c7
2ac9c8
2acac9
2acbca
2acccb
2acdcc
2acecd
2acfce
2ad0cf
2ad1d1
2ad2d2
2ad3d3
2ad4d4
2ad5d5
2ad6d6
2ad7d7
2ad8d8
2ad9d9
2adada
2adbdb
2adcdc
2adddd
2adede
2adfdf
2ae0e0
2ae1e1
2ae2e2
2ae3e3
2ae4e4
2ae5e5
2ae6e6
2ae7e7
2ae8e8
2ae9e9
2aeaea
2aebeb
2aecec
2aeded
2aeeee
2aefef
2af0f0
2af1f1
2af2f2
2af3f3
2af4f4
2af5f5
2af6f6
2af7f7
2af8f8
2af9f9
2afafa
2afbfb
2afcfc
2afdfd
2afefe
2affff
2b002b
2b012b
2b022b
2b032b
2b042b
2b052b
2b062b
2b072b
2b082c
2b092c
2b0a2c
2b0b2c
2b0c2c
2b0d2c
2b0e2c
2b0f2c
2b102c
2b112c
2b122c
2b132c
2b142c
2b152d
2b162d
2b172d
2b182d
2b192d
2b1a2e
2b1b2e
2b1c2e
2b1d2e
2b1e2e
2b1f2f
2b202f
2b2130
2b2230
2b2330
2b2430
2b2531
2b2631
2b2731
2b2832
2b2932
2b2a32
2b2b33
2b2c34
2b2d34
2b2e34
2b2f35
2b3036
2b3136
2b3238
2b3338
2b3439
2b3539
2b363a
2b373a
2b383b
2b393c
2b3a3d
2b3b3e
2b3c3f
2b3d40
2b3e40
2b3f41
2b4041
2b4142
2b4243
2b4344
2b4445
2b4546
2b4647
2b4748
2b4849
2b494a
2b4a4b
2b4b4c
2b4c4d
2b4d4e
2b4e4f
2b4f50
2b5050
2b5151
2b5252
2b5353
2b5454
2b5555
2b5656
2b5757
2b5858
2b5959
2b5a5a
2b5b5b
2b5c5c
2b5d5d
2b5e5e
2b5f5f
2b6060
2b6161
2b6262
2b6363
2b6464
2b6565
2b6666
2b6767
2b6868
2b6969
2b6a6a
2b6b6b
2b6c6c
2b6d6d
2b6e6e
2b6f6f
2b7070
2b7171
2b7272
2b7373
2b7474
2b7575
2b7676
2b7777
2b7878
2b7979
2b7a7a
2b7b7b
2b7c7c
2b7d7d
2b7e7e
2b7f7f
2b802b
2b812b
2b822b
2b832b
2b842b
2b852b
2b862b
2b872b
2b882a
2b892a
2b8a2a
2b8b2a
2b8c2a
2b8d2a
2b8e2a
2b8f2a
2b902a
2b912a
2b922a
2b932a
2b942a
2b9529
2b9629
2b9729
2b9829
2b9929
2b9a28
2b9b28
2b9c28
2b9d28
2b9e27
2b9f26
2ba026
2ba125
2ba224
2ba323
2ba422
2ba521
2ba620
2ba71e
2ba81c
2ba918
2baa10
2bab00
2bac90
2bad98
2bae9c
2bafa0
2bb0a2
2bb1a6
2bb2a9
2bb3ab
2bb4ad
2bb5af
2bb6b0
2bb7b2
2bb8b2
2bb9b4
2bbab6
2bbbb8
2bbcb9
2bbdba
2bbebb
2bbfbc
2bc0bd
2bc1bf
2bc2c1
2bc3c2
2bc4c3
2bc5c4
2bc6c5
2bc7c6
2bc8c7
2bc9c8
2bcac9
2bcbca
2bcccb
2bcdcc
2bcecd
2bcfce
2bd0cf
2bd1d1
2bd2d2
2bd3d3
2bd4d4
2bd5d5
2bd6d6
2bd7d7
2bd8d8
2bd9d9
2bdada
2bdbdb
2bdcdc
2bdddd
2bdede
2bdfdf
2be0e0
2be1e1
2be2e2
2be3e3
2be4e4
2be5e5
2be6e6
2be7e7
2be8e8
2be9e9
2beaea
2bebeb
2becec
2beded
2beeee
2befef
2bf0f0
2bf1f1
2bf2f2
2bf3f3
2bf4f4
2bf5f5
2bf6f6
2bf7f7
2bf8f8
2bf9f9
2bfafa
2bfbfb
2bfcfc
2bfdfd
2bfefe
2bffff
2c002c
2c012c
2c022c
2c032c
2c042c
2c052c
2c062c
2c072c
2c082c
2c092d
2c0a2d
2c0b2d
2c0c2d
2c0d2d
2c0e2d
2c0f2d
2c102d
2c112d
2c122d
2c132d
2c142e
2c152e
2c162e
2c172e
2c182e
2c192e
2c1a2e
2c1b2f
2c1c2f
2c1d2f
2c1e30
2c1f30
2c2030
2c2130
2c2230
2c2331
2c2431
2c2531
2c2632
2c2732
2c2832
2c2932
2c2a33
2c2b34
2c2c34
2c2d34
2c2e35
2c2f36
2c3036
2c3137
2c3238
2c3338
2c3439
2c353a
2c363a
2c373a
2c383b
2c393c
2c3a3d
2c3b3e
2c3c3f
2c3d40
2c3e40
2c3f41
2c4042
2c4142
2c4244
2c4344
2c4446
2c4546
2c4648
2c4748
2c4849
2c494a
2c4a4b
2c4b4c
2c4c4d
2c4d4e
2c4e4f
2c4f50
2c5050
2c5151
2c5252
2c5353
2c5454
2c5555
2c5656
2c5757
2c5858
2c5959
2c5a5a
2c5b5b
2c5c5c
2c5d5d
2c5e5e
2c5f5f
2c6060
2c6161
2c6262
2c6363
2c6464
2c6565
2c6666
2c6767
2c6868
2c6969
2c6a6a
2c6b6b
2c6c6c
2c6d6d
2c6e6e
2c6f6f
2c7070
2c7171
2c7272
2c7373
2c7474
2c7575
2c7676
2c7777
2c7878
2c7979
2c7a7a
2c7b7b
2c7c7c
2c7d7d
2c7e7e
2c7f7f
2c802c
2c812c
2c822c
2c832c
2c842c
2c852c
2c862c
2c872c
2c882c
2c892b
2c8a2b
2c8b2b
2c8c2b
2c8d2b
2c8e2b
2c8f2b
2c902b
2c912b
2c922b
2c932b
2c942a
2c952a
2c962a
2c972a
2c982a
2c992a
2c9a2a
2c9b29
2c9c29
2c9d29
2c9e28
2c9f28
2ca028
2ca127
2ca226
2ca325
2ca424
2ca523
2ca622
2ca721
2ca820
2ca91c
2caa18
2cab10
2cac00
2cad90
2cae98
2caf9c
2cb0a0
2cb1a4
2cb2a8
2cb3aa
2cb4ac
2cb5ae
2cb6b0
2cb7b1
2cb8b2
2cb9b4
2cbab6
2cbbb8
2cbcb9
2cbdba
2cbebb
2cbfbc
2cc0bd
2cc1bf
2cc2c0
2cc3c2
2cc4c2
2cc5c4
2cc6c4
2cc7c6
2cc8c6
2cc9c8
2ccac9
2ccbca
2ccccb
2ccdcc
2ccecd
2ccfce
2cd0cf
2cd1d1
2cd2d2
2cd3d3
2cd4d4
2cd5d5
2cd6d6
2cd7d7
2cd8d8
2cd9d9
2cdada
2cdbdb
2cdcdc
2cdddd
2cdede
2cdfdf
2ce0e0
2ce1e1
2ce2e2
2ce3e3
2ce4e4
2ce5e5
2ce6e6
2ce7e7
2ce8e8
2ce9e9
2ceaea
2cebeb
2cecec
2ceded
2ceeee
2cefef
2cf0f0
2cf1f1
2cf2f2
2cf3f3
2cf4f4
2cf5f5
2cf6f6
2cf7f7
2cf8f8
2cf9f9
2cfafa
2cfbfb
2cfcfc
2cfdfd
2cfefe
2cffff
2d002d
2d012d
2d022d
2d032d
2d042d
2d052d
2d062d
2d072d
2d082e
2d092e
2d0a2e
2d0b2e
2d0c2e
2d0d2e
2d0e2e
2d0f2e
2d102e
2d112e
2d122e
2d132e
2d142e
2d152f
2d162f
2d172f
2d182f
2d192f
2d1a30
2d1b30
2d1c30
2d1d30
2d1e30
2d1f30
2d2030
2d2131
2d2231
2d2331
2d2432
2d2532
2d2632
2d2732
2d2832
2d2933
2d2a34
2d2b34
2d2c34
2d2d35
2d2e36
2d2f36
2d3036
2d3138
2d3238
2d3339
2d3439
2d353a
2d363a
2d373b
2d383b
2d393c
2d3a3d
2d3b3e
2d3c3f
2d3d40
2d3e41
2d3f41
2d4042
2d4143
2d4244
2d4345
2d4446
2d4547
2d4648
2d4748
2d4849
2d494a
2d4a4b
2d4b4c
2d4c4d
2d4d4e
2d4e4f
2d4f50
2d5050
2d5151
2d5252
2d5353
2d5454
2d5555
2d5656
2d5757
2d5858
2d5959
2d5a5a
2d5b5b
2d5c5c
2d5d5d
2d5e5e
2d5f5f
2d6060
2d6161
2d6262
2d6363
2d6464
2d6565
2d6666
2d6767
2d6868
2d6969
2d6a6a
2d6b6b
2d6c6c
2d6d6d
2d6e6e
2d6f6f
2d7070
2d7171
2d7272
2d7373
2d7474
2d7575
2d7676
2d7777
2d7878
2d7979
2d7a7a
2d7b7b
2d7c7c
2d7d7d
2d7e7e
2d7f7f
2d802d
2d812d
2d822d
2d832d
2d842d
2d852d
2d862d
2d872d
2d882c
2d892c
2d8a2c
2d8b2c
2d8c2c
2d8d2c
2d8e2c
2d8f2c
2d902c
2d912c
2d922c
2d932c
2d942c
2d952b
2d962b
2d972b
2d982b
2d992b
2d9a2a
2d9b2a
2d9c2a
2d9d2a
2d9e2a
2d9f29
2da029
2da128
2da228
2da327
2da426
2da525
2da624
2da723
2da822
2da920
2daa1c
2dab18
2dac10
2dad00
2dae90
2daf98
2db09c
2db1a2
2db2a6
2db3a9
2db4ab
2db5ad
2db6af
2db7b0
2db8b2
2db9b4
2dbab6
2dbbb8
2dbcb9
2dbdba
2dbebb
2dbfbc
2dc0bd
2dc1bf
2dc2c0
2dc3c1
2dc4c2
2dc5c3
2dc6c4
2dc7c5
2dc8c6
2dc9c8
2dcac9
2dcbca
2dcccb
2dcdcc
2dcecd
2dcfce
2dd0cf
2dd1d1
2dd2d2
2dd3d3
2dd4d4
2dd5d5
2dd6d6
2dd7d7
2dd8d8
2dd9d9
2ddada
2ddbdb
2ddcdc
2ddddd
2ddede
2ddfdf
2de0e0
2de1e1
2de2e2
2de3e3
2de4e4
2de5e5
2de6e6
2de7e7
2de8e8
2de9e9
2deaea
2debeb
2decec
2deded
2deeee
2defef
2df0f0
2df1f1
2df2f2
2df3f3
2df4f4
2df5f5
2df6f6
2df7f7
2df8f8
2df9f9
2dfafa
2dfbfb
2dfcfc
2dfdfd
2dfefe
2dffff
2e002e
2e012e
2e022e
2e032e
2e042e
2e052e
2e062e
2e072e
2e082e
2e092f
2e0a2f
2e0b2f
2e0c2f
2e0d2f
2e0e2f
2e0f2f
2e102f
2e112f
2e122f
2e132f
2e1430
2e1530
2e1630
2e1730
2e1830
2e1930
2e1a30
2e1b30
2e1c30
2e1d31
2e1e31
2e1f31
2e2031
2e2131
2e2232
2e2332
2e2432
2e2532
2e2632
2e2733
2e2833
2e2934
2e2a34
2e2b34
2e2c35
2e2d36
2e2e36
2e2f36
2e3037
2e3138
2e3238
2e3339
2e343a
2e353a
2e363a
2e373b
2e383c
2e393c
2e3a3e
2e3b3e
2e3c40
2e3d40
2e3e41
2e3f41
2e4042
2e4143
2e4244
2e4345
2e4446
2e4547
2e4648
2e4748
2e4849
2e494a
2e4a4b
2e4b4c
2e4c4d
2e4d4e
2e4e4f
2e4f50
2e5050
2e5151
2e5252
2e5353
2e5454
2e5555
2e5656
2e5757
2e5858
2e5959
2e5a5a
2e5b5b
2e5c5c
2e5d5d
2e5e5e
2e5f5f
2e6060
2e6161
2e6262
2e6363
2e6464
2e6565
2e6666
2e6767
2e6868
2e6969
2e6a6a
2e6b6b
2e6c6c
2e6d6d
2e6e6e
2e6f6f
2e7070
2e7171
2e7272
2e7373
2e7474
2e7575
2e7676
2e7777
2e7878
2e7979
2e7a7a
2e7b7b
2e7c7c
2e7d7d
2e7e7e
2e7f7f
2e802e
2e812e
2e822e
2e832e
2e842e
2e852e
2e862e
2e872e
2e882e
2e892d
2e8a2d
2e8b2d
2e8c2d
2e8d2d
2e8e2d
2e8f2d
2e902d
2e912d
2e922d
2e932d
2e942c
2e952c
2e962c
2e972c
2e982c
2e992c
2e9a2c
2e9b2b
2e9c2b
2e9d2b
2e9e2a
2e9f2a
2ea02a
2ea12a
2ea229
2ea328
2ea428
2ea527
2ea626
2ea725
2ea824
2ea922
2eaa20
2eab1c
2eac18
2ead10
2eae00
2eaf90
2eb098
2eb1a0
2eb2a4
2eb3a8
2eb4aa
2eb5ac
2eb6ae
2eb7b0
2eb8b1
2eb9b3
2ebab5
2ebbb7
2ebcb8
2ebdba
2ebeba
2ebfbc
2ec0bc
2ec1be
2ec2c0
2ec3c1
2ec4c2
2ec5c3
2ec6c4
2ec7c5
2ec8c6
2ec9c8
2ecac9
2ecbca
2ecccb
2ecdcc
2ececd
2ecfce
2ed0cf
2ed1d1
2ed2d2
2ed3d3
2ed4d4
2ed5d5
2ed6d6
2ed7d7
2ed8d8
2ed9d9
2edada
2edbdb
2edcdc
2edddd
2edede
2edfdf
2ee0e0
2ee1e1
2ee2e2
2ee3e3
2ee4e4
2ee5e5
2ee6e6
2ee7e7
2ee8e8
2ee9e9
2eeaea
2eebeb
2eecec
2eeded
2eeeee
2eefef
2ef0f0
2ef1f1
2ef2f2
2ef3f3
2ef4f4
2ef5f5
2ef6f6
2ef7f7
2ef8f8
2ef9f9
2efafa
2efbfb
2efcfc
2efdfd
2efefe
2effff
2f002f
2f012f
2f022f
2f032f
2f042f
2f052f
2f062f
2f072f
2f0830
2f0930
2f0a30
2f0b30
2f0c30
2f0d30
2f0e30
2f0f30
2f1030
2f1130
2f1230
2f1330
2f1430
2f1530
2f1630
2f1730
2f1830
2f1931
2f1a31
2f1b31
2f1c31
2f1d31
2f1e31
2f1f31
2f2032
2f2132
2f2232
2f2332
2f2432
2f2533
2f2633
2f2733
2f2834
2f2934
2f2a34
2f2b35
2f2c36
2f2d36
2f2e36
2f2f37
2f3038
2f3138
2f3239
2f3339
2f343a
2f353a
2f363b
2f373b
2f383c
2f393d
2f3a3e
2f3b3f
2f3c40
2f3d40
2f3e41
2f3f41
2f4042
2f4143
2f4244
2f4345
2f4446
2f4547
2f4648
2f4748
2f4849
2f494a
2f4a4b
2f4b4c
2f4c4d
2f4d4e
2f4e4f
2f4f50
2f5050
2f5151
2f5252
2f5353
2f5454
2f5555
2f5656
2f5757
2f5858
2f5959
2f5a5a
2f5b5b
2f5c5c
2f5d5d
2f5e5e
2f5f5f
2f6060
2f6161
2f6262
2f6363
2f6464
2f6565
2f6666
2f6767
2f6868
2f6969
2f6a6a
2f6b6b
2f6c6c
2f6d6d
2f6e6e
2f6f6f
2f7070
2f7171
2f7272
2f7373
2f7474
2f7575
2f7676
2f7777
2f7878
2f7979
2f7a7a
2f7b7b
2f7c7c
2f7d7d
2f7e7e
2f7f7f
2f802f
2f812f
2f822f
2f832f
2f842f
2f852f
2f862f
2f872f
2f882e
2f892e
2f8a2e
2f8b2e
2f8c2e
2f8d2e
2f8e2e
2f8f2e
2f902e
2f912e
2f922e
2f932e
2f942e
2f952d
2f962d
2f972d
2f982d
2f992d
2f9a2c
2f9b2c
2f9c2c
2f9d2c
2f9e2c
2f9f2b
2fa02b
2fa12a
2fa22a
2fa32a
2fa429
2fa528
2fa628
2fa727
2fa826
2fa924
2faa22
2fab20
2fac1c
2fad18
2fae10
2faf00
2fb090
2fb19c
2fb2a2
2fb3a6
2fb4a9
2fb5ab
2fb6ad
2fb7af
2fb8b0
2fb9b2
2fbab4
2fbbb6
2fbcb8
2fbdb9
2fbeba
2fbfbb
2fc0bc
2fc1be
2fc2c0
2fc3c1
2fc4c2
2fc5c3
2fc6c4
2fc7c5
2fc8c6
2fc9c8
2fcac9
2fcbca
2fcccb
2fcdcc
2fcecd
2fcfce
2fd0cf
2fd1d1
2fd2d2
2fd3d3
2fd4d4
2fd5d5
2fd6d6
2fd7d7
2fd8d8
2fd9d9
2fdada
2fdbdb
2fdcdc
2fdddd
2fdede
2fdfdf
2fe0e0
2fe1e1
2fe2e2
2fe3e3
2fe4e4
2fe5e5
2fe6e6
2fe7e7
2fe8e8
2fe9e9
2feaea
2febeb
2fecec
2feded
2feeee
2fefef
2ff0f0
2ff1f1
2ff2f2
2ff3f3
2ff4f4
2ff5f5
2ff6f6
2ff7f7
2ff8f8
2ff9f9
2ffafa
2ffbfb
2ffcfc
2ffdfd
2ffefe
2fffff
300030
300130
300230
300330
300430
300530
300630
300730
300830
300930
300a30
300b30
300c30
300d30
300e30
300f30
301030
301131
301231
301331
301431
301531
301631
301731
301831
301931
301a31
301b31
301c32
301d32
301e32
301f32
302032
302132
302232
302333
302433
302533
302634
302734
302834
302934
302a35
302b36
302c36
302d36
302e37
302f38
303038
303138
303239
30333a
30343a
30353a
30363b
30373c
30383c
30393d
303a3e
303b3f
303c40
303d40
303e41
303f42
304042
304143
304244
304345
304446
304547
304648
304748
304849
30494a
304a4b
304b4c
304c4d
304d4e
304e4f
304f50
305050
305152
305252
305354
305454
305556
305656
305758
305858
305959
305a5a
305b5b
305c5c
305d5d
305e5e
305f5f
306060
306161
306262
306363
306464
306565
306666
306767
306868
306969
306a6a
306b6b
306c6c
306d6d
306e6e
306f6f
307070
307171
307272
307373
307474
307575
307676
307777
307878
307979
307a7a
307b7b
307c7c
307d7d
307e7e
307f7f
308030
308130
308230
308330
308430
308530
308630
308730
308830
30892f
308a2f
308b2f
308c2f
308d2f
308e2f
308f2f
30902f
30912f
30922f
30932f
30942e
30952e
30962e
30972e
30982e
30992e
309a2e
309b2d
309c2d
309d2d
309e2c
309f2c
30a02c
30a12c
30a22b
30a32a
30a42a
30a52a
30a629
30a728
30a828
30a926
30aa24
30ab22
30ac20
30ad1c
30ae18
30af10
30b000
30b198
30b2a0
30b3a4
30b4a8
30b5aa
30b6ac
30b7ae
30b8b0
30b9b2
30bab4
30bbb6
30bcb8
30bdb9
30beba
30bfbb
30c0bc
30c1be
30c2c0
30c3c1
30c4c2
30c5c3
30c6c4
30c7c5
30c8c6
30c9c8
30cac9
30cbca
30cccb
30cdcc
30cecd
30cfce
30d0cf
30d1d0
30d2d2
30d3d2
30d4d4
30d5d4
30d6d6
30d7d6
30d8d8
30d9d9
30dada
30dbdb
30dcdc
30dddd
30dede
30dfdf
30e0e0
30e1e1
30e2e2
30e3e3
30e4e4
30e5e5
30e6e6
30e7e7
30e8e8
30e9e9
30eaea
30ebeb
30ecec
30eded
30eeee
30efef
30f0f0
30f1f1
30f2f2
30f3f3
30f4f4
30f5f5
30f6f6
30f7f7
30f8f8
30f9f9
30fafa
30fbfb
30fcfc
30fdfd
30fefe
30ffff
310031
310131
310231
310331
310431
310531
310631
310731
310831
310931
310a31
310b31
310c31
310d31
310e31
310f31
311032
311132
311232
311332
311432
311532
311632
311732
311832
311932
311a32
311b32
311c32
311d33
311e33
311f33
312033
312133
312234
312334
312434
312534
312634
312735
312835
312936
312a36
312b36
312c37
312d38
312e38
312f38
313038
313139
31323a
31333a
31343a
31353b
31363c
31373c
31383c
31393e
313a3e
313b40
313c40
313d41
313e41
313f42
314042
314143
314244
314345
314446
314547
314648
314749
314849
31494a
314a4b
314b4c
314c4d
314d4e
314e4f
314f50
315051
315152
315253
315354
315455
315556
315657
315758
315858
315959
315a5a
315b5b
315c5c
315d5d
315e5e
315f5f
316060
316161
316262
316363
316464
316565
316666
316767
316868
316969
316a6a
316b6b
316c6c
316d6d
316e6e
316f6f
317070
317171
317272
317373
317474
317575
317676
317777
317878
317979
317a7a
317b7b
317c7c
317d7d
317e7e
317f7f
318031
318131
318231
318331
318431
318531
318631
318731
318831
318931
318a31
318b31
318c31
318d31
318e31
318f31
319030
319130
319230
319330
319430
319530
319630
319730
319830
319930
319a30
319b2f
319c2f
319d2f
319e2e
319f2e
31a02e
31a12e
31a22d
31a32c
31a42c
31a52c
31a62b
31a72a
31a82a
31a929
31aa28
31ab26
31ac24
31ad22
31ae20
31af1c
31b018
31b100
31b298
31b3a0
31b4a4
31b5a8
31b6aa
31b7ac
31b8ae
31b9b1
31bab3
31bbb5
31bcb7
31bdb8
31beba
31bfba
31c0bc
31c1be
31c2c0
31c3c1
31c4c2
31c5c3
31c6c4
31c7c5
31c8c6
31c9c8
31cac9
31cbca
31cccb
31cdcc
31cecd
31cfce
31d0cf
31d1d0
31d2d1
31d3d2
31d4d3
31d5d4
31d6d5
31d7d6
31d8d7
31d9d9
31dada
31dbdb
31dcdc
31dddd
31dede
31dfdf
31e0e0
31e1e1
31e2e2
31e3e3
31e4e4
31e5e5
31e6e6
31e7e7
31e8e8
31e9e9
31eaea
31ebeb
31ecec
31eded
31eeee
31efef
31f0f0
31f1f1
31f2f2
31f3f3
31f4f4
31f5f5
31f6f6
31f7f7
31f8f8
31f9f9
31fafa
31fbfb
31fcfc
31fdfd
31fefe
31ffff
320032
320132
320232
320332
320432
320532
320632
320732
320832
320932
320a32
320b32
320c32
320d32
320e32
320f32
321032
321133
321233
321333
321433
321533
321633
321733
321833
321933
321a33
321b33
321c34
321d34
321e34
321f34
322034
322134
322234
322335
322435
322535
322636
322736
322836
322936
322a37
322b38
322c38
322d38
322e38
322f39
323039
32313a
32323a
32333a
32343b
32353c
32363c
32373c
32383d
32393e
323a3f
323b40
323c40
323d41
323e42
323f42
324042
324144
324244
324346
324446
324548
324648
324749
324849
32494a
324a4b
324b4c
324c4d
324d4e
324e4f
324f50
325051
325152
325253
325354
325455
325556
325657
325758
325858
325959
325a5a
325b5b
325c5c
325d5d
325e5e
325f5f
326060
326161
326262
326363
326464
326565
326666
326767
326868
326969
326a6a
326b6b
326c6c
326d6d
326e6e
326f6f
327070
327171
327272
327373
327474
327575
327676
327777
327878
327979
327a7a
327b7b
327c7c
327d7d
327e7e
327f7f
328032
328132
328232
328332
328432
328532
328632
328732
328832
328932
328a32
328b32
328c32
328d32
328e32
328f32
329032
329131
329231
329331
329431
329531
329631
329731
329831
329931
329a31
329b31
329c30
329d30
329e30
329f30
32a030
32a130
32a22f
32a32e
32a42e
32a52e
32a62d
32a72c
32a82c
32a92b
32aa2a
32ab29
32ac28
32ad26
32ae24
32af22
32b020
32b118
32b200
32b398
32b4a0
32b5a4
32b6a8
32b7aa
32b8ac
32b9b0
32bab2
32bbb4
32bcb6
32bdb8
32beb9
32bfba
32c0bb
32c1bd
32c2bf
32c3c0
32c4c2
32c5c2
32c6c4
32c7c4
32c8c6
32c9c8
32cac9
32cbca
32cccb
32cdcc
32cecd
32cfce
32d0cf
32d1d0
32d2d1
32d3d2
32d4d3
32d5d4
32d6d5
32d7d6
32d8d7
32d9d9
32dada
32dbdb
32dcdc
32dddd
32dede
32dfdf
32e0e0
32e1e1
32e2e2
32e3e3
32e4e4
32e5e5
32e6e6
32e7e7
32e8e8
32e9e9
32eaea
32ebeb
32ecec
32eded
32eeee
32efef
32f0f0
32f1f1
32f2f2
32f3f3
32f4f4
32f5f5
32f6f6
32f7f7
32f8f8
32f9f9
32fafa
32fbfb
32fcfc
32fdfd
32fefe
32ffff
330033
330133
330233
330333
330433
330533
330633
330733
330833
330933
330a33
330b33
330c33
330d33
330e33
330f33
331034
331134
331234
331334
331434
331534
331634
331734
331834
331934
331a34
331b34
331c34
331d35
331e35
331f35
332035
332135
332236
332336
332436
332536
332636
332737
332837
332938
332a38
332b38
332c38
332d39
332e39
332f39
33303a
33313a
33323a
33333b
33343c
33353c
33363c
33373d
33383e
33393e
333a40
333b40
333c41
333d41
333e42
333f42
334043
334144
334245
334346
334447
334548
334648
334749
334849
33494a
334a4b
334b4c
334c4d
334d4e
334e4f
334f50
335051
335152
335253
335354
335455
335556
335657
335758
335858
335959
335a5a
335b5b
335c5c
335d5d
335e5e
335f5f
336060
336161
336262
336363
336464
336565
336666
336767
336868
336969
336a6a
336b6b
336c6c
336d6d
336e6e
336f6f
337070
337171
337272
337373
337474
337575
337676
337777
337878
337979
337a7a
337b7b
337c7c
337d7d
337e7e
337f7f
338033
338133
338233
338333
338433
338533
338633
338733
338833
338933
338a33
338b33
338c33
338d33
338e33
338f33
339032
339132
339232
339332
339432
339532
339632
339732
339832
339932
339a32
339b32
339c32
339d31
339e31
339f31
33a031
33a131
33a230
33a330
33a430
33a530
33a62f
33a72e
33a82e
33a92d
33aa2c
33ab2b
33ac2a
33ad29
33ae28
33af26
33b024
33b120
33b218
33b300
33b498
33b5a0
33b6a4
33b7a8
33b8aa
33b9ae
33bab1
33bbb3
33bcb5
33bdb7
33beb8
33bfba
33c0ba
33c1bc
33c2be
33c3c0
33c4c1
33c5c2
33c6c3
33c7c4
33c8c5
33c9c7
33cac9
33cbca
33cccb
33cdcc
33cecd
33cfce
33d0cf
33d1d0
33d2d1
33d3d2
33d4d3
33d5d4
33d6d5
33d7d6
33d8d7
33d9d9
33dada
33dbdb
33dcdc
33dddd
33dede
33dfdf
33e0e0
33e1e1
33e2e2
33e3e3
33e4e4
33e5e5
33e6e6
33e7e7
33e8e8
33e9e9
33eaea
33ebeb
33ecec
33eded
33eeee
33efef
33f0f0
33f1f1
33f2f2
33f3f3
33f4f4
33f5f5
33f6f6
33f7f7
33f8f8
33f9f9
33fafa
33fbfb
33fcfc
33fdfd
33fefe
33ffff
340034
340134
340234
340334
340434
340534
340634
340734
340834
340934
340a34
340b34
340c34
340d34
340e34
340f34
341034
341135
341235
341335
341435
341535
341635
341735
341835
341935
341a35
341b35
341c36
341d36
341e36
341f36
342036
342136
342236
342337
342437
342537
342638
342738
342838
342938
342a38
342b39
342c39
342d39
342e3a
342f3a
34303a
34313a
34323b
34333c
34343c
34353c
34363d
34373e
34383e
34393f
343a40
343b40
343c41
343d42
343e42
343f42
344043
344144
344245
344346
344447
344548
344648
344749
34484a
34494a
344a4c
344b4c
344c4e
344d4e
344e50
344f50
345051
345152
345253
345354
345455
345556
345657
345758
345858
345959
345a5a
345b5b
345c5c
345d5d
345e5e
345f5f
346060
346161
346262
346363
346464
346565
346666
346767
346868
346969
346a6a
346b6b
346c6c
346d6d
346e6e
346f6f
347070
347171
347272
347373
347474
347575
347676
347777
347878
347979
347a7a
347b7b
347c7c
347d7d
347e7e
347f7f
348034
348134
348234
348334
348434
348534
348634
348734
348834
348934
348a34
348b34
348c34
348d34
348e34
348f34
349034
349133
349233
349333
349433
349533
349633
349733
349833
349933
349a33
349b33
349c32
349d32
349e32
349f32
34a032
34a132
34a232
34a331
34a431
34a531
34a630
34a730
34a830
34a92f
34aa2e
34ab2d
34ac2c
34ad2b
34ae2a
34af29
34b028
34b124
34b220
34b318
34b400
34b598
34b6a0
34b7a4
34b8a8
34b9ac
34bab0
34bbb2
34bcb4
34bdb6
34beb8
34bfb9
34c0ba
34c1bc
34c2be
34c3c0
34c4c1
34c5c2
34c6c3
34c7c4
34c8c5
34c9c7
34cac8
34cbca
34ccca
34cdcc
34cecc
34cfce
34d0ce
34d1d0
34d2d1
34d3d2
34d4d3
34d5d4
34d6d5
34d7d6
34d8d7
34d9d9
34dada
34dbdb
34dcdc
34dddd
34dede
34dfdf
34e0e0
34e1e1
34e2e2
34e3e3
34e4e4
34e5e5
34e6e6
34e7e7
34e8e8
34e9e9
34eaea
34ebeb
34ecec
34eded
34eeee
34efef
34f0f0
34f1f1
34f2f2
34f3f3
34f4f4
34f5f5
34f6f6
34f7f7
34f8f8
34f9f9
34fafa
34fbfb
34fcfc
34fdfd
34fefe
34ffff
350035
350135
350235
350335
350435
350535
350635
350735
350835
350935
350a35
350b35
350c35
350d35
350e35
350f35
351036
351136
351236
351336
351436
351536
351636
351736
351836
351936
351a36
351b36
351c36
351d37
351e37
351f37
352037
352137
352238
352338
352438
352538
352638
352738
352838
352939
352a39
352b39
352c3a
352d3a
352e3a
352f3a
35303a
35313b
35323c
35333c
35343c
35353d
35363e
35373e
35383e
353940
353a40
353b41
353c41
353d42
353e42
353f43
354043
354144
354245
354346
354447
354548
354649
354749
35484a
35494b
354a4c
354b4d
354c4e
354d4f
354e50
354f50
355051
355152
355253
355354
355455
355556
355657
355758
355858
355959
355a5a
355b5b
355c5c
355d5d
355e5e
355f5f
356060
356161
356262
356363
356464
356565
356666
356767
356868
356969
356a6a
356b6b
356c6c
356d6d
356e6e
356f6f
357070
357171
357272
357373
357474
357575
357676
357777
357878
357979
357a7a
357b7b
357c7c
357d7d
357e7e
357f7f
358035
358135
358235
358335
358435
358535
358635
358735
358835
358935
358a35
358b35
358c35
358d35
358e35
358f35
359034
359134
359234
359334
359434
359534
359634
359734
359834
359934
359a34
359b34
359c34
359d33
359e33
359f33
35a033
35a133
35a232
35a332
35a432
35a532
35a632
35a731
35a831
35a930
35aa30
35ab2f
35ac2e
35ad2d
35ae2c
35af2b
35b02a
35b128
35b224
35b320
35b418
35b500
35b698
35b7a0
35b8a4
35b9aa
35baae
35bbb1
35bcb3
35bdb5
35beb7
35bfb8
35c0ba
35c1bc
35c2be
35c3c0
35c4c1
35c5c2
35c6c3
35c7c4
35c8c5
35c9c7
35cac8
35cbc9
35ccca
35cdcb
35cecc
35cfcd
35d0ce
35d1d0
35d2d1
35d3d2
35d4d3
35d5d4
35d6d5
35d7d6
35d8d7
35d9d9
35dada
35dbdb
35dcdc
35dddd
35dede
35dfdf
35e0e0
35e1e1
35e2e2
35e3e3
35e4e4
35e5e5
35e6e6
35e7e7
35e8e8
35e9e9
35eaea
35ebeb
35ecec
35eded
35eeee
35efef
35f0f0
35f1f1
35f2f2
35f3f3
35f4f4
35f5f5
35f6f6
35f7f7
35f8f8
35f9f9
35fafa
35fbfb
35fcfc
35fdfd
35fefe
35ffff
360036
360136
360236
360336
360436
360536
360636
360736
360836
360936
360a36
360b36
360c36
360d36
360e36
360f36
361036
361137
361237
361337
361437
361537
361637
361737
361837
361937
361a37
361b37
361c38
361d38
361e38
361f38
362038
362138
362238
362338
362438
362539
362639
362739
362839
362939
362a3a
362b3a
362c3a
362d3a
362e3a
362f3b
36303b
36313c
36323c
36333c
36343d
36353e
36363e
36373e
36383f
363940
363a40
363b41
363c42
363d42
363e42
363f43
364044
364144
364246
364346
364448
364548
364649
364749
36484a
36494b
364a4c
364b4d
364c4e
364d4f
364e50
364f50
365051
365152
365253
365354
365455
365556
365657
365758
365858
365959
365a5a
365b5b
365c5c
365d5d
365e5e
365f5f
366060
366161
366262
366363
366464
366565
366666
366767
366868
366969
366a6a
366b6b
366c6c
366d6d
366e6e
366f6f
367070
367171
367272
367373
367474
367575
367676
367777
367878
367979
367a7a
367b7b
367c7c
367d7d
367e7e
367f7f
368036
368136
368236
368336
368436
368536
368636
368736
368836
368936
368a36
368b36
368c36
368d36
368e36
368f36
369036
369135
369235
369335
369435
369535
369635
369735
369835
369935
369a35
369b35
369c34
369d34
369e34
369f34
36a034
36a134
36a234
36a333
36a433
36a533
36a632
36a732
36a832
36a932
36aa31
36ab30
36ac30
36ad2f
36ae2e
36af2d
36b02c
36b12a
36b228
36b324
36b420
36b518
36b600
36b798
36b8a0
36b9a8
36baac
36bbb0
36bcb2
36bdb4
36beb6
36bfb8
36c0b9
36c1bb
36c2bd
36c3bf
36c4c0
36c5c2
36c6c2
36c7c4
36c8c4
36c9c6
36cac8
36cbc9
36ccca
36cdcb
36cecc
36cfcd
36d0ce
36d1d0
36d2d1
36d3d2
36d4d3
36d5d4
36d6d5
36d7d6
36d8d7
36d9d9
36dada
36dbdb
36dcdc
36dddd
36dede
36dfdf
36e0e0
36e1e1
36e2e2
36e3e3
36e4e4
36e5e5
36e6e6
36e7e7
36e8e8
36e9e9
36eaea
36ebeb
36ecec
36eded
36eeee
36efef
36f0f0
36f1f1
36f2f2
36f3f3
36f4f4
36f5f5
36f6f6
36f7f7
36f8f8
36f9f9
36fafa
36fbfb
36fcfc
36fdfd
36fefe
36ffff
370037
370137
370237
370337
370437
370537
370637
370737
370837
370937
370a37
370b37
370c37
370d37
370e37
370f37
371038
371138
371238
371338
371438
371538
371638
371738
371838
371938
371a38
371b38
371c38
371d38
371e38
371f38
372038
372139
372239
372339
372439
372539
372639
372739
37283a
37293a
372a3a
372b3a
372c3a
372d3b
372e3b
372f3b
37303c
37313c
37323c
37333d
37343e
37353e
37363e
37373f
373840
373940
373a41
373b41
373c42
373d42
373e43
373f43
374044
374145
374246
374347
374448
374548
374649
374749
37484a
37494b
374a4c
374b4d
374c4e
374d4f
374e50
374f50
375051
375152
375253
375354
375455
375556
375657
375758
375858
375959
375a5a
375b5b
375c5c
375d5d
375e5e
375f5f
376060
376161
376262
376363
376464
376565
376666
376767
376868
376969
376a6a
376b6b
376c6c
376d6d
376e6e
376f6f
377070
377171
377272
377373
377474
377575
377676
377777
377878
377979
377a7a
377b7b
377c7c
377d7d
377e7e
377f7f
378037
378137
378237
378337
378437
378537
378637
378737
378837
378937
378a37
378b37
378c37
378d37
378e37
378f37
379036
379136
379236
379336
379436
379536
379636
379736
379836
379936
379a36
379b36
379c36
379d35
379e35
379f35
37a035
37a135
37a234
37a334
37a434
37a534
37a634
37a733
37a833
37a932
37aa32
37ab32
37ac31
37ad30
37ae30
37af2f
37b02e
37b12c
37b22a
37b328
37b424
37b520
37b618
37b700
37b898
37b9a4
37baaa
37bbae
37bcb1
37bdb3
37beb5
37bfb7
37c0b8
37c1ba
37c2bc
37c3be
37c4c0
37c5c1
37c6c2
37c7c3
37c8c4
37c9c6
37cac8
37cbc9
37ccca
37cdcb
37cecc
37cfcd
37d0ce
37d1d0
37d2d1
37d3d2
37d4d3
37d5d4
37d6d5
37d7d6
37d8d7
37d9d9
37dada
37dbdb
37dcdc
37dddd
37dede
37dfdf
37e0e0
37e1e1
37e2e2
37e3e3
37e4e4
37e5e5
37e6e6
37e7e7
37e8e8
37e9e9
37eaea
37ebeb
37ecec
37eded
37eeee
37efef
37f0f0
37f1f1
37f2f2
37f3f3
37f4f4
37f5f5
37f6f6
37f7f7
37f8f8
37f9f9
37fafa
37fbfb
37fcfc
37fdfd
37fefe
37ffff
380038
380138
380238
380338
380438
380538
380638
380738
380838
380938
380a38
380b38
380c38
380d38
380e38
380f38
381038
381138
381238
381338
381438
381538
381638
381738
381838
381939
381a39
381b39
381c39
381d39
381e39
381f39
382039
382139
382239
382339
38243a
38253a
38263a
38273a
38283a
38293a
382a3a
382b3b
382c3b
382d3b
382e3c
382f3c
38303c
38313c
38323d
38333e
38343e
38353e
38363f
383740
383840
383940
383a41
383b42
383c42
383d42
383e43
383f44
384044
384145
384246
384347
384448
384548
384649
38474a
38484a
38494b
384a4c
384b4d
384c4e
384d4f
384e50
384f50
385051
385152
385253
385354
385455
385556
385657
385758
385858
38595a
385a5a
385b5c
385c5c
385d5e
385e5e
385f60
386060
386161
386262
386363
386464
386565
386666
386767
386868
386969
386a6a
386b6b
386c6c
386d6d
386e6e
386f6f
387070
387171
387272
387373
387474
387575
387676
387777
387878
387979
387a7a
387b7b
387c7c
387d7d
387e7e
387f7f
388038
388138
388238
388338
388438
388538
388638
388738
388838
388938
388a38
388b38
388c38
388d38
388e38
388f38
389038
389137
389237
389337
389437
389537
389637
389737
389837
389937
389a37
389b37
389c36
389d36
389e36
389f36
38a036
38a136
38a236
38a335
38a435
38a535
38a634
38a734
38a834
38a934
38aa33
38ab32
38ac32
38ad32
38ae31
38af30
38b030
38b12e
38b22c
38b32a
38b428
38b524
38b620
38b718
38b800
38b9a0
38baa8
38bbac
38bcb0
38bdb2
38beb4
38bfb6
38c0b8
38c1ba
38c2bc
38c3be
38c4c0
38c5c1
38c6c2
38c7c3
38c8c4
38c9c6
38cac8
38cbc9
38ccca
38cdcb
38cecc
38cfcd
38d0ce
38d1d0
38d2d1
38d3d2
38d4d3
38d5d4
38d6d5
38d7d6
38d8d7
38d9d8
38dada
38dbda
38dcdc
38dddc
38dede
38dfde
38e0e0
38e1e1
38e2e2
38e3e3
38e4e4
38e5e5
38e6e6
38e7e7
38e8e8
38e9e9
38eaea
38ebeb
38ecec
38eded
38eeee
38efef
38f0f0
38f1f1
38f2f2
38f3f3
38f4f4
38f5f5
38f6f6
38f7f7
38f8f8
38f9f9
38fafa
38fbfb
38fcfc
38fdfd
38fefe
38ffff
390039
390139
390239
390339
390439
390539
390639
390739
390839
390939
390a39
390b39
390c39
390d39
390e39
390f39
391039
391139
391239
391339
391439
391539
391639
391739
39183a
39193a
391a3a
391b3a
391c3a
391d3a
391e3a
391f3a
39203a
39213a
39223a
39233a
39243a
39253b
39263b
39273b
39283b
39293b
392a3c
392b3c
392c3c
392d3c
392e3c
392f3d
39303d
39313e
39323e
39333e
39343f
393540
393640
393740
393840
393941
393a42
393b42
393c42
393d43
393e44
393f44
394044
394146
394246
394348
394448
394549
394649
39474a
39484a
39494b
394a4c
394b4d
394c4e
394d4f
394e50
394f51
395051
395152
395253
395354
395455
395556
395657
395758
395859
39595a
395a5b
395b5c
395c5d
395d5e
395e5f
395f60
396060
396161
396262
396363
396464
396565
396666
396767
396868
396969
396a6a
396b6b
396c6c
396d6d
396e6e
396f6f
397070
397171
397272
397373
397474
397575
397676
397777
397878
397979
397a7a
397b7b
397c7c
397d7d
397e7e
397f7f
398039
398139
398239
398339
398439
398539
398639
398739
398839
398939
398a39
398b39
398c39
398d39
398e39
398f39
399039
399139
399239
399339
399439
399539
399639
399739
399838
399938
399a38
399b38
399c38
399d38
399e38
399f38
39a038
39a138
39a238
39a337
39a437
39a537
39a636
39a736
39a836
39a936
39aa35
39ab34
39ac34
39ad34
39ae33
39af32
39b032
39b131
39b230
39b32e
39b42c
39b52a
39b628
39b724
39b820
39b900
39baa0
39bba8
39bcac
39bdb0
39beb2
39bfb4
39c0b6
39c1b9
39c2bb
39c3bd
39c4bf
39c5c0
39c6c2
39c7c2
39c8c4
39c9c6
39cac8
39cbc9
39ccca
39cdcb
39cecc
39cfcd
39d0ce
39d1d0
39d2d1
39d3d2
39d4d3
39d5d4
39d6d5
39d7d6
39d8d7
39d9d8
39dad9
39dbda
39dcdb
39dddc
39dedd
39dfde
39e0df
39e1e1
39e2e2
39e3e3
39e4e4
39e5e5
39e6e6
39e7e7
39e8e8
39e9e9
39eaea
39ebeb
39ecec
39eded
39eeee
39efef
39f0f0
39f1f1
39f2f2
39f3f3
39f4f4
39f5f5
39f6f6
39f7f7
39f8f8
39f9f9
39fafa
39fbfb
39fcfc
39fdfd
39fefe
39ffff
3a003a
3a013a
3a023a
3a033a
3a043a
3a053a
3a063a
3a073a
3a083a
3a093a
3a0a3a
3a0b3a
3a0c3a
3a0d3a
3a0e3a
3a0f3a
3a103a
3a113a
3a123a
3a133a
3a143a
3a153a
3a163a
3a173a
3a183a
3a193b
3a1a3b
3a1b3b
3a1c3b
3a1d3b
3a1e3b
3a1f3b
3a203b
3a213b
3a223b
3a233b
3a243c
3a253c
3a263c
3a273c
3a283c
3a293c
3a2a3c
3a2b3d
3a2c3d
3a2d3d
3a2e3e
3a2f3e
3a303e
3a313e
3a323f
3a3340
3a3440
3a3540
3a3640
3a3741
3a3841
3a3942
3a3a42
3a3b42
3a3c43
3a3d44
3a3e44
3a3f44
3a4045
3a4146
3a4247
3a4348
3a4448
3a4549
3a464a
3a474a
3a484a
3a494c
3a4a4c
3a4b4e
3a4c4e
3a4d50
3a4e50
3a4f51
3a5051
3a5152
3a5253
3a5354
3a5455
3a5556
3a5657
3a5758
3a5859
3a595a
3a5a5b
3a5b5c
3a5c5d
3a5d5e
3a5e5f
3a5f60
3a6060
3a6161
3a6262
3a6363
3a6464
3a6565
3a6666
3a6767
3a6868
3a6969
3a6a6a
3a6b6b
3a6c6c
3a6d6d
3a6e6e
3a6f6f
3a7070
3a7171
3a7272
3a7373
3a7474
3a7575
3a7676
3a7777
3a7878
3a7979
3a7a7a
3a7b7b
3a7c7c
3a7d7d
3a7e7e
3a7f7f
3a803a
3a813a
3a823a
3a833a
3a843a
3a853a
3a863a
3a873a
3a883a
3a893a
3a8a3a
3a8b3a
3a8c3a
3a8d3a
3a8e3a
3a8f3a
3a903a
3a913a
3a923a
3a933a
3a943a
3a953a
3a963a
3a973a
3a983a
3a9939
3a9a39
3a9b39
3a9c39
3a9d39
3a9e39
3a9f39
3aa039
3aa139
3aa239
3aa339
3aa438
3aa538
3aa638
3aa738
3aa838
3aa938
3aaa37
3aab36
3aac36
3aad36
3aae35
3aaf34
3ab034
3ab133
3ab232
3ab331
3ab430
3ab52e
3ab62c
3ab72a
3ab828
3ab920
3aba00
3abba0
3abca8
3abdac
3abeb0
3abfb2
3ac0b4
3ac1b8
3ac2ba
3ac3bc
3ac4be
3ac5c0
3ac6c1
3ac7c2
3ac8c3
3ac9c5
3acac7
3acbc8
3accca
3acdca
3acecc
3acfcc
3ad0ce
3ad1d0
3ad2d1
3ad3d2
3ad4d3
3ad5d4
3ad6d5
3ad7d6
3ad8d7
3ad9d8
3adad9
3adbda
3adcdb
3adddc
3adedd
3adfde
3ae0df
3ae1e1
3ae2e2
3ae3e3
3ae4e4
3ae5e5
3ae6e6
3ae7e7
3ae8e8
3ae9e9
3aeaea
3aebeb
3aecec
3aeded
3aeeee
3aefef
3af0f0
3af1f1
3af2f2
3af3f3
3af4f4
3af5f5
3af6f6
3af7f7
3af8f8
3af9f9
3afafa
3afbfb
3afcfc
3afdfd
3afefe
3affff
3b003b
3b013b
3b023b
3b033b
3b043b
3b053b
3b063b
3b073b
3b083b
3b093b
3b0a3b
3b0b3b
3b0c3b
3b0d3b
3b0e3b
3b0f3b
3b103b
3b113b
3b123b
3b133b
3b143b
3b153b
3b163b
3b173b
3b183c
3b193c
3b1a3c
3b1b3c
3b1c3c
3b1d3c
3b1e3c
3b1f3c
3b203c
3b213c
3b223c
3b233c
3b243c
3b253d
3b263d
3b273d
3b283d
3b293d
3b2a3e
3b2b3e
3b2c3e
3b2d3e
3b2e3e
3b2f3f
3b303f
3b3140
3b3240
3b3340
3b3440
3b3541
3b3641
3b3741
3b3842
3b3942
3b3a42
3b3b43
3b3c44
3b3d44
3b3e44
3b3f45
3b4046
3b4146
3b4248
3b4348
3b4449
3b4549
3b464a
3b474a
3b484b
3b494c
3b4a4d
3b4b4e
3b4c4f
3b4d50
3b4e50
3b4f51
3b5051
3b5152
3b5253
3b5354
3b5455
3b5556
3b5657
3b5758
3b5859
3b595a
3b5a5b
3b5b5c
3b5c5d
3b5d5e
3b5e5f
3b5f60
3b6060
3b6161
3b6262
3b6363
3b6464
3b6565
3b6666
3b6767
3b6868
3b6969
3b6a6a
3b6b6b
3b6c6c
3b6d6d
3b6e6e
3b6f6f
3b7070
3b7171
3b7272
3b7373
3b7474
3b7575
3b7676
3b7777
3b7878
3b7979
3b7a7a
3b7b7b
3b7c7c
3b7d7d
3b7e7e
3b7f7f
3b803b
3b813b
3b823b
3b833b
3b843b
3b853b
3b863b
3b873b
3b883b
3b893b
3b8a3b
3b8b3b
3b8c3b
3b8d3b
3b8e3b
3b8f3b
3b903b
3b913b
3b923b
3b933b
3b943b
3b953b
3b963b
3b973b
3b983a
3b993a
3b9a3a
3b9b3a
3b9c3a
3b9d3a
3b9e3a
3b9f3a
3ba03a
3ba13a
3ba23a
3ba33a
3ba43a
3ba539
3ba639
3ba739
3ba839
3ba939
3baa38
3bab38
3bac38
3bad38
3bae37
3baf36
3bb036
3bb135
3bb234
3bb333
3bb432
3bb531
3bb630
3bb72e
3bb82c
3bb928
3bba20
3bbb00
3bbca0
3bbda8
3bbeac
3bbfb0
3bc0b2
3bc1b6
3bc2b9
3bc3bb
3bc4bd
3bc5bf
3bc6c0
3bc7c2
3bc8c2
3bc9c4
3bcac6
3bcbc8
3bccc9
3bcdca
3bcecb
3bcfcc
3bd0cd
3bd1cf
3bd2d1
3bd3d2
3bd4d3
3bd5d4
3bd6d5
3bd7d6
3bd8d7
3bd9d8
3bdad9
3bdbda
3bdcdb
3bdddc
3bdedd
3bdfde
3be0df
3be1e1
3be2e2
3be3e3
3be4e4
3be5e5
3be6e6
3be7e7
3be8e8
3be9e9
3beaea
3bebeb
3becec
3beded
3beeee
3befef
3bf0f0
3bf1f1
3bf2f2
3bf3f3
3bf4f4
3bf5f5
3bf6f6
3bf7f7
3bf8f8
3bf9f9
3bfafa
3bfbfb
3bfcfc
3bfdfd
3bfefe
3bffff
3c003c
3c013c
3c023c
3c033c
3c043c
3c053c
3c063c
3c073c
3c083c
3c093c
3c0a3c
3c0b3c
3c0c3c
3c0d3c
3c0e3c
3c0f3c
3c103c
3c113c
3c123c
3c133c
3c143c
3c153c
3c163c
3c173c
3c183c
3c193d
3c1a3d
3c1b3d
3c1c3d
3c1d3d
3c1e3d
3c1f3d
3c203d
3c213d
3c223d
3c233d
3c243e
3c253e
3c263e
3c273e
3c283e
3c293e
3c2a3e
3c2b3f
3c2c3f
3c2d3f
3c2e40
3c2f40
3c3040
3c3140
3c3240
3c3341
3c3441
3c3541
3c3642
3c3742
3c3842
3c3942
3c3a43
3c3b44
3c3c44
3c3d44
3c3e45
3c3f46
3c4046
3c4147
3c4248
3c4348
3c4449
3c454a
3c464a
3c474a
3c484b
3c494c
3c4a4d
3c4b4e
3c4c4f
3c4d50
3c4e50
3c4f51
3c5052
3c5152
3c5254
3c5354
3c5456
3c5556
3c5658
3c5758
3c5859
3c595a
3c5a5b
3c5b5c
3c5c5d
3c5d5e
3c5e5f
3c5f60
3c6060
3c6161
3c6262
3c6363
3c6464
3c6565
3c6666
3c6767
3c6868
3c6969
3c6a6a
3c6b6b
3c6c6c
3c6d6d
3c6e6e
3c6f6f
3c7070
3c7171
3c7272
3c7373
3c7474
3c7575
3c7676
3c7777
3c7878
3c7979
3c7a7a
3c7b7b
3c7c7c
3c7d7d
3c7e7e
3c7f7f
3c803c
3c813c
3c823c
3c833c
3c843c
3c853c
3c863c
3c873c
3c883c
3c893c
3c8a3c
3c8b3c
3c8c3c
3c8d3c
3c8e3c
3c8f3c
3c903c
3c913c
3c923c
3c933c
3c943c
3c953c
3c963c
3c973c
3c983c
3c993b
3c9a3b
3c9b3b
3c9c3b
3c9d3b
3c9e3b
3c9f3b
3ca03b
3ca13b
3ca23b
3ca33b
3ca43a
3ca53a
3ca63a
3ca73a
3ca83a
3ca93a
3caa3a
3cab39
3cac39
3cad39
3cae38
3caf38
3cb038
3cb137
3cb236
3cb335
3cb434
3cb533
3cb632
3cb731
3cb830
3cb92c
3cba28
3cbb20
3cbc00
3cbda0
3cbea8
3cbfac
3cc0b0
3cc1b4
3cc2b8
3cc3ba
3cc4bc
3cc5be
3cc6c0
3cc7c1
3cc8c2
3cc9c4
3ccac6
3ccbc8
3cccc9
3ccdca
3ccecb
3ccfcc
3cd0cd
3cd1cf
3cd2d0
3cd3d2
3cd4d2
3cd5d4
3cd6d4
3cd7d6
3cd8d6
3cd9d8
3cdad9
3cdbda
3cdcdb
3cdddc
3cdedd
3cdfde
3ce0df
3ce1e1
3ce2e2
3ce3e3
3ce4e4
3ce5e5
3ce6e6
3ce7e7
3ce8e8
3ce9e9
3ceaea
3cebeb
3cecec
3ceded
3ceeee
3cefef
3cf0f0
3cf1f1
3cf2f2
3cf3f3
3cf4f4
3cf5f5
3cf6f6
3cf7f7
3cf8f8
3cf9f9
3cfafa
3cfbfb
3cfcfc
3cfdfd
3cfefe
3cffff
3d003d
3d013d
3d023d
3d033d
3d043d
3d053d
3d063d
3d073d
3d083d
3d093d
3d0a3d
3d0b3d
3d0c3d
3d0d3d
3d0e3d
3d0f3d
3d103d
3d113d
3d123d
3d133d
3d143d
3d153d
3d163d
3d173d
3d183e
3d193e
3d1a3e
3d1b3e
3d1c3e
3d1d3e
3d1e3e
3d1f3e
3d203e
3d213e
3d223e
3d233e
3d243e
3d253f
3d263f
3d273f
3d283f
3d293f
3d2a40
3d2b40
3d2c40
3d2d40
3d2e40
3d2f40
3d3040
3d3141
3d3241
3d3341
3d3442
3d3542
3d3642
3d3742
3d3842
3d3943
3d3a44
3d3b44
3d3c44
3d3d45
3d3e46
3d3f46
3d4046
3d4148
3d4248
3d4349
3d4449
3d454a
3d464a
3d474b
3d484b
3d494c
3d4a4d
3d4b4e
3d4c4f
3d4d50
3d4e51
3d4f51
3d5052
3d5153
3d5254
3d5355
3d5456
3d5557
3d5658
3d5758
3d5859
3d595a
3d5a5b
3d5b5c
3d5c5d
3d5d5e
3d5e5f
3d5f60
3d6060
3d6161
3d6262
3d6363
3d6464
3d6565
3d6666
3d6767
3d6868
3d6969
3d6a6a
3d6b6b
3d6c6c
3d6d6d
3d6e6e
3d6f6f
3d7070
3d7171
3d7272
3d7373
3d7474
3d7575
3d7676
3d7777
3d7878
3d7979
3d7a7a
3d7b7b
3d7c7c
3d7d7d
3d7e7e
3d7f7f
3d803d
3d813d
3d823d
3d833d
3d843d
3d853d
3d863d
3d873d
3d883d
3d893d
3d8a3d
3d8b3d
3d8c3d
3d8d3d
3d8e3d
3d8f3d
3d903d
3d913d
3d923d
3d933d
3d943d
3d953d
3d963d
3d973d
3d983c
3d993c
3d9a3c
3d9b3c
3d9c3c
3d9d3c
3d9e3c
3d9f3c
3da03c
3da13c
3da23c
3da33c
3da43c
3da53b
3da63b
3da73b
3da83b
3da93b
3daa3a
3dab3a
3dac3a
3dad3a
3dae3a
3daf39
3db039
3db138
3db238
3db337
3db436
3db535
3db634
3db733
3db832
3db930
3dba2c
3dbb28
3dbc20
3dbd00
3dbea0
3dbfa8
3dc0ac
3dc1b2
3dc2b6
3dc3b9
3dc4bb
3dc5bd
3dc6bf
3dc7c0
3dc8c2
3dc9c4
3dcac6
3dcbc8
3dccc9
3dcdca
3dcecb
3dcfcc
3dd0cd
3dd1cf
3dd2d0
3dd3d1
3dd4d2
3dd5d3
3dd6d4
3dd7d5
3dd8d6
3dd9d8
3ddad9
3ddbda
3ddcdb
3ddddc
3ddedd
3ddfde
3de0df
3de1e1
3de2e2
3de3e3
3de4e4
3de5e5
3de6e6
3de7e7
3de8e8
3de9e9
3deaea
3debeb
3decec
3deded
3deeee
3defef
3df0f0
3df1f1
3df2f2
3df3f3
3df4f4
3df5f5
3df6f6
3df7f7
3df8f8
3df9f9
3dfafa
3dfbfb
3dfcfc
3dfdfd
3dfefe
3dffff
3e003e
3e013e
3e023e
3e033e
3e043e
3e053e
3e063e
3e073e
3e083e
3e093e
3e0a3e
3e0b3e
3e0c3e
3e0d3e
3e0e3e
3e0f3e
3e103e
3e113e
3e123e
3e133e
3e143e
3e153e
3e163e
3e173e
3e183e
3e193f
3e1a3f
3e1b3f
3e1c3f
3e1d3f
3e1e3f
3e1f3f
3e203f
3e213f
3e223f
3e233f
3e2440
3e2540
3e2640
3e2740
3e2840
3e2940
3e2a40
3e2b40
3e2c40
3e2d41
3e2e41
3e2f41
3e3041
3e3141
3e3242
3e3342
3e3442
3e3542
3e3642
3e3743
3e3843
3e3944
3e3a44
3e3b44
3e3c45
3e3d46
3e3e46
3e3f46
3e4047
3e4148
3e4248
3e4349
3e444a
3e454a
3e464a
3e474b
3e484c
3e494c
3e4a4e
3e4b4e
3e4c50
3e4d50
3e4e51
3e4f51
3e5052
3e5153
3e5254
3e5355
3e5456
3e5557
3e5658
3e5758
3e5859
3e595a
3e5a5b
3e5b5c
3e5c5d
3e5d5e
3e5e5f
3e5f60
3e6060
3e6161
3e6262
3e6363
3e6464
3e6565
3e6666
3e6767
3e6868
3e6969
3e6a6a
3e6b6b
3e6c6c
3e6d6d
3e6e6e
3e6f6f
3e7070
3e7171
3e7272
3e7373
3e7474
3e7575
3e7676
3e7777
3e7878
3e7979
3e7a7a
3e7b7b
3e7c7c
3e7d7d
3e7e7e
3e7f7f
3e803e
3e813e
3e823e
3e833e
3e843e
3e853e
3e863e
3e873e
3e883e
3e893e
3e8a3e
3e8b3e
3e8c3e
3e8d3e
3e8e3e
3e8f3e
3e903e
3e913e
3e923e
3e933e
3e943e
3e953e
3e963e
3e973e
3e983e
3e993d
3e9a3d
3e9b3d
3e9c3d
3e9d3d
3e9e3d
3e9f3d
3ea03d
3ea13d
3ea23d
3ea33d
3ea43c
3ea53c
3ea63c
3ea73c
3ea83c
3ea93c
3eaa3c
3eab3b
3eac3b
3ead3b
3eae3a
3eaf3a
3eb03a
3eb13a
3eb239
3eb338
3eb438
3eb537
3eb636
3eb735
3eb834
3eb932
3eba30
3ebb2c
3ebc28
3ebd20
3ebe00
3ebfa0
3ec0a8
3ec1b0
3ec2b4
3ec3b8
3ec4ba
3ec5bc
3ec6be
3ec7c0
3ec8c1
3ec9c3
3ecac5
3ecbc7
3eccc8
3ecdca
3ececa
3ecfcc
3ed0cc
3ed1ce
3ed2d0
3ed3d1
3ed4d2
3ed5d3
3ed6d4
3ed7d5
3ed8d6
3ed9d8
3edad9
3edbda
3edcdb
3edddc
3ededd
3edfde
3ee0df
3ee1e1
3ee2e2
3ee3e3
3ee4e4
3ee5e5
3ee6e6
3ee7e7
3ee8e8
3ee9e9
3eeaea
3eebeb
3eecec
3eeded
3eeeee
3eefef
3ef0f0
3ef1f1
3ef2f2
3ef3f3
3ef4f4
3ef5f5
3ef6f6
3ef7f7
3ef8f8
3ef9f9
3efafa
3efbfb
3efcfc
3efdfd
3efefe
3effff
3f003f
3f013f
3f023f
3f033f
3f043f
3f053f
3f063f
3f073f
3f083f
3f093f
3f0a3f
3f0b3f
3f0c3f
3f0d3f
3f0e3f
3f0f3f
3f103f
3f113f
3f123f
3f133f
3f143f
3f153f
3f163f
3f173f
3f1840
3f1940
3f1a40
3f1b40
3f1c40
3f1d40
3f1e40
3f1f40
3f2040
3f2140
3f2240
3f2340
3f2440
3f2540
3f2640
3f2740
3f2840
3f2941
3f2a41
3f2b41
3f2c41
3f2d41
3f2e41
3f2f41
3f3042
3f3142
3f3242
3f3342
3f3442
3f3543
3f3643
3f3743
3f3844
3f3944
3f3a44
3f3b45
3f3c46
3f3d46
3f3e46
3f3f47
3f4048
3f4148
3f4249
3f4349
3f444a
3f454a
3f464b
3f474b
3f484c
3f494d
3f4a4e
3f4b4f
3f4c50
3f4d50
3f4e51
3f4f51
3f5052
3f5153
3f5254
3f5355
3f5456
3f5557
3f5658
3f5758
3f5859
3f595a
3f5a5b
3f5b5c
3f5c5d
3f5d5e
3f5e5f
3f5f60
3f6060
3f6161
3f6262
3f6363
3f6464
3f6565
3f6666
3f6767
3f6868
3f6969
3f6a6a
3f6b6b
3f6c6c
3f6d6d
3f6e6e
3f6f6f
3f7070
3f7171
3f7272
3f7373
3f7474
3f7575
3f7676
3f7777
3f7878
3f7979
3f7a7a
3f7b7b
3f7c7c
3f7d7d
3f7e7e
3f7f7f
3f803f
3f813f
3f823f
3f833f
3f843f
3f853f
3f863f
3f873f
3f883f
3f893f
3f8a3f
3f8b3f
3f8c3f
3f8d3f
3f8e3f
3f8f3f
3f903f
3f913f
3f923f
3f933f
3f943f
3f953f
3f963f
3f973f
3f983e
3f993e
3f9a3e
3f9b3e
3f9c3e
3f9d3e
3f9e3e
3f9f3e
3fa03e
3fa13e
3fa23e
3fa33e
3fa43e
3fa53d
3fa63d
3fa73d
3fa83d
3fa93d
3faa3c
3fab3c
3fac3c
3fad3c
3fae3c
3faf3b
3fb03b
3fb13a
3fb23a
3fb33a
3fb439
3fb538
3fb638
3fb737
3fb836
3fb934
3fba32
3fbb30
3fbc2c
3fbd28
3fbe20
3fbf00
3fc0a0
3fc1ac
3fc2b2
3fc3b6
3fc4b9
3fc5bb
3fc6bd
3fc7bf
3fc8c0
3fc9c2
3fcac4
3fcbc6
3fccc8
3fcdc9
3fceca
3fcfcb
3fd0cc
3fd1ce
3fd2d0
3fd3d1
3fd4d2
3fd5d3
3fd6d4
3fd7d5
3fd8d6
3fd9d8
3fdad9
3fdbda
3fdcdb
3fdddc
3fdedd
3fdfde
3fe0df
3fe1e1
3fe2e2
3fe3e3
3fe4e4
3fe5e5
3fe6e6
3fe7e7
3fe8e8
3fe9e9
3feaea
3febeb
3fecec
3feded
3feeee
3fefef
3ff0f0
3ff1f1
3ff2f2
3ff3f3
3ff4f4
3ff5f5
3ff6f6
3ff7f7
3ff8f8
3ff9f9
3ffafa
3ffbfb
3ffcfc
3ffdfd
3ffefe
3fffff
400040
400140
400240
400340
400440
400540
400640
400740
400840
400940
400a40
400b40
400c40
400d40
400e40
400f40
401040
401140
401240
401340
401440
401540
401640
401740
401840
401940
401a40
401b40
401c40
401d40
401e40
401f40
402040
402141
402241
402341
402441
402541
402641
402741
402841
402941
402a41
402b41
402c42
402d42
402e42
402f42
403042
403142
403242
403343
403443
403543
403644
403744
403844
403944
403a45
403b46
403c46
403d46
403e47
403f48
404048
404148
404249
40434a
40444a
40454a
40464b
40474c
40484c
40494d
404a4e
404b4f
404c50
404d50
404e51
404f52
405052
405153
405254
405355
405456
405557
405658
405758
405859
40595a
405a5b
405b5c
405c5d
405d5e
405e5f
405f60
406060
406162
406262
406364
406464
406566
406666
406768
406868
406969
406a6a
406b6b
406c6c
406d6d
406e6e
406f6f
407070
407171
407272
407373
407474
407575
407676
407777
407878
407979
407a7a
407b7b
407c7c
407d7d
407e7e
407f7f
408040
408140
408240
408340
408440
408540
408640
408740
408840
408940
408a40
408b40
408c40
408d40
408e40
408f40
409040
409140
409240
409340
409440
409540
409640
409740
409840
40993f
409a3f
409b3f
409c3f
409d3f
409e3f
409f3f
40a03f
40a13f
40a23f
40a33f
40a43e
40a53e
40a63e
40a73e
40a83e
40a93e
40aa3e
40ab3d
40ac3d
40ad3d
40ae3c
40af3c
40b03c
40b13c
40b23b
40b33a
40b43a
40b53a
40b639
40b738
40b838
40b936
40ba34
40bb32
40bc30
40bd2c
40be28
40bf20
40c000
40c1a8
40c2b0
40c3b4
40c4b8
40c5ba
40c6bc
40c7be
40c8c0
40c9c2
40cac4
40cbc6
40ccc8
40cdc9
40ceca
40cfcb
40d0cc
40d1ce
40d2d0
40d3d1
40d4d2
40d5d3
40d6d4
40d7d5
40d8d6
40d9d8
40dad9
40dbda
40dcdb
40dddc
40dedd
40dfde
40e0df
40e1e0
40e2e2
40e3e2
40e4e4
40e5e4
40e6e6
40e7e6
40e8e8
40e9e9
40eaea
40ebeb
40ecec
40eded
40eeee
40efef
40f0f0
40f1f1
40f2f2
40f3f3
40f4f4
40f5f5
40f6f6
40f7f7
40f8f8
40f9f9
40fafa
40fbfb
40fcfc
40fdfd
40fefe
40ffff
410041
410141
410241
410341
410441
410541
410641
410741
410841
410941
410a41
410b41
410c41
410d41
410e41
410f41
411041
411141
411241
411341
411441
411541
411641
411741
411841
411941
411a41
411b41
411c41
411d41
411e41
411f41
412042
412142
412242
412342
412442
412542
412642
412742
412842
412942
412a42
412b42
412c42
412d43
412e43
412f43
413043
413143
413244
413344
413444
413544
413644
413745
413845
413946
413a46
413b46
413c47
413d48
413e48
413f48
414048
414149
41424a
41434a
41444a
41454b
41464c
41474c
41484c
41494e
414a4e
414b50
414c50
414d51
414e51
414f52
415052
415153
415254
415355
415456
415557
415658
415759
415859
41595a
415a5b
415b5c
415c5d
415d5e
415e5f
415f60
416061
416162
416263
416364
416465
416566
416667
416768
416868
416969
416a6a
416b6b
416c6c
416d6d
416e6e
416f6f
417070
417171
417272
417373
417474
417575
417676
417777
417878
417979
417a7a
417b7b
417c7c
417d7d
417e7e
417f7f
418041
418141
418241
418341
418441
418541
418641
418741
418841
418941
418a41
418b41
418c41
418d41
418e41
418f41
419041
419141
419241
419341
419441
419541
419641
419741
419841
419941
419a41
419b41
419c41
419d41
419e41
419f41
41a040
41a140
41a240
41a340
41a440
41a540
41a640
41a740
41a840
41a940
41aa40
41ab3f
41ac3f
41ad3f
41ae3e
41af3e
41b03e
41b13e
41b23d
41b33c
41b43c
41b53c
41b63b
41b73a
41b83a
41b939
41ba38
41bb36
41bc34
41bd32
41be30
41bf2c
41c028
41c100
41c2a8
41c3b0
41c4b4
41c5b8
41c6ba
41c7bc
41c8be
41c9c1
41cac3
41cbc5
41ccc7
41cdc8
41ceca
41cfca
41d0cc
41d1ce
41d2d0
41d3d1
41d4d2
41d5d3
41d6d4
41d7d5
41d8d6
41d9d8
41dad9
41dbda
41dcdb
41dddc
41dedd
41dfde
41e0df
41e1e0
41e2e1
41e3e2
41e4e3
41e5e4
41e6e5
41e7e6
41e8e7
41e9e9
41eaea
41ebeb
41ecec
41eded
41eeee
41efef
41f0f0
41f1f1
41f2f2
41f3f3
41f4f4
41f5f5
41f6f6
41f7f7
41f8f8
41f9f9
41fafa
41fbfb
41fcfc
41fdfd
41fefe
41ffff
420042
420142
420242
420342
420442
420542
420642
420742
420842
420942
420a42
420b42
420c42
420d42
420e42
420f42
421042
421142
421242
421342
421442
421542
421642
421742
421842
421942
421a42
421b42
421c42
421d42
421e42
421f42
422042
422143
422243
422343
422443
422543
422643
422743
422843
422943
422a43
422b43
422c44
422d44
422e44
422f44
423044
423144
423244
423345
423445
423545
423646
423746
423846
423946
423a47
423b48
423c48
423d48
423e48
423f49
424049
42414a
42424a
42434a
42444b
42454c
42464c
42474c
42484d
42494e
424a4f
424b50
424c50
424d51
424e52
424f52
425052
425154
425254
425356
425456
425558
425658
425759
425859
42595a
425a5b
425b5c
425c5d
425d5e
425e5f
425f60
426061
426162
426263
426364
426465
426566
426667
426768
426868
426969
426a6a
426b6b
426c6c
426d6d
426e6e
426f6f
427070
427171
427272
427373
427474
427575
427676
427777
427878
427979
427a7a
427b7b
427c7c
427d7d
427e7e
427f7f
428042
428142
428242
428342
428442
428542
428642
428742
428842
428942
428a42
428b42
428c42
428d42
428e42
428f42
429042
429142
429242
429342
429442
429542
429642
429742
429842
429942
429a42
429b42
429c42
429d42
429e42
429f42
42a042
42a141
42a241
42a341
42a441
42a541
42a641
42a741
42a841
42a941
42aa41
42ab41
42ac40
42ad40
42ae40
42af40
42b040
42b140
42b23f
42b33e
42b43e
42b53e
42b63d
42b73c
42b83c
42b93b
42ba3a
42bb39
42bc38
42bd36
42be34
42bf32
42c030
42c128
42c200
42c3a8
42c4b0
42c5b4
42c6b8
42c7ba
42c8bc
42c9c0
42cac2
42cbc4
42ccc6
42cdc8
42cec9
42cfca
42d0cb
42d1cd
42d2cf
42d3d0
42d4d2
42d5d2
42d6d4
42d7d4
42d8d6
42d9d8
42dad9
42dbda
42dcdb
42dddc
42dedd
42dfde
42e0df
42e1e0
42e2e1
42e3e2
42e4e3
42e5e4
42e6e5
42e7e6
42e8e7
42e9e9
42eaea
42ebeb
42ecec
42eded
42eeee
42efef
42f0f0
42f1f1
42f2f2
42f3f3
42f4f4
42f5f5
42f6f6
42f7f7
42f8f8
42f9f9
42fafa
42fbfb
42fcfc
42fdfd
42fefe
42ffff
430043
430143
430243
430343
430443
430543
430643
430743
430843
430943
430a43
430b43
430c43
430d43
430e43
430f43
431043
431143
431243
431343
431443
431543
431643
431743
431843
431943
431a43
431b43
431c43
431d43
431e43
431f43
432044
432144
432244
432344
432444
432544
432644
432744
432844
432944
432a44
432b44
432c44
432d45
432e45
432f45
433045
433145
433246
433346
433446
433546
433646
433747
433847
433948
433a48
433b48
433c48
433d49
433e49
433f49
43404a
43414a
43424a
43434b
43444c
43454c
43464c
43474d
43484e
43494e
434a50
434b50
434c51
434d51
434e52
434f52
435053
435154
435255
435356
435457
435558
435658
435759
435859
43595a
435a5b
435b5c
435c5d
435d5e
435e5f
435f60
436061
436162
436263
436364
436465
436566
436667
436768
436868
436969
436a6a
436b6b
436c6c
436d6d
436e6e
436f6f
437070
437171
437272
437373
437474
437575
437676
437777
437878
437979
437a7a
437b7b
437c7c
437d7d
437e7e
437f7f
438043
438143
438243
438343
438443
438543
438643
438743
438843
438943
438a43
438b43
438c43
438d43
438e43
438f43
439043
439143
439243
439343
439443
439543
439643
439743
439843
439943
439a43
439b43
439c43
439d43
439e43
439f43
43a042
43a142
43a242
43a342
43a442
43a542
43a642
43a742
43a842
43a942
43aa42
43ab42
43ac42
43ad41
43ae41
43af41
43b041
43b141
43b240
43b340
43b440
43b540
43b63f
43b73e
43b83e
43b93d
43ba3c
43bb3b
43bc3a
43bd39
43be38
43bf36
43c034
43c130
43c228
43c300
43c4a8
43c5b0
43c6b4
43c7b8
43c8ba
43c9be
43cac1
43cbc3
43ccc5
43cdc7
43cec8
43cfca
43d0ca
43d1cc
43d2ce
43d3d0
43d4d1
43d5d2
43d6d3
43d7d4
43d8d5
43d9d7
43dad9
43dbda
43dcdb
43dddc
43dedd
43dfde
43e0df
43e1e0
43e2e1
43e3e2
43e4e3
43e5e4
43e6e5
43e7e6
43e8e7
43e9e9
43eaea
43ebeb
43ecec
43eded
43eeee
43efef
43f0f0
43f1f1
43f2f2
43f3f3
43f4f4
43f5f5
43f6f6
43f7f7
43f8f8
43f9f9
43fafa
43fbfb
43fcfc
43fdfd
43fefe
43ffff
440044
440144
440244
440344
440444
440544
440644
440744
440844
440944
440a44
440b44
440c44
440d44
440e44
440f44
441044
441144
441244
441344
441444
441544
441644
441744
441844
441944
441a44
441b44
441c44
441d44
441e44
441f44
442044
442145
442245
442345
442445
442545
442645
442745
442845
442945
442a45
442b45
442c46
442d46
442e46
442f46
443046
443146
443246
443347
443447
443547
443648
443748
443848
443948
443a48
443b49
443c49
443d49
443e4a
443f4a
44404a
44414a
44424b
44434c
44444c
44454c
44464d
44474e
44484e
44494f
444a50
444b50
444c51
444d52
444e52
444f52
445053
445154
445255
445356
445457
445558
445658
445759
44585a
44595a
445a5c
445b5c
445c5e
445d5e
445e60
445f60
446061
446162
446263
446364
446465
446566
446667
446768
446868
446969
446a6a
446b6b
446c6c
446d6d
446e6e
446f6f
447070
447171
447272
447373
447474
447575
447676
447777
447878
447979
447a7a
447b7b
447c7c
447d7d
447e7e
447f7f
448044
448144
448244
448344
448444
448544
448644
448744
448844
448944
448a44
448b44
448c44
448d44
448e44
448f44
449044
449144
449244
449344
449444
449544
449644
449744
449844
449944
449a44
449b44
449c44
449d44
449e44
449f44
44a044
44a143
44a243
44a343
44a443
44a543
44a643
44a743
44a843
44a943
44aa43
44ab43
44ac42
44ad42
44ae42
44af42
44b042
44b142
44b242
44b341
44b441
44b541
44b640
44b740
44b840
44b93f
44ba3e
44bb3d
44bc3c
44bd3b
44be3a
44bf39
44c038
44c134
44c230
44c328
44c400
44c5a8
44c6b0
44c7b4
44c8b8
44c9bc
44cac0
44cbc2
44ccc4
44cdc6
44cec8
44cfc9
44d0ca
44d1cc
44d2ce
44d3d0
44d4d1
44d5d2
44d6d3
44d7d4
44d8d5
44d9d7
44dad8
44dbda
44dcda
44dddc
44dedc
44dfde
44e0de
44e1e0
44e2e1
44e3e2
44e4e3
44e5e4
44e6e5
44e7e6
44e8e7
44e9e9
44eaea
44ebeb
44ecec
44eded
44eeee
44efef
44f0f0
44f1f1
44f2f2
44f3f3
44f4f4
44f5f5
44f6f6
44f7f7
44f8f8
44f9f9
44fafa
44fbfb
44fcfc
44fdfd
44fefe
44ffff
450045
450145
450245
450345
450445
450545
450645
450745
450845
450945
450a45
450b45
450c45
450d45
450e45
450f45
451045
451145
451245
451345
451445
451545
451645
451745
451845
451945
451a45
451b45
451c45
451d45
451e45
451f45
452046
452146
452246
452346
452446
452546
452646
452746
452846
452946
452a46
452b46
452c46
452d47
452e47
452f47
453047
453147
453248
453348
453448
453548
453648
453748
453848
453949
453a49
453b49
453c4a
453d4a
453e4a
453f4a
45404a
45414b
45424c
45434c
45444c
45454d
45464e
45474e
45484e
454950
454a50
454b51
454c51
454d52
454e52
454f53
455053
455154
455255
455356
455457
455558
455659
455759
45585a
45595b
455a5c
455b5d
455c5e
455d5f
455e60
455f60
456061
456162
456263
456364
456465
456566
456667
456768
456868
456969
456a6a
456b6b
456c6c
456d6d
456e6e
456f6f
457070
457171
457272
457373
457474
457575
457676
457777
457878
457979
457a7a
457b7b
457c7c
457d7d
457e7e
457f7f
458045
458145
458245
458345
458445
458545
458645
458745
458845
458945
458a45
458b45
458c45
458d45
458e45
458f45
459045
459145
459245
459345
459445
459545
459645
459745
459845
459945
459a45
459b45
459c45
459d45
459e45
459f45
45a044
45a144
45a244
45a344
45a444
45a544
45a644
45a744
45a844
45a944
45aa44
45ab44
45ac44
45ad43
45ae43
45af43
45b043
45b143
45b242
45b342
45b442
45b542
45b642
45b741
45b841
45b940
45ba40
45bb3f
45bc3e
45bd3d
45be3c
45bf3b
45c03a
45c138
45c234
45c330
45c428
45c500
45c6a8
45c7b0
45c8b4
45c9ba
45cabe
45cbc1
45ccc3
45cdc5
45cec7
45cfc8
45d0ca
45d1cc
45d2ce
45d3d0
45d4d1
45d5d2
45d6d3
45d7d4
45d8d5
45d9d7
45dad8
45dbd9
45dcda
45dddb
45dedc
45dfdd
45e0de
45e1e0
45e2e1
45e3e2
45e4e3
45e5e4
45e6e5
45e7e6
45e8e7
45e9e9
45eaea
45ebeb
45ecec
45eded
45eeee
45efef
45f0f0
45f1f1
45f2f2
45f3f3
45f4f4
45f5f5
45f6f6
45f7f7
45f8f8
45f9f9
45fafa
45fbfb
45fcfc
45fdfd
45fefe
45ffff
460046
460146
460246
460346
460446
460546
460646
460746
460846
460946
460a46
460b46
460c46
460d46
460e46
460f46
461046
461146
461246
461346
461446
461546
461646
461746
461846
461946
461a46
461b46
461c46
461d46
461e46
461f46
462046
462147
462247
462347
462447
462547
462647
462747
462847
462947
462a47
462b47
462c48
462d48
462e48
462f48
463048
463148
463248
463348
463448
463549
463649
463749
463849
463949
463a4a
463b4a
463c4a
463d4a
463e4a
463f4b
46404b
46414c
46424c
46434c
46444d
46454e
46464e
46474e
46484f
464950
464a50
464b51
464c52
464d52
464e52
464f53
465054
465154
465256
465356
465458
465558
465659
465759
46585a
46595b
465a5c
465b5d
465c5e
465d5f
465e60
465f60
466061
466162
466263
466364
466465
466566
466667
466768
466868
466969
466a6a
466b6b
466c6c
466d6d
466e6e
466f6f
467070
467171
467272
467373
467474
467575
467676
467777
467878
467979
467a7a
467b7b
467c7c
467d7d
467e7e
467f7f
468046
468146
468246
468346
468446
468546
468646
468746
468846
468946
468a46
468b46
468c46
468d46
468e46
468f46
469046
469146
469246
469346
469446
469546
469646
469746
469846
469946
469a46
469b46
469c46
469d46
469e46
469f46
46a046
46a145
46a245
46a345
46a445
46a545
46a645
46a745
46a845
46a945
46aa45
46ab45
46ac44
46ad44
46ae44
46af44
46b044
46b144
46b244
46b343
46b443
46b543
46b642
46b742
46b842
46b942
46ba41
46bb40
46bc40
46bd3f
46be3e
46bf3d
46c03c
46c13a
46c238
46c334
46c430
46c528
46c600
46c7a8
46c8b0
46c9b8
46cabc
46cbc0
46ccc2
46cdc4
46cec6
46cfc8
46d0c9
46d1cb
46d2cd
46d3cf
46d4d0
46d5d2
46d6d2
46d7d4
46d8d4
46d9d6
46dad8
46dbd9
46dcda
46dddb
46dedc
46dfdd
46e0de
46e1e0
46e2e1
46e3e2
46e4e3
46e5e4
46e6e5
46e7e6
46e8e7
46e9e9
46eaea
46ebeb
46ecec
46eded
46eeee
46efef
46f0f0
46f1f1
46f2f2
46f3f3
46f4f4
46f5f5
46f6f6
46f7f7
46f8f8
46f9f9
46fafa
46fbfb
46fcfc
46fdfd
46fefe
46ffff
470047
470147
470247
470347
470447
470547
470647
470747
470847
470947
470a47
470b47
470c47
470d47
470e47
470f47
471047
471147
471247
471347
471447
471547
471647
471747
471847
471947
471a47
471b47
471c47
471d47
471e47
471f47
472048
472148
472248
472348
472448
472548
472648
472748
472848
472948
472a48
472b48
472c48
472d48
472e48
472f48
473048
473149
473249
473349
473449
473549
473649
473749
47384a
47394a
473a4a
473b4a
473c4a
473d4b
473e4b
473f4b
47404c
47414c
47424c
47434d
47444e
47454e
47464e
47474f
474850
474950
474a51
474b51
474c52
474d52
474e53
474f53
475054
475155
475256
475357
475458
475558
475659
475759
47585a
47595b
475a5c
475b5d
475c5e
475d5f
475e60
475f60
476061
476162
476263
476364
476465
476566
476667
476768
476868
476969
476a6a
476b6b
476c6c
476d6d
476e6e
476f6f
477070
477171
477272
477373
477474
477575
477676
477777
477878
477979
477a7a
477b7b
477c7c
477d7d
477e7e
477f7f
478047
478147
478247
478347
478447
478547
478647
478747
478847
478947
478a47
478b47
478c47
478d47
478e47
478f47
479047
479147
479247
479347
479447
479547
479647
479747
479847
479947
479a47
479b47
479c47
479d47
479e47
479f47
47a046
47a146
47a246
47a346
47a446
47a546
47a646
47a746
47a846
47a946
47aa46
47ab46
47ac46
47ad45
47ae45
47af45
47b045
47b145
47b244
47b344
47b444
47b544
47b644
47b743
47b843
47b942
47ba42
47bb42
47bc41
47bd40
47be40
47bf3f
47c03e
47c13c
47c23a
47c338
47c434
47c530
47c628
47c700
47c8a8
47c9b4
47caba
47cbbe
47ccc1
47cdc3
47cec5
47cfc7
47d0c8
47d1ca
47d2cc
47d3ce
47d4d0
47d5d1
47d6d2
47d7d3
47d8d4
47d9d6
47dad8
47dbd9
47dcda
47dddb
47dedc
47dfdd
47e0de
47e1e0
47e2e1
47e3e2
47e4e3
47e5e4
47e6e5
47e7e6
47e8e7
47e9e9
47eaea
47ebeb
47ecec
47eded
47eeee
47efef
47f0f0
47f1f1
47f2f2
47f3f3
47f4f4
47f5f5
47f6f6
47f7f7
47f8f8
47f9f9
47fafa
47fbfb
47fcfc
47fdfd
47fefe
47ffff
480048
480148
480248
480348
480448
480548
480648
480748
480848
480948
480a48
480b48
480c48
480d48
480e48
480f48
481048
481148
481248
481348
481448
481548
481648
481748
481848
481948
481a48
481b48
481c48
481d48
481e48
481f48
482048
482148
482248
482348
482448
482548
482648
482748
482848
482949
482a49
482b49
482c49
482d49
482e49
482f49
483049
483149
483249
483349
48344a
48354a
48364a
48374a
48384a
48394a
483a4a
483b4b
483c4b
483d4b
483e4c
483f4c
48404c
48414c
48424d
48434e
48444e
48454e
48464f
484750
484850
484950
484a51
484b52
484c52
484d52
484e53
484f54
485054
485155
485256
485357
485458
485558
485659
48575a
48585a
48595b
485a5c
485b5d
485c5e
485d5f
485e60
485f60
486061
486162
486263
486364
486465
486566
486667
486768
486868
48696a
486a6a
486b6c
486c6c
486d6e
486e6e
486f70
487070
487171
487272
487373
487474
487575
487676
487777
487878
487979
487a7a
487b7b
487c7c
487d7d
487e7e
487f7f
488048
488148
488248
488348
488448
488548
488648
488748
488848
488948
488a48
488b48
488c48
488d48
488e48
488f48
489048
489148
489248
489348
489448
489548
489648
489748
489848
489948
489a48
489b48
489c48
489d48
489e48
489f48
48a048
48a147
48a247
48a347
48a447
48a547
48a647
48a747
48a847
48a947
48aa47
48ab47
48ac46
48ad46
48ae46
48af46
48b046
48b146
48b246
48b345
48b445
48b545
48b644
48b744
48b844
48b944
48ba43
48bb42
48bc42
48bd42
48be41
48bf40
48c040
48c13e
48c23c
48c33a
48c438
48c534
48c630
48c728
48c800
48c9b0
48cab8
48cbbc
48ccc0
48cdc2
48cec4
48cfc6
48d0c8
48d1ca
48d2cc
48d3ce
48d4d0
48d5d1
48d6d2
48d7d3
48d8d4
48d9d6
48dad8
48dbd9
48dcda
48dddb
48dedc
48dfdd
48e0de
48e1e0
48e2e1
48e3e2
48e4e3
48e5e4
48e6e5
48e7e6
48e8e7
48e9e8
48eaea
48ebea
48ecec
48edec
48eeee
48efee
48f0f0
48f1f1
48f2f2
48f3f3
48f4f4
48f5f5
48f6f6
48f7f7
48f8f8
48f9f9
48fafa
48fbfb
48fcfc
48fdfd
48fefe
48ffff
490049
490149
490249
490349
490449
490549
490649
490749
490849
490949
490a49
490b49
490c49
490d49
490e49
490f49
491049
491149
491249
491349
491449
491549
491649
491749
491849
491949
491a49
491b49
491c49
491d49
491e49
491f49
492049
492149
492249
492349
492449
492549
492649
492749
49284a
49294a
492a4a
492b4a
492c4a
492d4a
492e4a
492f4a
49304a
49314a
49324a
49334a
49344a
49354b
49364b
49374b
49384b
49394b
493a4c
493b4c
493c4c
493d4c
493e4c
493f4d
49404d
49414e
49424e
49434e
49444f
494550
494650
494750
494850
494951
494a52
494b52
494c52
494d53
494e54
494f54
495054
495156
495256
495358
495458
495559
495659
49575a
49585a
49595b
495a5c
495b5d
495c5e
495d5f
495e60
495f61
496061
496162
496263
496364
496465
496566
496667
496768
496869
49696a
496a6b
496b6c
496c6d
496d6e
496e6f
496f70
497070
497171
497272
497373
497474
497575
497676
497777
497878
497979
497a7a
497b7b
497c7c
497d7d
497e7e
497f7f
498049
498149
498249
498349
498449
498549
498649
498749
498849
498949
498a49
498b49
498c49
498d49
498e49
498f49
499049
499149
499249
499349
499449
499549
499649
499749
499849
499949
499a49
499b49
499c49
499d49
499e49
499f49
49a049
49a149
49a249
49a349
49a449
49a549
49a649
49a749
49a848
49a948
49aa48
49ab48
49ac48
49ad48
49ae48
49af48
49b048
49b148
49b248
49b347
49b447
49b547
49b646
49b746
49b846
49b946
49ba45
49bb44
49bc44
49bd44
49be43
49bf42
49c042
49c141
49c240
49c33e
49c43c
49c53a
49c638
49c734
49c830
49c900
49cab0
49cbb8
49ccbc
49cdc0
49cec2
49cfc4
49d0c6
49d1c9
49d2cb
49d3cd
49d4cf
49d5d0
49d6d2
49d7d2
49d8d4
49d9d6
49dad8
49dbd9
49dcda
49dddb
49dedc
49dfdd
49e0de
49e1e0
49e2e1
49e3e2
49e4e3
49e5e4
49e6e5
49e7e6
49e8e7
49e9e8
49eae9
49ebea
49eceb
49edec
49eeed
49efee
49f0ef
49f1f1
49f2f2
49f3f3
49f4f4
49f5f5
49f6f6
49f7f7
49f8f8
49f9f9
49fafa
49fbfb
49fcfc
49fdfd
49fefe
49ffff
4a004a
4a014a
4a024a
4a034a
4a044a
4a054a
4a064a
4a074a
4a084a
4a094a
4a0a4a
4a0b4a
4a0c4a
4a0d4a
4a0e4a
4a0f4a
4a104a
4a114a
4a124a
4a134a
4a144a
4a154a
4a164a
4a174a
4a184a
4a194a
4a1a4a
4a1b4a
4a1c4a
4a1d4a
4a1e4a
4a1f4a
4a204a
4a214a
4a224a
4a234a
4a244a
4a254a
4a264a
4a274a
4a284a
4a294b
4a2a4b
4a2b4b
4a2c4b
4a2d4b
4a2e4b
4a2f4b
4a304b
4a314b
4a324b
4a334b
4a344c
4a354c
4a364c
4a374c
4a384c
4a394c
4a3a4c
4a3b4d
4a3c4d
4a3d4d
4a3e4e
4a3f4e
4a404e
4a414e
4a424f
4a4350
4a4450
4a4550
4a4650
4a4751
4a4851
4a4952
4a4a52
4a4b52
4a4c53
4a4d54
4a4e54
4a4f54
4a5055
4a5156
4a5257
4a5358
4a5458
4a5559
4a565a
4a575a
4a585a
4a595c
4a5a5c
4a5b5e
4a5c5e
4a5d60
4a5e60
4a5f61
4a6061
4a6162
4a6263
4a6364
4a6465
4a6566
4a6667
4a6768
4a6869
4a696a
4a6a6b
4a6b6c
4a6c6d
4a6d6e
4a6e6f
4a6f70
4a7070
4a7171
4a7272
4a7373
4a7474
4a7575
4a7676
4a7777
4a7878
4a7979
4a7a7a
4a7b7b
4a7c7c
4a7d7d
4a7e7e
4a7f7f
4a804a
4a814a
4a824a
4a834a
4a844a
4a854a
4a864a
4a874a
4a884a
4a894a
4a8a4a
4a8b4a
4a8c4a
4a8d4a
4a8e4a
4a8f4a
4a904a
4a914a
4a924a
4a934a
4a944a
4a954a
4a964a
4a974a
4a984a
4a994a
4a9a4a
4a9b4a
4a9c4a
4a9d4a
4a9e4a
4a9f4a
4aa04a
4aa14a
4aa24a
4aa34a
4aa44a
4aa54a
4aa64a
4aa74a
4aa84a
4aa949
4aaa49
4aab49
4aac49
4aad49
4aae49
4aaf49
4ab049
4ab149
4ab249
4ab349
4ab448
4ab548
4ab648
4ab748
4ab848
4ab948
4aba47
4abb46
4abc46
4abd46
4abe45
4abf44
4ac044
4ac143
4ac242
4ac341
4ac440
4ac53e
4ac63c
4ac73a
4ac838
4ac930
4aca00
4acbb0
4accb8
4acdbc
4acec0
4acfc2
4ad0c4
4ad1c8
4ad2ca
4ad3cc
4ad4ce
4ad5d0
4ad6d1
4ad7d2
4ad8d3
4ad9d5
4adad7
4adbd8
4adcda
4addda
4adedc
4adfdc
4ae0de
4ae1e0
4ae2e1
4ae3e2
4ae4e3
4ae5e4
4ae6e5
4ae7e6
4ae8e7
4ae9e8
4aeae9
4aebea
4aeceb
4aedec
4aeeed
4aefee
4af0ef
4af1f1
4af2f2
4af3f3
4af4f4
4af5f5
4af6f6
4af7f7
4af8f8
4af9f9
4afafa
4afbfb
4afcfc
4afdfd
4afefe
4affff
4b004b
4b014b
4b024b
4b034b
4b044b
4b054b
4b064b
4b074b
4b084b
4b094b
4b0a4b
4b0b4b
4b0c4b
4b0d4b
4b0e4b
4b0f4b
4b104b
4b114b
4b124b
4b134b
4b144b
4b154b
4b164b
4b174b
4b184b
4b194b
4b1a4b
4b1b4b
4b1c4b
4b1d4b
4b1e4b
4b1f4b
4b204b
4b214b
4b224b
4b234b
4b244b
4b254b
4b264b
4b274b
4b284c
4b294c
4b2a4c
4b2b4c
4b2c4c
4b2d4c
4b2e4c
4b2f4c
4b304c
4b314c
4b324c
4b334c
4b344c
4b354d
4b364d
4b374d
4b384d
4b394d
4b3a4e
4b3b4e
4b3c4e
4b3d4e
4b3e4e
4b3f4f
4b404f
4b4150
4b4250
4b4350
4b4450
4b4551
4b4651
4b4751
4b4852
4b4952
4b4a52
4b4b53
4b4c54
4b4d54
4b4e54
4b4f55
4b5056
4b5156
4b5258
4b5358
4b5459
4b5559
4b565a
4b575a
4b585b
4b595c
4b5a5d
4b5b5e
4b5c5f
4b5d60
4b5e60
4b5f61
4b6061
4b6162
4b6263
4b6364
4b6465
4b6566
4b6667
4b6768
4b6869
4b696a
4b6a6b
4b6b6c
4b6c6d
4b6d6e
4b6e6f
4b6f70
4b7070
4b7171
4b7272
4b7373
4b7474
4b7575
4b7676
4b7777
4b7878
4b7979
4b7a7a
4b7b7b
4b7c7c
4b7d7d
4b7e7e
4b7f7f
4b804b
4b814b
4b824b
4b834b
4b844b
4b854b
4b864b
4b874b
4b884b
4b894b
4b8a4b
4b8b4b
4b8c4b
4b8d4b
4b8e4b
4b8f4b
4b904b
4b914b
4b924b
4b934b
4b944b
4b954b
4b964b
4b974b
4b984b
4b994b
4b9a4b
4b9b4b
4b9c4b
4b9d4b
4b9e4b
4b9f4b
4ba04b
4ba14b
4ba24b
4ba34b
4ba44b
4ba54b
4ba64b
4ba74b
4ba84a
4ba94a
4baa4a
4bab4a
4bac4a
4bad4a
4bae4a
4baf4a
4bb04a
4bb14a
4bb24a
4bb34a
4bb44a
4bb549
4bb649
4bb749
4bb849
4bb949
4bba48
4bbb48
4bbc48
4bbd48
4bbe47
4bbf46
4bc046
4bc145
4bc244
4bc343
4bc442
4bc541
4bc640
4bc73e
4bc83c
4bc938
4bca30
4bcb00
4bccb0
4bcdb8
4bcebc
4bcfc0
4bd0c2
4bd1c6
4bd2c9
4bd3cb
4bd4cd
4bd5cf
4bd6d0
4bd7d2
4bd8d2
4bd9d4
4bdad6
4bdbd8
4bdcd9
4bddda
4bdedb
4bdfdc
4be0dd
4be1df
4be2e1
4be3e2
4be4e3
4be5e4
4be6e5
4be7e6
4be8e7
4be9e8
4beae9
4bebea
4beceb
4bedec
4beeed
4befee
4bf0ef
4bf1f1
4bf2f2
4bf3f3
4bf4f4
4bf5f5
4bf6f6
4bf7f7
4bf8f8
4bf9f9
4bfafa
4bfbfb
4bfcfc
4bfdfd
4bfefe
4bffff
4c004c
4c014c
4c024c
4c034c
4c044c
4c054c
4c064c
4c074c
4c084c
4c094c
4c0a4c
4c0b4c
4c0c4c
4c0d4c
4c0e4c
4c0f4c
4c104c
4c114c
4c124c
4c134c
4c144c
4c154c
4c164c
4c174c
4c184c
4c194c
4c1a4c
4c1b4c
4c1c4c
4c1d4c
4c1e4c
4c1f4c
4c204c
4c214c
4c224c
4c234c
4c244c
4c254c
4c264c
4c274c
4c284c
4c294d
4c2a4d
4c2b4d
4c2c4d
4c2d4d
4c2e4d
4c2f4d
4c304d
4c314d
4c324d
4c334d
4c344e
4c354e
4c364e
4c374e
4c384e
4c394e
4c3a4e
4c3b4f
4c3c4f
4c3d4f
4c3e50
4c3f50
4c4050
4c4150
4c4250
4c4351
4c4451
4c4551
4c4652
4c4752
4c4852
4c4952
4c4a53
4c4b54
4c4c54
4c4d54
4c4e55
4c4f56
4c5056
4c5157
4c5258
4c5358
4c5459
4c555a
4c565a
4c575a
4c585b
4c595c
4c5a5d
4c5b5e
4c5c5f
4c5d60
4c5e60
4c5f61
4c6062
4c6162
4c6264
4c6364
4c6466
4c6566
4c6668
4c6768
4c6869
4c696a
4c6a6b
4c6b6c
4c6c6d
4c6d6e
4c6e6f
4c6f70
4c7070
4c7171
4c7272
4c7373
4c7474
4c7575
4c7676
4c7777
4c7878
4c7979
4c7a7a
4c7b7b
4c7c7c
4c7d7d
4c7e7e
4c7f7f
4c804c
4c814c
4c824c
4c834c
4c844c
4c854c
4c864c
4c874c
4c884c
4c894c
4c8a4c
4c8b4c
4c8c4c
4c8d4c
4c8e4c
4c8f4c
4c904c
4c914c
4c924c
4c934c
4c944c
4c954c
4c964c
4c974c
4c984c
4c994c
4c9a4c
4c9b4c
4c9c4c
4c9d4c
4c9e4c
4c9f4c
4ca04c
4ca14c
4ca24c
4ca34c
4ca44c
4ca54c
4ca64c
4ca74c
4ca84c
4ca94b
4caa4b
4cab4b
4cac4b
4cad4b
4cae4b
4caf4b
4cb04b
4cb14b
4cb24b
4cb34b
4cb44a
4cb54a
4cb64a
4cb74a
4cb84a
4cb94a
4cba4a
4cbb49
4cbc49
4cbd49
4cbe48
4cbf48
4cc048
4cc147
4cc246
4cc345
4cc444
4cc543
4cc642
4cc741
4cc840
4cc93c
4cca38
4ccb30
4ccc00
4ccdb0
4cceb8
4ccfbc
4cd0c0
4cd1c4
4cd2c8
4cd3ca
4cd4cc
4cd5ce
4cd6d0
4cd7d1
4cd8d2
4cd9d4
4cdad6
4cdbd8
4cdcd9
4cddda
4cdedb
4cdfdc
4ce0dd
4ce1df
4ce2e0
4ce3e2
4ce4e2
4ce5e4
4ce6e4
4ce7e6
4ce8e6
4ce9e8
4ceae9
4cebea
4ceceb
4cedec
4ceeed
4cefee
4cf0ef
4cf1f1
4cf2f2
4cf3f3
4cf4f4
4cf5f5
4cf6f6
4cf7f7
4cf8f8
4cf9f9
4cfafa
4cfbfb
4cfcfc
4cfdfd
4cfefe
4cffff
4d004d
4d014d
4d024d
4d034d
4d044d
4d054d
4d064d
4d074d
4d084d
4d094d
4d0a4d
4d0b4d
4d0c4d
4d0d4d
4d0e4d
4d0f4d
4d104d
4d114d
4d124d
4d134d
4d144d
4d154d
4d164d
4d174d
4d184d
4d194d
4d1a4d
4d1b4d
4d1c4d
4d1d4d
4d1e4d
4d1f4d
4d204d
4d214d
4d224d
4d234d
4d244d
4d254d
4d264d
4d274d
4d284e
4d294e
4d2a4e
4d2b4e
4d2c4e
4d2d4e
4d2e4e
4d2f4e
4d304e
4d314e
4d324e
4d334e
4d344e
4d354f
4d364f
4d374f
4d384f
4d394f
4d3a50
4d3b50
4d3c50
4d3d50
4d3e50
4d3f50
4d4050
4d4151
4d4251
4d4351
4d4452
4d4552
4d4652
4d4752
4d4852
4d4953
4d4a54
4d4b54
4d4c54
4d4d55
4d4e56
4d4f56
4d5056
4d5158
4d5258
4d5359
4d5459
4d555a
4d565a
4d575b
4d585b
4d595c
4d5a5d
4d5b5e
4d5c5f
4d5d60
4d5e61
4d5f61
4d6062
4d6163
4d6264
4d6365
4d6466
4d6567
4d6668
4d6768
4d6869
4d696a
4d6a6b
4d6b6c
4d6c6d
4d6d6e
4d6e6f
4d6f70
4d7070
4d7171
4d7272
4d7373
4d7474
4d7575
4d7676
4d7777
4d7878
4d7979
4d7a7a
4d7b7b
4d7c7c
4d7d7d
4d7e7e
4d7f7f
4d804d
4d814d
4d824d
4d834d
4d844d
4d854d
4d864d
4d874d
4d884d
4d894d
4d8a4d
4d8b4d
4d8c4d
4d8d4d
4d8e4d
4d8f4d
4d904d
4d914d
4d924d
4d934d
4d944d
4d954d
4d964d
4d974d
4d984d
4d994d
4d9a4d
4d9b4d
4d9c4d
4d9d4d
4d9e4d
4d9f4d
4da04d
4da14d
4da24d
4da34d
4da44d
4da54d
4da64d
4da74d
4da84c
4da94c
4daa4c
4dab4c
4dac4c
4dad4c
4dae4c
4daf4c
4db04c
4db14c
4db24c
4db34c
4db44c
4db54b
4db64b
4db74b
4db84b
4db94b
4dba4a
4dbb4a
4dbc4a
4dbd4a
4dbe4a
4dbf49
4dc049
4dc148
4dc248
4dc347
4dc446
4dc545
4dc644
4dc743
4dc842
4dc940
4dca3c
4dcb38
4dcc30
4dcd00
4dceb0
4dcfb8
4dd0bc
4dd1c2
4dd2c6
4dd3c9
4dd4cb
4dd5cd
4dd6cf
4dd7d0
4dd8d2
4dd9d4
4ddad6
4ddbd8
4ddcd9
4dddda
4ddedb
4ddfdc
4de0dd
4de1df
4de2e0
4de3e1
4de4e2
4de5e3
4de6e4
4de7e5
4de8e6
4de9e8
4deae9
4debea
4deceb
4dedec
4deeed
4defee
4df0ef
4df1f1
4df2f2
4df3f3
4df4f4
4df5f5
4df6f6
4df7f7
4df8f8
4df9f9
4dfafa
4dfbfb
4dfcfc
4dfdfd
4dfefe
4dffff
4e004e
4e014e
4e024e
4e034e
4e044e
4e054e
4e064e
4e074e
4e084e
4e094e
4e0a4e
4e0b4e
4e0c4e
4e0d4e
4e0e4e
4e0f4e
4e104e
4e114e
4e124e
4e134e
4e144e
4e154e
4e164e
4e174e
4e184e
4e194e
4e1a4e
4e1b4e
4e1c4e
4e1d4e
4e1e4e
4e1f4e
4e204e
4e214e
4e224e
4e234e
4e244e
4e254e
4e264e
4e274e
4e284e
4e294f
4e2a4f
4e2b4f
4e2c4f
4e2d4f
4e2e4f
4e2f4f
4e304f
4e314f
4e324f
4e334f
4e3450
4e3550
4e3650
4e3750
4e3850
4e3950
4e3a50
4e3b50
4e3c50
4e3d51
4e3e51
4e3f51
4e4051
4e4151
4e4252
4e4352
4e4452
4e4552
4e4652
4e4753
4e4853
4e4954
4e4a54
4e4b54
4e4c55
4e4d56
4e4e56
4e4f56
4e5057
4e5158
4e5258
4e5359
4e545a
4e555a
4e565a
4e575b
4e585c
4e595c
4e5a5e
4e5b5e
4e5c60
4e5d60
4e5e61
4e5f61
4e6062
4e6163
4e6264
4e6365
4e6466
4e6567
4e6668
4e6768
4e6869
4e696a
4e6a6b
4e6b6c
4e6c6d
4e6d6e
4e6e6f
4e6f70
4e7070
4e7171
4e7272
4e7373
4e7474
4e7575
4e7676
4e7777
4e7878
4e7979
4e7a7a
4e7b7b
4e7c7c
4e7d7d
4e7e7e
4e7f7f
4e804e
4e814e
4e824e
4e834e
4e844e
4e854e
4e864e
4e874e
4e884e
4e894e
4e8a4e
4e8b4e
4e8c4e
4e8d4e
4e8e4e
4e8f4e
4e904e
4e914e
4e924e
4e934e
4e944e
4e954e
4e964e
4e974e
4e984e
4e994e
4e9a4e
4e9b4e
4e9c4e
4e9d4e
4e9e4e
4e9f4e
4ea04e
4ea14e
4ea24e
4ea34e
4ea44e
4ea54e
4ea64e
4ea74e
4ea84e
4ea94d
4eaa4d
4eab4d
4eac4d
4ead4d
4eae4d
4eaf4d
4eb04d
4eb14d
4eb24d
4eb34d
4eb44c
4eb54c
4eb64c
4eb74c
4eb84c
4eb94c
4eba4c
4ebb4b
4ebc4b
4ebd4b
4ebe4a
4ebf4a
4ec04a
4ec14a
4ec249
4ec348
4ec448
4ec547
4ec646
4ec745
4ec844
4ec942
4eca40
4ecb3c
4ecc38
4ecd30
4ece00
4ecfb0
4ed0b8
4ed1c0
4ed2c4
4ed3c8
4ed4ca
4ed5cc
4ed6ce
4ed7d0
4ed8d1
4ed9d3
4edad5
4edbd7
4edcd8
4eddda
4ededa
4edfdc
4ee0dc
4ee1de
4ee2e0
4ee3e1
4ee4e2
4ee5e3
4ee6e4
4ee7e5
4ee8e6
4ee9e8
4eeae9
4eebea
4eeceb
4eedec
4eeeed
4eefee
4ef0ef
4ef1f1
4ef2f2
4ef3f3
4ef4f4
4ef5f5
4ef6f6
4ef7f7
4ef8f8
4ef9f9
4efafa
4efbfb
4efcfc
4efdfd
4efefe
4effff
4f004f
4f014f
4f024f
4f034f
4f044f
4f054f
4f064f
4f074f
4f084f
4f094f
4f0a4f
4f0b4f
4f0c4f
4f0d4f
4f0e4f
4f0f4f
4f104f
4f114f
4f124f
4f134f
4f144f
4f154f
4f164f
4f174f
4f184f
4f194f
4f1a4f
4f1b4f
4f1c4f
4f1d4f
4f1e4f
4f1f4f
4f204f
4f214f
4f224f
4f234f
4f244f
4f254f
4f264f
4f274f
4f2850
4f2950
4f2a50
4f2b50
4f2c50
4f2d50
4f2e50
4f2f50
4f3050
4f3150
4f3250
4f3350
4f3450
4f3550
4f3650
4f3750
4f3850
4f3951
4f3a51
4f3b51
4f3c51
4f3d51
4f3e51
4f3f51
4f4052
4f4152
4f4252
4f4352
4f4452
4f4553
4f4653
4f4753
4f4854
4f4954
4f4a54
4f4b55
4f4c56
4f4d56
4f4e56
4f4f57
4f5058
4f5158
4f5259
4f5359
4f545a
4f555a
4f565b
4f575b
4f585c
4f595d
4f5a5e
4f5b5f
4f5c60
4f5d60
4f5e61
4f5f61
4f6062
4f6163
4f6264
4f6365
4f6466
4f6567
4f6668
4f6768
4f6869
4f696a
4f6a6b
4f6b6c
4f6c6d
4f6d6e
4f6e6f
4f6f70
4f7070
4f7171
4f7272
4f7373
4f7474
4f7575
4f7676
4f7777
4f7878
4f7979
4f7a7a
4f7b7b
4f7c7c
4f7d7d
4f7e7e
4f7f7f
4f804f
4f814f
4f824f
4f834f
4f844f
4f854f
4f864f
4f874f
4f884f
4f894f
4f8a4f
4f8b4f
4f8c4f
4f8d4f
4f8e4f
4f8f4f
4f904f
4f914f
4f924f
4f934f
4f944f
4f954f
4f964f
4f974f
4f984f
4f994f
4f9a4f
4f9b4f
4f9c4f
4f9d4f
4f9e4f
4f9f4f
4fa04f
4fa14f
4fa24f
4fa34f
4fa44f
4fa54f
4fa64f
4fa74f
4fa84e
4fa94e
4faa4e
4fab4e
4fac4e
4fad4e
4fae4e
4faf4e
4fb04e
4fb14e
4fb24e
4fb34e
4fb44e
4fb54d
4fb64d
4fb74d
4fb84d
4fb94d
4fba4c
4fbb4c
4fbc4c
4fbd4c
4fbe4c
4fbf4b
4fc04b
4fc14a
4fc24a
4fc34a
4fc449
4fc548
4fc648
4fc747
4fc846
4fc944
4fca42
4fcb40
4fcc3c
4fcd38
4fce30
4fcf00
4fd0b0
4fd1bc
4fd2c2
4fd3c6
4fd4c9
4fd5cb
4fd6cd
4fd7cf
4fd8d0
4fd9d2
4fdad4
4fdbd6
4fdcd8
4fddd9
4fdeda
4fdfdb
4fe0dc
4fe1de
4fe2e0
4fe3e1
4fe4e2
4fe5e3
4fe6e4
4fe7e5
4fe8e6
4fe9e8
4feae9
4febea
4feceb
4fedec
4feeed
4fefee
4ff0ef
4ff1f1
4ff2f2
4ff3f3
4ff4f4
4ff5f5
4ff6f6
4ff7f7
4ff8f8
4ff9f9
4ffafa
4ffbfb
4ffcfc
4ffdfd
4ffefe
4fffff
500050
500150
500250
500350
500450
500550
500650
500750
500850
500950
500a50
500b50
500c50
500d50
500e50
500f50
501050
501150
501250
501350
501450
501550
501650
501750
501850
501950
501a50
501b50
501c50
501d50
501e50
501f50
502050
502150
502250
502350
502450
502550
502650
502750
502850
502950
502a50
502b50
502c50
502d50
502e50
502f50
503050
503151
503251
503351
503451
503551
503651
503751
503851
503951
503a51
503b51
503c52
503d52
503e52
503f52
504052
504152
504252
504353
504453
504553
504654
504754
504854
504954
504a55
504b56
504c56
504d56
504e57
504f58
505058
505158
505259
50535a
50545a
50555a
50565b
50575c
50585c
50595d
505a5e
505b5f
505c60
505d60
505e61
505f62
506062
506163
506264
506365
506466
506567
506668
506768
506869
50696a
506a6b
506b6c
506c6d
506d6e
506e6f
506f70
507070
507172
507272
507374
507474
507576
507676
507778
507878
507979
507a7a
507b7b
507c7c
507d7d
507e7e
507f7f
508050
508150
508250
508350
508450
508550
508650
508750
508850
508950
508a50
508b50
508c50
508d50
508e50
508f50
509050
509150
509250
509350
509450
509550
509650
509750
509850
509950
509a50
509b50
509c50
509d50
509e50
509f50
50a050
50a150
50a250
50a350
50a450
50a550
50a650
50a750
50a850
50a94f
50aa4f
50ab4f
50ac4f
50ad4f
50ae4f
50af4f
50b04f
50b14f
50b24f
50b34f
50b44e
50b54e
50b64e
50b74e
50b84e
50b94e
50ba4e
50bb4d
50bc4d
50bd4d
50be4c
50bf4c
50c04c
50c14c
50c24b
50c34a
50c44a
50c54a
50c649
50c748
50c848
50c946
50ca44
50cb42
50cc40
50cd3c
50ce38
50cf30
50d000
50d1b8
50d2c0
50d3c4
50d4c8
50d5ca
50d6cc
50d7ce
50d8d0
50d9d2
50dad4
50dbd6
50dcd8
50ddd9
50deda
50dfdb
50e0dc
50e1de
50e2e0
50e3e1
50e4e2
50e5e3
50e6e4
50e7e5
50e8e6
50e9e8
50eae9
50ebea
50eceb
50edec
50eeed
50efee
50f0ef
50f1f0
50f2f2
50f3f2
50f4f4
50f5f4
50f6f6
50f7f6
50f8f8
50f9f9
50fafa
50fbfb
50fcfc
50fdfd
50fefe
50ffff
510051
510151
510251
510351
510451
510551
510651
510751
510851
510951
510a51
510b51
510c51
510d51
510e51
510f51
511051
511151
511251
511351
511451
511551
511651
511751
511851
511951
511a51
511b51
511c51
511d51
511e51
511f51
512051
512151
512251
512351
512451
512551
512651
512751
512851
512951
512a51
512b51
512c51
512d51
512e51
512f51
513052
513152
513252
513352
513452
513552
513652
513752
513852
513952
513a52
513b52
513c52
513d53
513e53
513f53
514053
514153
514254
514354
514454
514554
514654
514755
514855
514956
514a56
514b56
514c57
514d58
514e58
514f58
515058
515159
51525a
51535a
51545a
51555b
51565c
51575c
51585c
51595e
515a5e
515b60
515c60
515d61
515e61
515f62
516062
516163
516264
516365
516466
516567
516668
516769
516869
51696a
516a6b
516b6c
516c6d
516d6e
516e6f
516f70
517071
517172
517273
517374
517475
517576
517677
517778
517878
517979
517a7a
517b7b
517c7c
517d7d
517e7e
517f7f
518051
518151
518251
518351
518451
518551
518651
518751
518851
518951
518a51
518b51
518c51
518d51
518e51
518f51
519051
519151
519251
519351
519451
519551
519651
519751
519851
519951
519a51
519b51
519c51
519d51
519e51
519f51
51a051
51a151
51a251
51a351
51a451
51a551
51a651
51a751
51a851
51a951
51aa51
51ab51
51ac51
51ad51
51ae51
51af51
51b050
51b150
51b250
51b350
51b450
51b550
51b650
51b750
51b850
51b950
51ba50
51bb4f
51bc4f
51bd4f
51be4e
51bf4e
51c04e
51c14e
51c24d
51c34c
51c44c
51c54c
51c64b
51c74a
51c84a
51c949
51ca48
51cb46
51cc44
51cd42
51ce40
51cf3c
51d038
51d100
51d2b8
51d3c0
51d4c4
51d5c8
51d6ca
51d7cc
51d8ce
51d9d1
51dad3
51dbd5
51dcd7
51ddd8
51deda
51dfda
51e0dc
51e1de
51e2e0
51e3e1
51e4e2
51e5e3
51e6e4
51e7e5
51e8e6
51e9e8
51eae9
51ebea
51eceb
51edec
51eeed
51efee
51f0ef
51f1f0
51f2f1
51f3f2
51f4f3
51f5f4
51f6f5
51f7f6
51f8f7
51f9f9
51fafa
51fbfb
51fcfc
51fdfd
51fefe
51ffff
520052
520152
520252
520352
520452
520552
520652
520752
520852
520952
520a52
520b52
520c52
520d52
520e52
520f52
521052
521152
521252
521352
521452
521552
521652
521752
521852
521952
521a52
521b52
521c52
521d52
521e52
521f52
522052
522152
522252
522352
522452
522552
522652
522752
522852
522952
522a52
522b52
522c52
522d52
522e52
522f52
523052
523153
523253
523353
523453
523553
523653
523753
523853
523953
523a53
523b53
523c54
523d54
523e54
523f54
524054
524154
524254
524355
524455
524555
524656
524756
524856
524956
524a57
524b58
524c58
524d58
524e58
524f59
525059
52515a
52525a
52535a
52545b
52555c
52565c
52575c
52585d
52595e
525a5f
525b60
525c60
525d61
525e62
525f62
526062
526164
526264
526366
526466
526568
526668
526769
526869
52696a
526a6b
526b6c
526c6d
526d6e
526e6f
526f70
527071
527172
527273
527374
527475
527576
527677
527778
527878
527979
527a7a
527b7b
527c7c
527d7d
527e7e
527f7f
528052
528152
528252
528352
528452
528552
528652
528752
528852
528952
528a52
528b52
528c52
528d52
528e52
528f52
529052
529152
529252
529352
529452
529552
529652
529752
529852
529952
529a52
529b52
529c52
529d52
529e52
529f52
52a052
52a152
52a252
52a352
52a452
52a552
52a652
52a752
52a852
52a952
52aa52
52ab52
52ac52
52ad52
52ae52
52af52
52b052
52b151
52b251
52b351
52b451
52b551
52b651
52b751
52b851
52b951
52ba51
52bb51
52bc50
52bd50
52be50
52bf50
52c050
52c150
52c24f
52c34e
52c44e
52c54e
52c64d
52c74c
52c84c
52c94b
52ca4a
52cb49
52cc48
52cd46
52ce44
52cf42
52d040
52d138
52d200
52d3b8
52d4c0
52d5c4
52d6c8
52d7ca
52d8cc
52d9d0
52dad2
52dbd4
52dcd6
52ddd8
52ded9
52dfda
52e0db
52e1dd
52e2df
52e3e0
52e4e2
52e5e2
52e6e4
52e7e4
52e8e6
52e9e8
52eae9
52ebea
52eceb
52edec
52eeed
52efee
52f0ef
52f1f0
52f2f1
52f3f2
52f4f3
52f5f4
52f6f5
52f7f6
52f8f7
52f9f9
52fafa
52fbfb
52fcfc
52fdfd
52fefe
52ffff
530053
530153
530253
530353
530453
530553
530653
530753
530853
530953
530a53
530b53
530c53
530d53
530e53
530f53
531053
531153
531253
531353
531453
531553
531653
531753
531853
531953
531a53
531b53
531c53
531d53
531e53
531f53
532053
532153
532253
532353
532453
532553
532653
532753
532853
532953
532a53
532b53
532c53
532d53
532e53
532f53
533054
533154
533254
533354
533454
533554
533654
533754
533854
533954
533a54
533b54
533c54
533d55
533e55
533f55
534055
534155
534256
534356
534456
534556
534656
534757
534857
534958
534a58
534b58
534c58
534d59
534e59
534f59
53505a
53515a
53525a
53535b
53545c
53555c
53565c
53575d
53585e
53595e
535a60
535b60
535c61
535d61
535e62
535f62
536063
536164
536265
536366
536467
536568
536668
536769
536869
53696a
536a6b
536b6c
536c6d
536d6e
536e6f
536f70
537071
537172
537273
537374
537475
537576
537677
537778
537878
537979
537a7a
537b7b
537c7c
537d7d
537e7e
537f7f
538053
538153
538253
538353
538453
538553
538653
538753
538853
538953
538a53
538b53
538c53
538d53
538e53
538f53
539053
539153
539253
539353
539453
539553
539653
539753
539853
539953
539a53
539b53
539c53
539d53
539e53
539f53
53a053
53a153
53a253
53a353
53a453
53a553
53a653
53a753
53a853
53a953
53aa53
53ab53
53ac53
53ad53
53ae53
53af53
53b052
53b152
53b252
53b352
53b452
53b552
53b652
53b752
53b852
53b952
53ba52
53bb52
53bc52
53bd51
53be51
53bf51
53c051
53c151
53c250
53c350
53c450
53c550
53c64f
53c74e
53c84e
53c94d
53ca4c
53cb4b
53cc4a
53cd49
53ce48
53cf46
53d044
53d140
53d238
53d300
53d4b8
53d5c0
53d6c4
53d7c8
53d8ca
53d9ce
53dad1
53dbd3
53dcd5
53ddd7
53ded8
53dfda
53e0da
53e1dc
53e2de
53e3e0
53e4e1
53e5e2
53e6e3
53e7e4
53e8e5
53e9e7
53eae9
53ebea
53eceb
53edec
53eeed
53efee
53f0ef
53f1f0
53f2f1
53f3f2
53f4f3
53f5f4
53f6f5
53f7f6
53f8f7
53f9f9
53fafa
53fbfb
53fcfc
53fdfd
53fefe
53ffff
540054
540154
540254
540354
540454
540554
540654
540754
540854
540954
540a54
540b54
540c54
540d54
540e54
540f54
541054
541154
541254
541354
541454
541554
541654
541754
541854
541954
541a54
541b54
541c54
541d54
541e54
541f54
542054
542154
542254
542354
542454
542554
542654
542754
542854
542954
542a54
542b54
542c54
542d54
542e54
542f54
543054
543155
543255
543355
543455
543555
543655
543755
543855
543955
543a55
543b55
543c56
543d56
543e56
543f56
544056
544156
544256
544357
544457
544557
544658
544758
544858
544958
544a58
544b59
544c59
544d59
544e5a
544f5a
54505a
54515a
54525b
54535c
54545c
54555c
54565d
54575e
54585e
54595f
545a60
545b60
545c61
545d62
545e62
545f62
546063
546164
546265
546366
546467
546568
546668
546769
54686a
54696a
546a6c
546b6c
546c6e
546d6e
546e70
546f70
547071
547172
547273
547374
547475
547576
547677
547778
547878
547979
547a7a
547b7b
547c7c
547d7d
547e7e
547f7f
548054
548154
548254
548354
548454
548554
548654
548754
548854
548954
548a54
548b54
548c54
548d54
548e54
548f54
549054
549154
549254
549354
549454
549554
549654
549754
549854
549954
549a54
549b54
549c54
549d54
549e54
549f54
54a054
54a154
54a254
54a354
54a454
54a554
54a654
54a754
54a854
54a954
54aa54
54ab54
54ac54
54ad54
54ae54
54af54
54b054
54b153
54b253
54b353
54b453
54b553
54b653
54b753
54b853
54b953
54ba53
54bb53
54bc52
54bd52
54be52
54bf52
54c052
54c152
54c252
54c351
54c451
54c551
54c650
54c750
54c850
54c94f
54ca4e
54cb4d
54cc4c
54cd4b
54ce4a
54cf49
54d048
54d144
54d240
54d338
54d400
54d5b8
54d6c0
54d7c4
54d8c8
54d9cc
54dad0
54dbd2
54dcd4
54ddd6
54ded8
54dfd9
54e0da
54e1dc
54e2de
54e3e0
54e4e1
54e5e2
54e6e3
54e7e4
54e8e5
54e9e7
54eae8
54ebea
54ecea
54edec
54eeec
54efee
54f0ee
54f1f0
54f2f1
54f3f2
54f4f3
54f5f4
54f6f5
54f7f6
54f8f7
54f9f9
54fafa
54fbfb
54fcfc
54fdfd
54fefe
54ffff
550055
550155
550255
550355
550455
550555
550655
550755
550855
550955
550a55
550b55
550c55
550d55
550e55
550f55
551055
551155
551255
551355
551455
551555
551655
551755
551855
551955
551a55
551b55
551c55
551d55
551e55
551f55
552055
552155
552255
552355
552455
552555
552655
552755
552855
552955
552a55
552b55
552c55
552d55
552e55
552f55
553056
553156
553256
553356
553456
553556
553656
553756
553856
553956
553a56
553b56
553c56
553d57
553e57
553f57
554057
554157
554258
554358
554458
554558
554658
554758
554858
554959
554a59
554b59
554c5a
554d5a
554e5a
554f5a
55505a
55515b
55525c
55535c
55545c
55555d
55565e
55575e
55585e
555960
555a60
555b61
555c61
555d62
555e62
555f63
556063
556164
556265
556366
556467
556568
556669
556769
55686a
55696b
556a6c
556b6d
556c6e
556d6f
556e70
556f70
557071
557172
557273
557374
557475
557576
557677
557778
557878
557979
557a7a
557b7b
557c7c
557d7d
557e7e
557f7f
558055
558155
558255
558355
558455
558555
558655
558755
558855
558955
558a55
558b55
558c55
558d55
558e55
558f55
559055
559155
559255
559355
559455
559555
559655
559755
559855
559955
559a55
559b55
559c55
559d55
559e55
559f55
55a055
55a155
55a255
55a355
55a455
55a555
55a655
55a755
55a855
55a955
55aa55
55ab55
55ac55
55ad55
55ae55
55af55
55b054
55b154
55b254
55b354
55b454
55b554
55b654
55b754
55b854
55b954
55ba54
55bb54
55bc54
55bd53
55be53
55bf53
55c053
55c153
55c252
55c352
55c452
55c552
55c652
55c751
55c851
55c950
55ca50
55cb4f
55cc4e
55cd4d
55ce4c
55cf4b
55d04a
55d148
55d244
55d340
55d438
55d500
55d6b8
55d7c0
55d8c4
55d9ca
55dace
55dbd1
55dcd3
55ddd5
55ded7
55dfd8
55e0da
55e1dc
55e2de
55e3e0
55e4e1
55e5e2
55e6e3
55e7e4
55e8e5
55e9e7
55eae8
55ebe9
55ecea
55edeb
55eeec
55efed
55f0ee
55f1f0
55f2f1
55f3f2
55f4f3
55f5f4
55f6f5
55f7f6
55f8f7
55f9f9
55fafa
55fbfb
55fcfc
55fdfd
55fefe
55ffff
560056
560156
560256
560356
560456
560556
560656
560756
560856
560956
560a56
560b56
560c56
560d56
560e56
560f56
561056
561156
561256
561356
561456
561556
561656
561756
561856
561956
561a56
561b56
561c56
561d56
561e56
561f56
562056
562156
562256
562356
562456
562556
562656
562756
562856
562956
562a56
562b56
562c56
562d56
562e56
562f56
563056
563157
563257
563357
563457
563557
563657
563757
563857
563957
563a57
563b57
563c58
563d58
563e58
563f58
564058
564158
564258
564358
564458
564559
564659
564759
564859
564959
564a5a
564b5a
564c5a
564d5a
564e5a
564f5b
56505b
56515c
56525c
56535c
56545d
56555e
56565e
56575e
56585f
565960
565a60
565b61
565c62
565d62
565e62
565f63
566064
566164
566266
566366
566468
566568
566669
566769
56686a
56696b
566a6c
566b6d
566c6e
566d6f
566e70
566f70
567071
567172
567273
567374
567475
567576
567677
567778
567878
567979
567a7a
567b7b
567c7c
567d7d
567e7e
567f7f
568056
568156
568256
568356
568456
568556
568656
568756
568856
568956
568a56
568b56
568c56
568d56
568e56
568f56
569056
569156
569256
569356
569456
569556
569656
569756
569856
569956
569a56
569b56
569c56
569d56
569e56
569f56
56a056
56a156
56a256
56a356
56a456
56a556
56a656
56a756
56a856
56a956
56aa56
56ab56
56ac56
56ad56
56ae56
56af56
56b056
56b155
56b255
56b355
56b455
56b555
56b655
56b755
56b855
56b955
56ba55
56bb55
56bc54
56bd54
56be54
56bf54
56c054
56c154
56c254
56c353
56c453
56c553
56c652
56c752
56c852
56c952
56ca51
56cb50
56cc50
56cd4f
56ce4e
56cf4d
56d04c
56d14a
56d248
56d344
56d440
56d538
56d600
56d7b8
56d8c0
56d9c8
56dacc
56dbd0
56dcd2
56ddd4
56ded6
56dfd8
56e0d9
56e1db
56e2dd
56e3df
56e4e0
56e5e2
56e6e2
56e7e4
56e8e4
56e9e6
56eae8
56ebe9
56ecea
56edeb
56eeec
56efed
56f0ee
56f1f0
56f2f1
56f3f2
56f4f3
56f5f4
56f6f5
56f7f6
56f8f7
56f9f9
56fafa
56fbfb
56fcfc
56fdfd
56fefe
56ffff
570057
570157
570257
570357
570457
570557
570657
570757
570857
570957
570a57
570b57
570c57
570d57
570e57
570f57
571057
571157
571257
571357
571457
571557
571657
571757
571857
571957
571a57
571b57
571c57
571d57
571e57
571f57
572057
572157
572257
572357
572457
572557
572657
572757
572857
572957
572a57
572b57
572c57
572d57
572e57
572f57
573058
573158
573258
573358
573458
573558
573658
573758
573858
573958
573a58
573b58
573c58
573d58
573e58
573f58
574058
574159
574259
574359
574459
574559
574659
574759
57485a
57495a
574a5a
574b5a
574c5a
574d5b
574e5b
574f5b
57505c
57515c
57525c
57535d
57545e
57555e
57565e
57575f
575860
575960
575a61
575b61
575c62
575d62
575e63
575f63
576064
576165
576266
576367
576468
576568
576669
576769
57686a
57696b
576a6c
576b6d
576c6e
576d6f
576e70
576f70
577071
577172
577273
577374
577475
577576
577677
577778
577878
577979
577a7a
577b7b
577c7c
577d7d
577e7e
577f7f
578057
578157
578257
578357
578457
578557
578657
578757
578857
578957
578a57
578b57
578c57
578d57
578e57
578f57
579057
579157
579257
579357
579457
579557
579657
579757
579857
579957
579a57
579b57
579c57
579d57
579e57
579f57
57a057
57a157
57a257
57a357
57a457
57a557
57a657
57a757
57a857
57a957
57aa57
57ab57
57ac57
57ad57
57ae57
57af57
57b056
57b156
57b256
57b356
57b456
57b556
57b656
57b756
57b856
57b956
57ba56
57bb56
57bc56
57bd55
57be55
57bf55
57c055
57c155
57c254
57c354
57c454
57c554
57c654
57c753
57c853
57c952
57ca52
57cb52
57cc51
57cd50
57ce50
57cf4f
57d04e
57d14c
57d24a
57d348
57d444
57d540
57d638
57d700
57d8b8
57d9c4
57daca
57dbce
57dcd1
57ddd3
57ded5
57dfd7
57e0d8
57e1da
57e2dc
57e3de
57e4e0
57e5e1
57e6e2
57e7e3
57e8e4
57e9e6
57eae8
57ebe9
57ecea
57edeb
57eeec
57efed
57f0ee
57f1f0
57f2f1
57f3f2
57f4f3
57f5f4
57f6f5
57f7f6
57f8f7
57f9f9
57fafa
57fbfb
57fcfc
57fdfd
57fefe
57ffff
580058
580158
580258
580358
580458
580558
580658
580758
580858
580958
580a58
580b58
580c58
580d58
580e58
580f58
581058
581158
581258
581358
581458
581558
581658
581758
581858
581958
581a58
581b58
581c58
581d58
581e58
581f58
582058
582158
582258
582358
582458
582558
582658
582758
582858
582958
582a58
582b58
582c58
582d58
582e58
582f58
583058
583158
583258
583358
583458
583558
583658
583758
583858
583959
583a59
583b59
583c59
583d59
583e59
583f59
584059
584159
584259
584359
58445a
58455a
58465a
58475a
58485a
58495a
584a5a
584b5b
584c5b
584d5b
584e5c
584f5c
58505c
58515c
58525d
58535e
58545e
58555e
58565f
585760
585860
585960
585a61
585b62
585c62
585d62
585e63
585f64
586064
586165
586266
586367
586468
586568
586669
58676a
58686a
58696b
586a6c
586b6d
586c6e
586d6f
586e70
586f70
587071
587172
587273
587374
587475
587576
587677
587778
587878
58797a
587a7a
587b7c
587c7c
587d7e
587e7e
587f7f
588058
588158
588258
588358
588458
588558
588658
588758
588858
588958
588a58
588b58
588c58
588d58
588e58
588f58
589058
589158
589258
589358
589458
589558
589658
589758
589858
589958
589a58
589b58
589c58
589d58
589e58
589f58
58a058
58a158
58a258
58a358
58a458
58a558
58a658
58a758
58a858
58a958
58aa58
58ab58
58ac58
58ad58
58ae58
58af58
58b058
58b157
58b257
58b357
58b457
58b557
58b657
58b757
58b857
58b957
58ba57
58bb57
58bc56
58bd56
58be56
58bf56
58c056
58c156
58c256
58c355
58c455
58c555
58c654
58c754
58c854
58c954
58ca53
58cb52
58cc52
58cd52
58ce51
58cf50
58d050
58d14e
58d24c
58d34a
58d448
58d544
58d640
58d738
58d800
58d9c0
58dac8
58dbcc
58dcd0
58ddd2
58ded4
58dfd6
58e0d8
58e1da
58e2dc
58e3de
58e4e0
58e5e1
58e6e2
58e7e3
58e8e4
58e9e6
58eae8
58ebe9
58ecea
58edeb
58eeec
58efed
58f0ee
58f1f0
58f2f1
58f3f2
58f4f3
58f5f4
58f6f5
58f7f6
58f8f7
58f9f8
58fafa
58fbfa
58fcfc
58fdfc
58fefe
58fffe
590059
590159
590259
590359
590459
590559
590659
590759
590859
590959
590a59
590b59
590c59
590d59
590e59
590f59
591059
591159
591259
591359
591459
591559
591659
591759
591859
591959
591a59
591b59
591c59
591d59
591e59
591f59
592059
592159
592259
592359
592459
592559
592659
592759
592859
592959
592a59
592b59
592c59
592d59
592e59
592f59
593059
593159
593259
593359
593459
593559
593659
593759
59385a
59395a
593a5a
593b5a
593c5a
593d5a
593e5a
593f5a
59405a
59415a
59425a
59435a
59445a
59455b
59465b
59475b
59485b
59495b
594a5c
594b5c
594c5c
594d5c
594e5c
594f5d
59505d
59515e
59525e
59535e
59545f
595560
595660
595760
595860
595961
595a62
595b62
595c62
595d63
595e64
595f64
596064
596166
596266
596368
596468
596569
596669
59676a
59686a
59696b
596a6c
596b6d
596c6e
596d6f
596e70
596f71
597071
597172
597273
597374
597475
597576
597677
597778
597879
59797a
597a7b
597b7c
597c7d
597d7e
597e7f
597f7f
598059
598159
598259
598359
598459
598559
598659
598759
598859
598959
598a59
598b59
598c59
598d59
598e59
598f59
599059
599159
599259
599359
599459
599559
599659
599759
599859
599959
599a59
599b59
599c59
599d59
599e59
599f59
59a059
59a159
59a259
59a359
59a459
59a559
59a659
59a759
59a859
59a959
59aa59
59ab59
59ac59
59ad59
59ae59
59af59
59b059
59b159
59b259
59b359
59b459
59b559
59b659
59b759
59b858
59b958
59ba58
59bb58
59bc58
59bd58
59be58
59bf58
59c058
59c158
59c258
59c357
59c457
59c557
59c656
59c756
59c856
59c956
59ca55
59cb54
59cc54
59cd54
59ce53
59cf52
59d052
59d151
59d250
59d34e
59d44c
59d54a
59d648
59d744
59d840
59d900
59dac0
59dbc8
59dccc
59ddd0
59ded2
59dfd4
59e0d6
59e1d9
59e2db
59e3dd
59e4df
59e5e0
59e6e2
59e7e2
59e8e4
59e9e6
59eae8
59ebe9
59ecea
59edeb
59eeec
59efed
59f0ee
59f1f0
59f2f1
59f3f2
59f4f3
59f5f4
59f6f5
59f7f6
59f8f7
59f9f8
59faf9
59fbfa
59fcfb
59fdfc
59fefd
59fffe
5a005a
5a015a
5a025a
5a035a
5a045a
5a055a
5a065a
5a075a
5a085a
5a095a
5a0a5a
5a0b5a
5a0c5a
5a0d5a
5a0e5a
5a0f5a
5a105a
5a115a
5a125a
5a135a
5a145a
5a155a
5a165a
5a175a
5a185a
5a195a
5a1a5a
5a1b5a
5a1c5a
5a1d5a
5a1e5a
5a1f5a
5a205a
5a215a
5a225a
5a235a
5a245a
5a255a
5a265a
5a275a
5a285a
5a295a
5a2a5a
5a2b5a
5a2c5a
5a2d5a
5a2e5a
5a2f5a
5a305a
5a315a
5a325a
5a335a
5a345a
5a355a
5a365a
5a375a
5a385a
5a395b
5a3a5b
5a3b5b
5a3c5b
5a3d5b
5a3e5b
5a3f5b
5a405b
5a415b
5a425b
5a435b
5a445c
5a455c
5a465c
5a475c
5a485c
5a495c
5a4a5c
5a4b5d
5a4c5d
5a4d5d
5a4e5e
5a4f5e
5a505e
5a515e
5a525f
5a5360
5a5460
5a5560
5a5660
5a5761
5a5861
5a5962
5a5a62
5a5b62
5a5c63
5a5d64
5a5e64
5a5f64
5a6065
5a6166
5a6267
5a6368
5a6468
5a6569
5a666a
5a676a
5a686a
5a696c
5a6a6c
5a6b6e
5a6c6e
5a6d70
5a6e70
5a6f71
5a7071
5a7172
5a7273
5a7374
5a7475
5a7576
5a7677
5a7778
5a7879
5a797a
5a7a7b
5a7b7c
5a7c7d
5a7d7e
5a7e7f
5a7f7f
5a805a
5a815a
5a825a
5a835a
5a845a
5a855a
5a865a
5a875a
5a885a
5a895a
5a8a5a
5a8b5a
5a8c5a
5a8d5a
5a8e5a
5a8f5a
5a905a
5a915a
5a925a
5a935a
5a945a
5a955a
5a965a
5a975a
5a985a
5a995a
5a9a5a
5a9b5a
5a9c5a
5a9d5a
5a9e5a
5a9f5a
5aa05a
5aa15a
5aa25a
5aa35a
5aa45a
5aa55a
5aa65a
5aa75a
5aa85a
5aa95a
5aaa5a
5aab5a
5aac5a
5aad5a
5aae5a
5aaf5a
5ab05a
5ab15a
5ab25a
5ab35a
5ab45a
5ab55a
5ab65a
5ab75a
5ab85a
5ab959
5aba59
5abb59
5abc59
5abd59
5abe59
5abf59
5ac059
5ac159
5ac259
5ac359
5ac458
5ac558
5ac658
5ac758
5ac858
5ac958
5aca57
5acb56
5acc56
5acd56
5ace55
5acf54
5ad054
5ad153
5ad252
5ad351
5ad450
5ad54e
5ad64c
5ad74a
5ad848
5ad940
5ada00
5adbc0
5adcc8
5addcc
5aded0
5adfd2
5ae0d4
5ae1d8
5ae2da
5ae3dc
5ae4de
5ae5e0
5ae6e1
5ae7e2
5ae8e3
5ae9e5
5aeae7
5aebe8
5aecea
5aedea
5aeeec
5aefec
5af0ee
5af1f0
5af2f1
5af3f2
5af4f3
5af5f4
5af6f5
5af7f6
5af8f7
5af9f8
5afaf9
5afbfa
5afcfb
5afdfc
5afefd
5afffe
5b005b
5b015b
5b025b
5b035b
5b045b
5b055b
5b065b
5b075b
5b085b
5b095b
5b0a5b
5b0b5b
5b0c5b
5b0d5b
5b0e5b
5b0f5b
5b105b
5b115b
5b125b
5b135b
5b145b
5b155b
5b165b
5b175b
5b185b
5b195b
5b1a5b
5b1b5b
5b1c5b
5b1d5b
5b1e5b
5b1f5b
5b205b
5b215b
5b225b
5b235b
5b245b
5b255b
5b265b
5b275b
5b285b
5b295b
5b2a5b
5b2b5b
5b2c5b
5b2d5b
5b2e5b
5b2f5b
5b305b
5b315b
5b325b
5b335b
5b345b
5b355b
5b365b
5b375b
5b385c
5b395c
5b3a5c
5b3b5c
5b3c5c
5b3d5c
5b3e5c
5b3f5c
5b405c
5b415c
5b425c
5b435c
5b445c
5b455d
5b465d
5b475d
5b485d
5b495d
5b4a5e
5b4b5e
5b4c5e
5b4d5e
5b4e5e
5b4f5f
5b505f
5b5160
5b5260
5b5360
5b5460
5b5561
5b5661
5b5761
5b5862
5b5962
5b5a62
5b5b63
5b5c64
5b5d64
5b5e64
5b5f65
5b6066
5b6166
5b6268
5b6368
5b6469
5b6569
5b666a
5b676a
5b686b
5b696c
5b6a6d
5b6b6e
5b6c6f
5b6d70
5b6e70
5b6f71
5b7071
5b7172
5b7273
5b7374
5b7475
5b7576
5b7677
5b7778
5b7879
5b797a
5b7a7b
5b7b7c
5b7c7d
5b7d7e
5b7e7f
5b7f7f
5b805b
5b815b
5b825b
5b835b
5b845b
5b855b
5b865b
5b875b
5b885b
5b895b
5b8a5b
5b8b5b
5b8c5b
5b8d5b
5b8e5b
5b8f5b
5b905b
5b915b
5b925b
5b935b
5b945b
5b955b
5b965b
5b975b
5b985b
5b995b
5b9a5b
5b9b5b
5b9c5b
5b9d5b
5b9e5b
5b9f5b
5ba05b
5ba15b
5ba25b
5ba35b
5ba45b
5ba55b
5ba65b
5ba75b
5ba85b
5ba95b
5baa5b
5bab5b
5bac5b
5bad5b
5bae5b
5baf5b
5bb05b
5bb15b
5bb25b
5bb35b
5bb45b
5bb55b
5bb65b
5bb75b
5bb85a
5bb95a
5bba5a
5bbb5a
5bbc5a
5bbd5a
5bbe5a
5bbf5a
5bc05a
5bc15a
5bc25a
5bc35a
5bc45a
5bc559
5bc659
5bc759
5bc859
5bc959
5bca58
5bcb58
5bcc58
5bcd58
5bce57
5bcf56
5bd056
5bd155
5bd254
5bd353
5bd452
5bd551
5bd650
5bd74e
5bd84c
5bd948
5bda40
5bdb00
5bdcc0
5bddc8
5bdecc
5bdfd0
5be0d2
5be1d6
5be2d9
5be3db
5be4dd
5be5df
5be6e0
5be7e2
5be8e2
5be9e4
5beae6
5bebe8
5bece9
5bedea
5beeeb
5befec
5bf0ed
5bf1ef
5bf2f1
5bf3f2
5bf4f3
5bf5f4
5bf6f5
5bf7f6
5bf8f7
5bf9f8
5bfaf9
5bfbfa
5bfcfb
5bfdfc
5bfefd
5bfffe
5c005c
5c015c
5c025c
5c035c
5c045c
5c055c
5c065c
5c075c
5c085c
5c095c
5c0a5c
5c0b5c
5c0c5c
5c0d5c
5c0e5c
5c0f5c
5c105c
5c115c
5c125c
5c135c
5c145c
5c155c
5c165c
5c175c
5c185c
5c195c
5c1a5c
5c1b5c
5c1c5c
5c1d5c
5c1e5c
5c1f5c
5c205c
5c215c
5c225c
5c235c
5c245c
5c255c
5c265c
5c275c
5c285c
5c295c
5c2a5c
5c2b5c
5c2c5c
5c2d5c
5c2e5c
5c2f5c
5c305c
5c315c
5c325c
5c335c
5c345c
5c355c
5c365c
5c375c
5c385c
5c395d
5c3a5d
5c3b5d
5c3c5d
5c3d5d
5c3e5d
5c3f5d
5c405d
5c415d
5c425d
5c435d
5c445e
5c455e
5c465e
5c475e
5c485e
5c495e
5c4a5e
5c4b5f
5c4c5f
5c4d5f
5c4e60
5c4f60
5c5060
5c5160
5c5260
5c5361
5c5461
5c5561
5c5662
5c5762
5c5862
5c5962
5c5a63
5c5b64
5c5c64
5c5d64
5c5e65
5c5f66
5c6066
5c6167
5c6268
5c6368
5c6469
5c656a
5c666a
5c676a
5c686b
5c696c
5c6a6d
5c6b6e
5c6c6f
5c6d70
5c6e70
5c6f71
5c7072
5c7172
5c7274
5c7374
5c7476
5c7576
5c7678
5c7778
5c7879
5c797a
5c7a7b
5c7b7c
5c7c7d
5c7d7e
5c7e7f
5c7f7f
5c805c
5c815c
5c825c
5c835c
5c845c
5c855c
5c865c
5c875c
5c885c
5c895c
5c8a5c
5c8b5c
5c8c5c
5c8d5c
5c8e5c
5c8f5c
5c905c
5c915c
5c925c
5c935c
5c945c
5c955c
5c965c
5c975c
5c985c
5c995c
5c9a5c
5c9b5c
5c9c5c
5c9d5c
5c9e5c
5c9f5c
5ca05c
5ca15c
5ca25c
5ca35c
5ca45c
5ca55c
5ca65c
5ca75c
5ca85c
5ca95c
5caa5c
5cab5c
5cac5c
5cad5c
5cae5c
5caf5c
5cb05c
5cb15c
5cb25c
5cb35c
5cb45c
5cb55c
5cb65c
5cb75c
5cb85c
5cb95b
5cba5b
5cbb5b
5cbc5b
5cbd5b
5cbe5b
5cbf5b
5cc05b
5cc15b
5cc25b
5cc35b
5cc45a
5cc55a
5cc65a
5cc75a
5cc85a
5cc95a
5cca5a
5ccb59
5ccc59
5ccd59
5cce58
5ccf58
5cd058
5cd157
5cd256
5cd355
5cd454
5cd553
5cd652
5cd751
5cd850
5cd94c
5cda48
5cdb40
5cdc00
5cddc0
5cdec8
5cdfcc
5ce0d0
5ce1d4
5ce2d8
5ce3da
5ce4dc
5ce5de
5ce6e0
5ce7e1
5ce8e2
5ce9e4
5ceae6
5cebe8
5cece9
5cedea
5ceeeb
5cefec
5cf0ed
5cf1ef
5cf2f0
5cf3f2
5cf4f2
5cf5f4
5cf6f4
5cf7f6
5cf8f6
5cf9f8
5cfaf9
5cfbfa
5cfcfb
5cfdfc
5cfefd
5cfffe
5d005d
5d015d
5d025d
5d035d
5d045d
5d055d
5d065d
5d075d
5d085d
5d095d
5d0a5d
5d0b5d
5d0c5d
5d0d5d
5d0e5d
5d0f5d
5d105d
5d115d
5d125d
5d135d
5d145d
5d155d
5d165d
5d175d
5d185d
5d195d
5d1a5d
5d1b5d
5d1c5d
5d1d5d
5d1e5d
5d1f5d
5d205d
5d215d
5d225d
5d235d
5d245d
5d255d
5d265d
5d275d
5d285d
5d295d
5d2a5d
5d2b5d
5d2c5d
5d2d5d
5d2e5d
5d2f5d
5d305d
5d315d
5d325d
5d335d
5d345d
5d355d
5d365d
5d375d
5d385e
5d395e
5d3a5e
5d3b5e
5d3c5e
5d3d5e
5d3e5e
5d3f5e
5d405e
5d415e
5d425e
5d435e
5d445e
5d455f
5d465f
5d475f
5d485f
5d495f
5d4a60
5d4b60
5d4c60
5d4d60
5d4e60
5d4f60
5d5060
5d5161
5d5261
5d5361
5d5462
5d5562
5d5662
5d5762
5d5862
5d5963
5d5a64
5d5b64
5d5c64
5d5d65
5d5e66
5d5f66
5d6066
5d6168
5d6268
5d6369
5d6469
5d656a
5d666a
5d676b
5d686b
5d696c
5d6a6d
5d6b6e
5d6c6f
5d6d70
5d6e71
5d6f71
5d7072
5d7173
5d7274
5d7375
5d7476
5d7577
5d7678
5d7778
5d7879
5d797a
5d7a7b
5d7b7c
5d7c7d
5d7d7e
5d7e7f
5d7f7f
5d805d
5d815d
5d825d
5d835d
5d845d
5d855d
5d865d
5d875d
5d885d
5d895d
5d8a5d
5d8b5d
5d8c5d
5d8d5d
5d8e5d
5d8f5d
5d905d
5d915d
5d925d
5d935d
5d945d
5d955d
5d965d
5d975d
5d985d
5d995d
5d9a5d
5d9b5d
5d9c5d
5d9d5d
5d9e5d
5d9f5d
5da05d
5da15d
5da25d
5da35d
5da45d
5da55d
5da65d
5da75d
5da85d
5da95d
5daa5d
5dab5d
5dac5d
5dad5d
5dae5d
5daf5d
5db05d
5db15d
5db25d
5db35d
5db45d
5db55d
5db65d
5db75d
5db85c
5db95c
5dba5c
5dbb5c
5dbc5c
5dbd5c
5dbe5c
5dbf5c
5dc05c
5dc15c
5dc25c
5dc35c
5dc45c
5dc55b
5dc65b
5dc75b
5dc85b
5dc95b
5dca5a
5dcb5a
5dcc5a
5dcd5a
5dce5a
5dcf59
5dd059
5dd158
5dd258
5dd357
5dd456
5dd555
5dd654
5dd753
5dd852
5dd950
5dda4c
5ddb48
5ddc40
5ddd00
5ddec0
5ddfc8
5de0cc
5de1d2
5de2d6
5de3d9
5de4db
5de5dd
5de6df
5de7e0
5de8e2
5de9e4
5deae6
5debe8
5dece9
5dedea
5deeeb
5defec
5df0ed
5df1ef
5df2f0
5df3f1
5df4f2
5df5f3
5df6f4
5df7f5
5df8f6
5df9f8
5dfaf9
5dfbfa
5dfcfb
5dfdfc
5dfefd
5dfffe
5e005e
5e015e
5e025e
5e035e
5e045e
5e055e
5e065e
5e075e
5e085e
5e095e
5e0a5e
5e0b5e
5e0c5e
5e0d5e
5e0e5e
5e0f5e
5e105e
5e115e
5e125e
5e135e
5e145e
5e155e
5e165e
5e175e
5e185e
5e195e
5e1a5e
5e1b5e
5e1c5e
5e1d5e
5e1e5e
5e1f5e
5e205e
5e215e
5e225e
5e235e
5e245e
5e255e
5e265e
5e275e
5e285e
5e295e
5e2a5e
5e2b5e
5e2c5e
5e2d5e
5e2e5e
5e2f5e
5e305e
5e315e
5e325e
5e335e
5e345e
5e355e
5e365e
5e375e
5e385e
5e395f
5e3a5f
5e3b5f
5e3c5f
5e3d5f
5e3e5f
5e3f5f
5e405f
5e415f
5e425f
5e435f
5e4460
5e4560
5e4660
5e4760
5e4860
5e4960
5e4a60
5e4b60
5e4c60
5e4d61
5e4e61
5e4f61
5e5061
5e5161
5e5262
5e5362
5e5462
5e5562
5e5662
5e5763
5e5863
5e5964
5e5a64
5e5b64
5e5c65
5e5d66
5e5e66
5e5f66
5e6067
5e6168
5e6268
5e6369
5e646a
5e656a
5e666a
5e676b
5e686c
5e696c
5e6a6e
5e6b6e
5e6c70
5e6d70
5e6e71
5e6f71
5e7072
5e7173
5e7274
5e7375
5e7476
5e7577
5e7678
5e7778
5e7879
5e797a
5e7a7b
5e7b7c
5e7c7d
5e7d7e
5e7e7f
5e7f7f
5e805e
5e815e
5e825e
5e835e
5e845e
5e855e
5e865e
5e875e
5e885e
5e895e
5e8a5e
5e8b5e
5e8c5e
5e8d5e
5e8e5e
5e8f5e
5e905e
5e915e
5e925e
5e935e
5e945e
5e955e
5e965e
5e975e
5e985e
5e995e
5e9a5e
5e9b5e
5e9c5e
5e9d5e
5e9e5e
5e9f5e
5ea05e
5ea15e
5ea25e
5ea35e
5ea45e
5ea55e
5ea65e
5ea75e
5ea85e
5ea95e
5eaa5e
5eab5e
5eac5e
5ead5e
5eae5e
5eaf5e
5eb05e
5eb15e
5eb25e
5eb35e
5eb45e
5eb55e
5eb65e
5eb75e
5eb85e
5eb95d
5eba5d
5ebb5d
5ebc5d
5ebd5d
5ebe5d
5ebf5d
5ec05d
5ec15d
5ec25d
5ec35d
5ec45c
5ec55c
5ec65c
5ec75c
5ec85c
5ec95c
5eca5c
5ecb5b
5ecc5b
5ecd5b
5ece5a
5ecf5a
5ed05a
5ed15a
5ed259
5ed358
5ed458
5ed557
5ed656
5ed755
5ed854
5ed952
5eda50
5edb4c
5edc48
5edd40
5ede00
5edfc0
5ee0c8
5ee1d0
5ee2d4
5ee3d8
5ee4da
5ee5dc
5ee6de
5ee7e0
5ee8e1
5ee9e3
5eeae5
5eebe7
5eece8
5eedea
5eeeea
5eefec
5ef0ec
5ef1ee
5ef2f0
5ef3f1
5ef4f2
5ef5f3
5ef6f4
5ef7f5
5ef8f6
5ef9f8
5efaf9
5efbfa
5efcfb
5efdfc
5efefd
5efffe
5f005f
5f015f
5f025f
5f035f
5f045f
5f055f
5f065f
5f075f
5f085f
5f095f
5f0a5f
5f0b5f
5f0c5f
5f0d5f
5f0e5f
5f0f5f
5f105f
5f115f
5f125f
5f135f
5f145f
5f155f
5f165f
5f175f
5f185f
5f195f
5f1a5f
5f1b5f
5f1c5f
5f1d5f
5f1e5f
5f1f5f
5f205f
5f215f
5f225f
5f235f
5f245f
5f255f
5f265f
5f275f
5f285f
5f295f
5f2a5f
5f2b5f
5f2c5f
5f2d5f
5f2e5f
5f2f5f
5f305f
5f315f
5f325f
5f335f
5f345f
5f355f
5f365f
5f375f
5f3860
5f3960
5f3a60
5f3b60
5f3c60
5f3d60
5f3e60
5f3f60
5f4060
5f4160
5f4260
5f4360
5f4460
5f4560
5f4660
5f4760
5f4860
5f4961
5f4a61
5f4b61
5f4c61
5f4d61
5f4e61
5f4f61
5f5062
5f5162
5f5262
5f5362
5f5462
5f5563
5f5663
5f5763
5f5864
5f5964
5f5a64
5f5b65
5f5c66
5f5d66
5f5e66
5f5f67
5f6068
5f6168
5f6269
5f6369
5f646a
5f656a
5f666b
5f676b
5f686c
5f696d
5f6a6e
5f6b6f
5f6c70
5f6d70
5f6e71
5f6f71
5f7072
5f7173
5f7274
5f7375
5f7476
5f7577
5f7678
5f7778
5f7879
5f797a
5f7a7b
5f7b7c
5f7c7d
5f7d7e
5f7e7f
5f7f7f
5f805f
5f815f
5f825f
5f835f
5f845f
5f855f
5f865f
5f875f
5f885f
5f895f
5f8a5f
5f8b5f
5f8c5f
5f8d5f
5f8e5f
5f8f5f
5f905f
5f915f
5f925f
5f935f
5f945f
5f955f
5f965f
5f975f
5f985f
5f995f
5f9a5f
5f9b5f
5f9c5f
5f9d5f
5f9e5f
5f9f5f
5fa05f
5fa15f
5fa25f
5fa35f
5fa45f
5fa55f
5fa65f
5fa75f
5fa85f
5fa95f
5faa5f
5fab5f
5fac5f
5fad5f
5fae5f
5faf5f
5fb05f
5fb15f
5fb25f
5fb35f
5fb45f
5fb55f
5fb65f
5fb75f
5fb85e
5fb95e
5fba5e
5fbb5e
5fbc5e
5fbd5e
5fbe5e
5fbf5e
5fc05e
5fc15e
5fc25e
5fc35e
5fc45e
5fc55d
5fc65d
5fc75d
5fc85d
5fc95d
5fca5c
5fcb5c
5fcc5c
5fcd5c
5fce5c
5fcf5b
5fd05b
5fd15a
5fd25a
5fd35a
5fd459
5fd558
5fd658
5fd757
5fd856
5fd954
5fda52
5fdb50
5fdc4c
5fdd48
5fde40
5fdf00
5fe0c0
5fe1cc
5fe2d2
5fe3d6
5fe4d9
5fe5db
5fe6dd
5fe7df
5fe8e0
5fe9e2
5feae4
5febe6
5fece8
5fede9
5feeea
5fefeb
5ff0ec
5ff1ee
5ff2f0
5ff3f1
5ff4f2
5ff5f3
5ff6f4
5ff7f5
5ff8f6
5ff9f8
5ffaf9
5ffbfa
5ffcfb
5ffdfc
5ffefd
5ffffe
600060
600160
600260
600360
600460
600560
600660
600760
600860
600960
600a60
600b60
600c60
600d60
600e60
600f60
601060
601160
601260
601360
601460
601560
601660
601760
601860
601960
601a60
601b60
601c60
601d60
601e60
601f60
602060
602160
602260
602360
602460
602560
602660
602760
602860
602960
602a60
602b60
602c60
602d60
602e60
602f60
603060
603160
603260
603360
603460
603560
603660
603760
603860
603960
603a60
603b60
603c60
603d60
603e60
603f60
604060
604161
604261
604361
604461
604561
604661
604761
604861
604961
604a61
604b61
604c62
604d62
604e62
604f62
605062
605162
605262
605363
605463
605563
605664
605764
605864
605964
605a65
605b66
605c66
605d66
605e67
605f68
606068
606168
606269
60636a
60646a
60656a
60666b
60676c
60686c
60696d
606a6e
606b6f
606c70
606d70
606e71
606f72
607072
607173
607274
607375
607476
607577
607678
607778
607879
60797a
607a7b
607b7c
607c7d
607d7e
607e7f
607f7f
608060
608160
608260
608360
608460
608560
608660
608760
608860
608960
608a60
608b60
608c60
608d60
608e60
608f60
609060
609160
609260
609360
609460
609560
609660
609760
609860
609960
609a60
609b60
609c60
609d60
609e60
609f60
60a060
60a160
60a260
60a360
60a460
60a560
60a660
60a760
60a860
60a960
60aa60
60ab60
60ac60
60ad60
60ae60
60af60
60b060
60b160
60b260
60b360
60b460
60b560
60b660
60b760
60b860
60b95f
60ba5f
60bb5f
60bc5f
60bd5f
60be5f
60bf5f
60c05f
60c15f
60c25f
60c35f
60c45e
60c55e
60c65e
60c75e
60c85e
60c95e
60ca5e
60cb5d
60cc5d
60cd5d
60ce5c
60cf5c
60d05c
60d15c
60d25b
60d35a
60d45a
60d55a
60d659
60d758
60d858
60d956
60da54
60db52
60dc50
60dd4c
60de48
60df40
60e000
60e1c8
60e2d0
60e3d4
60e4d8
60e5da
60e6dc
60e7de
60e8e0
60e9e2
60eae4
60ebe6
60ece8
60ede9
60eeea
60efeb
60f0ec
60f1ee
60f2f0
60f3f1
60f4f2
60f5f3
60f6f4
60f7f5
60f8f6
60f9f8
60faf9
60fbfa
60fcfb
60fdfc
60fefd
60fffe
610061
610161
610261
610361
610461
610561
610661
610761
610861
610961
610a61
610b61
610c61
610d61
610e61
610f61
611061
611161
611261
611361
611461
611561
611661
611761
611861
611961
611a61
611b61
611c61
611d61
611e61
611f61
612061
612161
612261
612361
612461
612561
612661
612761
612861
612961
612a61
612b61
612c61
612d61
612e61
612f61
613061
613161
613261
613361
613461
613561
613661
613761
613861
613961
613a61
613b61
613c61
613d61
613e61
613f61
614062
614162
614262
614362
614462
614562
614662
614762
614862
614962
614a62
614b62
614c62
614d63
614e63
614f63
615063
615163
615264
615364
615464
615564
615664
615765
615865
615966
615a66
615b66
615c67
615d68
615e68
615f68
616068
616169
61626a
61636a
61646a
61656b
61666c
61676c
61686c
61696e
616a6e
616b70
616c70
616d71
616e71
616f72
617072
617173
617274
617375
617476
617577
617678
617779
617879
61797a
617a7b
617b7c
617c7d
617d7e
617e7f
617f7f
618061
618161
618261
618361
618461
618561
618661
618761
618861
618961
618a61
618b61
618c61
618d61
618e61
618f61
619061
619161
619261
619361
619461
619561
619661
619761
619861
619961
619a61
619b61
619c61
619d61
619e61
619f61
61a061
61a161
61a261
61a361
61a461
61a561
61a661
61a761
61a861
61a961
61aa61
61ab61
61ac61
61ad61
61ae61
61af61
61b061
61b161
61b261
61b361
61b461
61b561
61b661
61b761
61b861
61b961
61ba61
61bb61
61bc61
61bd61
61be61
61bf61
61c060
61c160
61c260
61c360
61c460
61c560
61c660
61c760
61c860
61c960
61ca60
61cb5f
61cc5f
61cd5f
61ce5e
61cf5e
61d05e
61d15e
61d25d
61d35c
61d45c
61d55c
61d65b
61d75a
61d85a
61d959
61da58
61db56
61dc54
61dd52
61de50
61df4c
61e048
61e100
61e2c8
61e3d0
61e4d4
61e5d8
61e6da
61e7dc
61e8de
61e9e1
61eae3
61ebe5
61ece7
61ede8
61eeea
61efea
61f0ec
61f1ee
61f2f0
61f3f1
61f4f2
61f5f3
61f6f4
61f7f5
61f8f6
61f9f8
61faf9
61fbfa
61fcfb
61fdfc
61fefd
61fffe
620062
620162
620262
620362
620462
620562
620662
620762
620862
620962
620a62
620b62
620c62
620d62
620e62
620f62
621062
621162
621262
621362
621462
621562
621662
621762
621862
621962
621a62
621b62
621c62
621d62
621e62
621f62
622062
622162
622262
622362
622462
622562
622662
622762
622862
622962
622a62
622b62
622c62
622d62
622e62
622f62
623062
623162
623262
623362
623462
623562
623662
623762
623862
623962
623a62
623b62
623c62
623d62
623e62
623f62
624062
624163
624263
624363
624463
624563
624663
624763
624863
624963
624a63
624b63
624c64
624d64
624e64
624f64
625064
625164
625264
625365
625465
625565
625666
625766
625866
625966
625a67
625b68
625c68
625d68
625e68
625f69
626069
62616a
62626a
62636a
62646b
62656c
62666c
62676c
62686d
62696e
626a6f
626b70
626c70
626d71
626e72
626f72
627072
627174
627274
627376
627476
627578
627678
627779
627879
62797a
627a7b
627b7c
627c7d
627d7e
627e7f
627f7f
628062
628162
628262
628362
628462
628562
628662
628762
628862
628962
628a62
628b62
628c62
628d62
628e62
628f62
629062
629162
629262
629362
629462
629562
629662
629762
629862
629962
629a62
629b62
629c62
629d62
629e62
629f62
62a062
62a162
62a262
62a362
62a462
62a562
62a662
62a762
62a862
62a962
62aa62
62ab62
62ac62
62ad62
62ae62
62af62
62b062
62b162
62b262
62b362
62b462
62b562
62b662
62b762
62b862
62b962
62ba62
62bb62
62bc62
62bd62
62be62
62bf62
62c062
62c161
62c261
62c361
62c461
62c561
62c661
62c761
62c861
62c961
62ca61
62cb61
62cc60
62cd60
62ce60
62cf60
62d060
62d160
62d25f
62d35e
62d45e
62d55e
62d65d
62d75c
62d85c
62d95b
62da5a
62db59
62dc58
62dd56
62de54
62df52
62e050
62e148
62e200
62e3c8
62e4d0
62e5d4
62e6d8
62e7da
62e8dc
62e9e0
62eae2
62ebe4
62ece6
62ede8
62eee9
62efea
62f0eb
62f1ed
62f2ef
62f3f0
62f4f2
62f5f2
62f6f4
62f7f4
62f8f6
62f9f8
62faf9
62fbfa
62fcfb
62fdfc
62fefd
62fffe
630063
630163
630263
630363
630463
630563
630663
630763
630863
630963
630a63
630b63
630c63
630d63
630e63
630f63
631063
631163
631263
631363
631463
631563
631663
631763
631863
631963
631a63
631b63
631c63
631d63
631e63
631f63
632063
632163
632263
632363
632463
632563
632663
632763
632863
632963
632a63
632b63
632c63
632d63
632e63
632f63
633063
633163
633263
633363
633463
633563
633663
633763
633863
633963
633a63
633b63
633c63
633d63
633e63
633f63
634064
634164
634264
634364
634464
634564
634664
634764
634864
634964
634a64
634b64
634c64
634d65
634e65
634f65
635065
635165
635266
635366
635466
635566
635666
635767
635867
635968
635a68
635b68
635c68
635d69
635e69
635f69
63606a
63616a
63626a
63636b
63646c
63656c
63666c
63676d
63686e
63696e
636a70
636b70
636c71
636d71
636e72
636f72
637073
637174
637275
637376
637477
637578
637678
637779
637879
63797a
637a7b
637b7c
637c7d
637d7e
637e7f
637f7f
638063
638163
638263
638363
638463
638563
638663
638763
638863
638963
638a63
638b63
638c63
638d63
638e63
638f63
639063
639163
639263
639363
639463
639563
639663
639763
639863
639963
639a63
639b63
639c63
639d63
639e63
639f63
63a063
63a163
63a263
63a363
63a463
63a563
63a663
63a763
63a863
63a963
63aa63
63ab63
63ac63
63ad63
63ae63
63af63
63b063
63b163
63b263
63b363
63b463
63b563
63b663
63b763
63b863
63b963
63ba63
63bb63
63bc63
63bd63
63be63
63bf63
63c062
63c162
63c262
63c362
63c462
63c562
63c662
63c762
63c862
63c962
63ca62
63cb62
63cc62
63cd61
63ce61
63cf61
63d061
63d161
63d260
63d360
63d460
63d560
63d65f
63d75e
63d85e
63d95d
63da5c
63db5b
63dc5a
63dd59
63de58
63df56
63e054
63e150
63e248
63e300
63e4c8
63e5d0
63e6d4
63e7d8
63e8da
63e9de
63eae1
63ebe3
63ece5
63ede7
63eee8
63efea
63f0ea
63f1ec
63f2ee
63f3f0
63f4f1
63f5f2
63f6f3
63f7f4
63f8f5
63f9f7
63faf9
63fbfa
63fcfb
63fdfc
63fefd
63fffe
640064
640164
640264
640364
640464
640564
640664
640764
640864
640964
640a64
640b64
640c64
640d64
640e64
640f64
641064
641164
641264
641364
641464
641564
641664
641764
641864
641964
641a64
641b64
641c64
641d64
641e64
641f64
642064
642164
642264
642364
642464
642564
642664
642764
642864
642964
642a64
642b64
642c64
642d64
642e64
642f64
643064
643164
643264
643364
643464
643564
643664
643764
643864
643964
643a64
643b64
643c64
643d64
643e64
643f64
644064
644165
644265
644365
644465
644565
644665
644765
644865
644965
644a65
644b65
644c66
644d66
644e66
644f66
645066
645166
645266
645367
645467
645567
645668
645768
645868
645968
645a68
645b69
645c69
645d69
645e6a
645f6a
64606a
64616a
64626b
64636c
64646c
64656c
64666d
64676e
64686e
64696f
646a70
646b70
646c71
646d72
646e72
646f72
647073
647174
647275
647376
647477
647578
647678
647779
64787a
64797a
647a7c
647b7c
647c7e
647d7e
647e7f
647f7f
648064
648164
648264
648364
648464
648564
648664
648764
648864
648964
648a64
648b64
648c64
648d64
648e64
648f64
649064
649164
649264
649364
649464
649564
649664
649764
649864
649964
649a64
649b64
649c64
649d64
649e64
649f64
64a064
64a164
64a264
64a364
64a464
64a564
64a664
64a764
64a864
64a964
64aa64
64ab64
64ac64
64ad64
64ae64
64af64
64b064
64b164
64b264
64b364
64b464
64b564
64b664
64b764
64b864
64b964
64ba64
64bb64
64bc64
64bd64
64be64
64bf64
64c064
64c163
64c263
64c363
64c463
64c563
64c663
64c763
64c863
64c963
64ca63
64cb63
64cc62
64cd62
64ce62
64cf62
64d062
64d162
64d262
64d361
64d461
64d561
64d660
64d760
64d860
64d95f
64da5e
64db5d
64dc5c
64dd5b
64de5a
64df59
64e058
64e154
64e250
64e348
64e400
64e5c8
64e6d0
64e7d4
64e8d8
64e9dc
64eae0
64ebe2
64ece4
64ede6
64eee8
64efe9
64f0ea
64f1ec
64f2ee
64f3f0
64f4f1
64f5f2
64f6f3
64f7f4
64f8f5
64f9f7
64faf8
64fbfa
64fcfa
64fdfc
64fefc
64fffe
650065
650165
650265
650365
650465
650565
650665
650765
650865
650965
650a65
650b65
650c65
650d65
650e65
650f65
651065
651165
651265
651365
651465
651565
651665
651765
651865
651965
651a65
651b65
651c65
651d65
651e65
651f65
652065
652165
652265
652365
652465
652565
652665
652765
652865
652965
652a65
652b65
652c65
652d65
652e65
652f65
653065
653165
653265
653365
653465
653565
653665
653765
653865
653965
653a65
653b65
653c65
653d65
653e65
653f65
654066
654166
654266
654366
654466
654566
654666
654766
654866
654966
654a66
654b66
654c66
654d67
654e67
654f67
655067
655167
655268
655368
655468
655568
655668
655768
655868
655969
655a69
655b69
655c6a
655d6a
655e6a
655f6a
65606a
65616b
65626c
65636c
65646c
65656d
65666e
65676e
65686e
656970
656a70
656b71
656c71
656d72
656e72
656f73
657073
657174
657275
657376
657477
657578
657679
657779
65787a
65797b
657a7c
657b7d
657c7e
657d7f
657e7f
657f7f
658065
658165
658265
658365
658465
658565
658665
658765
658865
658965
658a65
658b65
658c65
658d65
658e65
658f65
659065
659165
659265
659365
659465
659565
659665
659765
659865
659965
659a65
659b65
659c65
659d65
659e65
659f65
65a065
65a165
65a265
65a365
65a465
65a565
65a665
65a765
65a865
65a965
65aa65
65ab65
65ac65
65ad65
65ae65
65af65
65b065
65b165
65b265
65b365
65b465
65b565
65b665
65b765
65b865
65b965
65ba65
65bb65
65bc65
65bd65
65be65
65bf65
65c064
65c164
65c264
65c364
65c464
65c564
65c664
65c764
65c864
65c964
65ca64
65cb64
65cc64
65cd63
65ce63
65cf63
65d063
65d163
65d262
65d362
65d462
65d562
65d662
65d761
65d861
65d960
65da60
65db5f
65dc5e
65dd5d
65de5c
65df5b
65e05a
65e158
65e254
65e350
65e448
65e500
65e6c8
65e7d0
65e8d4
65e9da
65eade
65ebe1
65ece3
65ede5
65eee7
65efe8
65f0ea
65f1ec
65f2ee
65f3f0
65f4f1
65f5f2
65f6f3
65f7f4
65f8f5
65f9f7
65faf8
65fbf9
65fcfa
65fdfb
65fefc
65fffd
660066
660166
660266
660366
660466
660566
660666
660766
660866
660966
660a66
660b66
660c66
660d66
660e66
660f66
661066
661166
661266
661366
661466
661566
661666
661766
661866
661966
661a66
661b66
661c66
661d66
661e66
661f66
662066
662166
662266
662366
662466
662566
662666
662766
662866
662966
662a66
662b66
662c66
662d66
662e66
662f66
663066
663166
663266
663366
663466
663566
663666
663766
663866
663966
663a66
663b66
663c66
663d66
663e66
663f66
664066
664167
664267
664367
664467
664567
664667
664767
664867
664967
664a67
664b67
664c68
664d68
664e68
664f68
665068
665168
665268
665368
665468
665569
665669
665769
665869
665969
665a6a
665b6a
665c6a
665d6a
665e6a
665f6b
66606b
66616c
66626c
66636c
66646d
66656e
66666e
66676e
66686f
666970
666a70
666b71
666c72
666d72
666e72
666f73
667074
667174
667276
667376
667478
667578
667679
667779
66787a
66797b
667a7c
667b7d
667c7e
667d7f
667e7f
667f7f
668066
668166
668266
668366
668466
668566
668666
668766
668866
668966
668a66
668b66
668c66
668d66
668e66
668f66
669066
669166
669266
669366
669466
669566
669666
669766
669866
669966
669a66
669b66
669c66
669d66
669e66
669f66
66a066
66a166
66a266
66a366
66a466
66a566
66a666
66a766
66a866
66a966
66aa66
66ab66
66ac66
66ad66
66ae66
66af66
66b066
66b166
66b266
66b366
66b466
66b566
66b666
66b766
66b866
66b966
66ba66
66bb66
66bc66
66bd66
66be66
66bf66
66c066
66c165
66c265
66c365
66c465
66c565
66c665
66c765
66c865
66c965
66ca65
66cb65
66cc64
66cd64
66ce64
66cf64
66d064
66d164
66d264
66d363
66d463
66d563
66d662
66d762
66d862
66d962
66da61
66db60
66dc60
66dd5f
66de5e
66df5d
66e05c
66e15a
66e258
66e354
66e450
66e548
66e600
66e7c8
66e8d0
66e9d8
66eadc
66ebe0
66ece2
66ede4
66eee6
66efe8
66f0e9
66f1eb
66f2ed
66f3ef
66f4f0
66f5f2
66f6f2
66f7f4
66f8f4
66f9f6
66faf8
66fbf9
66fcfa
66fdfb
66fefc
66fffd
670067
670167
670267
670367
670467
670567
670667
670767
670867
670967
670a67
670b67
670c67
670d67
670e67
670f67
671067
671167
671267
671367
671467
671567
671667
671767
671867
671967
671a67
671b67
671c67
671d67
671e67
671f67
672067
672167
672267
672367
672467
672567
672667
672767
672867
672967
672a67
672b67
672c67
672d67
672e67
672f67
673067
673167
673267
673367
673467
673567
673667
673767
673867
673967
673a67
673b67
673c67
673d67
673e67
673f67
674068
674168
674268
674368
674468
674568
674668
674768
674868
674968
674a68
674b68
674c68
674d68
674e68
674f68
675068
675169
675269
675369
675469
675569
675669
675769
67586a
67596a
675a6a
675b6a
675c6a
675d6b
675e6b
675f6b
67606c
67616c
67626c
67636d
67646e
67656e
67666e
67676f
676870
676970
676a71
676b71
676c72
676d72
676e73
676f73
677074
677175
677276
677377
677478
677578
677679
677779
67787a
67797b
677a7c
677b7d
677c7e
677d7f
677e7f
677f7f
678067
678167
678267
678367
678467
678567
678667
678767
678867
678967
678a67
678b67
678c67
678d67
678e67
678f67
679067
679167
679267
679367
679467
679567
679667
679767
679867
679967
679a67
679b67
679c67
679d67
679e67
679f67
67a067
67a167
67a267
67a367
67a467
67a567
67a667
67a767
67a867
67a967
67aa67
67ab67
67ac67
67ad67
67ae67
67af67
67b067
67b167
67b267
67b367
67b467
67b567
67b667
67b767
67b867
67b967
67ba67
67bb67
67bc67
67bd67
67be67
67bf67
67c066
67c166
67c266
67c366
67c466
67c566
67c666
67c766
67c866
67c966
67ca66
67cb66
67cc66
67cd65
67ce65
67cf65
67d065
67d165
67d264
67d364
67d464
67d564
67d664
67d763
67d863
67d962
67da62
67db62
67dc61
67dd60
67de60
67df5f
67e05e
67e15c
67e25a
67e358
67e454
67e550
67e648
67e700
67e8c8
67e9d4
67eada
67ebde
67ece1
67ede3
67eee5
67efe7
67f0e8
67f1ea
67f2ec
67f3ee
67f4f0
67f5f1
67f6f2
67f7f3
67f8f4
67f9f6
67faf8
67fbf9
67fcfa
67fdfb
67fefc
67fffd
680068
680168
680268
680368
680468
680568
680668
680768
680868
680968
680a68
680b68
680c68
680d68
680e68
680f68
681068
681168
681268
681368
681468
681568
681668
681768
681868
681968
681a68
681b68
681c68
681d68
681e68
681f68
682068
682168
682268
682368
682468
682568
682668
682768
682868
682968
682a68
682b68
682c68
682d68
682e68
682f68
683068
683168
683268
683368
683468
683568
683668
683768
683868
683968
683a68
683b68
683c68
683d68
683e68
683f68
684068
684168
684268
684368
684468
684568
684668
684768
684868
684969
684a69
684b69
684c69
684d69
684e69
684f69
685069
685169
685269
685369
68546a
68556a
68566a
68576a
68586a
68596a
685a6a
685b6b
685c6b
685d6b
685e6c
685f6c
68606c
68616c
68626d
68636e
68646e
68656e
68666f
686770
686870
686970
686a71
686b72
686c72
686d72
686e73
686f74
687074
687175
687276
687377
687478
687578
687679
68777a
68787a
68797b
687a7c
687b7d
687c7e
687d7f
687e7f
687f7f
688068
688168
688268
688368
688468
688568
688668
688768
688868
688968
688a68
688b68
688c68
688d68
688e68
688f68
689068
689168
689268
689368
689468
689568
689668
689768
689868
689968
689a68
689b68
689c68
689d68
689e68
689f68
68a068
68a168
68a268
68a368
68a468
68a568
68a668
68a768
68a868
68a968
68aa68
68ab68
68ac68
68ad68
68ae68
68af68
68b068
68b168
68b268
68b368
68b468
68b568
68b668
68b768
68b868
68b968
68ba68
68bb68
68bc68
68bd68
68be68
68bf68
68c068
68c167
68c267
68c367
68c467
68c567
68c667
68c767
68c867
68c967
68ca67
68cb67
68cc66
68cd66
68ce66
68cf66
68d066
68d166
68d266
68d365
68d465
68d565
68d664
68d764
68d864
68d964
68da63
68db62
68dc62
68dd62
68de61
68df60
68e060
68e15e
68e25c
68e35a
68e458
68e554
68e650
68e748
68e800
68e9d0
68ead8
68ebdc
68ece0
68ede2
68eee4
68efe6
68f0e8
68f1ea
68f2ec
68f3ee
68f4f0
68f5f1
68f6f2
68f7f3
68f8f4
68f9f6
68faf8
68fbf9
68fcfa
68fdfb
68fefc
68fffd
690069
690169
690269
690369
690469
690569
690669
690769
690869
690969
690a69
690b69
690c69
690d69
690e69
690f69
691069
691169
691269
691369
691469
691569
691669
691769
691869
691969
691a69
691b69
691c69
691d69
691e69
691f69
692069
692169
692269
692369
692469
692569
692669
692769
692869
692969
692a69
692b69
692c69
692d69
692e69
692f69
693069
693169
693269
693369
693469
693569
693669
693769
693869
693969
693a69
693b69
693c69
693d69
693e69
693f69
694069
694169
694269
694369
694469
694569
694669
694769
69486a
69496a
694a6a
694b6a
694c6a
694d6a
694e6a
694f6a
69506a
69516a
69526a
69536a
69546a
69556b
69566b
69576b
69586b
69596b
695a6c
695b6c
695c6c
695d6c
695e6c
695f6d
69606d
69616e
69626e
69636e
69646f
696570
696670
696770
696870
696971
696a72
696b72
696c72
696d73
696e74
696f74
697074
697176
697276
697378
697478
697579
697679
69777a
69787a
69797b
697a7c
697b7d
697c7e
697d7f
697e7f
697f7f
698069
698169
698269
698369
698469
698569
698669
698769
698869
698969
698a69
698b69
698c69
698d69
698e69
698f69
699069
699169
699269
699369
699469
699569
699669
699769
699869
699969
699a69
699b69
699c69
699d69
699e69
699f69
69a069
69a169
69a269
69a369
69a469
69a569
69a669
69a769
69a869
69a969
69aa69
69ab69
69ac69
69ad69
69ae69
69af69
69b069
69b169
69b269
69b369
69b469
69b569
69b669
69b769
69b869
69b969
69ba69
69bb69
69bc69
69bd69
69be69
69bf69
69c069
69c169
69c269
69c369
69c469
69c569
69c669
69c769
69c868
69c968
69ca68
69cb68
69cc68
69cd68
69ce68
69cf68
69d068
69d168
69d268
69d367
69d467
69d567
69d666
69d766
69d866
69d966
69da65
69db64
69dc64
69dd64
69de63
69df62
69e062
69e161
69e260
69e35e
69e45c
69e55a
69e658
69e754
69e850
69e900
69ead0
69ebd8
69ecdc
69ede0
69eee2
69efe4
69f0e6
69f1e9
69f2eb
69f3ed
69f4ef
69f5f0
69f6f2
69f7f2
69f8f4
69f9f6
69faf8
69fbf9
69fcfa
69fdfb
69fefc
69fffd
6a006a
6a016a
6a026a
6a036a
6a046a
6a056a
6a066a
6a076a
6a086a
6a096a
6a0a6a
6a0b6a
6a0c6a
6a0d6a
6a0e6a
6a0f6a
6a106a
6a116a
6a126a
6a136a
6a146a
6a156a
6a166a
6a176a
6a186a
6a196a
6a1a6a
6a1b6a
6a1c6a
6a1d6a
6a1e6a
6a1f6a
6a206a
6a216a
6a226a
6a236a
6a246a
6a256a
6a266a
6a276a
6a286a
6a296a
6a2a6a
6a2b6a
6a2c6a
6a2d6a
6a2e6a
6a2f6a
6a306a
6a316a
6a326a
6a336a
6a346a
6a356a
6a366a
6a376a
6a386a
6a396a
6a3a6a
6a3b6a
6a3c6a
6a3d6a
6a3e6a
6a3f6a
6a406a
6a416a
6a426a
6a436a
6a446a
6a456a
6a466a
6a476a
6a486a
6a496b
6a4a6b
6a4b6b
6a4c6b
6a4d6b
6a4e6b
6a4f6b
6a506b
6a516b
6a526b
6a536b
6a546c
6a556c
6a566c
6a576c
6a586c
6a596c
6a5a6c
6a5b6d
6a5c6d
6a5d6d
6a5e6e
6a5f6e
6a606e
6a616e
6a626f
6a6370
6a6470
6a6570
6a6670
6a6771
6a6871
6a6972
6a6a72
6a6b72
6a6c73
6a6d74
6a6e74
6a6f74
6a7075
6a7176
6a7277
6a7378
6a7478
6a7579
6a767a
6a777a
6a787a
6a797c
6a7a7c
6a7b7e
6a7c7e
6a7d7f
6a7e7f
6a7f7f
6a806a
6a816a
6a826a
6a836a
6a846a
6a856a
6a866a
6a876a
6a886a
6a896a
6a8a6a
6a8b6a
6a8c6a
6a8d6a
6a8e6a
6a8f6a
6a906a
6a916a
6a926a
6a936a
6a946a
6a956a
6a966a
6a976a
6a986a
6a996a
6a9a6a
6a9b6a
6a9c6a
6a9d6a
6a9e6a
6a9f6a
6aa06a
6aa16a
6aa26a
6aa36a
6aa46a
6aa56a
6aa66a
6aa76a
6aa86a
6aa96a
6aaa6a
6aab6a
6aac6a
6aad6a
6aae6a
6aaf6a
6ab06a
6ab16a
6ab26a
6ab36a
6ab46a
6ab56a
6ab66a
6ab76a
6ab86a
6ab96a
6aba6a
6abb6a
6abc6a
6abd6a
6abe6a
6abf6a
6ac06a
6ac16a
6ac26a
6ac36a
6ac46a
6ac56a
6ac66a
6ac76a
6ac86a
6ac969
6aca69
6acb69
6acc69
6acd69
6ace69
6acf69
6ad069
6ad169
6ad269
6ad369
6ad468
6ad568
6ad668
6ad768
6ad868
6ad968
6ada67
6adb66
6adc66
6add66
6ade65
6adf64
6ae064
6ae163
6ae262
6ae361
6ae460
6ae55e
6ae65c
6ae75a
6ae858
6ae950
6aea00
6aebd0
6aecd8
6aeddc
6aeee0
6aefe2
6af0e4
6af1e8
6af2ea
6af3ec
6af4ee
6af5f0
6af6f1
6af7f2
6af8f3
6af9f5
6afaf7
6afbf8
6afcfa
6afdfa
6afefc
6afffc
6b006b
6b016b
6b026b
6b036b
6b046b
6b056b
6b066b
6b076b
6b086b
6b096b
6b0a6b
6b0b6b
6b0c6b
6b0d6b
6b0e6b
6b0f6b
6b106b
6b116b
6b126b
6b136b
6b146b
6b156b
6b166b
6b176b
6b186b
6b196b
6b1a6b
6b1b6b
6b1c6b
6b1d6b
6b1e6b
6b1f6b
6b206b
6b216b
6b226b
6b236b
6b246b
6b256b
6b266b
6b276b
6b286b
6b296b
6b2a6b
6b2b6b
6b2c6b
6b2d6b
6b2e6b
6b2f6b
6b306b
6b316b
6b326b
6b336b
6b346b
6b356b
6b366b
6b376b
6b386b
6b396b
6b3a6b
6b3b6b
6b3c6b
6b3d6b
6b3e6b
6b3f6b
6b406b
6b416b
6b426b
6b436b
6b446b
6b456b
6b466b
6b476b
6b486c
6b496c
6b4a6c
6b4b6c
6b4c6c
6b4d6c
6b4e6c
6b4f6c
6b506c
6b516c
6b526c
6b536c
6b546c
6b556d
6b566d
6b576d
6b586d
6b596d
6b5a6e
6b5b6e
6b5c6e
6b5d6e
6b5e6e
6b5f6f
6b606f
6b6170
6b6270
6b6370
6b6470
6b6571
6b6671
6b6771
6b6872
6b6972
6b6a72
6b6b73
6b6c74
6b6d74
6b6e74
6b6f75
6b7076
6b7176
6b7278
6b7378
6b7479
6b7579
6b767a
6b777a
6b787b
6b797c
6b7a7d
6b7b7e
6b7c7f
6b7d7f
6b7e7f
6b7f7f
6b806b
6b816b
6b826b
6b836b
6b846b
6b856b
6b866b
6b876b
6b886b
6b896b
6b8a6b
6b8b6b
6b8c6b
6b8d6b
6b8e6b
6b8f6b
6b906b
6b916b
6b926b
6b936b
6b946b
6b956b
6b966b
6b976b
6b986b
6b996b
6b9a6b
6b9b6b
6b9c6b
6b9d6b
6b9e6b
6b9f6b
6ba06b
6ba16b
6ba26b
6ba36b
6ba46b
6ba56b
6ba66b
6ba76b
6ba86b
6ba96b
6baa6b
6bab6b
6bac6b
6bad6b
6bae6b
6baf6b
6bb06b
6bb16b
6bb26b
6bb36b
6bb46b
6bb56b
6bb66b
6bb76b
6bb86b
6bb96b
6bba6b
6bbb6b
6bbc6b
6bbd6b
6bbe6b
6bbf6b
6bc06b
6bc16b
6bc26b
6bc36b
6bc46b
6bc56b
6bc66b
6bc76b
6bc86a
6bc96a
6bca6a
6bcb6a
6bcc6a
6bcd6a
6bce6a
6bcf6a
6bd06a
6bd16a
6bd26a
6bd36a
6bd46a
6bd569
6bd669
6bd769
6bd869
6bd969
6bda68
6bdb68
6bdc68
6bdd68
6bde67
6bdf66
6be066
6be165
6be264
6be363
6be462
6be561
6be660
6be75e
6be85c
6be958
6bea50
6beb00
6becd0
6bedd8
6beedc
6befe0
6bf0e2
6bf1e6
6bf2e9
6bf3eb
6bf4ed
6bf5ef
6bf6f0
6bf7f2
6bf8f2
6bf9f4
6bfaf6
6bfbf8
6bfcf9
6bfdfa
6bfefb
6bfffc
6c006c
6c016c
6c026c
6c036c
6c046c
6c056c
6c066c
6c076c
6c086c
6c096c
6c0a6c
6c0b6c
6c0c6c
6c0d6c
6c0e6c
6c0f6c
6c106c
6c116c
6c126c
6c136c
6c146c
6c156c
6c166c
6c176c
6c186c
6c196c
6c1a6c
6c1b6c
6c1c6c
6c1d6c
6c1e6c
6c1f6c
6c206c
6c216c
6c226c
6c236c
6c246c
6c256c
6c266c
6c276c
6c286c
6c296c
6c2a6c
6c2b6c
6c2c6c
6c2d6c
6c2e6c
6c2f6c
6c306c
6c316c
6c326c
6c336c
6c346c
6c356c
6c366c
6c376c
6c386c
6c396c
6c3a6c
6c3b6c
6c3c6c
6c3d6c
6c3e6c
6c3f6c
6c406c
6c416c
6c426c
6c436c
6c446c
6c456c
6c466c
6c476c
6c486c
6c496d
6c4a6d
6c4b6d
6c4c6d
6c4d6d
6c4e6d
6c4f6d
6c506d
6c516d
6c526d
6c536d
6c546e
6c556e
6c566e
6c576e
6c586e
6c596e
6c5a6e
6c5b6f
6c5c6f
6c5d6f
6c5e70
6c5f70
6c6070
6c6170
6c6270
6c6371
6c6471
6c6571
6c6672
6c6772
6c6872
6c6972
6c6a73
6c6b74
6c6c74
6c6d74
6c6e75
6c6f76
6c7076
6c7177
6c7278
6c7378
6c7479
6c757a
6c767a
6c777a
6c787b
6c797c
6c7a7d
6c7b7e
6c7c7f
6c7d7f
6c7e7f
6c7f7f
6c806c
6c816c
6c826c
6c836c
6c846c
6c856c
6c866c
6c876c
6c886c
6c896c
6c8a6c
6c8b6c
6c8c6c
6c8d6c
6c8e6c
6c8f6c
6c906c
6c916c
6c926c
6c936c
6c946c
6c956c
6c966c
6c976c
6c986c
6c996c
6c9a6c
6c9b6c
6c9c6c
6c9d6c
6c9e6c
6c9f6c
6ca06c
6ca16c
6ca26c
6ca36c
6ca46c
6ca56c
6ca66c
6ca76c
6ca86c
6ca96c
6caa6c
6cab6c
6cac6c
6cad6c
6cae6c
6caf6c
6cb06c
6cb16c
6cb26c
6cb36c
6cb46c
6cb56c
6cb66c
6cb76c
6cb86c
6cb96c
6cba6c
6cbb6c
6cbc6c
6cbd6c
6cbe6c
6cbf6c
6cc06c
6cc16c
6cc26c
6cc36c
6cc46c
6cc56c
6cc66c
6cc76c
6cc86c
6cc96b
6cca6b
6ccb6b
6ccc6b
6ccd6b
6cce6b
6ccf6b
6cd06b
6cd16b
6cd26b
6cd36b
6cd46a
6cd56a
6cd66a
6cd76a
6cd86a
6cd96a
6cda6a
6cdb69
6cdc69
6cdd69
6cde68
6cdf68
6ce068
6ce167
6ce266
6ce365
6ce464
6ce563
6ce662
6ce761
6ce860
6ce95c
6cea58
6ceb50
6cec00
6cedd0
6ceed8
6cefdc
6cf0e0
6cf1e4
6cf2e8
6cf3ea
6cf4ec
6cf5ee
6cf6f0
6cf7f1
6cf8f2
6cf9f4
6cfaf6
6cfbf8
6cfcf9
6cfdfa
6cfefb
6cfffc
6d006d
6d016d
6d026d
6d036d
6d046d
6d056d
6d066d
6d076d
6d086d
6d096d
6d0a6d
6d0b6d
6d0c6d
6d0d6d
6d0e6d
6d0f6d
6d106d
6d116d
6d126d
6d136d
6d146d
6d156d
6d166d
6d176d
6d186d
6d196d
6d1a6d
6d1b6d
6d1c6d
6d1d6d
6d1e6d
6d1f6d
6d206d
6d216d
6d226d
6d236d
6d246d
6d256d
6d266d
6d276d
6d286d
6d296d
6d2a6d
6d2b6d
6d2c6d
6d2d6d
6d2e6d
6d2f6d
6d306d
6d316d
6d326d
6d336d
6d346d
6d356d
6d366d
6d376d
6d386d
6d396d
6d3a6d
6d3b6d
6d3c6d
6d3d6d
6d3e6d
6d3f6d
6d406d
6d416d
6d426d
6d436d
6d446d
6d456d
6d466d
6d476d
6d486e
6d496e
6d4a6e
6d4b6e
6d4c6e
6d4d6e
6d4e6e
6d4f6e
6d506e
6d516e
6d526e
6d536e
6d546e
6d556f
6d566f
6d576f
6d586f
6d596f
6d5a70
6d5b70
6d5c70
6d5d70
6d5e70
6d5f70
6d6070
6d6171
6d6271
6d6371
6d6472
6d6572
6d6672
6d6772
6d6872
6d6973
6d6a74
6d6b74
6d6c74
6d6d75
6d6e76
6d6f76
6d7076
6d7178
6d7278
6d7379
6d7479
6d757a
6d767a
6d777b
6d787b
6d797c
6d7a7d
6d7b7e
6d7c7f
6d7d7f
6d7e7f
6d7f7f
6d806d
6d816d
6d826d
6d836d
6d846d
6d856d
6d866d
6d876d
6d886d
6d896d
6d8a6d
6d8b6d
6d8c6d
6d8d6d
6d8e6d
6d8f6d
6d906d
6d916d
6d926d
6d936d
6d946d
6d956d
6d966d
6d976d
6d986d
6d996d
6d9a6d
6d9b6d
6d9c6d
6d9d6d
6d9e6d
6d9f6d
6da06d
6da16d
6da26d
6da36d
6da46d
6da56d
6da66d
6da76d
6da86d
6da96d
6daa6d
6dab6d
6dac6d
6dad6d
6dae6d
6daf6d
6db06d
6db16d
6db26d
6db36d
6db46d
6db56d
6db66d
6db76d
6db86d
6db96d
6dba6d
6dbb6d
6dbc6d
6dbd6d
6dbe6d
6dbf6d
6dc06d
6dc16d
6dc26d
6dc36d
6dc46d
6dc56d
6dc66d
6dc76d
6dc86c
6dc96c
6dca6c
6dcb6c
6dcc6c
6dcd6c
6dce6c
6dcf6c
6dd06c
6dd16c
6dd26c
6dd36c
6dd46c
6dd56b
6dd66b
6dd76b
6dd86b
6dd96b
6dda6a
6ddb6a
6ddc6a
6ddd6a
6dde6a
6ddf69
6de069
6de168
6de268
6de367
6de466
6de565
6de664
6de763
6de862
6de960
6dea5c
6deb58
6dec50
6ded00
6deed0
6defd8
6df0dc
6df1e2
6df2e6
6df3e9
6df4eb
6df5ed
6df6ef
6df7f0
6df8f2
6df9f4
6dfaf6
6dfbf8
6dfcf9
6dfdfa
6dfefb
6dfffc
6e006e
6e016e
6e026e
6e036e
6e046e
6e056e
6e066e
6e076e
6e086e
6e096e
6e0a6e
6e0b6e
6e0c6e
6e0d6e
6e0e6e
6e0f6e
6e106e
6e116e
6e126e
6e136e
6e146e
6e156e
6e166e
6e176e
6e186e
6e196e
6e1a6e
6e1b6e
6e1c6e
6e1d6e
6e1e6e
6e1f6e
6e206e
6e216e
6e226e
6e236e
6e246e
6e256e
6e266e
6e276e
6e286e
6e296e
6e2a6e
6e2b6e
6e2c6e
6e2d6e
6e2e6e
6e2f6e
6e306e
6e316e
6e326e
6e336e
6e346e
6e356e
6e366e
6e376e
6e386e
6e396e
6e3a6e
6e3b6e
6e3c6e
6e3d6e
6e3e6e
6e3f6e
6e406e
6e416e
6e426e
6e436e
6e446e
6e456e
6e466e
6e476e
6e486e
6e496f
6e4a6f
6e4b6f
6e4c6f
6e4d6f
6e4e6f
6e4f6f
6e506f
6e516f
6e526f
6e536f
6e5470
6e5570
6e5670
6e5770
6e5870
6e5970
6e5a70
6e5b70
6e5c70
6e5d71
6e5e71
6e5f71
6e6071
6e6171
6e6272
6e6372
6e6472
6e6572
6e6672
6e6773
6e6873
6e6974
6e6a74
6e6b74
6e6c75
6e6d76
6e6e76
6e6f76
6e7077
6e7178
6e7278
6e7379
6e747a
6e757a
6e767a
6e777b
6e787c
6e797c
6e7a7e
6e7b7e
6e7c7f
6e7d7f
6e7e7f
6e7f7f
6e806e
6e816e
6e826e
6e836e
6e846e
6e856e
6e866e
6e876e
6e886e
6e896e
6e8a6e
6e8b6e
6e8c6e
6e8d6e
6e8e6e
6e8f6e
6e906e
6e916e
6e926e
6e936e
6e946e
6e956e
6e966e
6e976e
6e986e
6e996e
6e9a6e
6e9b6e
6e9c6e
6e9d6e
6e9e6e
6e9f6e
6ea06e
6ea16e
6ea26e
6ea36e
6ea46e
6ea56e
6ea66e
6ea76e
6ea86e
6ea96e
6eaa6e
6eab6e
6eac6e
6ead6e
6eae6e
6eaf6e
6eb06e
6eb16e
6eb26e
6eb36e
6eb46e
6eb56e
6eb66e
6eb76e
6eb86e
6eb96e
6eba6e
6ebb6e
6ebc6e
6ebd6e
6ebe6e
6ebf6e
6ec06e
6ec16e
6ec26e
6ec36e
6ec46e
6ec56e
6ec66e
6ec76e
6ec86e
6ec96d
6eca6d
6ecb6d
6ecc6d
6ecd6d
6ece6d
6ecf6d
6ed06d
6ed16d
6ed26d
6ed36d
6ed46c
6ed56c
6ed66c
6ed76c
6ed86c
6ed96c
6eda6c
6edb6b
6edc6b
6edd6b
6ede6a
6edf6a
6ee06a
6ee16a
6ee269
6ee368
6ee468
6ee567
6ee666
6ee765
6ee864
6ee962
6eea60
6eeb5c
6eec58
6eed50
6eee00
6eefd0
6ef0d8
6ef1e0
6ef2e4
6ef3e8
6ef4ea
6ef5ec
6ef6ee
6ef7f0
6ef8f1
6ef9f3
6efaf5
6efbf7
6efcf8
6efdfa
6efefa
6efffc
6f006f
6f016f
6f026f
6f036f
6f046f
6f056f
6f066f
6f076f
6f086f
6f096f
6f0a6f
6f0b6f
6f0c6f
6f0d6f
6f0e6f
6f0f6f
6f106f
6f116f
6f126f
6f136f
6f146f
6f156f
6f166f
6f176f
6f186f
6f196f
6f1a6f
6f1b6f
6f1c6f
6f1d6f
6f1e6f
6f1f6f
6f206f
6f216f
6f226f
6f236f
6f246f
6f256f
6f266f
6f276f
6f286f
6f296f
6f2a6f
6f2b6f
6f2c6f
6f2d6f
6f2e6f
6f2f6f
6f306f
6f316f
6f326f
6f336f
6f346f
6f356f
6f366f
6f376f
6f386f
6f396f
6f3a6f
6f3b6f
6f3c6f
6f3d6f
6f3e6f
6f3f6f
6f406f
6f416f
6f426f
6f436f
6f446f
6f456f
6f466f
6f476f
6f4870
6f4970
6f4a70
6f4b70
6f4c70
6f4d70
6f4e70
6f4f70
6f5070
6f5170
6f5270
6f5370
6f5470
6f5570
6f5670
6f5770
6f5870
6f5971
6f5a71
6f5b71
6f5c71
6f5d71
6f5e71
6f5f71
6f6072
6f6172
6f6272
6f6372
6f6472
6f6573
6f6673
6f6773
6f6874
6f6974
6f6a74
6f6b75
6f6c76
6f6d76
6f6e76
6f6f77
6f7078
6f7178
6f7279
6f7379
6f747a
6f757a
6f767b
6f777b
6f787c
6f797d
6f7a7e
6f7b7f
6f7c7f
6f7d7f
6f7e7f
6f7f7f
6f806f
6f816f
6f826f
6f836f
6f846f
6f856f
6f866f
6f876f
6f886f
6f896f
6f8a6f
6f8b6f
6f8c6f
6f8d6f
6f8e6f
6f8f6f
6f906f
6f916f
6f926f
6f936f
6f946f
6f956f
6f966f
6f976f
6f986f
6f996f
6f9a6f
6f9b6f
6f9c6f
6f9d6f
6f9e6f
6f9f6f
6fa06f
6fa16f
6fa26f
6fa36f
6fa46f
6fa56f
6fa66f
6fa76f
6fa86f
6fa96f
6faa6f
6fab6f
6fac6f
6fad6f
6fae6f
6faf6f
6fb06f
6fb16f
6fb26f
6fb36f
6fb46f
6fb56f
6fb66f
6fb76f
6fb86f
6fb96f
6fba6f
6fbb6f
6fbc6f
6fbd6f
6fbe6f
6fbf6f
6fc06f
6fc16f
6fc26f
6fc36f
6fc46f
6fc56f
6fc66f
6fc76f
6fc86e
6fc96e
6fca6e
6fcb6e
6fcc6e
6fcd6e
6fce6e
6fcf6e
6fd06e
6fd16e
6fd26e
6fd36e
6fd46e
6fd56d
6fd66d
6fd76d
6fd86d
6fd96d
6fda6c
6fdb6c
6fdc6c
6fdd6c
6fde6c
6fdf6b
6fe06b
6fe16a
6fe26a
6fe36a
6fe469
6fe568
6fe668
6fe767
6fe866
6fe964
6fea62
6feb60
6fec5c
6fed58
6fee50
6fef00
6ff0d0
6ff1dc
6ff2e2
6ff3e6
6ff4e9
6ff5eb
6ff6ed
6ff7ef
6ff8f0
6ff9f2
6ffaf4
6ffbf6
6ffcf8
6ffdf9
6ffefa
6ffffb
700070
700170
700270
700370
700470
700570
700670
700770
700870
700970
700a70
700b70
700c70
700d70
700e70
700f70
701070
701170
701270
701370
701470
701570
701670
701770
701870
701970
701a70
701b70
701c70
701d70
701e70
701f70
702070
702170
702270
702370
702470
702570
702670
702770
702870
702970
702a70
702b70
702c70
702d70
702e70
702f70
703070
703170
703270
703370
703470
703570
703670
703770
703870
703970
703a70
703b70
703c70
703d70
703e70
703f70
704070
704170
704270
704370
704470
704570
704670
704770
704870
704970
704a70
704b70
704c70
704d70
704e70
704f70
705070
705171
705271
705371
705471
705571
705671
705771
705871
705971
705a71
705b71
705c72
705d72
705e72
705f72
706072
706172
706272
706373
706473
706573
706674
706774
706874
706974
706a75
706b76
706c76
706d76
706e77
706f78
707078
707178
707279
70737a
70747a
70757a
70767b
70777c
70787c
70797d
707a7e
707b7f
707c7f
707d7f
707e7f
707f7f
708070
708170
708270
708370
708470
708570
708670
708770
708870
708970
708a70
708b70
708c70
708d70
708e70
708f70
709070
709170
709270
709370
709470
709570
709670
709770
709870
709970
709a70
709b70
709c70
709d70
709e70
709f70
70a070
70a170
70a270
70a370
70a470
70a570
70a670
70a770
70a870
70a970
70aa70
70ab70
70ac70
70ad70
70ae70
70af70
70b070
70b170
70b270
70b370
70b470
70b570
70b670
70b770
70b870
70b970
70ba70
70bb70
70bc70
70bd70
70be70
70bf70
70c070
70c170
70c270
70c370
70c470
70c570
70c670
70c770
70c870
70c96f
70ca6f
70cb6f
70cc6f
70cd6f
70ce6f
70cf6f
70d06f
70d16f
70d26f
70d36f
70d46e
70d56e
70d66e
70d76e
70d86e
70d96e
70da6e
70db6d
70dc6d
70dd6d
70de6c
70df6c
70e06c
70e16c
70e26b
70e36a
70e46a
70e56a
70e669
70e768
70e868
70e966
70ea64
70eb62
70ec60
70ed5c
70ee58
70ef50
70f000
70f1d8
70f2e0
70f3e4
70f4e8
70f5ea
70f6ec
70f7ee
70f8f0
70f9f2
70faf4
70fbf6
70fcf8
70fdf9
70fefa
70fffb
710071
710171
710271
710371
710471
710571
710671
710771
710871
710971
710a71
710b71
710c71
710d71
710e71
710f71
711071
711171
711271
711371
711471
711571
711671
711771
711871
711971
711a71
711b71
711c71
711d71
711e71
711f71
712071
712171
712271
712371
712471
712571
712671
712771
712871
712971
712a71
712b71
712c71
712d71
712e71
712f71
713071
713171
713271
713371
713471
713571
713671
713771
713871
713971
713a71
713b71
713c71
713d71
713e71
713f71
714071
714171
714271
714371
714471
714571
714671
714771
714871
714971
714a71
714b71
714c71
714d71
714e71
714f71
715072
715172
715272
715372
715472
715572
715672
715772
715872
715972
715a72
715b72
715c72
715d73
715e73
715f73
716073
716173
716274
716374
716474
716574
716674
716775
716875
716976
716a76
716b76
716c77
716d78
716e78
716f78
717078
717179
71727a
71737a
71747a
71757b
71767c
71777c
71787c
71797e
717a7e
717b7f
717c7f
717d7f
717e7f
717f7f
718071
718171
718271
718371
718471
718571
718671
718771
718871
718971
718a71
718b71
718c71
718d71
718e71
718f71
719071
719171
719271
719371
719471
719571
719671
719771
719871
719971
719a71
719b71
719c71
719d71
719e71
719f71
71a071
71a171
71a271
71a371
71a471
71a571
71a671
71a771
71a871
71a971
71aa71
71ab71
71ac71
71ad71
71ae71
71af71
71b071
71b171
71b271
71b371
71b471
71b571
71b671
71b771
71b871
71b971
71ba71
71bb71
71bc71
71bd71
71be71
71bf71
71c071
71c171
71c271
71c371
71c471
71c571
71c671
71c771
71c871
71c971
71ca71
71cb71
71cc71
71cd71
71ce71
71cf71
71d070
71d170
71d270
71d370
71d470
71d570
71d670
71d770
71d870
71d970
71da70
71db6f
71dc6f
71dd6f
71de6e
71df6e
71e06e
71e16e
71e26d
71e36c
71e46c
71e56c
71e66b
71e76a
71e86a
71e969
71ea68
71eb66
71ec64
71ed62
71ee60
71ef5c
71f058
71f100
71f2d8
71f3e0
71f4e4
71f5e8
71f6ea
71f7ec
71f8ee
71f9f1
71faf3
71fbf5
71fcf7
71fdf8
71fefa
71fffa
720072
720172
720272
720372
720472
720572
720672
720772
720872
720972
720a72
720b72
720c72
720d72
720e72
720f72
721072
721172
721272
721372
721472
721572
721672
721772
721872
721972
721a72
721b72
721c72
721d72
721e72
721f72
722072
722172
722272
722372
722472
722572
722672
722772
722872
722972
722a72
722b72
722c72
722d72
722e72
722f72
723072
723172
723272
723372
723472
723572
723672
723772
723872
723972
723a72
723b72
723c72
723d72
723e72
723f72
724072
724172
724272
724372
724472
724572
724672
724772
724872
724972
724a72
724b72
724c72
724d72
724e72
724f72
725072
725173
725273
725373
725473
725573
725673
725773
725873
725973
725a73
725b73
725c74
725d74
725e74
725f74
726074
726174
726274
726375
726475
726575
726676
726776
726876
726976
726a77
726b78
726c78
726d78
726e78
726f79
727079
72717a
72727a
72737a
72747b
72757c
72767c
72777c
72787d
72797e
727a7f
727b7f
727c7f
727d7f
727e7f
727f7f
728072
728172
728272
728372
728472
728572
728672
728772
728872
728972
728a72
728b72
728c72
728d72
728e72
728f72
729072
729172
729272
729372
729472
729572
729672
729772
729872
729972
729a72
729b72
729c72
729d72
729e72
729f72
72a072
72a172
72a272
72a372
72a472
72a572
72a672
72a772
72a872
72a972
72aa72
72ab72
72ac72
72ad72
72ae72
72af72
72b072
72b172
72b272
72b372
72b472
72b572
72b672
72b772
72b872
72b972
72ba72
72bb72
72bc72
72bd72
72be72
72bf72
72c072
72c172
72c272
72c372
72c472
72c572
72c672
72c772
72c872
72c972
72ca72
72cb72
72cc72
72cd72
72ce72
72cf72
72d072
72d171
72d271
72d371
72d471
72d571
72d671
72d771
72d871
72d971
72da71
72db71
72dc70
72dd70
72de70
72df70
72e070
72e170
72e26f
72e36e
72e46e
72e56e
72e66d
72e76c
72e86c
72e96b
72ea6a
72eb69
72ec68
72ed66
72ee64
72ef62
72f060
72f158
72f200
72f3d8
72f4e0
72f5e4
72f6e8
72f7ea
72f8ec
72f9f0
72faf2
72fbf4
72fcf6
72fdf8
72fef9
72fffa
730073
730173
730273
730373
730473
730573
730673
730773
730873
730973
730a73
730b73
730c73
730d73
730e73
730f73
731073
731173
731273
731373
731473
731573
731673
731773
731873
731973
731a73
731b73
731c73
731d73
731e73
731f73
732073
732173
732273
732373
732473
732573
732673
732773
732873
732973
732a73
732b73
732c73
732d73
732e73
732f73
733073
733173
733273
733373
733473
733573
733673
733773
733873
733973
733a73
733b73
733c73
733d73
733e73
733f73
734073
734173
734273
734373
734473
734573
734673
734773
734873
734973
734a73
734b73
734c73
734d73
734e73
734f73
735074
735174
735274
735374
735474
735574
735674
735774
735874
735974
735a74
735b74
735c74
735d75
735e75
735f75
736075
736175
736276
736376
736476
736576
736676
736777
736877
736978
736a78
736b78
736c78
736d79
736e79
736f79
73707a
73717a
73727a
73737b
73747c
73757c
73767c
73777d
73787e
73797e
737a7f
737b7f
737c7f
737d7f
737e7f
737f7f
738073
738173
738273
738373
738473
738573
738673
738773
738873
738973
738a73
738b73
738c73
738d73
738e73
738f73
739073
739173
739273
739373
739473
739573
739673
739773
739873
739973
739a73
739b73
739c73
739d73
739e73
739f73
73a073
73a173
73a273
73a373
73a473
73a573
73a673
73a773
73a873
73a973
73aa73
73ab73
73ac73
73ad73
73ae73
73af73
73b073
73b173
73b273
73b373
73b473
73b573
73b673
73b773
73b873
73b973
73ba73
73bb73
73bc73
73bd73
73be73
73bf73
73c073
73c173
73c273
73c373
73c473
73c573
73c673
73c773
73c873
73c973
73ca73
73cb73
73cc73
73cd73
73ce73
73cf73
73d072
73d172
73d272
73d372
73d472
73d572
73d672
73d772
73d872
73d972
73da72
73db72
73dc72
73dd71
73de71
73df71
73e071
73e171
73e270
73e370
73e470
73e570
73e66f
73e76e
73e86e
73e96d
73ea6c
73eb6b
73ec6a
73ed69
73ee68
73ef66
73f064
73f160
73f258
73f300
73f4d8
73f5e0
73f6e4
73f7e8
73f8ea
73f9ee
73faf1
73fbf3
73fcf5
73fdf7
73fef8
73fffa
740074
740174
740274
740374
740474
740574
740674
740774
740874
740974
740a74
740b74
740c74
740d74
740e74
740f74
741074
741174
741274
741374
741474
741574
741674
741774
741874
741974
741a74
741b74
741c74
741d74
741e74
741f74
742074
742174
742274
742374
742474
742574
742674
742774
742874
742974
742a74
742b74
742c74
742d74
742e74
742f74
743074
743174
743274
743374
743474
743574
743674
743774
743874
743974
743a74
743b74
743c74
743d74
743e74
743f74
744074
744174
744274
744374
744474
744574
744674
744774
744874
744974
744a74
744b74
744c74
744d74
744e74
744f74
745074
745175
745275
745375
745475
745575
745675
745775
745875
745975
745a75
745b75
745c76
745d76
745e76
745f76
746076
746176
746276
746377
746477
746577
746678
746778
746878
746978
746a78
746b79
746c79
746d79
746e7a
746f7a
74707a
74717a
74727b
74737c
74747c
74757c
74767d
74777e
74787e
74797f
747a7f
747b7f
747c7f
747d7f
747e7f
747f7f
748074
748174
748274
748374
748474
748574
748674
748774
748874
748974
748a74
748b74
748c74
748d74
748e74
748f74
749074
749174
749274
749374
749474
749574
749674
749774
749874
749974
749a74
749b74
749c74
749d74
749e74
749f74
74a074
74a174
74a274
74a374
74a474
74a574
74a674
74a774
74a874
74a974
74aa74
74ab74
74ac74
74ad74
74ae74
74af74
74b074
74b174
74b274
74b374
74b474
74b574
74b674
74b774
74b874
74b974
74ba74
74bb74
74bc74
74bd74
74be74
74bf74
74c074
74c174
74c274
74c374
74c474
74c574
74c674
74c774
74c874
74c974
74ca74
74cb74
74cc74
74cd74
74ce74
74cf74
74d074
74d173
74d273
74d373
74d473
74d573
74d673
74d773
74d873
74d973
74da73
74db73
74dc72
74dd72
74de72
74df72
74e072
74e172
74e272
74e371
74e471
74e571
74e670
74e770
74e870
74e96f
74ea6e
74eb6d
74ec6c
74ed6b
74ee6a
74ef69
74f068
74f164
74f260
74f358
74f400
74f5d8
74f6e0
74f7e4
74f8e8
74f9ec
74faf0
74fbf2
74fcf4
74fdf6
74fef8
74fff9
750075
750175
750275
750375
750475
750575
750675
750775
750875
750975
750a75
750b75
750c75
750d75
750e75
750f75
751075
751175
751275
751375
751475
751575
751675
751775
751875
751975
751a75
751b75
751c75
751d75
751e75
751f75
752075
752175
752275
752375
752475
752575
752675
752775
752875
752975
752a75
752b75
752c75
752d75
752e75
752f75
753075
753175
753275
753375
753475
753575
753675
753775
753875
753975
753a75
753b75
753c75
753d75
753e75
753f75
754075
754175
754275
754375
754475
754575
754675
754775
754875
754975
754a75
754b75
754c75
754d75
754e75
754f75
755076
755176
755276
755376
755476
755576
755676
755776
755876
755976
755a76
755b76
755c76
755d77
755e77
755f77
756077
756177
756278
756378
756478
756578
756678
756778
756878
756979
756a79
756b79
756c7a
756d7a
756e7a
756f7a
75707a
75717b
75727c
75737c
75747c
75757d
75767e
75777e
75787e
75797f
757a7f
757b7f
757c7f
757d7f
757e7f
757f7f
758075
758175
758275
758375
758475
758575
758675
758775
758875
758975
758a75
758b75
758c75
758d75
758e75
758f75
759075
759175
759275
759375
759475
759575
759675
759775
759875
759975
759a75
759b75
759c75
759d75
759e75
759f75
75a075
75a175
75a275
75a375
75a475
75a575
75a675
75a775
75a875
75a975
75aa75
75ab75
75ac75
75ad75
75ae75
75af75
75b075
75b175
75b275
75b375
75b475
75b575
75b675
75b775
75b875
75b975
75ba75
75bb75
75bc75
75bd75
75be75
75bf75
75c075
75c175
75c275
75c375
75c475
75c575
75c675
75c775
75c875
75c975
75ca75
75cb75
75cc75
75cd75
75ce75
75cf75
75d074
75d174
75d274
75d374
75d474
75d574
75d674
75d774
75d874
75d974
75da74
75db74
75dc74
75dd73
75de73
75df73
75e073
75e173
75e272
75e372
75e472
75e572
75e672
75e771
75e871
75e970
75ea70
75eb6f
75ec6e
75ed6d
75ee6c
75ef6b
75f06a
75f168
75f264
75f360
75f458
75f500
75f6d8
75f7e0
75f8e4
75f9ea
75faee
75fbf1
75fcf3
75fdf5
75fef7
75fff8
760076
760176
760276
760376
760476
760576
760676
760776
760876
760976
760a76
760b76
760c76
760d76
760e76
760f76
761076
761176
761276
761376
761476
761576
761676
761776
761876
761976
761a76
761b76
761c76
761d76
761e76
761f76
762076
762176
762276
762376
762476
762576
762676
762776
762876
762976
762a76
762b76
762c76
762d76
762e76
762f76
763076
763176
763276
763376
763476
763576
763676
763776
763876
763976
763a76
763b76
763c76
763d76
763e76
763f76
764076
764176
764276
764376
764476
764576
764676
764776
764876
764976
764a76
764b76
764c76
764d76
764e76
764f76
765076
765177
765277
765377
765477
765577
765677
765777
765877
765977
765a77
765b77
765c78
765d78
765e78
765f78
766078
766178
766278
766378
766478
766579
766679
766779
766879
766979
766a7a
766b7a
766c7a
766d7a
766e7a
766f7b
76707b
76717c
76727c
76737c
76747d
76757e
76767e
76777e
76787f
76797f
767a7f
767b7f
767c7f
767d7f
767e7f
767f7f
768076
768176
768276
768376
768476
768576
768676
768776
768876
768976
768a76
768b76
768c76
768d76
768e76
768f76
769076
769176
769276
769376
769476
769576
769676
769776
769876
769976
769a76
769b76
769c76
769d76
769e76
769f76
76a076
76a176
76a276
76a376
76a476
76a576
76a676
76a776
76a876
76a976
76aa76
76ab76
76ac76
76ad76
76ae76
76af76
76b076
76b176
76b276
76b376
76b476
76b576
76b676
76b776
76b876
76b976
76ba76
76bb76
76bc76
76bd76
76be76
76bf76
76c076
76c176
76c276
76c376
76c476
76c576
76c676
76c776
76c876
76c976
76ca76
76cb76
76cc76
76cd76
76ce76
76cf76
76d076
76d175
76d275
76d375
76d475
76d575
76d675
76d775
76d875
76d975
76da75
76db75
76dc74
76dd74
76de74
76df74
76e074
76e174
76e274
76e373
76e473
76e573
76e672
76e772
76e872
76e972
76ea71
76eb70
76ec70
76ed6f
76ee6e
76ef6d
76f06c
76f16a
76f268
76f364
76f460
76f558
76f600
76f7d8
76f8e0
76f9e8
76faec
76fbf0
76fcf2
76fdf4
76fef6
76fff8
770077
770177
770277
770377
770477
770577
770677
770777
770877
770977
770a77
770b77
770c77
770d77
770e77
770f77
771077
771177
771277
771377
771477
771577
771677
771777
771877
771977
771a77
771b77
771c77
771d77
771e77
771f77
772077
772177
772277
772377
772477
772577
772677
772777
772877
772977
772a77
772b77
772c77
772d77
772e77
772f77
773077
773177
773277
773377
773477
773577
773677
773777
773877
773977
773a77
773b77
773c77
773d77
773e77
773f77
774077
774177
774277
774377
774477
774577
774677
774777
774877
774977
774a77
774b77
774c77
774d77
774e77
774f77
775078
775178
775278
775378
775478
775578
775678
775778
775878
775978
775a78
775b78
775c78
775d78
775e78
775f78
776078
776179
776279
776379
776479
776579
776679
776779
77687a
77697a
776a7a
776b7a
776c7a
776d7b
776e7b
776f7b
77707c
77717c
77727c
77737d
77747e
77757e
77767e
77777f
77787f
77797f
777a7f
777b7f
777c7f
777d7f
777e7f
777f7f
778077
778177
778277
778377
778477
778577
778677
778777
778877
778977
778a77
778b77
778c77
778d77
778e77
778f77
779077
779177
779277
779377
779477
779577
779677
779777
779877
779977
779a77
779b77
779c77
779d77
779e77
779f77
77a077
77a177
77a277
77a377
77a477
77a577
77a677
77a777
77a877
77a977
77aa77
77ab77
77ac77
77ad77
77ae77
77af77
77b077
77b177
77b277
77b377
77b477
77b577
77b677
77b777
77b877
77b977
77ba77
77bb77
77bc77
77bd77
77be77
77bf77
77c077
77c177
77c277
77c377
77c477
77c577
77c677
77c777
77c877
77c977
77ca77
77cb77
77cc77
77cd77
77ce77
77cf77
77d076
77d176
77d276
77d376
77d476
77d576
77d676
77d776
77d876
77d976
77da76
77db76
77dc76
77dd75
77de75
77df75
77e075
77e175
77e274
77e374
77e474
77e574
77e674
77e773
77e873
77e972
77ea72
77eb72
77ec71
77ed70
77ee70
77ef6f
77f06e
77f16c
77f26a
77f368
77f464
77f560
77f658
77f700
77f8d8
77f9e4
77faea
77fbee
77fcf1
77fdf3
77fef5
77fff7
780078
780178
780278
780378
780478
780578
780678
780778
780878
780978
780a78
780b78
780c78
780d78
780e78
780f78
781078
781178
781278
781378
781478
781578
781678
781778
781878
781978
781a78
781b78
781c78
781d78
781e78
781f78
782078
782178
782278
782378
782478
782578
782678
782778
782878
782978
782a78
782b78
782c78
782d78
782e78
782f78
783078
783178
783278
783378
783478
783578
783678
783778
783878
783978
783a78
783b78
783c78
783d78
783e78
783f78
784078
784178
784278
784378
784478
784578
784678
784778
784878
784978
784a78
784b78
784c78
784d78
784e78
784f78
785078
785178
785278
785378
785478
785578
785678
785778
785878
785979
785a79
785b79
785c79
785d79
785e79
785f79
786079
786179
786279
786379
78647a
78657a
78667a
78677a
78687a
78697a
786a7a
786b7b
786c7b
786d7b
786e7c
786f7c
78707c
78717c
78727d
78737e
78747e
78757e
78767f
78777f
78787f
78797f
787a7f
787b7f
787c7f
787d7f
787e7f
787f7f
788078
788178
788278
788378
788478
788578
788678
788778
788878
788978
788a78
788b78
788c78
788d78
788e78
788f78
789078
789178
789278
789378
789478
789578
789678
789778
789878
789978
789a78
789b78
789c78
789d78
789e78
789f78
78a078
78a178
78a278
78a378
78a478
78a578
78a678
78a778
78a878
78a978
78aa78
78ab78
78ac78
78ad78
78ae78
78af78
78b078
78b178
78b278
78b378
78b478
78b578
78b678
78b778
78b878
78b978
78ba78
78bb78
78bc78
78bd78
78be78
78bf78
78c078
78c178
78c278
78c378
78c478
78c578
78c678
78c778
78c878
78c978
78ca78
78cb78
78cc78
78cd78
78ce78
78cf78
78d078
78d177
78d277
78d377
78d477
78d577
78d677
78d777
78d877
78d977
78da77
78db77
78dc76
78dd76
78de76
78df76
78e076
78e176
78e276
78e375
78e475
78e575
78e674
78e774
78e874
78e974
78ea73
78eb72
78ec72
78ed72
78ee71
78ef70
78f070
78f16e
78f26c
78f36a
78f468
78f564
78f660
78f758
78f800
78f9e0
78fae8
78fbec
78fcf0
78fdf2
78fef4
78fff6
790079
790179
790279
790379
790479
790579
790679
790779
790879
790979
790a79
790b79
790c79
790d79
790e79
790f79
791079
791179
791279
791379
791479
791579
791679
791779
791879
791979
791a79
791b79
791c79
791d79
791e79
791f79
792079
792179
792279
792379
792479
792579
792679
792779
792879
792979
792a79
792b79
792c79
792d79
792e79
792f79
793079
793179
793279
793379
793479
793579
793679
793779
793879
793979
793a79
793b79
793c79
793d79
793e79
793f79
794079
794179
794279
794379
794479
794579
794679
794779
794879
794979
794a79
794b79
794c79
794d79
794e79
794f79
795079
795179
795279
795379
795479
795579
795679
795779
79587a
79597a
795a7a
795b7a
795c7a
795d7a
795e7a
795f7a
79607a
79617a
79627a
79637a
79647a
79657b
79667b
79677b
79687b
79697b
796a7c
796b7c
796c7c
796d7c
796e7c
796f7d
79707d
79717e
79727e
79737e
79747f
79757f
79767f
79777f
79787f
79797f
797a7f
797b7f
797c7f
797d7f
797e7f
797f7f
798079
798179
798279
798379
798479
798579
798679
798779
798879
798979
798a79
798b79
798c79
798d79
798e79
798f79
799079
799179
799279
799379
799479
799579
799679
799779
799879
799979
799a79
799b79
799c79
799d79
799e79
799f79
79a079
79a179
79a279
79a379
79a479
79a579
79a679
79a779
79a879
79a979
79aa79
79ab79
79ac79
79ad79
79ae79
79af79
79b079
79b179
79b279
79b379
79b479
79b579
79b679
79b779
79b879
79b979
79ba79
79bb79
79bc79
79bd79
79be79
79bf79
79c079
79c179
79c279
79c379
79c479
79c579
79c679
79c779
79c879
79c979
79ca79
79cb79
79cc79
79cd79
79ce79
79cf79
79d079
79d179
79d279
79d379
79d479
79d579
79d679
79d779
79d878
79d978
79da78
79db78
79dc78
79dd78
79de78
79df78
79e078
79e178
79e278
79e377
79e477
79e577
79e676
79e776
79e876
79e976
79ea75
79eb74
79ec74
79ed74
79ee73
79ef72
79f072
79f171
79f270
79f36e
79f46c
79f56a
79f668
79f764
79f860
79f900
79fae0
79fbe8
79fcec
79fdf0
79fef2
79fff4
7a007a
7a017a
7a027a
7a037a
7a047a
7a057a
7a067a
7a077a
7a087a
7a097a
7a0a7a
7a0b7a
7a0c7a
7a0d7a
7a0e7a
7a0f7a
7a107a
7a117a
7a127a
7a137a
7a147a
7a157a
7a167a
7a177a
7a187a
7a197a
7a1a7a
7a1b7a
7a1c7a
7a1d7a
7a1e7a
7a1f7a
7a207a
7a217a
7a227a
7a237a
7a247a
7a257a
7a267a
7a277a
7a287a
7a297a
7a2a7a
7a2b7a
7a2c7a
7a2d7a
7a2e7a
7a2f7a
7a307a
7a317a
7a327a
7a337a
7a347a
7a357a
7a367a
7a377a
7a387a
7a397a
7a3a7a
7a3b7a
7a3c7a
7a3d7a
7a3e7a
7a3f7a
7a407a
7a417a
7a427a
7a437a
7a447a
7a457a
7a467a
7a477a
7a487a
7a497a
7a4a7a
7a4b7a
7a4c7a
7a4d7a
7a4e7a
7a4f7a
7a507a
7a517a
7a527a
7a537a
7a547a
7a557a
7a567a
7a577a
7a587a
7a597b
7a5a7b
7a5b7b
7a5c7b
7a5d7b
7a5e7b
7a5f7b
7a607b
7a617b
7a627b
7a637b
7a647c
7a657c
7a667c
7a677c
7a687c
7a697c
7a6a7c
7a6b7d
7a6c7d
7a6d7d
7a6e7e
7a6f7e
7a707e
7a717e
7a727f
7a737f
7a747f
7a757f
7a767f
7a777f
7a787f
7a797f
7a7a7f
7a7b7f
7a7c7f
7a7d7f
7a7e7f
7a7f7f
7a807a
7a817a
7a827a
7a837a
7a847a
7a857a
7a867a
7a877a
7a887a
7a897a
7a8a7a
7a8b7a
7a8c7a
7a8d7a
7a8e7a
7a8f7a
7a907a
7a917a
7a927a
7a937a
7a947a
7a957a
7a967a
7a977a
7a987a
7a997a
7a9a7a
7a9b7a
7a9c7a
7a9d7a
7a9e7a
7a9f7a
7aa07a
7aa17a
7aa27a
7aa37a
7aa47a
7aa57a
7aa67a
7aa77a
7aa87a
7aa97a
7aaa7a
7aab7a
7aac7a
7aad7a
7aae7a
7aaf7a
7ab07a
7ab17a
7ab27a
7ab37a
7ab47a
7ab57a
7ab67a
7ab77a
7ab87a
7ab97a
7aba7a
7abb7a
7abc7a
7abd7a
7abe7a
7abf7a
7ac07a
7ac17a
7ac27a
7ac37a
7ac47a
7ac57a
7ac67a
7ac77a
7ac87a
7ac97a
7aca7a
7acb7a
7acc7a
7acd7a
7ace7a
7acf7a
7ad07a
7ad17a
7ad27a
7ad37a
7ad47a
7ad57a
7ad67a
7ad77a
7ad87a
7ad979
7ada79
7adb79
7adc79
7add79
7ade79
7adf79
7ae079
7ae179
7ae279
7ae379
7ae478
7ae578
7ae678
7ae778
7ae878
7ae978
7aea77
7aeb76
7aec76
7aed76
7aee75
7aef74
7af074
7af173
7af272
7af371
7af470
7af56e
7af66c
7af76a
7af868
7af960
7afa00
7afbe0
7afce8
7afdec
7afef0
7afff2
7b007b
7b017b
7b027b
7b037b
7b047b
7b057b
7b067b
7b077b
7b087b
7b097b
7b0a7b
7b0b7b
7b0c7b
7b0d7b
7b0e7b
7b0f7b
7b107b
7b117b
7b127b
7b137b
7b147b
7b157b
7b167b
7b177b
7b187b
7b197b
7b1a7b
7b1b7b
7b1c7b
7b1d7b
7b1e7b
7b1f7b
7b207b
7b217b
7b227b
7b237b
7b247b
7b257b
7b267b
7b277b
7b287b
7b297b
7b2a7b
7b2b7b
7b2c7b
7b2d7b
7b2e7b
7b2f7b
7b307b
7b317b
7b327b
7b337b
7b347b
7b357b
7b367b
7b377b
7b387b
7b397b
7b3a7b
7b3b7b
7b3c7b
7b3d7b
7b3e7b
7b3f7b
7b407b
7b417b
7b427b
7b437b
7b447b
7b457b
7b467b
7b477b
7b487b
7b497b
7b4a7b
7b4b7b
7b4c7b
7b4d7b
7b4e7b
7b4f7b
7b507b
7b517b
7b527b
7b537b
7b547b
7b557b
7b567b
7b577b
7b587c
7b597c
7b5a7c
7b5b7c
7b5c7c
7b5d7c
7b5e7c
7b5f7c
7b607c
7b617c
7b627c
7b637c
7b647c
7b657d
7b667d
7b677d
7b687d
7b697d
7b6a7e
7b6b7e
7b6c7e
7b6d7e
7b6e7e
7b6f7f
7b707f
7b717f
7b727f
7b737f
7b747f
7b757f
7b767f
7b777f
7b787f
7b797f
7b7a7f
7b7b7f
7b7c7f
7b7d7f
7b7e7f
7b7f7f
7b807b
7b817b
7b827b
7b837b
7b847b
7b857b
7b867b
7b877b
7b887b
7b897b
7b8a7b
7b8b7b
7b8c7b
7b8d7b
7b8e7b
7b8f7b
7b907b
7b917b
7b927b
7b937b
7b947b
7b957b
7b967b
7b977b
7b987b
7b997b
7b9a7b
7b9b7b
7b9c7b
7b9d7b
7b9e7b
7b9f7b
7ba07b
7ba17b
7ba27b
7ba37b
7ba47b
7ba57b
7ba67b
7ba77b
7ba87b
7ba97b
7baa7b
7bab7b
7bac7b
7bad7b
7bae7b
7baf7b
7bb07b
7bb17b
7bb27b
7bb37b
7bb47b
7bb57b
7bb67b
7bb77b
7bb87b
7bb97b
7bba7b
7bbb7b
7bbc7b
7bbd7b
7bbe7b
7bbf7b
7bc07b
7bc17b
7bc27b
7bc37b
7bc47b
7bc57b
7bc67b
7bc77b
7bc87b
7bc97b
7bca7b
7bcb7b
7bcc7b
7bcd7b
7bce7b
7bcf7b
7bd07b
7bd17b
7bd27b
7bd37b
7bd47b
7bd57b
7bd67b
7bd77b
7bd87a
7bd97a
7bda7a
7bdb7a
7bdc7a
7bdd7a
7bde7a
7bdf7a
7be07a
7be17a
7be27a
7be37a
7be47a
7be579
7be679
7be779
7be879
7be979
7bea78
7beb78
7bec78
7bed78
7bee77
7bef76
7bf076
7bf175
7bf274
7bf373
7bf472
7bf571
7bf670
7bf76e
7bf86c
7bf968
7bfa60
7bfb00
7bfce0
7bfde8
7bfeec
7bfff0
7c007c
7c017c
7c027c
7c037c
7c047c
7c057c
7c067c
7c077c
7c087c
7c097c
7c0a7c
7c0b7c
7c0c7c
7c0d7c
7c0e7c
7c0f7c
7c107c
7c117c
7c127c
7c137c
7c147c
7c157c
7c167c
7c177c
7c187c
7c197c
7c1a7c
7c1b7c
7c1c7c
7c1d7c
7c1e7c
7c1f7c
7c207c
7c217c
7c227c
7c237c
7c247c
7c257c
7c267c
7c277c
7c287c
7c297c
7c2a7c
7c2b7c
7c2c7c
7c2d7c
7c2e7c
7c2f7c
7c307c
7c317c
7c327c
7c337c
7c347c
7c357c
7c367c
7c377c
7c387c
7c397c
7c3a7c
7c3b7c
7c3c7c
7c3d7c
7c3e7c
7c3f7c
7c407c
7c417c
7c427c
7c437c
7c447c
7c457c
7c467c
7c477c
7c487c
7c497c
7c4a7c
7c4b7c
7c4c7c
7c4d7c
7c4e7c
7c4f7c
7c507c
7c517c
7c527c
7c537c
7c547c
7c557c
7c567c
7c577c
7c587c
7c597d
7c5a7d
7c5b7d
7c5c7d
7c5d7d
7c5e7d
7c5f7d
7c607d
7c617d
7c627d
7c637d
7c647e
7c657e
7c667e
7c677e
7c687e
7c697e
7c6a7e
7c6b7f
7c6c7f
7c6d7f
7c6e7f
7c6f7f
7c707f
7c717f
7c727f
7c737f
7c747f
7c757f
7c767f
7c777f
7c787f
7c797f
7c7a7f
7c7b7f
7c7c7f
7c7d7f
7c7e7f
7c7f7f
7c807c
7c817c
7c827c
7c837c
7c847c
7c857c
7c867c
7c877c
7c887c
7c897c
7c8a7c
7c8b7c
7c8c7c
7c8d7c
7c8e7c
7c8f7c
7c907c
7c917c
7c927c
7c937c
7c947c
7c957c
7c967c
7c977c
7c987c
7c997c
7c9a7c
7c9b7c
7c9c7c
7c9d7c
7c9e7c
7c9f7c
7ca07c
7ca17c
7ca27c
7ca37c
7ca47c
7ca57c
7ca67c
7ca77c
7ca87c
7ca97c
7caa7c
7cab7c
7cac7c
7cad7c
7cae7c
7caf7c
7cb07c
7cb17c
7cb27c
7cb37c
7cb47c
7cb57c
7cb67c
7cb77c
7cb87c
7cb97c
7cba7c
7cbb7c
7cbc7c
7cbd7c
7cbe7c
7cbf7c
7cc07c
7cc17c
7cc27c
7cc37c
7cc47c
7cc57c
7cc67c
7cc77c
7cc87c
7cc97c
7cca7c
7ccb7c
7ccc7c
7ccd7c
7cce7c
7ccf7c
7cd07c
7cd17c
7cd27c
7cd37c
7cd47c
7cd57c
7cd67c
7cd77c
7cd87c
7cd97b
7cda7b
7cdb7b
7cdc7b
7cdd7b
7cde7b
7cdf7b
7ce07b
7ce17b
7ce27b
7ce37b
7ce47a
7ce57a
7ce67a
7ce77a
7ce87a
7ce97a
7cea7a
7ceb79
7cec79
7ced79
7cee78
7cef78
7cf078
7cf177
7cf276
7cf375
7cf474
7cf573
7cf672
7cf771
7cf870
7cf96c
7cfa68
7cfb60
7cfc00
7cfde0
7cfee8
7cffec
7d007d
7d017d
7d027d
7d037d
7d047d
7d057d
7d067d
7d077d
7d087d
7d097d
7d0a7d
7d0b7d
7d0c7d
7d0d7d
7d0e7d
7d0f7d
7d107d
7d117d
7d127d
7d137d
7d147d
7d157d
7d167d
7d177d
7d187d
7d197d
7d1a7d
7d1b7d
7d1c7d
7d1d7d
7d1e7d
7d1f7d
7d207d
7d217d
7d227d
7d237d
7d247d
7d257d
7d267d
7d277d
7d287d
7d297d
7d2a7d
7d2b7d
7d2c7d
7d2d7d
7d2e7d
7d2f7d
7d307d
7d317d
7d327d
7d337d
7d347d
7d357d
7d367d
7d377d
7d387d
7d397d
7d3a7d
7d3b7d
7d3c7d
7d3d7d
7d3e7d
7d3f7d
7d407d
7d417d
7d427d
7d437d
7d447d
7d457d
7d467d
7d477d
7d487d
7d497d
7d4a7d
7d4b7d
7d4c7d
7d4d7d
7d4e7d
7d4f7d
7d507d
7d517d
7d527d
7d537d
7d547d
7d557d
7d567d
7d577d
7d587e
7d597e
7d5a7e
7d5b7e
7d5c7e
7d5d7e
7d5e7e
7d5f7e
7d607e
7d617e
7d627e
7d637e
7d647e
7d657f
7d667f
7d677f
7d687f
7d697f
7d6a7f
7d6b7f
7d6c7f
7d6d7f
7d6e7f
7d6f7f
7d707f
7d717f
7d727f
7d737f
7d747f
7d757f
7d767f
7d777f
7d787f
7d797f
7d7a7f
7d7b7f
7d7c7f
7d7d7f
7d7e7f
7d7f7f
7d807d
7d817d
7d827d
7d837d
7d847d
7d857d
7d867d
7d877d
7d887d
7d897d
7d8a7d
7d8b7d
7d8c7d
7d8d7d
7d8e7d
7d8f7d
7d907d
7d917d
7d927d
7d937d
7d947d
7d957d
7d967d
7d977d
7d987d
7d997d
7d9a7d
7d9b7d
7d9c7d
7d9d7d
7d9e7d
7d9f7d
7da07d
7da17d
7da27d
7da37d
7da47d
7da57d
7da67d
7da77d
7da87d
7da97d
7daa7d
7dab7d
7dac7d
7dad7d
7dae7d
7daf7d
7db07d
7db17d
7db27d
7db37d
7db47d
7db57d
7db67d
7db77d
7db87d
7db97d
7dba7d
7dbb7d
7dbc7d
7dbd7d
7dbe7d
7dbf7d
7dc07d
7dc17d
7dc27d
7dc37d
7dc47d
7dc57d
7dc67d
7dc77d
7dc87d
7dc97d
7dca7d
7dcb7d
7dcc7d
7dcd7d
7dce7d
7dcf7d
7dd07d
7dd17d
7dd27d
7dd37d
7dd47d
7dd57d
7dd67d
7dd77d
7dd87c
7dd97c
7dda7c
7ddb7c
7ddc7c
7ddd7c
7dde7c
7ddf7c
7de07c
7de17c
7de27c
7de37c
7de47c
7de57b
7de67b
7de77b
7de87b
7de97b
7dea7a
7deb7a
7dec7a
7ded7a
7dee7a
7def79
7df079
7df178
7df278
7df377
7df476
7df575
7df674
7df773
7df872
7df970
7dfa6c
7dfb68
7dfc60
7dfd00
7dfee0
7dffe8
7e007e
7e017e
7e027e
7e037e
7e047e
7e057e
7e067e
7e077e
7e087e
7e097e
7e0a7e
7e0b7e
7e0c7e
7e0d7e
7e0e7e
7e0f7e
7e107e
7e117e
7e127e
7e137e
7e147e
7e157e
7e167e
7e177e
7e187e
7e197e
7e1a7e
7e1b7e
7e1c7e
7e1d7e
7e1e7e
7e1f7e
7e207e
7e217e
7e227e
7e237e
7e247e
7e257e
7e267e
7e277e
7e287e
7e297e
7e2a7e
7e2b7e
7e2c7e
7e2d7e
7e2e7e
7e2f7e
7e307e
7e317e
7e327e
7e337e
7e347e
7e357e
7e367e
7e377e
7e387e
7e397e
7e3a7e
7e3b7e
7e3c7e
7e3d7e
7e3e7e
7e3f7e
7e407e
7e417e
7e427e
7e437e
7e447e
7e457e
7e467e
7e477e
7e487e
7e497e
7e4a7e
7e4b7e
7e4c7e
7e4d7e
7e4e7e
7e4f7e
7e507e
7e517e
7e527e
7e537e
7e547e
7e557e
7e567e
7e577e
7e587e
7e597f
7e5a7f
7e5b7f
7e5c7f
7e5d7f
7e5e7f
7e5f7f
7e607f
7e617f
7e627f
7e637f
7e647f
7e657f
7e667f
7e677f
7e687f
7e697f
7e6a7f
7e6b7f
7e6c7f
7e6d7f
7e6e7f
7e6f7f
7e707f
7e717f
7e727f
7e737f
7e747f
7e757f
7e767f
7e777f
7e787f
7e797f
7e7a7f
7e7b7f
7e7c7f
7e7d7f
7e7e7f
7e7f7f
7e807e
7e817e
7e827e
7e837e
7e847e
7e857e
7e867e
7e877e
7e887e
7e897e
7e8a7e
7e8b7e
7e8c7e
7e8d7e
7e8e7e
7e8f7e
7e907e
7e917e
7e927e
7e937e
7e947e
7e957e
7e967e
7e977e
7e987e
7e997e
7e9a7e
7e9b7e
7e9c7e
7e9d7e
7e9e7e
7e9f7e
7ea07e
7ea17e
7ea27e
7ea37e
7ea47e
7ea57e
7ea67e
7ea77e
7ea87e
7ea97e
7eaa7e
7eab7e
7eac7e
7ead7e
7eae7e
7eaf7e
7eb07e
7eb17e
7eb27e
7eb37e
7eb47e
7eb57e
7eb67e
7eb77e
7eb87e
7eb97e
7eba7e
7ebb7e
7ebc7e
7ebd7e
7ebe7e
7ebf7e
7ec07e
7ec17e
7ec27e
7ec37e
7ec47e
7ec57e
7ec67e
7ec77e
7ec87e
7ec97e
7eca7e
7ecb7e
7ecc7e
7ecd7e
7ece7e
7ecf7e
7ed07e
7ed17e
7ed27e
7ed37e
7ed47e
7ed57e
7ed67e
7ed77e
7ed87e
7ed97d
7eda7d
7edb7d
7edc7d
7edd7d
7ede7d
7edf7d
7ee07d
7ee17d
7ee27d
7ee37d
7ee47c
7ee57c
7ee67c
7ee77c
7ee87c
7ee97c
7eea7c
7eeb7b
7eec7b
7eed7b
7eee7a
7eef7a
7ef07a
7ef17a
7ef279
7ef378
7ef478
7ef577
7ef676
7ef775
7ef874
7ef972
7efa70
7efb6c
7efc68
7efd60
7efe00
7effe0
7f007f
7f017f
7f027f
7f037f
7f047f
7f057f
7f067f
7f077f
7f087f
7f097f
7f0a7f
7f0b7f
7f0c7f
7f0d7f
7f0e7f
7f0f7f
7f107f
7f117f
7f127f
7f137f
7f147f
7f157f
7f167f
7f177f
7f187f
7f197f
7f1a7f
7f1b7f
7f1c7f
7f1d7f
7f1e7f
7f1f7f
7f207f
7f217f
7f227f
7f237f
7f247f
7f257f
7f267f
7f277f
7f287f
7f297f
7f2a7f
7f2b7f
7f2c7f
7f2d7f
7f2e7f
7f2f7f
7f307f
7f317f
7f327f
7f337f
7f347f
7f357f
7f367f
7f377f
7f387f
7f397f
7f3a7f
7f3b7f
7f3c7f
7f3d7f
7f3e7f
7f3f7f
7f407f
7f417f
7f427f
7f437f
7f447f
7f457f
7f467f
7f477f
7f487f
7f497f
7f4a7f
7f4b7f
7f4c7f
7f4d7f
7f4e7f
7f4f7f
7f507f
7f517f
7f527f
7f537f
7f547f
7f557f
7f567f
7f577f
7f587f
7f597f
7f5a7f
7f5b7f
7f5c7f
7f5d7f
7f5e7f
7f5f7f
7f607f
7f617f
7f627f
7f637f
7f647f
7f657f
7f667f
7f677f
7f687f
7f697f
7f6a7f
7f6b7f
7f6c7f
7f6d7f
7f6e7f
7f6f7f
7f707f
7f717f
7f727f
7f737f
7f747f
7f757f
7f767f
7f777f
7f787f
7f797f
7f7a7f
7f7b7f
7f7c7f
7f7d7f
7f7e7f
7f7f7f
7f807f
7f817f
7f827f
7f837f
7f847f
7f857f
7f867f
7f877f
7f887f
7f897f
7f8a7f
7f8b7f
7f8c7f
7f8d7f
7f8e7f
7f8f7f
7f907f
7f917f
7f927f
7f937f
7f947f
7f957f
7f967f
7f977f
7f987f
7f997f
7f9a7f
7f9b7f
7f9c7f
7f9d7f
7f9e7f
7f9f7f
7fa07f
7fa17f
7fa27f
7fa37f
7fa47f
7fa57f
7fa67f
7fa77f
7fa87f
7fa97f
7faa7f
7fab7f
7fac7f
7fad7f
7fae7f
7faf7f
7fb07f
7fb17f
7fb27f
7fb37f
7fb47f
7fb57f
7fb67f
7fb77f
7fb87f
7fb97f
7fba7f
7fbb7f
7fbc7f
7fbd7f
7fbe7f
7fbf7f
7fc07f
7fc17f
7fc27f
7fc37f
7fc47f
7fc57f
7fc67f
7fc77f
7fc87f
7fc97f
7fca7f
7fcb7f
7fcc7f
7fcd7f
7fce7f
7fcf7f
7fd07f
7fd17f
7fd27f
7fd37f
7fd47f
7fd57f
7fd67f
7fd77f
7fd87e
7fd97e
7fda7e
7fdb7e
7fdc7e
7fdd7e
7fde7e
7fdf7e
7fe07e
7fe17e
7fe27e
7fe37e
7fe47e
7fe57d
7fe67d
7fe77d
7fe87d
7fe97d
7fea7c
7feb7c
7fec7c
7fed7c
7fee7c
7fef7b
7ff07b
7ff17a
7ff27a
7ff37a
7ff479
7ff578
7ff678
7ff777
7ff876
7ff974
7ffa72
7ffb70
7ffc6c
7ffd68
7ffe60
7fff00
800000
800101
800202
800303
800404
800505
800606
800707
800808
800909
800a0a
800b0b
800c0c
800d0d
800e0e
800f0f
801010
801111
801212
801313
801414
801515
801616
801717
801818
801919
801a1a
801b1b
801c1c
801d1d
801e1e
801f1f
802020
802121
802222
802323
802424
802525
802626
802727
802828
802929
802a2a
802b2b
802c2c
802d2d
802e2e
802f2f
803030
803131
803232
803333
803434
803535
803636
803737
803838
803939
803a3a
803b3b
803c3c
803d3d
803e3e
803f3f
804040
804141
804242
804343
804444
804545
804646
804747
804848
804949
804a4a
804b4b
804c4c
804d4d
804e4e
804f4f
805050
805151
805252
805353
805454
805555
805656
805757
805858
805959
805a5a
805b5b
805c5c
805d5d
805e5e
805f5f
806060
806161
806262
806363
806464
806565
806666
806767
806868
806969
806a6a
806b6b
806c6c
806d6d
806e6e
806f6f
807070
807171
807272
807373
807474
807575
807676
807777
807878
807979
807a7a
807b7b
807c7c
807d7d
807e7e
807f7f
808000
808181
808282
808383
808484
808585
808686
808787
808888
808989
808a8a
808b8b
808c8c
808d8d
808e8e
808f8f
809090
809191
809292
809393
809494
809595
809696
809797
809898
809999
809a9a
809b9b
809c9c
809d9d
809e9e
809f9f
80a0a0
80a1a1
80a2a2
80a3a3
80a4a4
80a5a5
80a6a6
80a7a7
80a8a8
80a9a9
80aaaa
80abab
80acac
80adad
80aeae
80afaf
80b0b0
80b1b1
80b2b2
80b3b3
80b4b4
80b5b5
80b6b6
80b7b7
80b8b8
80b9b9
80baba
80bbbb
80bcbc
80bdbd
80bebe
80bfbf
80c0c0
80c1c1
80c2c2
80c3c3
80c4c4
80c5c5
80c6c6
80c7c7
80c8c8
80c9c9
80caca
80cbcb
80cccc
80cdcd
80cece
80cfcf
80d0d0
80d1d1
80d2d2
80d3d3
80d4d4
80d5d5
80d6d6
80d7d7
80d8d8
80d9d9
80dada
80dbdb
80dcdc
80dddd
80dede
80dfdf
80e0e0
80e1e1
80e2e2
80e3e3
80e4e4
80e5e5
80e6e6
80e7e7
80e8e8
80e9e9
80eaea
80ebeb
80ecec
80eded
80eeee
80efef
80f0f0
80f1f1
80f2f2
80f3f3
80f4f4
80f5f5
80f6f6
80f7f7
80f8f8
80f9f9
80fafa
80fbfb
80fcfc
80fdfd
80fefe
80ffff
810081
810100
810200
810300
810400
810500
810600
810700
810800
810901
810a03
810b05
810c07
810d08
810e0a
810f0a
81100c
81110e
811210
811311
811412
811513
811614
811715
811816
811918
811a19
811b1a
811c1b
811d1c
811e1d
811f1e
81201f
812120
812221
812322
812423
812524
812625
812726
812827
812929
812a2a
812b2b
812c2c
812d2d
812e2e
812f2f
813030
813131
813232
813333
813434
813535
813636
813737
813838
813939
813a3a
813b3b
813c3c
813d3d
813e3e
813f3f
814040
814141
814242
814343
814444
814545
814646
814747
814848
814949
814a4a
814b4b
814c4c
814d4d
814e4e
814f4f
815050
815151
815252
815353
815454
815555
815656
815757
815858
815959
815a5a
815b5b
815c5c
815d5d
815e5e
815f5f
816060
816161
816262
816363
816464
816565
816666
816767
816868
816969
816a6a
816b6b
816c6c
816d6d
816e6e
816f6f
817070
817171
817272
817373
817474
817575
817676
817777
817878
817979
817a7a
817b7b
817c7c
817d7d
817e7e
817f7f
818081
818189
81828a
81838a
81848a
81858b
81868c
81878c
81888c
81898e
818a8e
818b90
818c90
818d91
818e91
818f92
819092
819193
819294
819395
819496
819597
819698
819799
819899
81999a
819a9b
819b9c
819c9d
819d9e
819e9f
819fa0
81a0a1
81a1a2
81a2a3
81a3a4
81a4a5
81a5a6
81a6a7
81a7a8
81a8a8
81a9a9
81aaaa
81abab
81acac
81adad
81aeae
81afaf
81b0b0
81b1b1
81b2b2
81b3b3
81b4b4
81b5b5
81b6b6
81b7b7
81b8b8
81b9b9
81baba
81bbbb
81bcbc
81bdbd
81bebe
81bfbf
81c0c0
81c1c1
81c2c2
81c3c3
81c4c4
81c5c5
81c6c6
81c7c7
81c8c8
81c9c9
81caca
81cbcb
81cccc
81cdcd
81cece
81cfcf
81d0d0
81d1d1
81d2d2
81d3d3
81d4d4
81d5d5
81d6d6
81d7d7
81d8d8
81d9d9
81dada
81dbdb
81dcdc
81dddd
81dede
81dfdf
81e0e0
81e1e1
81e2e2
81e3e3
81e4e4
81e5e5
81e6e6
81e7e7
81e8e8
81e9e9
81eaea
81ebeb
81ecec
81eded
81eeee
81efef
81f0f0
81f1f1
81f2f2
81f3f3
81f4f4
81f5f5
81f6f6
81f7f7
81f8f8
81f9f9
81fafa
81fbfb
81fcfc
81fdfd
81fefe
81ffff
820082
820100
820200
820300
820400
820500
820600
820700
820800
820900
820a02
820b04
820c06
820d08
820e09
820f0a
82100b
82110d
82120f
821310
821412
821512
821614
821714
821816
821918
821a19
821b1a
821c1b
821d1c
821e1d
821f1e
82201f
822120
822221
822322
822423
822524
822625
822726
822827
822929
822a2a
822b2b
822c2c
822d2d
822e2e
822f2f
823030
823131
823232
823333
823434
823535
823636
823737
823838
823939
823a3a
823b3b
823c3c
823d3d
823e3e
823f3f
824040
824141
824242
824343
824444
824545
824646
824747
824848
824949
824a4a
824b4b
824c4c
824d4d
824e4e
824f4f
825050
825151
825252
825353
825454
825555
825656
825757
825858
825959
825a5a
825b5b
825c5c
825d5d
825e5e
825f5f
826060
826161
826262
826363
826464
826565
826666
826767
826868
826969
826a6a
826b6b
826c6c
826d6d
826e6e
826f6f
827070
827171
827272
827373
827474
827575
827676
827777
827878
827979
827a7a
827b7b
827c7c
827d7d
827e7e
827f7f
828082
82818a
82828a
82838a
82848b
82858c
82868c
82878c
82888d
82898e
828a8f
828b90
828c90
828d91
828e92
828f92
829092
829194
829294
829396
829496
829598
829698
829799
829899
82999a
829a9b
829b9c
829c9d
829d9e
829e9f
829fa0
82a0a1
82a1a2
82a2a3
82a3a4
82a4a5
82a5a6
82a6a7
82a7a8
82a8a8
82a9a9
82aaaa
82abab
82acac
82adad
82aeae
82afaf
82b0b0
82b1b1
82b2b2
82b3b3
82b4b4
82b5b5
82b6b6
82b7b7
82b8b8
82b9b9
82baba
82bbbb
82bcbc
82bdbd
82bebe
82bfbf
82c0c0
82c1c1
82c2c2
82c3c3
82c4c4
82c5c5
82c6c6
82c7c7
82c8c8
82c9c9
82caca
82cbcb
82cccc
82cdcd
82cece
82cfcf
82d0d0
82d1d1
82d2d2
82d3d3
82d4d4
82d5d5
82d6d6
82d7d7
82d8d8
82d9d9
82dada
82dbdb
82dcdc
82dddd
82dede
82dfdf
82e0e0
82e1e1
82e2e2
82e3e3
82e4e4
82e5e5
82e6e6
82e7e7
82e8e8
82e9e9
82eaea
82ebeb
82ecec
82eded
82eeee
82efef
82f0f0
82f1f1
82f2f2
82f3f3
82f4f4
82f5f5
82f6f6
82f7f7
82f8f8
82f9f9
82fafa
82fbfb
82fcfc
82fdfd
82fefe
82ffff
830083
830100
830200
830300
830400
830500
830600
830700
830800
830900
830a01
830b03
830c05
830d07
830e08
830f0a
83100a
83110c
83120e
831310
831411
831512
831613
831714
831815
831917
831a19
831b1a
831c1b
831d1c
831e1d
831f1e
83201f
832120
832221
832322
832423
832524
832625
832726
832827
832929
832a2a
832b2b
832c2c
832d2d
832e2e
832f2f
833030
833131
833232
833333
833434
833535
833636
833737
833838
833939
833a3a
833b3b
833c3c
833d3d
833e3e
833f3f
834040
834141
834242
834343
834444
834545
834646
834747
834848
834949
834a4a
834b4b
834c4c
834d4d
834e4e
834f4f
835050
835151
835252
835353
835454
835555
835656
835757
835858
835959
835a5a
835b5b
835c5c
835d5d
835e5e
835f5f
836060
836161
836262
836363
836464
836565
836666
836767
836868
836969
836a6a
836b6b
836c6c
836d6d
836e6e
836f6f
837070
837171
837272
837373
837474
837575
837676
837777
837878
837979
837a7a
837b7b
837c7c
837d7d
837e7e
837f7f
838083
83818a
83828a
83838b
83848c
83858c
83868c
83878d
83888e
83898e
838a90
838b90
838c91
838d91
838e92
838f92
839093
839194
839295
839396
839497
839598
839698
839799
839899
83999a
839a9b
839b9c
839c9d
839d9e
839e9f
839fa0
83a0a1
83a1a2
83a2a3
83a3a4
83a4a5
83a5a6
83a6a7
83a7a8
83a8a8
83a9a9
83aaaa
83abab
83acac
83adad
83aeae
83afaf
83b0b0
83b1b1
83b2b2
83b3b3
83b4b4
83b5b5
83b6b6
83b7b7
83b8b8
83b9b9
83baba
83bbbb
83bcbc
83bdbd
83bebe
83bfbf
83c0c0
83c1c1
83c2c2
83c3c3
83c4c4
83c5c5
83c6c6
83c7c7
83c8c8
83c9c9
83caca
83cbcb
83cccc
83cdcd
83cece
83cfcf
83d0d0
83d1d1
83d2d2
83d3d3
83d4d4
83d5d5
83d6d6
83d7d7
83d8d8
83d9d9
83dada
83dbdb
83dcdc
83dddd
83dede
83dfdf
83e0e0
83e1e1
83e2e2
83e3e3
83e4e4
83e5e5
83e6e6
83e7e7
83e8e8
83e9e9
83eaea
83ebeb
83ecec
83eded
83eeee
83efef
83f0f0
83f1f1
83f2f2
83f3f3
83f4f4
83f5f5
83f6f6
83f7f7
83f8f8
83f9f9
83fafa
83fbfb
83fcfc
83fdfd
83fefe
83ffff
840084
840100
840200
840300
840400
840500
840600
840700
840800
840900
840a00
840b02
840c04
840d06
840e08
840f09
84100a
84110c
84120e
841310
841411
841512
841613
841714
841815
841917
841a18
841b1a
841c1a
841d1c
841e1c
841f1e
84201e
842120
842221
842322
842423
842524
842625
842726
842827
842929
842a2a
842b2b
842c2c
842d2d
842e2e
842f2f
843030
843131
843232
843333
843434
843535
843636
843737
843838
843939
843a3a
843b3b
843c3c
843d3d
843e3e
843f3f
844040
844141
844242
844343
844444
844545
844646
844747
844848
844949
844a4a
844b4b
844c4c
844d4d
844e4e
844f4f
845050
845151
845252
845353
845454
845555
845656
845757
845858
845959
845a5a
845b5b
845c5c
845d5d
845e5e
845f5f
846060
846161
846262
846363
846464
846565
846666
846767
846868
846969
846a6a
846b6b
846c6c
846d6d
846e6e
846f6f
847070
847171
847272
847373
847474
847575
847676
847777
847878
847979
847a7a
847b7b
847c7c
847d7d
847e7e
847f7f
848084
84818a
84828b
84838c
84848c
84858c
84868d
84878e
84888e
84898f
848a90
848b90
848c91
848d92
848e92
848f92
849093
849194
849295
849396
849497
849598
849698
849799
84989a
84999a
849a9c
849b9c
849c9e
849d9e
849ea0
849fa0
84a0a1
84a1a2
84a2a3
84a3a4
84a4a5
84a5a6
84a6a7
84a7a8
84a8a8
84a9a9
84aaaa
84abab
84acac
84adad
84aeae
84afaf
84b0b0
84b1b1
84b2b2
84b3b3
84b4b4
84b5b5
84b6b6
84b7b7
84b8b8
84b9b9
84baba
84bbbb
84bcbc
84bdbd
84bebe
84bfbf
84c0c0
84c1c1
84c2c2
84c3c3
84c4c4
84c5c5
84c6c6
84c7c7
84c8c8
84c9c9
84caca
84cbcb
84cccc
84cdcd
84cece
84cfcf
84d0d0
84d1d1
84d2d2
84d3d3
84d4d4
84d5d5
84d6d6
84d7d7
84d8d8
84d9d9
84dada
84dbdb
84dcdc
84dddd
84dede
84dfdf
84e0e0
84e1e1
84e2e2
84e3e3
84e4e4
84e5e5
84e6e6
84e7e7
84e8e8
84e9e9
84eaea
84ebeb
84ecec
84eded
84eeee
84efef
84f0f0
84f1f1
84f2f2
84f3f3
84f4f4
84f5f5
84f6f6
84f7f7
84f8f8
84f9f9
84fafa
84fbfb
84fcfc
84fdfd
84fefe
84ffff
850085
850100
850200
850300
850400
850500
850600
850700
850800
850900
850a00
850b01
850c03
850d05
850e07
850f08
85100a
85110c
85120e
851310
851411
851512
851613
851714
851815
851917
851a18
851b19
851c1a
851d1b
851e1c
851f1d
85201e
852120
852221
852322
852423
852524
852625
852726
852827
852929
852a2a
852b2b
852c2c
852d2d
852e2e
852f2f
853030
853131
853232
853333
853434
853535
853636
853737
853838
853939
853a3a
853b3b
853c3c
853d3d
853e3e
853f3f
854040
854141
854242
854343
854444
854545
854646
854747
854848
854949
854a4a
854b4b
854c4c
854d4d
854e4e
854f4f
855050
855151
855252
855353
855454
855555
855656
855757
855858
855959
855a5a
855b5b
855c5c
855d5d
855e5e
855f5f
856060
856161
856262
856363
856464
856565
856666
856767
856868
856969
856a6a
856b6b
856c6c
856d6d
856e6e
856f6f
857070
857171
857272
857373
857474
857575
857676
857777
857878
857979
857a7a
857b7b
857c7c
857d7d
857e7e
857f7f
858085
85818b
85828c
85838c
85848c
85858d
85868e
85878e
85888e
858990
858a90
858b91
858c91
858d92
858e92
858f93
859093
859194
859295
859396
859497
859598
859699
859799
85989a
85999b
859a9c
859b9d
859c9e
859d9f
859ea0
859fa0
85a0a1
85a1a2
85a2a3
85a3a4
85a4a5
85a5a6
85a6a7
85a7a8
85a8a8
85a9a9
85aaaa
85abab
85acac
85adad
85aeae
85afaf
85b0b0
85b1b1
85b2b2
85b3b3
85b4b4
85b5b5
85b6b6
85b7b7
85b8b8
85b9b9
85baba
85bbbb
85bcbc
85bdbd
85bebe
85bfbf
85c0c0
85c1c1
85c2c2
85c3c3
85c4c4
85c5c5
85c6c6
85c7c7
85c8c8
85c9c9
85caca
85cbcb
85cccc
85cdcd
85cece
85cfcf
85d0d0
85d1d1
85d2d2
85d3d3
85d4d4
85d5d5
85d6d6
85d7d7
85d8d8
85d9d9
85dada
85dbdb
85dcdc
85dddd
85dede
85dfdf
85e0e0
85e1e1
85e2e2
85e3e3
85e4e4
85e5e5
85e6e6
85e7e7
85e8e8
85e9e9
85eaea
85ebeb
85ecec
85eded
85eeee
85efef
85f0f0
85f1f1
85f2f2
85f3f3
85f4f4
85f5f5
85f6f6
85f7f7
85f8f8
85f9f9
85fafa
85fbfb
85fcfc
85fdfd
85fefe
85ffff
860086
860100
860200
860300
860400
860500
860600
860700
860800
860900
860a00
860b00
860c02
860d04
860e06
860f08
861009
86110b
86120d
86130f
861410
861512
861612
861714
861814
861916
861a18
861b19
861c1a
861d1b
861e1c
861f1d
86201e
862120
862221
862322
862423
862524
862625
862726
862827
862929
862a2a
862b2b
862c2c
862d2d
862e2e
862f2f
863030
863131
863232
863333
863434
863535
863636
863737
863838
863939
863a3a
863b3b
863c3c
863d3d
863e3e
863f3f
864040
864141
864242
864343
864444
864545
864646
864747
864848
864949
864a4a
864b4b
864c4c
864d4d
864e4e
864f4f
865050
865151
865252
865353
865454
865555
865656
865757
865858
865959
865a5a
865b5b
865c5c
865d5d
865e5e
865f5f
866060
866161
866262
866363
866464
866565
866666
866767
866868
866969
866a6a
866b6b
866c6c
866d6d
866e6e
866f6f
867070
867171
867272
867373
867474
867575
867676
867777
867878
867979
867a7a
867b7b
867c7c
867d7d
867e7e
867f7f
868086
86818c
86828c
86838c
86848d
86858e
86868e
86878e
86888f
868990
868a90
868b91
868c92
868d92
868e92
868f93
869094
869194
869296
869396
869498
869598
869699
869799
86989a
86999b
869a9c
869b9d
869c9e
869d9f
869ea0
869fa0
86a0a1
86a1a2
86a2a3
86a3a4
86a4a5
86a5a6
86a6a7
86a7a8
86a8a8
86a9a9
86aaaa
86abab
86acac
86adad
86aeae
86afaf
86b0b0
86b1b1
86b2b2
86b3b3
86b4b4
86b5b5
86b6b6
86b7b7
86b8b8
86b9b9
86baba
86bbbb
86bcbc
86bdbd
86bebe
86bfbf
86c0c0
86c1c1
86c2c2
86c3c3
86c4c4
86c5c5
86c6c6
86c7c7
86c8c8
86c9c9
86caca
86cbcb
86cccc
86cdcd
86cece
86cfcf
86d0d0
86d1d1
86d2d2
86d3d3
86d4d4
86d5d5
86d6d6
86d7d7
86d8d8
86d9d9
86dada
86dbdb
86dcdc
86dddd
86dede
86dfdf
86e0e0
86e1e1
86e2e2
86e3e3
86e4e4
86e5e5
86e6e6
86e7e7
86e8e8
86e9e9
86eaea
86ebeb
86ecec
86eded
86eeee
86efef
86f0f0
86f1f1
86f2f2
86f3f3
86f4f4
86f5f5
86f6f6
86f7f7
86f8f8
86f9f9
86fafa
86fbfb
86fcfc
86fdfd
86fefe
86ffff
870087
870100
870200
870300
870400
870500
870600
870700
870800
870900
870a00
870b00
870c01
870d03
870e05
870f07
871008
87110a
87120c
87130e
871410
871511
871612
871713
871814
871916
871a18
871b19
871c1a
871d1b
871e1c
871f1d
87201e
872120
872221
872322
872423
872524
872625
872726
872827
872929
872a2a
872b2b
872c2c
872d2d
872e2e
872f2f
873030
873131
873232
873333
873434
873535
873636
873737
873838
873939
873a3a
873b3b
873c3c
873d3d
873e3e
873f3f
874040
874141
874242
874343
874444
874545
874646
874747
874848
874949
874a4a
874b4b
874c4c
874d4d
874e4e
874f4f
875050
875151
875252
875353
875454
875555
875656
875757
875858
875959
875a5a
875b5b
875c5c
875d5d
875e5e
875f5f
876060
876161
876262
876363
876464
876565
876666
876767
876868
876969
876a6a
876b6b
876c6c
876d6d
876e6e
876f6f
877070
877171
877272
877373
877474
877575
877676
877777
877878
877979
877a7a
877b7b
877c7c
877d7d
877e7e
877f7f
878087
87818c
87828c
87838d
87848e
87858e
87868e
87878f
878890
878990
878a91
878b91
878c92
878d92
878e93
878f93
879094
879195
879296
879397
879498
879598
879699
879799
87989a
87999b
879a9c
879b9d
879c9e
879d9f
879ea0
879fa0
87a0a1
87a1a2
87a2a3
87a3a4
87a4a5
87a5a6
87a6a7
87a7a8
87a8a8
87a9a9
87aaaa
87abab
87acac
87adad
87aeae
87afaf
87b0b0
87b1b1
87b2b2
87b3b3
87b4b4
87b5b5
87b6b6
87b7b7
87b8b8
87b9b9
87baba
87bbbb
87bcbc
87bdbd
87bebe
87bfbf
87c0c0
87c1c1
87c2c2
87c3c3
87c4c4
87c5c5
87c6c6
87c7c7
87c8c8
87c9c9
87caca
87cbcb
87cccc
87cdcd
87cece
87cfcf
87d0d0
87d1d1
87d2d2
87d3d3
87d4d4
87d5d5
87d6d6
87d7d7
87d8d8
87d9d9
87dada
87dbdb
87dcdc
87dddd
87dede
87dfdf
87e0e0
87e1e1
87e2e2
87e3e3
87e4e4
87e5e5
87e6e6
87e7e7
87e8e8
87e9e9
87eaea
87ebeb
87ecec
87eded
87eeee
87efef
87f0f0
87f1f1
87f2f2
87f3f3
87f4f4
87f5f5
87f6f6
87f7f7
87f8f8
87f9f9
87fafa
87fbfb
87fcfc
87fdfd
87fefe
87ffff
880088
880100
880200
880300
880400
880500
880600
880700
880800
880900
880a00
880b00
880c00
880d02
880e04
880f06
881008
88110a
88120c
88130e
881410
881511
881612
881713
881814
881916
881a18
881b19
881c1a
881d1b
881e1c
881f1d
88201e
882120
882221
882322
882423
882524
882625
882726
882827
882928
882a2a
882b2a
882c2c
882d2c
882e2e
882f2e
883030
883131
883232
883333
883434
883535
883636
883737
883838
883939
883a3a
883b3b
883c3c
883d3d
883e3e
883f3f
884040
884141
884242
884343
884444
884545
884646
884747
884848
884949
884a4a
884b4b
884c4c
884d4d
884e4e
884f4f
885050
885151
885252
885353
885454
885555
885656
885757
885858
885959
885a5a
885b5b
885c5c
885d5d
885e5e
885f5f
886060
886161
886262
886363
886464
886565
886666
886767
886868
886969
886a6a
886b6b
886c6c
886d6d
886e6e
886f6f
887070
887171
887272
887373
887474
887575
887676
887777
887878
887979
887a7a
887b7b
887c7c
887d7d
887e7e
887f7f
888088
88818c
88828d
88838e
88848e
88858e
88868f
888790
888890
888990
888a91
888b92
888c92
888d92
888e93
888f94
889094
889195
889296
889397
889498
889598
889699
88979a
88989a
88999b
889a9c
889b9d
889c9e
889d9f
889ea0
889fa0
88a0a1
88a1a2
88a2a3
88a3a4
88a4a5
88a5a6
88a6a7
88a7a8
88a8a8
88a9aa
88aaaa
88abac
88acac
88adae
88aeae
88afb0
88b0b0
88b1b1
88b2b2
88b3b3
88b4b4
88b5b5
88b6b6
88b7b7
88b8b8
88b9b9
88baba
88bbbb
88bcbc
88bdbd
88bebe
88bfbf
88c0c0
88c1c1
88c2c2
88c3c3
88c4c4
88c5c5
88c6c6
88c7c7
88c8c8
88c9c9
88caca
88cbcb
88cccc
88cdcd
88cece
88cfcf
88d0d0
88d1d1
88d2d2
88d3d3
88d4d4
88d5d5
88d6d6
88d7d7
88d8d8
88d9d9
88dada
88dbdb
88dcdc
88dddd
88dede
88dfdf
88e0e0
88e1e1
88e2e2
88e3e3
88e4e4
88e5e5
88e6e6
88e7e7
88e8e8
88e9e9
88eaea
88ebeb
88ecec
88eded
88eeee
88efef
88f0f0
88f1f1
88f2f2
88f3f3
88f4f4
88f5f5
88f6f6
88f7f7
88f8f8
88f9f9
88fafa
88fbfb
88fcfc
88fdfd
88fefe
88ffff
890089
890181
890280
890300
890400
890500
890600
890700
890800
890900
890a00
890b00
890c00
890d00
890e02
890f04
891006
891109
89120b
89130d
89140f
891510
891612
891712
891814
891916
891a18
891b19
891c1a
891d1b
891e1c
891f1d
89201e
892120
892221
892322
892423
892524
892625
892726
892827
892928
892a29
892b2a
892c2b
892d2c
892e2d
892f2e
89302f
893131
893232
893333
893434
893535
893636
893737
893838
893939
893a3a
893b3b
893c3c
893d3d
893e3e
893f3f
894040
894141
894242
894343
894444
894545
894646
894747
894848
894949
894a4a
894b4b
894c4c
894d4d
894e4e
894f4f
895050
895151
895252
895353
895454
895555
895656
895757
895858
895959
895a5a
895b5b
895c5c
895d5d
895e5e
895f5f
896060
896161
896262
896363
896464
896565
896666
896767
896868
896969
896a6a
896b6b
896c6c
896d6d
896e6e
896f6f
897070
897171
897272
897373
897474
897575
897676
897777
897878
897979
897a7a
897b7b
897c7c
897d7d
897e7e
897f7f
898089
89818e
89828e
89838e
89848f
898590
898690
898790
898890
898991
898a92
898b92
898c92
898d93
898e94
898f94
899094
899196
899296
899398
899498
899599
899699
89979a
89989a
89999b
899a9c
899b9d
899c9e
899d9f
899ea0
899fa1
89a0a1
89a1a2
89a2a3
89a3a4
89a4a5
89a5a6
89a6a7
89a7a8
89a8a9
89a9aa
89aaab
89abac
89acad
89adae
89aeaf
89afb0
89b0b0
89b1b1
89b2b2
89b3b3
89b4b4
89b5b5
89b6b6
89b7b7
89b8b8
89b9b9
89baba
89bbbb
89bcbc
89bdbd
89bebe
89bfbf
89c0c0
89c1c1
89c2c2
89c3c3
89c4c4
89c5c5
89c6c6
89c7c7
89c8c8
89c9c9
89caca
89cbcb
89cccc
89cdcd
89cece
89cfcf
89d0d0
89d1d1
89d2d2
89d3d3
89d4d4
89d5d5
89d6d6
89d7d7
89d8d8
89d9d9
89dada
89dbdb
89dcdc
89dddd
89dede
89dfdf
89e0e0
89e1e1
89e2e2
89e3e3
89e4e4
89e5e5
89e6e6
89e7e7
89e8e8
89e9e9
89eaea
89ebeb
89ecec
89eded
89eeee
89efef
89f0f0
89f1f1
89f2f2
89f3f3
89f4f4
89f5f5
89f6f6
89f7f7
89f8f8
89f9f9
89fafa
89fbfb
89fcfc
89fdfd
89fefe
89ffff
8a008a
8a0183
8a0282
8a0381
8a0480
8a0500
8a0600
8a0700
8a0800
8a0900
8a0a00
8a0b00
8a0c00
8a0d00
8a0e00
8a0f02
8a1004
8a1108
8a120a
8a130c
8a140e
8a1510
8a1611
8a1712
8a1813
8a1915
8a1a17
8a1b18
8a1c1a
8a1d1a
8a1e1c
8a1f1c
8a201e
8a2120
8a2221
8a2322
8a2423
8a2524
8a2625
8a2726
8a2827
8a2928
8a2a29
8a2b2a
8a2c2b
8a2d2c
8a2e2d
8a2f2e
8a302f
8a3131
8a3232
8a3333
8a3434
8a3535
8a3636
8a3737
8a3838
8a3939
8a3a3a
8a3b3b
8a3c3c
8a3d3d
8a3e3e
8a3f3f
8a4040
8a4141
8a4242
8a4343
8a4444
8a4545
8a4646
8a4747
8a4848
8a4949
8a4a4a
8a4b4b
8a4c4c
8a4d4d
8a4e4e
8a4f4f
8a5050
8a5151
8a5252
8a5353
8a5454
8a5555
8a5656
8a5757
8a5858
8a5959
8a5a5a
8a5b5b
8a5c5c
8a5d5d
8a5e5e
8a5f5f
8a6060
8a6161
8a6262
8a6363
8a6464
8a6565
8a6666
8a6767
8a6868
8a6969
8a6a6a
8a6b6b
8a6c6c
8a6d6d
8a6e6e
8a6f6f
8a7070
8a7171
8a7272
8a7373
8a7474
8a7575
8a7676
8a7777
8a7878
8a7979
8a7a7a
8a7b7b
8a7c7c
8a7d7d
8a7e7e
8a7f7f
8a808a
8a818e
8a828f
8a8390
8a8490
8a8590
8a8690
8a8791
8a8891
8a8992
8a8a92
8a8b92
8a8c93
8a8d94
8a8e94
8a8f94
8a9095
8a9196
8a9297
8a9398
8a9498
8a9599
8a969a
8a979a
8a989a
8a999c
8a9a9c
8a9b9e
8a9c9e
8a9da0
8a9ea0
8a9fa1
8aa0a1
8aa1a2
8aa2a3
8aa3a4
8aa4a5
8aa5a6
8aa6a7
8aa7a8
8aa8a9
8aa9aa
8aaaab
8aabac
8aacad
8aadae
8aaeaf
8aafb0
8ab0b0
8ab1b1
8ab2b2
8ab3b3
8ab4b4
8ab5b5
8ab6b6
8ab7b7
8ab8b8
8ab9b9
8ababa
8abbbb
8abcbc
8abdbd
8abebe
8abfbf
8ac0c0
8ac1c1
8ac2c2
8ac3c3
8ac4c4
8ac5c5
8ac6c6
8ac7c7
8ac8c8
8ac9c9
8acaca
8acbcb
8acccc
8acdcd
8acece
8acfcf
8ad0d0
8ad1d1
8ad2d2
8ad3d3
8ad4d4
8ad5d5
8ad6d6
8ad7d7
8ad8d8
8ad9d9
8adada
8adbdb
8adcdc
8adddd
8adede
8adfdf
8ae0e0
8ae1e1
8ae2e2
8ae3e3
8ae4e4
8ae5e5
8ae6e6
8ae7e7
8ae8e8
8ae9e9
8aeaea
8aebeb
8aecec
8aeded
8aeeee
8aefef
8af0f0
8af1f1
8af2f2
8af3f3
8af4f4
8af5f5
8af6f6
8af7f7
8af8f8
8af9f9
8afafa
8afbfb
8afcfc
8afdfd
8afefe
8affff
8b008b
8b0185
8b0284
8b0383
8b0482
8b0581
8b0680
8b0700
8b0800
8b0900
8b0a00
8b0b00
8b0c00
8b0d00
8b0e00
8b0f00
8b1002
8b1106
8b1209
8b130b
8b140d
8b150f
8b1610
8b1712
8b1812
8b1914
8b1a16
8b1b18
8b1c19
8b1d1a
8b1e1b
8b1f1c
8b201d
8b211f
8b2221
8b2322
8b2423
8b2524
8b2625
8b2726
8b2827
8b2928
8b2a29
8b2b2a
8b2c2b
8b2d2c
8b2e2d
8b2f2e
8b302f
8b3131
8b3232
8b3333
8b3434
8b3535
8b3636
8b3737
8b3838
8b3939
8b3a3a
8b3b3b
8b3c3c
8b3d3d
8b3e3e
8b3f3f
8b4040
8b4141
8b4242
8b4343
8b4444
8b4545
8b4646
8b4747
8b4848
8b4949
8b4a4a
8b4b4b
8b4c4c
8b4d4d
8b4e4e
8b4f4f
8b5050
8b5151
8b5252
8b5353
8b5454
8b5555
8b5656
8b5757
8b5858
8b5959
8b5a5a
8b5b5b
8b5c5c
8b5d5d
8b5e5e
8b5f5f
8b6060
8b6161
8b6262
8b6363
8b6464
8b6565
8b6666
8b6767
8b6868
8b6969
8b6a6a
8b6b6b
8b6c6c
8b6d6d
8b6e6e
8b6f6f
8b7070
8b7171
8b7272
8b7373
8b7474
8b7575
8b7676
8b7777
8b7878
8b7979
8b7a7a
8b7b7b
8b7c7c
8b7d7d
8b7e7e
8b7f7f
8b808b
8b8190
8b8290
8b8390
8b8490
8b8591
8b8691
8b8791
8b8892
8b8992
8b8a92
8b8b93
8b8c94
8b8d94
8b8e94
8b8f95
8b9096
8b9196
8b9298
8b9398
8b9499
8b9599
8b969a
8b979a
8b989b
8b999c
8b9a9d
8b9b9e
8b9c9f
8b9da0
8b9ea0
8b9fa1
8ba0a1
8ba1a2
8ba2a3
8ba3a4
8ba4a5
8ba5a6
8ba6a7
8ba7a8
8ba8a9
8ba9aa
8baaab
8babac
8bacad
8badae
8baeaf
8bafb0
8bb0b0
8bb1b1
8bb2b2
8bb3b3
8bb4b4
8bb5b5
8bb6b6
8bb7b7
8bb8b8
8bb9b9
8bbaba
8bbbbb
8bbcbc
8bbdbd
8bbebe
8bbfbf
8bc0c0
8bc1c1
8bc2c2
8bc3c3
8bc4c4
8bc5c5
8bc6c6
8bc7c7
8bc8c8
8bc9c9
8bcaca
8bcbcb
8bcccc
8bcdcd
8bcece
8bcfcf
8bd0d0
8bd1d1
8bd2d2
8bd3d3
8bd4d4
8bd5d5
8bd6d6
8bd7d7
8bd8d8
8bd9d9
8bdada
8bdbdb
8bdcdc
8bdddd
8bdede
8bdfdf
8be0e0
8be1e1
8be2e2
8be3e3
8be4e4
8be5e5
8be6e6
8be7e7
8be8e8
8be9e9
8beaea
8bebeb
8becec
8beded
8beeee
8befef
8bf0f0
8bf1f1
8bf2f2
8bf3f3
8bf4f4
8bf5f5
8bf6f6
8bf7f7
8bf8f8
8bf9f9
8bfafa
8bfbfb
8bfcfc
8bfdfd
8bfefe
8bffff
8c008c
8c0187
8c0286
8c0385
8c0484
8c0583
8c0682
8c0781
8c0880
8c0900
8c0a00
8c0b00
8c0c00
8c0d00
8c0e00
8c0f00
8c1000
8c1104
8c1208
8c130a
8c140c
8c150e
8c1610
8c1711
8c1812
8c1914
8c1a16
8c1b18
8c1c19
8c1d1a
8c1e1b
8c1f1c
8c201d
8c211f
8c2220
8c2322
8c2422
8c2524
8c2624
8c2726
8c2826
8c2928
8c2a29
8c2b2a
8c2c2b
8c2d2c
8c2e2d
8c2f2e
8c302f
8c3131
8c3232
8c3333
8c3434
8c3535
8c3636
8c3737
8c3838
8c3939
8c3a3a
8c3b3b
8c3c3c
8c3d3d
8c3e3e
8c3f3f
8c4040
8c4141
8c4242
8c4343
8c4444
8c4545
8c4646
8c4747
8c4848
8c4949
8c4a4a
8c4b4b
8c4c4c
8c4d4d
8c4e4e
8c4f4f
8c5050
8c5151
8c5252
8c5353
8c5454
8c5555
8c5656
8c5757
8c5858
8c5959
8c5a5a
8c5b5b
8c5c5c
8c5d5d
8c5e5e
8c5f5f
8c6060
8c6161
8c6262
8c6363
8c6464
8c6565
8c6666
8c6767
8c6868
8c6969
8c6a6a
8c6b6b
8c6c6c
8c6d6d
8c6e6e
8c6f6f
8c7070
8c7171
8c7272
8c7373
8c7474
8c7575
8c7676
8c7777
8c7878
8c7979
8c7a7a
8c7b7b
8c7c7c
8c7d7d
8c7e7e
8c7f7f
8c808c
8c8190
8c8290
8c8391
8c8491
8c8591
8c8692
8c8792
8c8892
8c8992
8c8a93
8c8b94
8c8c94
8c8d94
8c8e95
8c8f96
8c9096
8c9197
8c9298
8c9398
8c9499
8c959a
8c969a
8c979a
8c989b
8c999c
8c9a9d
8c9b9e
8c9c9f
8c9da0
8c9ea0
8c9fa1
8ca0a2
8ca1a2
8ca2a4
8ca3a4
8ca4a6
8ca5a6
8ca6a8
8ca7a8
8ca8a9
8ca9aa
8caaab
8cabac
8cacad
8cadae
8caeaf
8cafb0
8cb0b0
8cb1b1
8cb2b2
8cb3b3
8cb4b4
8cb5b5
8cb6b6
8cb7b7
8cb8b8
8cb9b9
8cbaba
8cbbbb
8cbcbc
8cbdbd
8cbebe
8cbfbf
8cc0c0
8cc1c1
8cc2c2
8cc3c3
8cc4c4
8cc5c5
8cc6c6
8cc7c7
8cc8c8
8cc9c9
8ccaca
8ccbcb
8ccccc
8ccdcd
8ccece
8ccfcf
8cd0d0
8cd1d1
8cd2d2
8cd3d3
8cd4d4
8cd5d5
8cd6d6
8cd7d7
8cd8d8
8cd9d9
8cdada
8cdbdb
8cdcdc
8cdddd
8cdede
8cdfdf
8ce0e0
8ce1e1
8ce2e2
8ce3e3
8ce4e4
8ce5e5
8ce6e6
8ce7e7
8ce8e8
8ce9e9
8ceaea
8cebeb
8cecec
8ceded
8ceeee
8cefef
8cf0f0
8cf1f1
8cf2f2
8cf3f3
8cf4f4
8cf5f5
8cf6f6
8cf7f7
8cf8f8
8cf9f9
8cfafa
8cfbfb
8cfcfc
8cfdfd
8cfefe
8cffff
8d008d
8d0188
8d0288
8d0387
8d0486
8d0585
8d0684
8d0783
8d0882
8d0980
8d0a00
8d0b00
8d0c00
8d0d00
8d0e00
8d0f00
8d1000
8d1102
8d1206
8d1309
8d140b
8d150d
8d160f
8d1710
8d1812
8d1914
8d1a16
8d1b18
8d1c19
8d1d1a
8d1e1b
8d1f1c
8d201d
8d211f
8d2220
8d2321
8d2422
8d2523
8d2624
8d2725
8d2826
8d2928
8d2a29
8d2b2a
8d2c2b
8d2d2c
8d2e2d
8d2f2e
8d302f
8d3131
8d3232
8d3333
8d3434
8d3535
8d3636
8d3737
8d3838
8d3939
8d3a3a
8d3b3b
8d3c3c
8d3d3d
8d3e3e
8d3f3f
8d4040
8d4141
8d4242
8d4343
8d4444
8d4545
8d4646
8d4747
8d4848
8d4949
8d4a4a
8d4b4b
8d4c4c
8d4d4d
8d4e4e
8d4f4f
8d5050
8d5151
8d5252
8d5353
8d5454
8d5555
8d5656
8d5757
8d5858
8d5959
8d5a5a
8d5b5b
8d5c5c
8d5d5d
8d5e5e
8d5f5f
8d6060
8d6161
8d6262
8d6363
8d6464
8d6565
8d6666
8d6767
8d6868
8d6969
8d6a6a
8d6b6b
8d6c6c
8d6d6d
8d6e6e
8d6f6f
8d7070
8d7171
8d7272
8d7373
8d7474
8d7575
8d7676
8d7777
8d7878
8d7979
8d7a7a
8d7b7b
8d7c7c
8d7d7d
8d7e7e
8d7f7f
8d808d
8d8191
8d8291
8d8391
8d8492
8d8592
8d8692
8d8792
8d8892
8d8993
8d8a94
8d8b94
8d8c94
8d8d95
8d8e96
8d8f96
8d9096
8d9198
8d9298
8d9399
8d9499
8d959a
8d969a
8d979b
8d989b
8d999c
8d9a9d
8d9b9e
8d9c9f
8d9da0
8d9ea1
8d9fa1
8da0a2
8da1a3
8da2a4
8da3a5
8da4a6
8da5a7
8da6a8
8da7a8
8da8a9
8da9aa
8daaab
8dabac
8dacad
8dadae
8daeaf
8dafb0
8db0b0
8db1b1
8db2b2
8db3b3
8db4b4
8db5b5
8db6b6
8db7b7
8db8b8
8db9b9
8dbaba
8dbbbb
8dbcbc
8dbdbd
8dbebe
8dbfbf
8dc0c0
8dc1c1
8dc2c2
8dc3c3
8dc4c4
8dc5c5
8dc6c6
8dc7c7
8dc8c8
8dc9c9
8dcaca
8dcbcb
8dcccc
8dcdcd
8dcece
8dcfcf
8dd0d0
8dd1d1
8dd2d2
8dd3d3
8dd4d4
8dd5d5
8dd6d6
8dd7d7
8dd8d8
8dd9d9
8ddada
8ddbdb
8ddcdc
8ddddd
8ddede
8ddfdf
8de0e0
8de1e1
8de2e2
8de3e3
8de4e4
8de5e5
8de6e6
8de7e7
8de8e8
8de9e9
8deaea
8debeb
8decec
8deded
8deeee
8defef
8df0f0
8df1f1
8df2f2
8df3f3
8df4f4
8df5f5
8df6f6
8df7f7
8df8f8
8df9f9
8dfafa
8dfbfb
8dfcfc
8dfdfd
8dfefe
8dffff
8e008e
8e018a
8e0289
8e0388
8e0488
8e0587
8e0686
8e0785
8e0884
8e0982
8e0a80
8e0b00
8e0c00
8e0d00
8e0e00
8e0f00
8e1000
8e1100
8e1204
8e1308
8e140a
8e150c
8e160e
8e1710
8e1811
8e1913
8e1a15
8e1b17
8e1c18
8e1d1a
8e1e1a
8e1f1c
8e201c
8e211e
8e2220
8e2321
8e2422
8e2523
8e2624
8e2725
8e2826
8e2928
8e2a29
8e2b2a
8e2c2b
8e2d2c
8e2e2d
8e2f2e
8e302f
8e3131
8e3232
8e3333
8e3434
8e3535
8e3636
8e3737
8e3838
8e3939
8e3a3a
8e3b3b
8e3c3c
8e3d3d
8e3e3e
8e3f3f
8e4040
8e4141
8e4242
8e4343
8e4444
8e4545
8e4646
8e4747
8e4848
8e4949
8e4a4a
8e4b4b
8e4c4c
8e4d4d
8e4e4e
8e4f4f
8e5050
8e5151
8e5252
8e5353
8e5454
8e5555
8e5656
8e5757
8e5858
8e5959
8e5a5a
8e5b5b
8e5c5c
8e5d5d
8e5e5e
8e5f5f
8e6060
8e6161
8e6262
8e6363
8e6464
8e6565
8e6666
8e6767
8e6868
8e6969
8e6a6a
8e6b6b
8e6c6c
8e6d6d
8e6e6e
8e6f6f
8e7070
8e7171
8e7272
8e7373
8e7474
8e7575
8e7676
8e7777
8e7878
8e7979
8e7a7a
8e7b7b
8e7c7c
8e7d7d
8e7e7e
8e7f7f
8e808e
8e8191
8e8292
8e8392
8e8492
8e8592
8e8692
8e8793
8e8893
8e8994
8e8a94
8e8b94
8e8c95
8e8d96
8e8e96
8e8f96
8e9097
8e9198
8e9298
8e9399
8e949a
8e959a
8e969a
8e979b
8e989c
8e999c
8e9a9e
8e9b9e
8e9ca0
8e9da0
8e9ea1
8e9fa1
8ea0a2
8ea1a3
8ea2a4
8ea3a5
8ea4a6
8ea5a7
8ea6a8
8ea7a8
8ea8a9
8ea9aa
8eaaab
8eabac
8eacad
8eadae
8eaeaf
8eafb0
8eb0b0
8eb1b1
8eb2b2
8eb3b3
8eb4b4
8eb5b5
8eb6b6
8eb7b7
8eb8b8
8eb9b9
8ebaba
8ebbbb
8ebcbc
8ebdbd
8ebebe
8ebfbf
8ec0c0
8ec1c1
8ec2c2
8ec3c3
8ec4c4
8ec5c5
8ec6c6
8ec7c7
8ec8c8
8ec9c9
8ecaca
8ecbcb
8ecccc
8ecdcd
8ecece
8ecfcf
8ed0d0
8ed1d1
8ed2d2
8ed3d3
8ed4d4
8ed5d5
8ed6d6
8ed7d7
8ed8d8
8ed9d9
8edada
8edbdb
8edcdc
8edddd
8edede
8edfdf
8ee0e0
8ee1e1
8ee2e2
8ee3e3
8ee4e4
8ee5e5
8ee6e6
8ee7e7
8ee8e8
8ee9e9
8eeaea
8eebeb
8eecec
8eeded
8eeeee
8eefef
8ef0f0
8ef1f1
8ef2f2
8ef3f3
8ef4f4
8ef5f5
8ef6f6
8ef7f7
8ef8f8
8ef9f9
8efafa
8efbfb
8efcfc
8efdfd
8efefe
8effff
8f008f
8f018a
8f028a
8f038a
8f0489
8f0588
8f0688
8f0787
8f0886
8f0984
8f0a82
8f0b80
8f0c00
8f0d00
8f0e00
8f0f00
8f1000
8f1100
8f1202
8f1306
8f1409
8f150b
8f160d
8f170f
8f1810
8f1912
8f1a14
8f1b16
8f1c18
8f1d19
8f1e1a
8f1f1b
8f201c
8f211e
8f2220
8f2321
8f2422
8f2523
8f2624
8f2725
8f2826
8f2928
8f2a29
8f2b2a
8f2c2b
8f2d2c
8f2e2d
8f2f2e
8f302f
8f3131
8f3232
8f3333
8f3434
8f3535
8f3636
8f3737
8f3838
8f3939
8f3a3a
8f3b3b
8f3c3c
8f3d3d
8f3e3e
8f3f3f
8f4040
8f4141
8f4242
8f4343
8f4444
8f4545
8f4646
8f4747
8f4848
8f4949
8f4a4a
8f4b4b
8f4c4c
8f4d4d
8f4e4e
8f4f4f
8f5050
8f5151
8f5252
8f5353
8f5454
8f5555
8f5656
8f5757
8f5858
8f5959
8f5a5a
8f5b5b
8f5c5c
8f5d5d
8f5e5e
8f5f5f
8f6060
8f6161
8f6262
8f6363
8f6464
8f6565
8f6666
8f6767
8f6868
8f6969
8f6a6a
8f6b6b
8f6c6c
8f6d6d
8f6e6e
8f6f6f
8f7070
8f7171
8f7272
8f7373
8f7474
8f7575
8f7676
8f7777
8f7878
8f7979
8f7a7a
8f7b7b
8f7c7c
8f7d7d
8f7e7e
8f7f7f
8f808f
8f8192
8f8292
8f8392
8f8492
8f8593
8f8693
8f8793
8f8894
8f8994
8f8a94
8f8b95
8f8c96
8f8d96
8f8e96
8f8f97
8f9098
8f9198
8f9299
8f9399
8f949a
8f959a
8f969b
8f979b
8f989c
8f999d
8f9a9e
8f9b9f
8f9ca0
8f9da0
8f9ea1
8f9fa1
8fa0a2
8fa1a3
8fa2a4
8fa3a5
8fa4a6
8fa5a7
8fa6a8
8fa7a8
8fa8a9
8fa9aa
8faaab
8fabac
8facad
8fadae
8faeaf
8fafb0
8fb0b0
8fb1b1
8fb2b2
8fb3b3
8fb4b4
8fb5b5
8fb6b6
8fb7b7
8fb8b8
8fb9b9
8fbaba
8fbbbb
8fbcbc
8fbdbd
8fbebe
8fbfbf
8fc0c0
8fc1c1
8fc2c2
8fc3c3
8fc4c4
8fc5c5
8fc6c6
8fc7c7
8fc8c8
8fc9c9
8fcaca
8fcbcb
8fcccc
8fcdcd
8fcece
8fcfcf
8fd0d0
8fd1d1
8fd2d2
8fd3d3
8fd4d4
8fd5d5
8fd6d6
8fd7d7
8fd8d8
8fd9d9
8fdada
8fdbdb
8fdcdc
8fdddd
8fdede
8fdfdf
8fe0e0
8fe1e1
8fe2e2
8fe3e3
8fe4e4
8fe5e5
8fe6e6
8fe7e7
8fe8e8
8fe9e9
8feaea
8febeb
8fecec
8feded
8feeee
8fefef
8ff0f0
8ff1f1
8ff2f2
8ff3f3
8ff4f4
8ff5f5
8ff6f6
8ff7f7
8ff8f8
8ff9f9
8ffafa
8ffbfb
8ffcfc
8ffdfd
8ffefe
8fffff
900090
90018c
90028b
90038a
90048a
90058a
900689
900788
900888
900986
900a84
900b82
900c80
900d00
900e00
900f00
901000
901100
901200
901304
901408
90150a
90160c
90170e
901810
901912
901a14
901b16
901c18
901d19
901e1a
901f1b
90201c
90211e
902220
902321
902422
902523
902624
902725
902826
902928
902a29
902b2a
902c2b
902d2c
902e2d
902f2e
90302f
903130
903232
903332
903434
903534
903636
903736
903838
903939
903a3a
903b3b
903c3c
903d3d
903e3e
903f3f
904040
904141
904242
904343
904444
904545
904646
904747
904848
904949
904a4a
904b4b
904c4c
904d4d
904e4e
904f4f
905050
905151
905252
905353
905454
905555
905656
905757
905858
905959
905a5a
905b5b
905c5c
905d5d
905e5e
905f5f
906060
906161
906262
906363
906464
906565
906666
906767
906868
906969
906a6a
906b6b
906c6c
906d6d
906e6e
906f6f
907070
907171
907272
907373
907474
907575
907676
907777
907878
907979
907a7a
907b7b
907c7c
907d7d
907e7e
907f7f
908090
908192
908292
908393
908493
908593
908694
908794
908894
908994
908a95
908b96
908c96
908d96
908e97
908f98
909098
909198
909299
90939a
90949a
90959a
90969b
90979c
90989c
90999d
909a9e
909b9f
909ca0
909da0
909ea1
909fa2
90a0a2
90a1a3
90a2a4
90a3a5
90a4a6
90a5a7
90a6a8
90a7a8
90a8a9
90a9aa
90aaab
90abac
90acad
90adae
90aeaf
90afb0
90b0b0
90b1b2
90b2b2
90b3b4
90b4b4
90b5b6
90b6b6
90b7b8
90b8b8
90b9b9
90baba
90bbbb
90bcbc
90bdbd
90bebe
90bfbf
90c0c0
90c1c1
90c2c2
90c3c3
90c4c4
90c5c5
90c6c6
90c7c7
90c8c8
90c9c9
90caca
90cbcb
90cccc
90cdcd
90cece
90cfcf
90d0d0
90d1d1
90d2d2
90d3d3
90d4d4
90d5d5
90d6d6
90d7d7
90d8d8
90d9d9
90dada
90dbdb
90dcdc
90dddd
90dede
90dfdf
90e0e0
90e1e1
90e2e2
90e3e3
90e4e4
90e5e5
90e6e6
90e7e7
90e8e8
90e9e9
90eaea
90ebeb
90ecec
90eded
90eeee
90efef
90f0f0
90f1f1
90f2f2
90f3f3
90f4f4
90f5f5
90f6f6
90f7f7
90f8f8
90f9f9
90fafa
90fbfb
90fcfc
90fdfd
90fefe
90ffff
910091
91018e
91028d
91038c
91048c
91058c
91068b
91078a
91088a
910989
910a88
910b86
910c84
910d82
910e80
910f00
911000
911100
911200
911300
911404
911508
91160a
91170c
91180e
911911
911a13
911b15
911c17
911d18
911e1a
911f1a
91201c
91211e
912220
912321
912422
912523
912624
912725
912826
912928
912a29
912b2a
912c2b
912d2c
912e2d
912f2e
91302f
913130
913231
913332
913433
913534
913635
913736
913837
913939
913a3a
913b3b
913c3c
913d3d
913e3e
913f3f
914040
914141
914242
914343
914444
914545
914646
914747
914848
914949
914a4a
914b4b
914c4c
914d4d
914e4e
914f4f
915050
915151
915252
915353
915454
915555
915656
915757
915858
915959
915a5a
915b5b
915c5c
915d5d
915e5e
915f5f
916060
916161
916262
916363
916464
916565
916666
916767
916868
916969
916a6a
916b6b
916c6c
916d6d
916e6e
916f6f
917070
917171
917272
917373
917474
917575
917676
917777
917878
917979
917a7a
917b7b
917c7c
917d7d
917e7e
917f7f
918091
918193
918294
918394
918494
918594
918694
918795
918895
918996
918a96
918b96
918c97
918d98
918e98
918f98
919098
919199
91929a
91939a
91949a
91959b
91969c
91979c
91989c
91999e
919a9e
919ba0
919ca0
919da1
919ea1
919fa2
91a0a2
91a1a3
91a2a4
91a3a5
91a4a6
91a5a7
91a6a8
91a7a9
91a8a9
91a9aa
91aaab
91abac
91acad
91adae
91aeaf
91afb0
91b0b1
91b1b2
91b2b3
91b3b4
91b4b5
91b5b6
91b6b7
91b7b8
91b8b8
91b9b9
91baba
91bbbb
91bcbc
91bdbd
91bebe
91bfbf
91c0c0
91c1c1
91c2c2
91c3c3
91c4c4
91c5c5
91c6c6
91c7c7
91c8c8
91c9c9
91caca
91cbcb
91cccc
91cdcd
91cece
91cfcf
91d0d0
91d1d1
91d2d2
91d3d3
91d4d4
91d5d5
91d6d6
91d7d7
91d8d8
91d9d9
91dada
91dbdb
91dcdc
91dddd
91dede
91dfdf
91e0e0
91e1e1
91e2e2
91e3e3
91e4e4
91e5e5
91e6e6
91e7e7
91e8e8
91e9e9
91eaea
91ebeb
91ecec
91eded
91eeee
91efef
91f0f0
91f1f1
91f2f2
91f3f3
91f4f4
91f5f5
91f6f6
91f7f7
91f8f8
91f9f9
91fafa
91fbfb
91fcfc
91fdfd
91fefe
91ffff
920092
920190
92028f
92038e
92048e
92058e
92068d
92078c
92088c
92098b
920a8a
920b89
920c88
920d86
920e84
920f82
921080
921100
921200
921300
921400
921504
921608
92170a
92180c
921910
921a12
921b14
921c16
921d18
921e19
921f1a
92201b
92211d
92221f
922320
922422
922522
922624
922724
922826
922928
922a29
922b2a
922c2b
922d2c
922e2d
922f2e
92302f
923130
923231
923332
923433
923534
923635
923736
923837
923939
923a3a
923b3b
923c3c
923d3d
923e3e
923f3f
924040
924141
924242
924343
924444
924545
924646
924747
924848
924949
924a4a
924b4b
924c4c
924d4d
924e4e
924f4f
925050
925151
925252
925353
925454
925555
925656
925757
925858
925959
925a5a
925b5b
925c5c
925d5d
925e5e
925f5f
926060
926161
926262
926363
926464
926565
926666
926767
926868
926969
926a6a
926b6b
926c6c
926d6d
926e6e
926f6f
927070
927171
927272
927373
927474
927575
927676
927777
927878
927979
927a7a
927b7b
927c7c
927d7d
927e7e
927f7f
928092
928194
928294
928395
928495
928595
928696
928796
928896
928996
928a97
928b98
928c98
928d98
928e98
928f99
929099
92919a
92929a
92939a
92949b
92959c
92969c
92979c
92989d
92999e
929a9f
929ba0
929ca0
929da1
929ea2
929fa2
92a0a2
92a1a4
92a2a4
92a3a6
92a4a6
92a5a8
92a6a8
92a7a9
92a8a9
92a9aa
92aaab
92abac
92acad
92adae
92aeaf
92afb0
92b0b1
92b1b2
92b2b3
92b3b4
92b4b5
92b5b6
92b6b7
92b7b8
92b8b8
92b9b9
92baba
92bbbb
92bcbc
92bdbd
92bebe
92bfbf
92c0c0
92c1c1
92c2c2
92c3c3
92c4c4
92c5c5
92c6c6
92c7c7
92c8c8
92c9c9
92caca
92cbcb
92cccc
92cdcd
92cece
92cfcf
92d0d0
92d1d1
92d2d2
92d3d3
92d4d4
92d5d5
92d6d6
92d7d7
92d8d8
92d9d9
92dada
92dbdb
92dcdc
92dddd
92dede
92dfdf
92e0e0
92e1e1
92e2e2
92e3e3
92e4e4
92e5e5
92e6e6
92e7e7
92e8e8
92e9e9
92eaea
92ebeb
92ecec
92eded
92eeee
92efef
92f0f0
92f1f1
92f2f2
92f3f3
92f4f4
92f5f5
92f6f6
92f7f7
92f8f8
92f9f9
92fafa
92fbfb
92fcfc
92fdfd
92fefe
92ffff
930093
930191
930290
930390
930490
930590
93068f
93078e
93088e
93098d
930a8c
930b8b
930c8a
930d89
930e88
930f86
931084
931180
931200
931300
931400
931500
931604
931708
93180a
93190e
931a11
931b13
931c15
931d17
931e18
931f1a
93201a
93211c
93221e
932320
932421
932522
932623
932724
932825
932927
932a29
932b2a
932c2b
932d2c
932e2d
932f2e
93302f
933130
933231
933332
933433
933534
933635
933736
933837
933939
933a3a
933b3b
933c3c
933d3d
933e3e
933f3f
934040
934141
934242
934343
934444
934545
934646
934747
934848
934949
934a4a
934b4b
934c4c
934d4d
934e4e
934f4f
935050
935151
935252
935353
935454
935555
935656
935757
935858
935959
935a5a
935b5b
935c5c
935d5d
935e5e
935f5f
936060
936161
936262
936363
936464
936565
936666
936767
936868
936969
936a6a
936b6b
936c6c
936d6d
936e6e
936f6f
937070
937171
937272
937373
937474
937575
937676
937777
937878
937979
937a7a
937b7b
937c7c
937d7d
937e7e
937f7f
938093
938195
938296
938396
938496
938596
938696
938797
938897
938998
938a98
938b98
938c98
938d99
938e99
938f99
93909a
93919a
93929a
93939b
93949c
93959c
93969c
93979d
93989e
93999e
939aa0
939ba0
939ca1
939da1
939ea2
939fa2
93a0a3
93a1a4
93a2a5
93a3a6
93a4a7
93a5a8
93a6a8
93a7a9
93a8a9
93a9aa
93aaab
93abac
93acad
93adae
93aeaf
93afb0
93b0b1
93b1b2
93b2b3
93b3b4
93b4b5
93b5b6
93b6b7
93b7b8
93b8b8
93b9b9
93baba
93bbbb
93bcbc
93bdbd
93bebe
93bfbf
93c0c0
93c1c1
93c2c2
93c3c3
93c4c4
93c5c5
93c6c6
93c7c7
93c8c8
93c9c9
93caca
93cbcb
93cccc
93cdcd
93cece
93cfcf
93d0d0
93d1d1
93d2d2
93d3d3
93d4d4
93d5d5
93d6d6
93d7d7
93d8d8
93d9d9
93dada
93dbdb
93dcdc
93dddd
93dede
93dfdf
93e0e0
93e1e1
93e2e2
93e3e3
93e4e4
93e5e5
93e6e6
93e7e7
93e8e8
93e9e9
93eaea
93ebeb
93ecec
93eded
93eeee
93efef
93f0f0
93f1f1
93f2f2
93f3f3
93f4f4
93f5f5
93f6f6
93f7f7
93f8f8
93f9f9
93fafa
93fbfb
93fcfc
93fdfd
93fefe
93ffff
940094
940192
940292
940391
940491
940591
940690
940790
940890
94098f
940a8e
940b8d
940c8c
940d8b
940e8a
940f89
941088
941184
941280
941300
941400
941500
941600
941704
941808
94190c
941a10
941b12
941c14
941d16
941e18
941f19
94201a
94211c
94221e
942320
942421
942522
942623
942724
942825
942927
942a28
942b2a
942c2a
942d2c
942e2c
942f2e
94302e
943130
943231
943332
943433
943534
943635
943736
943837
943939
943a3a
943b3b
943c3c
943d3d
943e3e
943f3f
944040
944141
944242
944343
944444
944545
944646
944747
944848
944949
944a4a
944b4b
944c4c
944d4d
944e4e
944f4f
945050
945151
945252
945353
945454
945555
945656
945757
945858
945959
945a5a
945b5b
945c5c
945d5d
945e5e
945f5f
946060
946161
946262
946363
946464
946565
946666
946767
946868
946969
946a6a
946b6b
946c6c
946d6d
946e6e
946f6f
947070
947171
947272
947373
947474
947575
947676
947777
947878
947979
947a7a
947b7b
947c7c
947d7d
947e7e
947f7f
948094
948196
948296
948397
948497
948597
948698
948798
948898
948998
948a98
948b99
948c99
948d99
948e9a
948f9a
94909a
94919a
94929b
94939c
94949c
94959c
94969d
94979e
94989e
94999f
949aa0
949ba0
949ca1
949da2
949ea2
949fa2
94a0a3
94a1a4
94a2a5
94a3a6
94a4a7
94a5a8
94a6a8
94a7a9
94a8aa
94a9aa
94aaac
94abac
94acae
94adae
94aeb0
94afb0
94b0b1
94b1b2
94b2b3
94b3b4
94b4b5
94b5b6
94b6b7
94b7b8
94b8b8
94b9b9
94baba
94bbbb
94bcbc
94bdbd
94bebe
94bfbf
94c0c0
94c1c1
94c2c2
94c3c3
94c4c4
94c5c5
94c6c6
94c7c7
94c8c8
94c9c9
94caca
94cbcb
94cccc
94cdcd
94cece
94cfcf
94d0d0
94d1d1
94d2d2
94d3d3
94d4d4
94d5d5
94d6d6
94d7d7
94d8d8
94d9d9
94dada
94dbdb
94dcdc
94dddd
94dede
94dfdf
94e0e0
94e1e1
94e2e2
94e3e3
94e4e4
94e5e5
94e6e6
94e7e7
94e8e8
94e9e9
94eaea
94ebeb
94ecec
94eded
94eeee
94efef
94f0f0
94f1f1
94f2f2
94f3f3
94f4f4
94f5f5
94f6f6
94f7f7
94f8f8
94f9f9
94fafa
94fbfb
94fcfc
94fdfd
94fefe
94ffff
950095
950193
950292
950392
950492
950592
950692
950791
950891
950990
950a90
950b8f
950c8e
950d8d
950e8c
950f8b
95108a
951188
951284
951380
951400
951500
951600
951700
951804
95190a
951a0e
951b11
951c13
951d15
951e17
951f18
95201a
95211c
95221e
952320
952421
952522
952623
952724
952825
952927
952a28
952b29
952c2a
952d2b
952e2c
952f2d
95302e
953130
953231
953332
953433
953534
953635
953736
953837
953939
953a3a
953b3b
953c3c
953d3d
953e3e
953f3f
954040
954141
954242
954343
954444
954545
954646
954747
954848
954949
954a4a
954b4b
954c4c
954d4d
954e4e
954f4f
955050
955151
955252
955353
955454
955555
955656
955757
955858
955959
955a5a
955b5b
955c5c
955d5d
955e5e
955f5f
956060
956161
956262
956363
956464
956565
956666
956767
956868
956969
956a6a
956b6b
956c6c
956d6d
956e6e
956f6f
957070
957171
957272
957373
957474
957575
957676
957777
957878
957979
957a7a
957b7b
957c7c
957d7d
957e7e
957f7f
958095
958197
958298
958398
958498
958598
958698
958798
958898
958999
958a99
958b99
958c9a
958d9a
958e9a
958f9a
95909a
95919b
95929c
95939c
95949c
95959d
95969e
95979e
95989e
9599a0
959aa0
959ba1
959ca1
959da2
959ea2
959fa3
95a0a3
95a1a4
95a2a5
95a3a6
95a4a7
95a5a8
95a6a9
95a7a9
95a8aa
95a9ab
95aaac
95abad
95acae
95adaf
95aeb0
95afb0
95b0b1
95b1b2
95b2b3
95b3b4
95b4b5
95b5b6
95b6b7
95b7b8
95b8b8
95b9b9
95baba
95bbbb
95bcbc
95bdbd
95bebe
95bfbf
95c0c0
95c1c1
95c2c2
95c3c3
95c4c4
95c5c5
95c6c6
95c7c7
95c8c8
95c9c9
95caca
95cbcb
95cccc
95cdcd
95cece
95cfcf
95d0d0
95d1d1
95d2d2
95d3d3
95d4d4
95d5d5
95d6d6
95d7d7
95d8d8
95d9d9
95dada
95dbdb
95dcdc
95dddd
95dede
95dfdf
95e0e0
95e1e1
95e2e2
95e3e3
95e4e4
95e5e5
95e6e6
95e7e7
95e8e8
95e9e9
95eaea
95ebeb
95ecec
95eded
95eeee
95efef
95f0f0
95f1f1
95f2f2
95f3f3
95f4f4
95f5f5
95f6f6
95f7f7
95f8f8
95f9f9
95fafa
95fbfb
95fcfc
95fdfd
95fefe
95ffff
960096
960194
960294
960393
960493
960593
960692
960792
960892
960992
960a91
960b90
960c90
960d8f
960e8e
960f8d
96108c
96118a
961288
961384
961480
961500
961600
961700
961800
961908
961a0c
961b10
961c12
961d14
961e16
961f18
962019
96211b
96221d
96231f
962420
962522
962622
962724
962824
962926
962a28
962b29
962c2a
962d2b
962e2c
962f2d
96302e
963130
963231
963332
963433
963534
963635
963736
963837
963939
963a3a
963b3b
963c3c
963d3d
963e3e
963f3f
964040
964141
964242
964343
964444
964545
964646
964747
964848
964949
964a4a
964b4b
964c4c
964d4d
964e4e
964f4f
965050
965151
965252
965353
965454
965555
965656
965757
965858
965959
965a5a
965b5b
965c5c
965d5d
965e5e
965f5f
966060
966161
966262
966363
966464
966565
966666
966767
966868
966969
966a6a
966b6b
966c6c
966d6d
966e6e
966f6f
967070
967171
967272
967373
967474
967575
967676
967777
967878
967979
967a7a
967b7b
967c7c
967d7d
967e7e
967f7f
968096
968198
968298
968398
968498
968599
968699
968799
968899
968999
968a9a
968b9a
968c9a
968d9a
968e9a
968f9b
96909b
96919c
96929c
96939c
96949d
96959e
96969e
96979e
96989f
9699a0
969aa0
969ba1
969ca2
969da2
969ea2
969fa3
96a0a4
96a1a4
96a2a6
96a3a6
96a4a8
96a5a8
96a6a9
96a7a9
96a8aa
96a9ab
96aaac
96abad
96acae
96adaf
96aeb0
96afb0
96b0b1
96b1b2
96b2b3
96b3b4
96b4b5
96b5b6
96b6b7
96b7b8
96b8b8
96b9b9
96baba
96bbbb
96bcbc
96bdbd
96bebe
96bfbf
96c0c0
96c1c1
96c2c2
96c3c3
96c4c4
96c5c5
96c6c6
96c7c7
96c8c8
96c9c9
96caca
96cbcb
96cccc
96cdcd
96cece
96cfcf
96d0d0
96d1d1
96d2d2
96d3d3
96d4d4
96d5d5
96d6d6
96d7d7
96d8d8
96d9d9
96dada
96dbdb
96dcdc
96dddd
96dede
96dfdf
96e0e0
96e1e1
96e2e2
96e3e3
96e4e4
96e5e5
96e6e6
96e7e7
96e8e8
96e9e9
96eaea
96ebeb
96ecec
96eded
96eeee
96efef
96f0f0
96f1f1
96f2f2
96f3f3
96f4f4
96f5f5
96f6f6
96f7f7
96f8f8
96f9f9
96fafa
96fbfb
96fcfc
96fdfd
96fefe
96ffff
970097
970195
970294
970394
970494
970594
970694
970793
970893
970992
970a92
970b92
970c91
970d90
970e90
970f8f
97108e
97118c
97128a
971388
971484
971580
971600
971700
971800
971904
971a0a
971b0e
971c11
971d13
971e15
971f17
972018
97211a
97221c
97231e
972420
972521
972622
972723
972824
972926
972a28
972b29
972c2a
972d2b
972e2c
972f2d
97302e
973130
973231
973332
973433
973534
973635
973736
973837
973939
973a3a
973b3b
973c3c
973d3d
973e3e
973f3f
974040
974141
974242
974343
974444
974545
974646
974747
974848
974949
974a4a
974b4b
974c4c
974d4d
974e4e
974f4f
975050
975151
975252
975353
975454
975555
975656
975757
975858
975959
975a5a
975b5b
975c5c
975d5d
975e5e
975f5f
976060
976161
976262
976363
976464
976565
976666
976767
976868
976969
976a6a
976b6b
976c6c
976d6d
976e6e
976f6f
977070
977171
977272
977373
977474
977575
977676
977777
977878
977979
977a7a
977b7b
977c7c
977d7d
977e7e
977f7f
978097
978199
978299
978399
978499
978599
978699
978799
97889a
97899a
978a9a
978b9a
978c9a
978d9b
978e9b
978f9b
97909c
97919c
97929c
97939d
97949e
97959e
97969e
97979f
9798a0
9799a0
979aa1
979ba1
979ca2
979da2
979ea3
979fa3
97a0a4
97a1a5
97a2a6
97a3a7
97a4a8
97a5a8
97a6a9
97a7a9
97a8aa
97a9ab
97aaac
97abad
97acae
97adaf
97aeb0
97afb0
97b0b1
97b1b2
97b2b3
97b3b4
97b4b5
97b5b6
97b6b7
97b7b8
97b8b8
97b9b9
97baba
97bbbb
97bcbc
97bdbd
97bebe
97bfbf
97c0c0
97c1c1
97c2c2
97c3c3
97c4c4
97c5c5
97c6c6
97c7c7
97c8c8
97c9c9
97caca
97cbcb
97cccc
97cdcd
97cece
97cfcf
97d0d0
97d1d1
97d2d2
97d3d3
97d4d4
97d5d5
97d6d6
97d7d7
97d8d8
97d9d9
97dada
97dbdb
97dcdc
97dddd
97dede
97dfdf
97e0e0
97e1e1
97e2e2
97e3e3
97e4e4
97e5e5
97e6e6
97e7e7
97e8e8
97e9e9
97eaea
97ebeb
97ecec
97eded
97eeee
97efef
97f0f0
97f1f1
97f2f2
97f3f3
97f4f4
97f5f5
97f6f6
97f7f7
97f8f8
97f9f9
97fafa
97fbfb
97fcfc
97fdfd
97fefe
97ffff
980098
980196
980296
980395
980495
980595
980694
980794
980894
980994
980a93
980b92
980c92
980d92
980e91
980f90
981090
98118e
98128c
98138a
981488
981584
981680
981700
981800
981900
981a08
981b0c
981c10
981d12
981e14
981f16
982018
98211a
98221c
98231e
982420
982521
982622
982723
982824
982926
982a28
982b29
982c2a
982d2b
982e2c
982f2d
98302e
983130
983231
983332
983433
983534
983635
983736
983837
983938
983a3a
983b3a
983c3c
983d3c
983e3e
983f3e
984040
984141
984242
984343
984444
984545
984646
984747
984848
984949
984a4a
984b4b
984c4c
984d4d
984e4e
984f4f
985050
985151
985252
985353
985454
985555
985656
985757
985858
985959
985a5a
985b5b
985c5c
985d5d
985e5e
985f5f
986060
986161
986262
986363
986464
986565
986666
986767
986868
986969
986a6a
986b6b
986c6c
986d6d
986e6e
986f6f
987070
987171
987272
987373
987474
987575
987676
987777
987878
987979
987a7a
987b7b
987c7c
987d7d
987e7e
987f7f
988098
988199
988299
988399
98849a
98859a
98869a
98879a
98889a
98899a
988a9a
988b9b
988c9b
988d9b
988e9c
988f9c
98909c
98919c
98929d
98939e
98949e
98959e
98969f
9897a0
9898a0
9899a0
989aa1
989ba2
989ca2
989da2
989ea3
989fa4
98a0a4
98a1a5
98a2a6
98a3a7
98a4a8
98a5a8
98a6a9
98a7aa
98a8aa
98a9ab
98aaac
98abad
98acae
98adaf
98aeb0
98afb0
98b0b1
98b1b2
98b2b3
98b3b4
98b4b5
98b5b6
98b6b7
98b7b8
98b8b8
98b9ba
98baba
98bbbc
98bcbc
98bdbe
98bebe
98bfc0
98c0c0
98c1c1
98c2c2
98c3c3
98c4c4
98c5c5
98c6c6
98c7c7
98c8c8
98c9c9
98caca
98cbcb
98cccc
98cdcd
98cece
98cfcf
98d0d0
98d1d1
98d2d2
98d3d3
98d4d4
98d5d5
98d6d6
98d7d7
98d8d8
98d9d9
98dada
98dbdb
98dcdc
98dddd
98dede
98dfdf
98e0e0
98e1e1
98e2e2
98e3e3
98e4e4
98e5e5
98e6e6
98e7e7
98e8e8
98e9e9
98eaea
98ebeb
98ecec
98eded
98eeee
98efef
98f0f0
98f1f1
98f2f2
98f3f3
98f4f4
98f5f5
98f6f6
98f7f7
98f8f8
98f9f9
98fafa
98fbfb
98fcfc
98fdfd
98fefe
98ffff
990099
990198
990298
990397
990497
990597
990696
990796
990896
990996
990a95
990b94
990c94
990d94
990e93
990f92
991092
991191
991290
99138e
99148c
99158a
991688
991784
991880
991900
991a00
991b08
991c0c
991d10
991e12
991f14
992016
992119
99221b
99231d
99241f
992520
992622
992722
992824
992926
992a28
992b29
992c2a
992d2b
992e2c
992f2d
99302e
993130
993231
993332
993433
993534
993635
993736
993837
993938
993a39
993b3a
993c3b
993d3c
993e3d
993f3e
99403f
994141
994242
994343
994444
994545
994646
994747
994848
994949
994a4a
994b4b
994c4c
994d4d
994e4e
994f4f
995050
995151
995252
995353
995454
995555
995656
995757
995858
995959
995a5a
995b5b
995c5c
995d5d
995e5e
995f5f
996060
996161
996262
996363
996464
996565
996666
996767
996868
996969
996a6a
996b6b
996c6c
996d6d
996e6e
996f6f
997070
997171
997272
997373
997474
997575
997676
997777
997878
997979
997a7a
997b7b
997c7c
997d7d
997e7e
997f7f
998099
99819a
99829a
99839a
99849a
99859b
99869b
99879b
99889b
99899b
998a9c
998b9c
998c9c
998d9c
998e9c
998f9d
99909d
99919e
99929e
99939e
99949f
9995a0
9996a0
9997a0
9998a0
9999a1
999aa2
999ba2
999ca2
999da3
999ea4
999fa4
99a0a4
99a1a6
99a2a6
99a3a8
99a4a8
99a5a9
99a6a9
99a7aa
99a8aa
99a9ab
99aaac
99abad
99acae
99adaf
99aeb0
99afb1
99b0b1
99b1b2
99b2b3
99b3b4
99b4b5
99b5b6
99b6b7
99b7b8
99b8b9
99b9ba
99babb
99bbbc
99bcbd
99bdbe
99bebf
99bfc0
99c0c0
99c1c1
99c2c2
99c3c3
99c4c4
99c5c5
99c6c6
99c7c7
99c8c8
99c9c9
99caca
99cbcb
99cccc
99cdcd
99cece
99cfcf
99d0d0
99d1d1
99d2d2
99d3d3
99d4d4
99d5d5
99d6d6
99d7d7
99d8d8
99d9d9
99dada
99dbdb
99dcdc
99dddd
99dede
99dfdf
99e0e0
99e1e1
99e2e2
99e3e3
99e4e4
99e5e5
99e6e6
99e7e7
99e8e8
99e9e9
99eaea
99ebeb
99ecec
99eded
99eeee
99efef
99f0f0
99f1f1
99f2f2
99f3f3
99f4f4
99f5f5
99f6f6
99f7f7
99f8f8
99f9f9
99fafa
99fbfb
99fcfc
99fdfd
99fefe
99ffff
9a009a
9a0199
9a0299
9a0399
9a0498
9a0598
9a0698
9a0798
9a0898
9a0998
9a0a97
9a0b96
9a0c96
9a0d96
9a0e95
9a0f94
9a1094
9a1193
9a1292
9a1391
9a1490
9a158e
9a168c
9a178a
9a1888
9a1980
9a1a00
9a1b00
9a1c08
9a1d0c
9a1e10
9a1f12
9a2014
9a2118
9a221a
9a231c
9a241e
9a2520
9a2621
9a2722
9a2823
9a2925
9a2a27
9a2b28
9a2c2a
9a2d2a
9a2e2c
9a2f2c
9a302e
9a3130
9a3231
9a3332
9a3433
9a3534
9a3635
9a3736
9a3837
9a3938
9a3a39
9a3b3a
9a3c3b
9a3d3c
9a3e3d
9a3f3e
9a403f
9a4141
9a4242
9a4343
9a4444
9a4545
9a4646
9a4747
9a4848
9a4949
9a4a4a
9a4b4b
9a4c4c
9a4d4d
9a4e4e
9a4f4f
9a5050
9a5151
9a5252
9a5353
9a5454
9a5555
9a5656
9a5757
9a5858
9a5959
9a5a5a
9a5b5b
9a5c5c
9a5d5d
9a5e5e
9a5f5f
9a6060
9a6161
9a6262
9a6363
9a6464
9a6565
9a6666
9a6767
9a6868
9a6969
9a6a6a
9a6b6b
9a6c6c
9a6d6d
9a6e6e
9a6f6f
9a7070
9a7171
9a7272
9a7373
9a7474
9a7575
9a7676
9a7777
9a7878
9a7979
9a7a7a
9a7b7b
9a7c7c
9a7d7d
9a7e7e
9a7f7f
9a809a
9a819b
9a829b
9a839b
9a849c
9a859c
9a869c
9a879c
9a889c
9a899c
9a8a9c
9a8b9d
9a8c9d
9a8d9d
9a8e9e
9a8f9e
9a909e
9a919e
9a929f
9a93a0
9a94a0
9a95a0
9a96a0
9a97a1
9a98a1
9a99a2
9a9aa2
9a9ba2
9a9ca3
9a9da4
9a9ea4
9a9fa4
9aa0a5
9aa1a6
9aa2a7
9aa3a8
9aa4a8
9aa5a9
9aa6aa
9aa7aa
9aa8aa
9aa9ac
9aaaac
9aabae
9aacae
9aadb0
9aaeb0
9aafb1
9ab0b1
9ab1b2
9ab2b3
9ab3b4
9ab4b5
9ab5b6
9ab6b7
9ab7b8
9ab8b9
9ab9ba
9ababb
9abbbc
9abcbd
9abdbe
9abebf
9abfc0
9ac0c0
9ac1c1
9ac2c2
9ac3c3
9ac4c4
9ac5c5
9ac6c6
9ac7c7
9ac8c8
9ac9c9
9acaca
9acbcb
9acccc
9acdcd
9acece
9acfcf
9ad0d0
9ad1d1
9ad2d2
9ad3d3
9ad4d4
9ad5d5
9ad6d6
9ad7d7
9ad8d8
9ad9d9
9adada
9adbdb
9adcdc
9adddd
9adede
9adfdf
9ae0e0
9ae1e1
9ae2e2
9ae3e3
9ae4e4
9ae5e5
9ae6e6
9ae7e7
9ae8e8
9ae9e9
9aeaea
9aebeb
9aecec
9aeded
9aeeee
9aefef
9af0f0
9af1f1
9af2f2
9af3f3
9af4f4
9af5f5
9af6f6
9af7f7
9af8f8
9af9f9
9afafa
9afbfb
9afcfc
9afdfd
9afefe
9affff
9b009b
9b019a
9b029a
9b039a
9b049a
9b0599
9b0699
9b0799
9b0899
9b0999
9b0a98
9b0b98
9b0c98
9b0d98
9b0e97
9b0f96
9b1096
9b1195
9b1294
9b1393
9b1492
9b1591
9b1690
9b178e
9b188c
9b1988
9b1a80
9b1b00
9b1c00
9b1d08
9b1e0c
9b1f10
9b2012
9b2116
9b2219
9b231b
9b241d
9b251f
9b2620
9b2722
9b2822
9b2924
9b2a26
9b2b28
9b2c29
9b2d2a
9b2e2b
9b2f2c
9b302d
9b312f
9b3231
9b3332
9b3433
9b3534
9b3635
9b3736
9b3837
9b3938
9b3a39
9b3b3a
9b3c3b
9b3d3c
9b3e3d
9b3f3e
9b403f
9b4141
9b4242
9b4343
9b4444
9b4545
9b4646
9b4747
9b4848
9b4949
9b4a4a
9b4b4b
9b4c4c
9b4d4d
9b4e4e
9b4f4f
9b5050
9b5151
9b5252
9b5353
9b5454
9b5555
9b5656
9b5757
9b5858
9b5959
9b5a5a
9b5b5b
9b5c5c
9b5d5d
9b5e5e
9b5f5f
9b6060
9b6161
9b6262
9b6363
9b6464
9b6565
9b6666
9b6767
9b6868
9b6969
9b6a6a
9b6b6b
9b6c6c
9b6d6d
9b6e6e
9b6f6f
9b7070
9b7171
9b7272
9b7373
9b7474
9b7575
9b7676
9b7777
9b7878
9b7979
9b7a7a
9b7b7b
9b7c7c
9b7d7d
9b7e7e
9b7f7f
9b809b
9b819c
9b829c
9b839c
9b849c
9b859d
9b869d
9b879d
9b889d
9b899d
9b8a9e
9b8b9e
9b8c9e
9b8d9e
9b8e9e
9b8f9f
9b909f
9b91a0
9b92a0
9b93a0
9b94a0
9b95a1
9b96a1
9b97a1
9b98a2
9b99a2
9b9aa2
9b9ba3
9b9ca4
9b9da4
9b9ea4
9b9fa5
9ba0a6
9ba1a6
9ba2a8
9ba3a8
9ba4a9
9ba5a9
9ba6aa
9ba7aa
9ba8ab
9ba9ac
9baaad
9babae
9bacaf
9badb0
9baeb0
9bafb1
9bb0b1
9bb1b2
9bb2b3
9bb3b4
9bb4b5
9bb5b6
9bb6b7
9bb7b8
9bb8b9
9bb9ba
9bbabb
9bbbbc
9bbcbd
9bbdbe
9bbebf
9bbfc0
9bc0c0
9bc1c1
9bc2c2
9bc3c3
9bc4c4
9bc5c5
9bc6c6
9bc7c7
9bc8c8
9bc9c9
9bcaca
9bcbcb
9bcccc
9bcdcd
9bcece
9bcfcf
9bd0d0
9bd1d1
9bd2d2
9bd3d3
9bd4d4
9bd5d5
9bd6d6
9bd7d7
9bd8d8
9bd9d9
9bdada
9bdbdb
9bdcdc
9bdddd
9bdede
9bdfdf
9be0e0
9be1e1
9be2e2
9be3e3
9be4e4
9be5e5
9be6e6
9be7e7
9be8e8
9be9e9
9beaea
9bebeb
9becec
9beded
9beeee
9befef
9bf0f0
9bf1f1
9bf2f2
9bf3f3
9bf4f4
9bf5f5
9bf6f6
9bf7f7
9bf8f8
9bf9f9
9bfafa
9bfbfb
9bfcfc
9bfdfd
9bfefe
9bffff
9c009c
9c019b
9c029b
9c039b
9c049a
9c059a
9c069a
9c079a
9c089a
9c099a
9c0a9a
9c0b99
9c0c99
9c0d99
9c0e98
9c0f98
9c1098
9c1197
9c1296
9c1395
9c1494
9c1593
9c1692
9c1791
9c1890
9c198c
9c1a88
9c1b80
9c1c00
9c1d00
9c1e08
9c1f0c
9c2010
9c2114
9c2218
9c231a
9c241c
9c251e
9c2620
9c2721
9c2822
9c2924
9c2a26
9c2b28
9c2c29
9c2d2a
9c2e2b
9c2f2c
9c302d
9c312f
9c3230
9c3332
9c3432
9c3534
9c3634
9c3736
9c3836
9c3938
9c3a39
9c3b3a
9c3c3b
9c3d3c
9c3e3d
9c3f3e
9c403f
9c4141
9c4242
9c4343
9c4444
9c4545
9c4646
9c4747
9c4848
9c4949
9c4a4a
9c4b4b
9c4c4c
9c4d4d
9c4e4e
9c4f4f
9c5050
9c5151
9c5252
9c5353
9c5454
9c5555
9c5656
9c5757
9c5858
9c5959
9c5a5a
9c5b5b
9c5c5c
9c5d5d
9c5e5e
9c5f5f
9c6060
9c6161
9c6262
9c6363
9c6464
9c6565
9c6666
9c6767
9c6868
9c6969
9c6a6a
9c6b6b
9c6c6c
9c6d6d
9c6e6e
9c6f6f
9c7070
9c7171
9c7272
9c7373
9c7474
9c7575
9c7676
9c7777
9c7878
9c7979
9c7a7a
9c7b7b
9c7c7c
9c7d7d
9c7e7e
9c7f7f
9c809c
9c819d
9c829d
9c839d
9c849e
9c859e
9c869e
9c879e
9c889e
9c899e
9c8a9e
9c8b9f
9c8c9f
9c8d9f
9c8ea0
9c8fa0
9c90a0
9c91a0
9c92a0
9c93a1
9c94a1
9c95a1
9c96a2
9c97a2
9c98a2
9c99a2
9c9aa3
9c9ba4
9c9ca4
9c9da4
9c9ea5
9c9fa6
9ca0a6
9ca1a7
9ca2a8
9ca3a8
9ca4a9
9ca5aa
9ca6aa
9ca7aa
9ca8ab
9ca9ac
9caaad
9cabae
9cacaf
9cadb0
9caeb0
9cafb1
9cb0b2
9cb1b2
9cb2b4
9cb3b4
9cb4b6
9cb5b6
9cb6b8
9cb7b8
9cb8b9
9cb9ba
9cbabb
9cbbbc
9cbcbd
9cbdbe
9cbebf
9cbfc0
9cc0c0
9cc1c1
9cc2c2
9cc3c3
9cc4c4
9cc5c5
9cc6c6
9cc7c7
9cc8c8
9cc9c9
9ccaca
9ccbcb
9ccccc
9ccdcd
9ccece
9ccfcf
9cd0d0
9cd1d1
9cd2d2
9cd3d3
9cd4d4
9cd5d5
9cd6d6
9cd7d7
9cd8d8
9cd9d9
9cdada
9cdbdb
9cdcdc
9cdddd
9cdede
9cdfdf
9ce0e0
9ce1e1
9ce2e2
9ce3e3
9ce4e4
9ce5e5
9ce6e6
9ce7e7
9ce8e8
9ce9e9
9ceaea
9cebeb
9cecec
9ceded
9ceeee
9cefef
9cf0f0
9cf1f1
9cf2f2
9cf3f3
9cf4f4
9cf5f5
9cf6f6
9cf7f7
9cf8f8
9cf9f9
9cfafa
9cfbfb
9cfcfc
9cfdfd
9cfefe
9cffff
9d009d
9d019c
9d029c
9d039c
9d049c
9d059b
9d069b
9d079b
9d089b
9d099b
9d0a9a
9d0b9a
9d0c9a
9d0d9a
9d0e9a
9d0f99
9d1099
9d1198
9d1298
9d1397
9d1496
9d1595
9d1694
9d1793
9d1892
9d1990
9d1a8c
9d1b88
9d1c80
9d1d00
9d1e00
9d1f08
9d200c
9d2112
9d2216
9d2319
9d241b
9d251d
9d261f
9d2720
9d2822
9d2924
9d2a26
9d2b28
9d2c29
9d2d2a
9d2e2b
9d2f2c
9d302d
9d312f
9d3230
9d3331
9d3432
9d3533
9d3634
9d3735
9d3836
9d3938
9d3a39
9d3b3a
9d3c3b
9d3d3c
9d3e3d
9d3f3e
9d403f
9d4141
9d4242
9d4343
9d4444
9d4545
9d4646
9d4747
9d4848
9d4949
9d4a4a
9d4b4b
9d4c4c
9d4d4d
9d4e4e
9d4f4f
9d5050
9d5151
9d5252
9d5353
9d5454
9d5555
9d5656
9d5757
9d5858
9d5959
9d5a5a
9d5b5b
9d5c5c
9d5d5d
9d5e5e
9d5f5f
9d6060
9d6161
9d6262
9d6363
9d6464
9d6565
9d6666
9d6767
9d6868
9d6969
9d6a6a
9d6b6b
9d6c6c
9d6d6d
9d6e6e
9d6f6f
9d7070
9d7171
9d7272
9d7373
9d7474
9d7575
9d7676
9d7777
9d7878
9d7979
9d7a7a
9d7b7b
9d7c7c
9d7d7d
9d7e7e
9d7f7f
9d809d
9d819e
9d829e
9d839e
9d849e
9d859f
9d869f
9d879f
9d889f
9d899f
9d8aa0
9d8ba0
9d8ca0
9d8da0
9d8ea0
9d8fa0
9d90a0
9d91a1
9d92a1
9d93a1
9d94a2
9d95a2
9d96a2
9d97a2
9d98a2
9d99a3
9d9aa4
9d9ba4
9d9ca4
9d9da5
9d9ea6
9d9fa6
9da0a6
9da1a8
9da2a8
9da3a9
9da4a9
9da5aa
9da6aa
9da7ab
9da8ab
9da9ac
9daaad
9dabae
9dacaf
9dadb0
9daeb1
9dafb1
9db0b2
9db1b3
9db2b4
9db3b5
9db4b6
9db5b7
9db6b8
9db7b8
9db8b9
9db9ba
9dbabb
9dbbbc
9dbcbd
9dbdbe
9dbebf
9dbfc0
9dc0c0
9dc1c1
9dc2c2
9dc3c3
9dc4c4
9dc5c5
9dc6c6
9dc7c7
9dc8c8
9dc9c9
9dcaca
9dcbcb
9dcccc
9dcdcd
9dcece
9dcfcf
9dd0d0
9dd1d1
9dd2d2
9dd3d3
9dd4d4
9dd5d5
9dd6d6
9dd7d7
9dd8d8
9dd9d9
9ddada
9ddbdb
9ddcdc
9ddddd
9ddede
9ddfdf
9de0e0
9de1e1
9de2e2
9de3e3
9de4e4
9de5e5
9de6e6
9de7e7
9de8e8
9de9e9
9deaea
9debeb
9decec
9deded
9deeee
9defef
9df0f0
9df1f1
9df2f2
9df3f3
9df4f4
9df5f5
9df6f6
9df7f7
9df8f8
9df9f9
9dfafa
9dfbfb
9dfcfc
9dfdfd
9dfefe
9dffff
9e009e
9e019d
9e029d
9e039d
9e049c
9e059c
9e069c
9e079c
9e089c
9e099c
9e0a9c
9e0b9b
9e0c9b
9e0d9b
9e0e9a
9e0f9a
9e109a
9e119a
9e1299
9e1398
9e1498
9e1597
9e1696
9e1795
9e1894
9e1992
9e1a90
9e1b8c
9e1c88
9e1d80
9e1e00
9e1f00
9e2008
9e2110
9e2214
9e2318
9e241a
9e251c
9e261e
9e2720
9e2821
9e2923
9e2a25
9e2b27
9e2c28
9e2d2a
9e2e2a
9e2f2c
9e302c
9e312e
9e3230
9e3331
9e3432
9e3533
9e3634
9e3735
9e3836
9e3938
9e3a39
9e3b3a
9e3c3b
9e3d3c
9e3e3d
9e3f3e
9e403f
9e4141
9e4242
9e4343
9e4444
9e4545
9e4646
9e4747
9e4848
9e4949
9e4a4a
9e4b4b
9e4c4c
9e4d4d
9e4e4e
9e4f4f
9e5050
9e5151
9e5252
9e5353
9e5454
9e5555
9e5656
9e5757
9e5858
9e5959
9e5a5a
9e5b5b
9e5c5c
9e5d5d
9e5e5e
9e5f5f
9e6060
9e6161
9e6262
9e6363
9e6464
9e6565
9e6666
9e6767
9e6868
9e6969
9e6a6a
9e6b6b
9e6c6c
9e6d6d
9e6e6e
9e6f6f
9e7070
9e7171
9e7272
9e7373
9e7474
9e7575
9e7676
9e7777
9e7878
9e7979
9e7a7a
9e7b7b
9e7c7c
9e7d7d
9e7e7e
9e7f7f
9e809e
9e819f
9e829f
9e839f
9e84a0
9e85a0
9e86a0
9e87a0
9e88a0
9e89a0
9e8aa0
9e8ba0
9e8ca0
9e8da1
9e8ea1
9e8fa1
9e90a1
9e91a1
9e92a2
9e93a2
9e94a2
9e95a2
9e96a2
9e97a3
9e98a3
9e99a4
9e9aa4
9e9ba4
9e9ca5
9e9da6
9e9ea6
9e9fa6
9ea0a7
9ea1a8
9ea2a8
9ea3a9
9ea4aa
9ea5aa
9ea6aa
9ea7ab
9ea8ac
9ea9ac
9eaaae
9eabae
9eacb0
9eadb0
9eaeb1
9eafb1
9eb0b2
9eb1b3
9eb2b4
9eb3b5
9eb4b6
9eb5b7
9eb6b8
9eb7b8
9eb8b9
9eb9ba
9ebabb
9ebbbc
9ebcbd
9ebdbe
9ebebf
9ebfc0
9ec0c0
9ec1c1
9ec2c2
9ec3c3
9ec4c4
9ec5c5
9ec6c6
9ec7c7
9ec8c8
9ec9c9
9ecaca
9ecbcb
9ecccc
9ecdcd
9ecece
9ecfcf
9ed0d0
9ed1d1
9ed2d2
9ed3d3
9ed4d4
9ed5d5
9ed6d6
9ed7d7
9ed8d8
9ed9d9
9edada
9edbdb
9edcdc
9edddd
9edede
9edfdf
9ee0e0
9ee1e1
9ee2e2
9ee3e3
9ee4e4
9ee5e5
9ee6e6
9ee7e7
9ee8e8
9ee9e9
9eeaea
9eebeb
9eecec
9eeded
9eeeee
9eefef
9ef0f0
9ef1f1
9ef2f2
9ef3f3
9ef4f4
9ef5f5
9ef6f6
9ef7f7
9ef8f8
9ef9f9
9efafa
9efbfb
9efcfc
9efdfd
9efefe
9effff
9f009f
9f019e
9f029e
9f039e
9f049e
9f059d
9f069d
9f079d
9f089d
9f099d
9f0a9c
9f0b9c
9f0c9c
9f0d9c
9f0e9c
9f0f9b
9f109b
9f119a
9f129a
9f139a
9f1499
9f1598
9f1698
9f1797
9f1896
9f1994
9f1a92
9f1b90
9f1c8c
9f1d88
9f1e80
9f1f00
9f2000
9f210c
9f2212
9f2316
9f2419
9f251b
9f261d
9f271f
9f2820
9f2922
9f2a24
9f2b26
9f2c28
9f2d29
9f2e2a
9f2f2b
9f302c
9f312e
9f3230
9f3331
9f3432
9f3533
9f3634
9f3735
9f3836
9f3938
9f3a39
9f3b3a
9f3c3b
9f3d3c
9f3e3d
9f3f3e
9f403f
9f4141
9f4242
9f4343
9f4444
9f4545
9f4646
9f4747
9f4848
9f4949
9f4a4a
9f4b4b
9f4c4c
9f4d4d
9f4e4e
9f4f4f
9f5050
9f5151
9f5252
9f5353
9f5454
9f5555
9f5656
9f5757
9f5858
9f5959
9f5a5a
9f5b5b
9f5c5c
9f5d5d
9f5e5e
9f5f5f
9f6060
9f6161
9f6262
9f6363
9f6464
9f6565
9f6666
9f6767
9f6868
9f6969
9f6a6a
9f6b6b
9f6c6c
9f6d6d
9f6e6e
9f6f6f
9f7070
9f7171
9f7272
9f7373
9f7474
9f7575
9f7676
9f7777
9f7878
9f7979
9f7a7a
9f7b7b
9f7c7c
9f7d7d
9f7e7e
9f7f7f
9f809f
9f81a0
9f82a0
9f83a0
9f84a0
9f85a0
9f86a0
9f87a0
9f88a0
9f89a1
9f8aa1
9f8ba1
9f8ca1
9f8da1
9f8ea1
9f8fa1
9f90a2
9f91a2
9f92a2
9f93a2
9f94a2
9f95a3
9f96a3
9f97a3
9f98a4
9f99a4
9f9aa4
9f9ba5
9f9ca6
9f9da6
9f9ea6
9f9fa7
9fa0a8
9fa1a8
9fa2a9
9fa3a9
9fa4aa
9fa5aa
9fa6ab
9fa7ab
9fa8ac
9fa9ad
9faaae
9fabaf
9facb0
9fadb0
9faeb1
9fafb1
9fb0b2
9fb1b3
9fb2b4
9fb3b5
9fb4b6
9fb5b7
9fb6b8
9fb7b8
9fb8b9
9fb9ba
9fbabb
9fbbbc
9fbcbd
9fbdbe
9fbebf
9fbfc0
9fc0c0
9fc1c1
9fc2c2
9fc3c3
9fc4c4
9fc5c5
9fc6c6
9fc7c7
9fc8c8
9fc9c9
9fcaca
9fcbcb
9fcccc
9fcdcd
9fcece
9fcfcf
9fd0d0
9fd1d1
9fd2d2
9fd3d3
9fd4d4
9fd5d5
9fd6d6
9fd7d7
9fd8d8
9fd9d9
9fdada
9fdbdb
9fdcdc
9fdddd
9fdede
9fdfdf
9fe0e0
9fe1e1
9fe2e2
9fe3e3
9fe4e4
9fe5e5
9fe6e6
9fe7e7
9fe8e8
9fe9e9
9feaea
9febeb
9fecec
9feded
9feeee
9fefef
9ff0f0
9ff1f1
9ff2f2
9ff3f3
9ff4f4
9ff5f5
9ff6f6
9ff7f7
9ff8f8
9ff9f9
9ffafa
9ffbfb
9ffcfc
9ffdfd
9ffefe
9fffff
a000a0
a0019f
a0029f
a0039f
a0049e
a0059e
a0069e
a0079e
a0089e
a0099e
a00a9e
a00b9d
a00c9d
a00d9d
a00e9c
a00f9c
a0109c
a0119c
a0129b
a0139a
a0149a
a0159a
a01699
a01798
a01898
a01996
a01a94
a01b92
a01c90
a01d8c
a01e88
a01f80
a02000
a02108
a02210
a02314
a02418
a0251a
a0261c
a0271e
a02820
a02922
a02a24
a02b26
a02c28
a02d29
a02e2a
a02f2b
a0302c
a0312e
a03230
a03331
a03432
a03533
a03634
a03735
a03836
a03938
a03a39
a03b3a
a03c3b
a03d3c
a03e3d
a03f3e
a0403f
a04140
a04242
a04342
a04444
a04544
a04646
a04746
a04848
a04949
a04a4a
a04b4b
a04c4c
a04d4d
a04e4e
a04f4f
a05050
a05151
a05252
a05353
a05454
a05555
a05656
a05757
a05858
a05959
a05a5a
a05b5b
a05c5c
a05d5d
a05e5e
a05f5f
a06060
a06161
a06262
a06363
a06464
a06565
a06666
a06767
a06868
a06969
a06a6a
a06b6b
a06c6c
a06d6d
a06e6e
a06f6f
a07070
a07171
a07272
a07373
a07474
a07575
a07676
a07777
a07878
a07979
a07a7a
a07b7b
a07c7c
a07d7d
a07e7e
a07f7f
a080a0
a081a1
a082a1
a083a1
a084a1
a085a1
a086a1
a087a1
a088a1
a089a1
a08aa1
a08ba1
a08ca2
a08da2
a08ea2
a08fa2
a090a2
a091a2
a092a2
a093a3
a094a3
a095a3
a096a4
a097a4
a098a4
a099a4
a09aa5
a09ba6
a09ca6
a09da6
a09ea7
a09fa8
a0a0a8
a0a1a8
a0a2a9
a0a3aa
a0a4aa
a0a5aa
a0a6ab
a0a7ac
a0a8ac
a0a9ad
a0aaae
a0abaf
a0acb0
a0adb0
a0aeb1
a0afb2
a0b0b2
a0b1b3
a0b2b4
a0b3b5
a0b4b6
a0b5b7
a0b6b8
a0b7b8
a0b8b9
a0b9ba
a0babb
a0bbbc
a0bcbd
a0bdbe
a0bebf
a0bfc0
a0c0c0
a0c1c2
a0c2c2
a0c3c4
a0c4c4
a0c5c6
a0c6c6
a0c7c8
a0c8c8
a0c9c9
a0caca
a0cbcb
a0cccc
a0cdcd
a0cece
a0cfcf
a0d0d0
a0d1d1
a0d2d2
a0d3d3
a0d4d4
a0d5d5
a0d6d6
a0d7d7
a0d8d8
a0d9d9
a0dada
a0dbdb
a0dcdc
a0dddd
a0dede
a0dfdf
a0e0e0
a0e1e1
a0e2e2
a0e3e3
a0e4e4
a0e5e5
a0e6e6
a0e7e7
a0e8e8
a0e9e9
a0eaea
a0ebeb
a0ecec
a0eded
a0eeee
a0efef
a0f0f0
a0f1f1
a0f2f2
a0f3f3
a0f4f4
a0f5f5
a0f6f6
a0f7f7
a0f8f8
a0f9f9
a0fafa
a0fbfb
a0fcfc
a0fdfd
a0fefe
a0ffff
a100a1
a101a0
a102a0
a103a0
a104a0
a105a0
a106a0
a107a0
a108a0
a109a0
a10aa0
a10b9f
a10c9f
a10d9f
a10e9e
a10f9e
a1109e
a1119e
a1129d
a1139c
a1149c
a1159c
a1169b
a1179a
a1189a
a11999
a11a98
a11b96
a11c94
a11d92
a11e90
a11f8c
a12088
a12100
a12208
a12310
a12414
a12518
a1261a
a1271c
a1281e
a12921
a12a23
a12b25
a12c27
a12d28
a12e2a
a12f2a
a1302c
a1312e
a13230
a13331
a13432
a13533
a13634
a13735
a13836
a13938
a13a39
a13b3a
a13c3b
a13d3c
a13e3d
a13f3e
a1403f
a14140
a14241
a14342
a14443
a14544
a14645
a14746
a14847
a14949
a14a4a
a14b4b
a14c4c
a14d4d
a14e4e
a14f4f
a15050
a15151
a15252
a15353
a15454
a15555
a15656
a15757
a15858
a15959
a15a5a
a15b5b
a15c5c
a15d5d
a15e5e
a15f5f
a16060
a16161
a16262
a16363
a16464
a16565
a16666
a16767
a16868
a16969
a16a6a
a16b6b
a16c6c
a16d6d
a16e6e
a16f6f
a17070
a17171
a17272
a17373
a17474
a17575
a17676
a17777
a17878
a17979
a17a7a
a17b7b
a17c7c
a17d7d
a17e7e
a17f7f
a180a1
a181a2
a182a2
a183a2
a184a2
a185a2
a186a2
a187a2
a188a2
a189a2
a18aa2
a18ba2
a18ca2
a18da3
a18ea3
a18fa3
a190a3
a191a3
a192a4
a193a4
a194a4
a195a4
a196a4
a197a5
a198a5
a199a6
a19aa6
a19ba6
a19ca7
a19da8
a19ea8
a19fa8
a1a0a8
a1a1a9
a1a2aa
a1a3aa
a1a4aa
a1a5ab
a1a6ac
a1a7ac
a1a8ac
a1a9ae
a1aaae
a1abb0
a1acb0
a1adb1
a1aeb1
a1afb2
a1b0b2
a1b1b3
a1b2b4
a1b3b5
a1b4b6
a1b5b7
a1b6b8
a1b7b9
a1b8b9
a1b9ba
a1babb
a1bbbc
a1bcbd
a1bdbe
a1bebf
a1bfc0
a1c0c1
a1c1c2
a1c2c3
a1c3c4
a1c4c5
a1c5c6
a1c6c7
a1c7c8
a1c8c8
a1c9c9
a1caca
a1cbcb
a1cccc
a1cdcd
a1cece
a1cfcf
a1d0d0
a1d1d1
a1d2d2
a1d3d3
a1d4d4
a1d5d5
a1d6d6
a1d7d7
a1d8d8
a1d9d9
a1dada
a1dbdb
a1dcdc
a1dddd
a1dede
a1dfdf
a1e0e0
a1e1e1
a1e2e2
a1e3e3
a1e4e4
a1e5e5
a1e6e6
a1e7e7
a1e8e8
a1e9e9
a1eaea
a1ebeb
a1ecec
a1eded
a1eeee
a1efef
a1f0f0
a1f1f1
a1f2f2
a1f3f3
a1f4f4
a1f5f5
a1f6f6
a1f7f7
a1f8f8
a1f9f9
a1fafa
a1fbfb
a1fcfc
a1fdfd
a1fefe
a1ffff
a200a2
a201a1
a202a1
a203a1
a204a1
a205a1
a206a1
a207a1
a208a1
a209a1
a20aa1
a20ba1
a20ca0
a20da0
a20ea0
a20fa0
a210a0
a211a0
a2129f
a2139e
a2149e
a2159e
a2169d
a2179c
a2189c
a2199b
a21a9a
a21b99
a21c98
a21d96
a21e94
a21f92
a22090
a22188
a22200
a22308
a22410
a22514
a22618
a2271a
a2281c
a22920
a22a22
a22b24
a22c26
a22d28
a22e29
a22f2a
a2302b
a2312d
a2322f
a23330
a23432
a23532
a23634
a23734
a23836
a23938
a23a39
a23b3a
a23c3b
a23d3c
a23e3d
a23f3e
a2403f
a24140
a24241
a24342
a24443
a24544
a24645
a24746
a24847
a24949
a24a4a
a24b4b
a24c4c
a24d4d
a24e4e
a24f4f
a25050
a25151
a25252
a25353
a25454
a25555
a25656
a25757
a25858
a25959
a25a5a
a25b5b
a25c5c
a25d5d
a25e5e
a25f5f
a26060
a26161
a26262
a26363
a26464
a26565
a26666
a26767
a26868
a26969
a26a6a
a26b6b
a26c6c
a26d6d
a26e6e
a26f6f
a27070
a27171
a27272
a27373
a27474
a27575
a27676
a27777
a27878
a27979
a27a7a
a27b7b
a27c7c
a27d7d
a27e7e
a27f7f
a280a2
a281a3
a282a3
a283a3
a284a3
a285a3
a286a3
a287a3
a288a3
a289a3
a28aa3
a28ba3
a28ca4
a28da4
a28ea4
a28fa4
a290a4
a291a4
a292a4
a293a5
a294a5
a295a5
a296a6
a297a6
a298a6
a299a6
a29aa7
a29ba8
a29ca8
a29da8
a29ea8
a29fa9
a2a0a9
a2a1aa
a2a2aa
a2a3aa
a2a4ab
a2a5ac
a2a6ac
a2a7ac
a2a8ad
a2a9ae
a2aaaf
a2abb0
a2acb0
a2adb1
a2aeb2
a2afb2
a2b0b2
a2b1b4
a2b2b4
a2b3b6
a2b4b6
a2b5b8
a2b6b8
a2b7b9
a2b8b9
a2b9ba
a2babb
a2bbbc
a2bcbd
a2bdbe
a2bebf
a2bfc0
a2c0c1
a2c1c2
a2c2c3
a2c3c4
a2c4c5
a2c5c6
a2c6c7
a2c7c8
a2c8c8
a2c9c9
a2caca
a2cbcb
a2cccc
a2cdcd
a2cece
a2cfcf
a2d0d0
a2d1d1
a2d2d2
a2d3d3
a2d4d4
a2d5d5
a2d6d6
a2d7d7
a2d8d8
a2d9d9
a2dada
a2dbdb
a2dcdc
a2dddd
a2dede
a2dfdf
a2e0e0
a2e1e1
a2e2e2
a2e3e3
a2e4e4
a2e5e5
a2e6e6
a2e7e7
a2e8e8
a2e9e9
a2eaea
a2ebeb
a2ecec
a2eded
a2eeee
a2efef
a2f0f0
a2f1f1
a2f2f2
a2f3f3
a2f4f4
a2f5f5
a2f6f6
a2f7f7
a2f8f8
a2f9f9
a2fafa
a2fbfb
a2fcfc
a2fdfd
a2fefe
a2ffff
a300a3
a301a2
a302a2
a303a2
a304a2
a305a2
a306a2
a307a2
a308a2
a309a2
a30aa2
a30ba2
a30ca2
a30da1
a30ea1
a30fa1
a310a1
a311a1
a312a0
a313a0
a314a0
a315a0
a3169f
a3179e
a3189e
a3199d
a31a9c
a31b9b
a31c9a
a31d99
a31e98
a31f96
a32094
a32190
a32288
a32300
a32408
a32510
a32614
a32718
a3281a
a3291e
a32a21
a32b23
a32c25
a32d27
a32e28
a32f2a
a3302a
a3312c
a3322e
a33330
a33431
a33532
a33633
a33734
a33835
a33937
a33a39
a33b3a
a33c3b
a33d3c
a33e3d
a33f3e
a3403f
a34140
a34241
a34342
a34443
a34544
a34645
a34746
a34847
a34949
a34a4a
a34b4b
a34c4c
a34d4d
a34e4e
a34f4f
a35050
a35151
a35252
a35353
a35454
a35555
a35656
a35757
a35858
a35959
a35a5a
a35b5b
a35c5c
a35d5d
a35e5e
a35f5f
a36060
a36161
a36262
a36363
a36464
a36565
a36666
a36767
a36868
a36969
a36a6a
a36b6b
a36c6c
a36d6d
a36e6e
a36f6f
a37070
a37171
a37272
a37373
a37474
a37575
a37676
a37777
a37878
a37979
a37a7a
a37b7b
a37c7c
a37d7d
a37e7e
a37f7f
a380a3
a381a4
a382a4
a383a4
a384a4
a385a4
a386a4
a387a4
a388a4
a389a4
a38aa4
a38ba4
a38ca4
a38da5
a38ea5
a38fa5
a390a5
a391a5
a392a6
a393a6
a394a6
a395a6
a396a6
a397a7
a398a7
a399a8
a39aa8
a39ba8
a39ca8
a39da9
a39ea9
a39fa9
a3a0aa
a3a1aa
a3a2aa
a3a3ab
a3a4ac
a3a5ac
a3a6ac
a3a7ad
a3a8ae
a3a9ae
a3aab0
a3abb0
a3acb1
a3adb1
a3aeb2
a3afb2
a3b0b3
a3b1b4
a3b2b5
a3b3b6
a3b4b7
a3b5b8
a3b6b8
a3b7b9
a3b8b9
a3b9ba
a3babb
a3bbbc
a3bcbd
a3bdbe
a3bebf
a3bfc0
a3c0c1
a3c1c2
a3c2c3
a3c3c4
a3c4c5
a3c5c6
a3c6c7
a3c7c8
a3c8c8
a3c9c9
a3caca
a3cbcb
a3cccc
a3cdcd
a3cece
a3cfcf
a3d0d0
a3d1d1
a3d2d2
a3d3d3
a3d4d4
a3d5d5
a3d6d6
a3d7d7
a3d8d8
a3d9d9
a3dada
a3dbdb
a3dcdc
a3dddd
a3dede
a3dfdf
a3e0e0
a3e1e1
a3e2e2
a3e3e3
a3e4e4
a3e5e5
a3e6e6
a3e7e7
a3e8e8
a3e9e9
a3eaea
a3ebeb
a3ecec
a3eded
a3eeee
a3efef
a3f0f0
a3f1f1
a3f2f2
a3f3f3
a3f4f4
a3f5f5
a3f6f6
a3f7f7
a3f8f8
a3f9f9
a3fafa
a3fbfb
a3fcfc
a3fdfd
a3fefe
a3ffff
a400a4
a401a3
a402a3
a403a3
a404a3
a405a3
a406a3
a407a3
a408a3
a409a3
a40aa3
a40ba3
a40ca2
a40da2
a40ea2
a40fa2
a410a2
a411a2
a412a2
a413a1
a414a1
a415a1
a416a0
a417a0
a418a0
a4199f
a41a9e
a41b9d
a41c9c
a41d9b
a41e9a
a41f99
a42098
a42194
a42290
a42388
a42400
a42508
a42610
a42714
a42818
a4291c
a42a20
a42b22
a42c24
a42d26
a42e28
a42f29
a4302a
a4312c
a4322e
a43330
a43431
a43532
a43633
a43734
a43835
a43937
a43a38
a43b3a
a43c3a
a43d3c
a43e3c
a43f3e
a4403e
a44140
a44241
a44342
a44443
a44544
a44645
a44746
a44847
a44949
a44a4a
a44b4b
a44c4c
a44d4d
a44e4e
a44f4f
a45050
a45151
a45252
a45353
a45454
a45555
a45656
a45757
a45858
a45959
a45a5a
a45b5b
a45c5c
a45d5d
a45e5e
a45f5f
a46060
a46161
a46262
a46363
a46464
a46565
a46666
a46767
a46868
a46969
a46a6a
a46b6b
a46c6c
a46d6d
a46e6e
a46f6f
a47070
a47171
a47272
a47373
a47474
a47575
a47676
a47777
a47878
a47979
a47a7a
a47b7b
a47c7c
a47d7d
a47e7e
a47f7f
a480a4
a481a5
a482a5
a483a5
a484a5
a485a5
a486a5
a487a5
a488a5
a489a5
a48aa5
a48ba5
a48ca6
a48da6
a48ea6
a48fa6
a490a6
a491a6
a492a6
a493a7
a494a7
a495a7
a496a8
a497a8
a498a8
a499a8
a49aa8
a49ba9
a49ca9
a49da9
a49eaa
a49faa
a4a0aa
a4a1aa
a4a2ab
a4a3ac
a4a4ac
a4a5ac
a4a6ad
a4a7ae
a4a8ae
a4a9af
a4aab0
a4abb0
a4acb1
a4adb2
a4aeb2
a4afb2
a4b0b3
a4b1b4
a4b2b5
a4b3b6
a4b4b7
a4b5b8
a4b6b8
a4b7b9
a4b8ba
a4b9ba
a4babc
a4bbbc
a4bcbe
a4bdbe
a4bec0
a4bfc0
a4c0c1
a4c1c2
a4c2c3
a4c3c4
a4c4c5
a4c5c6
a4c6c7
a4c7c8
a4c8c8
a4c9c9
a4caca
a4cbcb
a4cccc
a4cdcd
a4cece
a4cfcf
a4d0d0
a4d1d1
a4d2d2
a4d3d3
a4d4d4
a4d5d5
a4d6d6
a4d7d7
a4d8d8
a4d9d9
a4dada
a4dbdb
a4dcdc
a4dddd
a4dede
a4dfdf
a4e0e0
a4e1e1
a4e2e2
a4e3e3
a4e4e4
a4e5e5
a4e6e6
a4e7e7
a4e8e8
a4e9e9
a4eaea
a4ebeb
a4ecec
a4eded
a4eeee
a4efef
a4f0f0
a4f1f1
a4f2f2
a4f3f3
a4f4f4
a4f5f5
a4f6f6
a4f7f7
a4f8f8
a4f9f9
a4fafa
a4fbfb
a4fcfc
a4fdfd
a4fefe
a4ffff
a500a5
a501a4
a502a4
a503a4
a504a4
a505a4
a506a4
a507a4
a508a4
a509a4
a50aa4
a50ba4
a50ca4
a50da3
a50ea3
a50fa3
a510a3
a511a3
a512a2
a513a2
a514a2
a515a2
a516a2
a517a1
a518a1
a519a0
a51aa0
a51b9f
a51c9e
a51d9d
a51e9c
a51f9b
a5209a
a52198
a52294
a52390
a52488
a52500
a52608
a52710
a52814
a5291a
a52a1e
a52b21
a52c23
a52d25
a52e27
a52f28
a5302a
a5312c
a5322e
a53330
a53431
a53532
a53633
a53734
a53835
a53937
a53a38
a53b39
a53c3a
a53d3b
a53e3c
a53f3d
a5403e
a54140
a54241
a54342
a54443
a54544
a54645
a54746
a54847
a54949
a54a4a
a54b4b
a54c4c
a54d4d
a54e4e
a54f4f
a55050
a55151
a55252
a55353
a55454
a55555
a55656
a55757
a55858
a55959
a55a5a
a55b5b
a55c5c
a55d5d
a55e5e
a55f5f
a56060
a56161
a56262
a56363
a56464
a56565
a56666
a56767
a56868
a56969
a56a6a
a56b6b
a56c6c
a56d6d
a56e6e
a56f6f
a57070
a57171
a57272
a57373
a57474
a57575
a57676
a57777
a57878
a57979
a57a7a
a57b7b
a57c7c
a57d7d
a57e7e
a57f7f
a580a5
a581a6
a582a6
a583a6
a584a6
a585a6
a586a6
a587a6
a588a6
a589a6
a58aa6
a58ba6
a58ca6
a58da7
a58ea7
a58fa7
a590a7
a591a7
a592a8
a593a8
a594a8
a595a8
a596a8
a597a8
a598a8
a599a9
a59aa9
a59ba9
a59caa
a59daa
a59eaa
a59faa
a5a0aa
a5a1ab
a5a2ac
a5a3ac
a5a4ac
a5a5ad
a5a6ae
a5a7ae
a5a8ae
a5a9b0
a5aab0
a5abb1
a5acb1
a5adb2
a5aeb2
a5afb3
a5b0b3
a5b1b4
a5b2b5
a5b3b6
a5b4b7
a5b5b8
a5b6b9
a5b7b9
a5b8ba
a5b9bb
a5babc
a5bbbd
a5bcbe
a5bdbf
a5bec0
a5bfc0
a5c0c1
a5c1c2
a5c2c3
a5c3c4
a5c4c5
a5c5c6
a5c6c7
a5c7c8
a5c8c8
a5c9c9
a5caca
a5cbcb
a5cccc
a5cdcd
a5cece
a5cfcf
a5d0d0
a5d1d1
a5d2d2
a5d3d3
a5d4d4
a5d5d5
a5d6d6
a5d7d7
a5d8d8
a5d9d9
a5dada
a5dbdb
a5dcdc
a5dddd
a5dede
a5dfdf
a5e0e0
a5e1e1
a5e2e2
a5e3e3
a5e4e4
a5e5e5
a5e6e6
a5e7e7
a5e8e8
a5e9e9
a5eaea
a5ebeb
a5ecec
a5eded
a5eeee
a5efef
a5f0f0
a5f1f1
a5f2f2
a5f3f3
a5f4f4
a5f5f5
a5f6f6
a5f7f7
a5f8f8
a5f9f9
a5fafa
a5fbfb
a5fcfc
a5fdfd
a5fefe
a5ffff
a600a6
a601a5
a602a5
a603a5
a604a5
a605a5
a606a5
a607a5
a608a5
a609a5
a60aa5
a60ba5
a60ca4
a60da4
a60ea4
a60fa4
a610a4
a611a4
a612a4
a613a3
a614a3
a615a3
a616a2
a617a2
a618a2
a619a2
a61aa1
a61ba0
a61ca0
a61d9f
a61e9e
a61f9d
a6209c
a6219a
a62298
a62394
a62490
a62588
a62600
a62708
a62810
a62918
a62a1c
a62b20
a62c22
a62d24
a62e26
a62f28
a63029
a6312b
a6322d
a6332f
a63430
a63532
a63632
a63734
a63834
a63936
a63a38
a63b39
a63c3a
a63d3b
a63e3c
a63f3d
a6403e
a64140
a64241
a64342
a64443
a64544
a64645
a64746
a64847
a64949
a64a4a
a64b4b
a64c4c
a64d4d
a64e4e
a64f4f
a65050
a65151
a65252
a65353
a65454
a65555
a65656
a65757
a65858
a65959
a65a5a
a65b5b
a65c5c
a65d5d
a65e5e
a65f5f
a66060
a66161
a66262
a66363
a66464
a66565
a66666
a66767
a66868
a66969
a66a6a
a66b6b
a66c6c
a66d6d
a66e6e
a66f6f
a67070
a67171
a67272
a67373
a67474
a67575
a67676
a67777
a67878
a67979
a67a7a
a67b7b
a67c7c
a67d7d
a67e7e
a67f7f
a680a6
a681a7
a682a7
a683a7
a684a7
a685a7
a686a7
a687a7
a688a7
a689a7
a68aa7
a68ba7
a68ca8
a68da8
a68ea8
a68fa8
a690a8
a691a8
a692a8
a693a8
a694a8
a695a9
a696a9
a697a9
a698a9
a699a9
a69aaa
a69baa
a69caa
a69daa
a69eaa
a69fab
a6a0ab
a6a1ac
a6a2ac
a6a3ac
a6a4ad
a6a5ae
a6a6ae
a6a7ae
a6a8af
a6a9b0
a6aab0
a6abb1
a6acb2
a6adb2
a6aeb2
a6afb3
a6b0b4
a6b1b4
a6b2b6
a6b3b6
a6b4b8
a6b5b8
a6b6b9
a6b7b9
a6b8ba
a6b9bb
a6babc
a6bbbd
a6bcbe
a6bdbf
a6bec0
a6bfc0
a6c0c1
a6c1c2
a6c2c3
a6c3c4
a6c4c5
a6c5c6
a6c6c7
a6c7c8
a6c8c8
a6c9c9
a6caca
a6cbcb
a6cccc
a6cdcd
a6cece
a6cfcf
a6d0d0
a6d1d1
a6d2d2
a6d3d3
a6d4d4
a6d5d5
a6d6d6
a6d7d7
a6d8d8
a6d9d9
a6dada
a6dbdb
a6dcdc
a6dddd
a6dede
a6dfdf
a6e0e0
a6e1e1
a6e2e2
a6e3e3
a6e4e4
a6e5e5
a6e6e6
a6e7e7
a6e8e8
a6e9e9
a6eaea
a6ebeb
a6ecec
a6eded
a6eeee
a6efef
a6f0f0
a6f1f1
a6f2f2
a6f3f3
a6f4f4
a6f5f5
a6f6f6
a6f7f7
a6f8f8
a6f9f9
a6fafa
a6fbfb
a6fcfc
a6fdfd
a6fefe
a6ffff
a700a7
a701a6
a702a6
a703a6
a704a6
a705a6
a706a6
a707a6
a708a6
a709a6
a70aa6
a70ba6
a70ca6
a70da5
a70ea5
a70fa5
a710a5
a711a5
a712a4
a713a4
a714a4
a715a4
a716a4
a717a3
a718a3
a719a2
a71aa2
a71ba2
a71ca1
a71da0
a71ea0
a71f9f
a7209e
a7219c
a7229a
a72398
a72494
a72590
a72688
a72700
a72808
a72914
a72a1a
a72b1e
a72c21
a72d23
a72e25
a72f27
a73028
a7312a
a7322c
a7332e
a73430
a73531
a73632
a73733
a73834
a73936
a73a38
a73b39
a73c3a
a73d3b
a73e3c
a73f3d
a7403e
a74140
a74241
a74342
a74443
a74544
a74645
a74746
a74847
a74949
a74a4a
a74b4b
a74c4c
a74d4d
a74e4e
a74f4f
a75050
a75151
a75252
a75353
a75454
a75555
a75656
a75757
a75858
a75959
a75a5a
a75b5b
a75c5c
a75d5d
a75e5e
a75f5f
a76060
a76161
a76262
a76363
a76464
a76565
a76666
a76767
a76868
a76969
a76a6a
a76b6b
a76c6c
a76d6d
a76e6e
a76f6f
a77070
a77171
a77272
a77373
a77474
a77575
a77676
a77777
a77878
a77979
a77a7a
a77b7b
a77c7c
a77d7d
a77e7e
a77f7f
a780a7
a781a8
a782a8
a783a8
a784a8
a785a8
a786a8
a787a8
a788a8
a789a8
a78aa8
a78ba8
a78ca8
a78da8
a78ea8
a78fa8
a790a8
a791a9
a792a9
a793a9
a794a9
a795a9
a796a9
a797a9
a798aa
a799aa
a79aaa
a79baa
a79caa
a79dab
a79eab
a79fab
a7a0ac
a7a1ac
a7a2ac
a7a3ad
a7a4ae
a7a5ae
a7a6ae
a7a7af
a7a8b0
a7a9b0
a7aab1
a7abb1
a7acb2
a7adb2
a7aeb3
a7afb3
a7b0b4
a7b1b5
a7b2b6
a7b3b7
a7b4b8
a7b5b8
a7b6b9
a7b7b9
a7b8ba
a7b9bb
a7babc
a7bbbd
a7bcbe
a7bdbf
a7bec0
a7bfc0
a7c0c1
a7c1c2
a7c2c3
a7c3c4
a7c4c5
a7c5c6
a7c6c7
a7c7c8
a7c8c8
a7c9c9
a7caca
a7cbcb
a7cccc
a7cdcd
a7cece
a7cfcf
a7d0d0
a7d1d1
a7d2d2
a7d3d3
a7d4d4
a7d5d5
a7d6d6
a7d7d7
a7d8d8
a7d9d9
a7dada
a7dbdb
a7dcdc
a7dddd
a7dede
a7dfdf
a7e0e0
a7e1e1
a7e2e2
a7e3e3
a7e4e4
a7e5e5
a7e6e6
a7e7e7
a7e8e8
a7e9e9
a7eaea
a7ebeb
a7ecec
a7eded
a7eeee
a7efef
a7f0f0
a7f1f1
a7f2f2
a7f3f3
a7f4f4
a7f5f5
a7f6f6
a7f7f7
a7f8f8
a7f9f9
a7fafa
a7fbfb
a7fcfc
a7fdfd
a7fefe
a7ffff
a800a8
a801a7
a802a7
a803a7
a804a7
a805a7
a806a7
a807a7
a808a7
a809a7
a80aa7
a80ba7
a80ca6
a80da6
a80ea6
a80fa6
a810a6
a811a6
a812a6
a813a5
a814a5
a815a5
a816a4
a817a4
a818a4
a819a4
a81aa3
a81ba2
a81ca2
a81da2
a81ea1
a81fa0
a820a0
a8219e
a8229c
a8239a
a82498
a82594
a82690
a82788
a82800
a82910
a82a18
a82b1c
a82c20
a82d22
a82e24
a82f26
a83028
a8312a
a8322c
a8332e
a83430
a83531
a83632
a83733
a83834
a83936
a83a38
a83b39
a83c3a
a83d3b
a83e3c
a83f3d
a8403e
a84140
a84241
a84342
a84443
a84544
a84645
a84746
a84847
a84948
a84a4a
a84b4a
a84c4c
a84d4c
a84e4e
a84f4e
a85050
a85151
a85252
a85353
a85454
a85555
a85656
a85757
a85858
a85959
a85a5a
a85b5b
a85c5c
a85d5d
a85e5e
a85f5f
a86060
a86161
a86262
a86363
a86464
a86565
a86666
a86767
a86868
a86969
a86a6a
a86b6b
a86c6c
a86d6d
a86e6e
a86f6f
a87070
a87171
a87272
a87373
a87474
a87575
a87676
a87777
a87878
a87979
a87a7a
a87b7b
a87c7c
a87d7d
a87e7e
a87f7f
a880a8
a881a8
a882a8
a883a8
a884a8
a885a8
a886a8
a887a8
a888a8
a889a9
a88aa9
a88ba9
a88ca9
a88da9
a88ea9
a88fa9
a890a9
a891a9
a892a9
a893a9
a894aa
a895aa
a896aa
a897aa
a898aa
a899aa
a89aaa
a89bab
a89cab
a89dab
a89eac
a89fac
a8a0ac
a8a1ac
a8a2ad
a8a3ae
a8a4ae
a8a5ae
a8a6af
a8a7b0
a8a8b0
a8a9b0
a8aab1
a8abb2
a8acb2
a8adb2
a8aeb3
a8afb4
a8b0b4
a8b1b5
a8b2b6
a8b3b7
a8b4b8
a8b5b8
a8b6b9
a8b7ba
a8b8ba
a8b9bb
a8babc
a8bbbd
a8bcbe
a8bdbf
a8bec0
a8bfc0
a8c0c1
a8c1c2
a8c2c3
a8c3c4
a8c4c5
a8c5c6
a8c6c7
a8c7c8
a8c8c8
a8c9ca
a8caca
a8cbcc
a8cccc
a8cdce
a8cece
a8cfd0
a8d0d0
a8d1d1
a8d2d2
a8d3d3
a8d4d4
a8d5d5
a8d6d6
a8d7d7
a8d8d8
a8d9d9
a8dada
a8dbdb
a8dcdc
a8dddd
a8dede
a8dfdf
a8e0e0
a8e1e1
a8e2e2
a8e3e3
a8e4e4
a8e5e5
a8e6e6
a8e7e7
a8e8e8
a8e9e9
a8eaea
a8ebeb
a8ecec
a8eded
a8eeee
a8efef
a8f0f0
a8f1f1
a8f2f2
a8f3f3
a8f4f4
a8f5f5
a8f6f6
a8f7f7
a8f8f8
a8f9f9
a8fafa
a8fbfb
a8fcfc
a8fdfd
a8fefe
a8ffff
a900a9
a901a9
a902a9
a903a9
a904a9
a905a9
a906a9
a907a9
a908a8
a909a8
a90aa8
a90ba8
a90ca8
a90da8
a90ea8
a90fa8
a910a8
a911a8
a912a8
a913a7
a914a7
a915a7
a916a6
a917a6
a918a6
a919a6
a91aa5
a91ba4
a91ca4
a91da4
a91ea3
a91fa2
a920a2
a921a1
a922a0
a9239e
a9249c
a9259a
a92698
a92794
a92890
a92900
a92a10
a92b18
a92c1c
a92d20
a92e22
a92f24
a93026
a93129
a9322b
a9332d
a9342f
a93530
a93632
a93732
a93834
a93936
a93a38
a93b39
a93c3a
a93d3b
a93e3c
a93f3d
a9403e
a94140
a94241
a94342
a94443
a94544
a94645
a94746
a94847
a94948
a94a49
a94b4a
a94c4b
a94d4c
a94e4d
a94f4e
a9504f
a95151
a95252
a95353
a95454
a95555
a95656
a95757
a95858
a95959
a95a5a
a95b5b
a95c5c
a95d5d
a95e5e
a95f5f
a96060
a96161
a96262
a96363
a96464
a96565
a96666
a96767
a96868
a96969
a96a6a
a96b6b
a96c6c
a96d6d
a96e6e
a96f6f
a97070
a97171
a97272
a97373
a97474
a97575
a97676
a97777
a97878
a97979
a97a7a
a97b7b
a97c7c
a97d7d
a97e7e
a97f7f
a980a9
a981a9
a982a9
a983a9
a984a9
a985a9
a986a9
a987a9
a988aa
a989aa
a98aaa
a98baa
a98caa
a98daa
a98eaa
a98faa
a990aa
a991aa
a992aa
a993aa
a994aa
a995ab
a996ab
a997ab
a998ab
a999ab
a99aac
a99bac
a99cac
a99dac
a99eac
a99fad
a9a0ad
a9a1ae
a9a2ae
a9a3ae
a9a4af
a9a5b0
a9a6b0
a9a7b0
a9a8b0
a9a9b1
a9aab2
a9abb2
a9acb2
a9adb3
a9aeb4
a9afb4
a9b0b4
a9b1b6
a9b2b6
a9b3b8
a9b4b8
a9b5b9
a9b6b9
a9b7ba
a9b8ba
a9b9bb
a9babc
a9bbbd
a9bcbe
a9bdbf
a9bec0
a9bfc1
a9c0c1
a9c1c2
a9c2c3
a9c3c4
a9c4c5
a9c5c6
a9c6c7
a9c7c8
a9c8c9
a9c9ca
a9cacb
a9cbcc
a9cccd
a9cdce
a9cecf
a9cfd0
a9d0d0
a9d1d1
a9d2d2
a9d3d3
a9d4d4
a9d5d5
a9d6d6
a9d7d7
a9d8d8
a9d9d9
a9dada
a9dbdb
a9dcdc
a9dddd
a9dede
a9dfdf
a9e0e0
a9e1e1
a9e2e2
a9e3e3
a9e4e4
a9e5e5
a9e6e6
a9e7e7
a9e8e8
a9e9e9
a9eaea
a9ebeb
a9ecec
a9eded
a9eeee
a9efef
a9f0f0
a9f1f1
a9f2f2
a9f3f3
a9f4f4
a9f5f5
a9f6f6
a9f7f7
a9f8f8
a9f9f9
a9fafa
a9fbfb
a9fcfc
a9fdfd
a9fefe
a9ffff
aa00aa
aa01aa
aa02aa
aa03aa
aa04aa
aa05aa
aa06aa
aa07aa
aa08aa
aa09a9
aa0aa9
aa0ba9
aa0ca9
aa0da9
aa0ea9
aa0fa9
aa10a9
aa11a9
aa12a9
aa13a9
aa14a8
aa15a8
aa16a8
aa17a8
aa18a8
aa19a8
aa1aa7
aa1ba6
aa1ca6
aa1da6
aa1ea5
aa1fa4
aa20a4
aa21a3
aa22a2
aa23a1
aa24a0
aa259e
aa269c
aa279a
aa2898
aa2990
aa2a00
aa2b10
aa2c18
aa2d1c
aa2e20
aa2f22
aa3024
aa3128
aa322a
aa332c
aa342e
aa3530
aa3631
aa3732
aa3833
aa3935
aa3a37
aa3b38
aa3c3a
aa3d3a
aa3e3c
aa3f3c
aa403e
aa4140
aa4241
aa4342
aa4443
aa4544
aa4645
aa4746
aa4847
aa4948
aa4a49
aa4b4a
aa4c4b
aa4d4c
aa4e4d
aa4f4e
aa504f
aa5151
aa5252
aa5353
aa5454
aa5555
aa5656
aa5757
aa5858
aa5959
aa5a5a
aa5b5b
aa5c5c
aa5d5d
aa5e5e
aa5f5f
aa6060
aa6161
aa6262
aa6363
aa6464
aa6565
aa6666
aa6767
aa6868
aa6969
aa6a6a
aa6b6b
aa6c6c
aa6d6d
aa6e6e
aa6f6f
aa7070
aa7171
aa7272
aa7373
aa7474
aa7575
aa7676
aa7777
aa7878
aa7979
aa7a7a
aa7b7b
aa7c7c
aa7d7d
aa7e7e
aa7f7f
aa80aa
aa81aa
aa82aa
aa83aa
aa84aa
aa85aa
aa86aa
aa87aa
aa88aa
aa89ab
aa8aab
aa8bab
aa8cab
aa8dab
aa8eab
aa8fab
aa90ab
aa91ab
aa92ab
aa93ab
aa94ac
aa95ac
aa96ac
aa97ac
aa98ac
aa99ac
aa9aac
aa9bad
aa9cad
aa9dad
aa9eae
aa9fae
aaa0ae
aaa1ae
aaa2af
aaa3b0
aaa4b0
aaa5b0
aaa6b0
aaa7b1
aaa8b1
aaa9b2
aaaab2
aaabb2
aaacb3
aaadb4
aaaeb4
aaafb4
aab0b5
aab1b6
aab2b7
aab3b8
aab4b8
aab5b9
aab6ba
aab7ba
aab8ba
aab9bc
aababc
aabbbe
aabcbe
aabdc0
aabec0
aabfc1
aac0c1
aac1c2
aac2c3
aac3c4
aac4c5
aac5c6
aac6c7
aac7c8
aac8c9
aac9ca
aacacb
aacbcc
aacccd
aacdce
aacecf
aacfd0
aad0d0
aad1d1
aad2d2
aad3d3
aad4d4
aad5d5
aad6d6
aad7d7
aad8d8
aad9d9
aadada
aadbdb
aadcdc
aadddd
aadede
aadfdf
aae0e0
aae1e1
aae2e2
aae3e3
aae4e4
aae5e5
aae6e6
aae7e7
aae8e8
aae9e9
aaeaea
aaebeb
aaecec
aaeded
aaeeee
aaefef
aaf0f0
aaf1f1
aaf2f2
aaf3f3
aaf4f4
aaf5f5
aaf6f6
aaf7f7
aaf8f8
aaf9f9
aafafa
aafbfb
aafcfc
aafdfd
aafefe
aaffff
ab00ab
ab01ab
ab02ab
ab03ab
ab04ab
ab05ab
ab06ab
ab07ab
ab08aa
ab09aa
ab0aaa
ab0baa
ab0caa
ab0daa
ab0eaa
ab0faa
ab10aa
ab11aa
ab12aa
ab13aa
ab14aa
ab15a9
ab16a9
ab17a9
ab18a9
ab19a9
ab1aa8
ab1ba8
ab1ca8
ab1da8
ab1ea7
ab1fa6
ab20a6
ab21a5
ab22a4
ab23a3
ab24a2
ab25a1
ab26a0
ab279e
ab289c
ab2998
ab2a90
ab2b00
ab2c10
ab2d18
ab2e1c
ab2f20
ab3022
ab3126
ab3229
ab332b
ab342d
ab352f
ab3630
ab3732
ab3832
ab3934
ab3a36
ab3b38
ab3c39
ab3d3a
ab3e3b
ab3f3c
ab403d
ab413f
ab4241
ab4342
ab4443
ab4544
ab4645
ab4746
ab4847
ab4948
ab4a49
ab4b4a
ab4c4b
ab4d4c
ab4e4d
ab4f4e
ab504f
ab5151
ab5252
ab5353
ab5454
ab5555
ab5656
ab5757
ab5858
ab5959
ab5a5a
ab5b5b
ab5c5c
ab5d5d
ab5e5e
ab5f5f
ab6060
ab6161
ab6262
ab6363
ab6464
ab6565
ab6666
ab6767
ab6868
ab6969
ab6a6a
ab6b6b
ab6c6c
ab6d6d
ab6e6e
ab6f6f
ab7070
ab7171
ab7272
ab7373
ab7474
ab7575
ab7676
ab7777
ab7878
ab7979
ab7a7a
ab7b7b
ab7c7c
ab7d7d
ab7e7e
ab7f7f
ab80ab
ab81ab
ab82ab
ab83ab
ab84ab
ab85ab
ab86ab
ab87ab
ab88ac
ab89ac
ab8aac
ab8bac
ab8cac
ab8dac
ab8eac
ab8fac
ab90ac
ab91ac
ab92ac
ab93ac
ab94ac
ab95ad
ab96ad
ab97ad
ab98ad
ab99ad
ab9aae
ab9bae
ab9cae
ab9dae
ab9eae
ab9faf
aba0af
aba1b0
aba2b0
aba3b0
aba4b0
aba5b1
aba6b1
aba7b1
aba8b2
aba9b2
abaab2
ababb3
abacb4
abadb4
abaeb4
abafb5
abb0b6
abb1b6
abb2b8
abb3b8
abb4b9
abb5b9
abb6ba
abb7ba
abb8bb
abb9bc
abbabd
abbbbe
abbcbf
abbdc0
abbec0
abbfc1
abc0c1
abc1c2
abc2c3
abc3c4
abc4c5
abc5c6
abc6c7
abc7c8
abc8c9
abc9ca
abcacb
abcbcc
abcccd
abcdce
abcecf
abcfd0
abd0d0
abd1d1
abd2d2
abd3d3
abd4d4
abd5d5
abd6d6
abd7d7
abd8d8
abd9d9
abdada
abdbdb
abdcdc
abdddd
abdede
abdfdf
abe0e0
abe1e1
abe2e2
abe3e3
abe4e4
abe5e5
abe6e6
abe7e7
abe8e8
abe9e9
abeaea
abebeb
abecec
abeded
abeeee
abefef
abf0f0
abf1f1
abf2f2
abf3f3
abf4f4
abf5f5
abf6f6
abf7f7
abf8f8
abf9f9
abfafa
abfbfb
abfcfc
abfdfd
abfefe
abffff
ac00ac
ac01ac
ac02ac
ac03ac
ac04ac
ac05ac
ac06ac
ac07ac
ac08ac
ac09ab
ac0aab
ac0bab
ac0cab
ac0dab
ac0eab
ac0fab
ac10ab
ac11ab
ac12ab
ac13ab
ac14aa
ac15aa
ac16aa
ac17aa
ac18aa
ac19aa
ac1aaa
ac1ba9
ac1ca9
ac1da9
ac1ea8
ac1fa8
ac20a8
ac21a7
ac22a6
ac23a5
ac24a4
ac25a3
ac26a2
ac27a1
ac28a0
ac299c
ac2a98
ac2b90
ac2c00
ac2d10
ac2e18
ac2f1c
ac3020
ac3124
ac3228
ac332a
ac342c
ac352e
ac3630
ac3731
ac3832
ac3934
ac3a36
ac3b38
ac3c39
ac3d3a
ac3e3b
ac3f3c
ac403d
ac413f
ac4240
ac4342
ac4442
ac4544
ac4644
ac4746
ac4846
ac4948
ac4a49
ac4b4a
ac4c4b
ac4d4c
ac4e4d
ac4f4e
ac504f
ac5151
ac5252
ac5353
ac5454
ac5555
ac5656
ac5757
ac5858
ac5959
ac5a5a
ac5b5b
ac5c5c
ac5d5d
ac5e5e
ac5f5f
ac6060
ac6161
ac6262
ac6363
ac6464
ac6565
ac6666
ac6767
ac6868
ac6969
ac6a6a
ac6b6b
ac6c6c
ac6d6d
ac6e6e
ac6f6f
ac7070
ac7171
ac7272
ac7373
ac7474
ac7575
ac7676
ac7777
ac7878
ac7979
ac7a7a
ac7b7b
ac7c7c
ac7d7d
ac7e7e
ac7f7f
ac80ac
ac81ac
ac82ac
ac83ac
ac84ac
ac85ac
ac86ac
ac87ac
ac88ac
ac89ad
ac8aad
ac8bad
ac8cad
ac8dad
ac8ead
ac8fad
ac90ad
ac91ad
ac92ad
ac93ad
ac94ae
ac95ae
ac96ae
ac97ae
ac98ae
ac99ae
ac9aae
ac9baf
ac9caf
ac9daf
ac9eb0
ac9fb0
aca0b0
aca1b0
aca2b0
aca3b1
aca4b1
aca5b1
aca6b2
aca7b2
aca8b2
aca9b2
acaab3
acabb4
acacb4
acadb4
acaeb5
acafb6
acb0b6
acb1b7
acb2b8
acb3b8
acb4b9
acb5ba
acb6ba
acb7ba
acb8bb
acb9bc
acbabd
acbbbe
acbcbf
acbdc0
acbec0
acbfc1
acc0c2
acc1c2
acc2c4
acc3c4
acc4c6
acc5c6
acc6c8
acc7c8
acc8c9
acc9ca
accacb
accbcc
accccd
accdce
accecf
accfd0
acd0d0
acd1d1
acd2d2
acd3d3
acd4d4
acd5d5
acd6d6
acd7d7
acd8d8
acd9d9
acdada
acdbdb
acdcdc
acdddd
acdede
acdfdf
ace0e0
ace1e1
ace2e2
ace3e3
ace4e4
ace5e5
ace6e6
ace7e7
ace8e8
ace9e9
aceaea
acebeb
acecec
aceded
aceeee
acefef
acf0f0
acf1f1
acf2f2
acf3f3
acf4f4
acf5f5
acf6f6
acf7f7
acf8f8
acf9f9
acfafa
acfbfb
acfcfc
acfdfd
acfefe
acffff
ad00ad
ad01ad
ad02ad
ad03ad
ad04ad
ad05ad
ad06ad
ad07ad
ad08ac
ad09ac
ad0aac
ad0bac
ad0cac
ad0dac
ad0eac
ad0fac
ad10ac
ad11ac
ad12ac
ad13ac
ad14ac
ad15ab
ad16ab
ad17ab
ad18ab
ad19ab
ad1aaa
ad1baa
ad1caa
ad1daa
ad1eaa
ad1fa9
ad20a9
ad21a8
ad22a8
ad23a7
ad24a6
ad25a5
ad26a4
ad27a3
ad28a2
ad29a0
ad2a9c
ad2b98
ad2c90
ad2d00
ad2e10
ad2f18
ad301c
ad3122
ad3226
ad3329
ad342b
ad352d
ad362f
ad3730
ad3832
ad3934
ad3a36
ad3b38
ad3c39
ad3d3a
ad3e3b
ad3f3c
ad403d
ad413f
ad4240
ad4341
ad4442
ad4543
ad4644
ad4745
ad4846
ad4948
ad4a49
ad4b4a
ad4c4b
ad4d4c
ad4e4d
ad4f4e
ad504f
ad5151
ad5252
ad5353
ad5454
ad5555
ad5656
ad5757
ad5858
ad5959
ad5a5a
ad5b5b
ad5c5c
ad5d5d
ad5e5e
ad5f5f
ad6060
ad6161
ad6262
ad6363
ad6464
ad6565
ad6666
ad6767
ad6868
ad6969
ad6a6a
ad6b6b
ad6c6c
ad6d6d
ad6e6e
ad6f6f
ad7070
ad7171
ad7272
ad7373
ad7474
ad7575
ad7676
ad7777
ad7878
ad7979
ad7a7a
ad7b7b
ad7c7c
ad7d7d
ad7e7e
ad7f7f
ad80ad
ad81ad
ad82ad
ad83ad
ad84ad
ad85ad
ad86ad
ad87ad
ad88ae
ad89ae
ad8aae
ad8bae
ad8cae
ad8dae
ad8eae
ad8fae
ad90ae
ad91ae
ad92ae
ad93ae
ad94ae
ad95af
ad96af
ad97af
ad98af
ad99af
ad9ab0
ad9bb0
ad9cb0
ad9db0
ad9eb0
ad9fb0
ada0b0
ada1b1
ada2b1
ada3b1
ada4b2
ada5b2
ada6b2
ada7b2
ada8b2
ada9b3
adaab4
adabb4
adacb4
adadb5
adaeb6
adafb6
adb0b6
adb1b8
adb2b8
adb3b9
adb4b9
adb5ba
adb6ba
adb7bb
adb8bb
adb9bc
adbabd
adbbbe
adbcbf
adbdc0
adbec1
adbfc1
adc0c2
adc1c3
adc2c4
adc3c5
adc4c6
adc5c7
adc6c8
adc7c8
adc8c9
adc9ca
adcacb
adcbcc
adcccd
adcdce
adcecf
adcfd0
add0d0
add1d1
add2d2
add3d3
add4d4
add5d5
add6d6
add7d7
add8d8
add9d9
addada
addbdb
addcdc
addddd
addede
addfdf
ade0e0
ade1e1
ade2e2
ade3e3
ade4e4
ade5e5
ade6e6
ade7e7
ade8e8
ade9e9
adeaea
adebeb
adecec
adeded
adeeee
adefef
adf0f0
adf1f1
adf2f2
adf3f3
adf4f4
adf5f5
adf6f6
adf7f7
adf8f8
adf9f9
adfafa
adfbfb
adfcfc
adfdfd
adfefe
adffff
ae00ae
ae01ae
ae02ae
ae03ae
ae04ae
ae05ae
ae06ae
ae07ae
ae08ae
ae09ad
ae0aad
ae0bad
ae0cad
ae0dad
ae0ead
ae0fad
ae10ad
ae11ad
ae12ad
ae13ad
ae14ac
ae15ac
ae16ac
ae17ac
ae18ac
ae19ac
ae1aac
ae1bab
ae1cab
ae1dab
ae1eaa
ae1faa
ae20aa
ae21aa
ae22a9
ae23a8
ae24a8
ae25a7
ae26a6
ae27a5
ae28a4
ae29a2
ae2aa0
ae2b9c
ae2c98
ae2d90
ae2e00
ae2f10
ae3018
ae3120
ae3224
ae3328
ae342a
ae352c
ae362e
ae3730
ae3831
ae3933
ae3a35
ae3b37
ae3c38
ae3d3a
ae3e3a
ae3f3c
ae403c
ae413e
ae4240
ae4341
ae4442
ae4543
ae4644
ae4745
ae4846
ae4948
ae4a49
ae4b4a
ae4c4b
ae4d4c
ae4e4d
ae4f4e
ae504f
ae5151
ae5252
ae5353
ae5454
ae5555
ae5656
ae5757
ae5858
ae5959
ae5a5a
ae5b5b
ae5c5c
ae5d5d
ae5e5e
ae5f5f
ae6060
ae6161
ae6262
ae6363
ae6464
ae6565
ae6666
ae6767
ae6868
ae6969
ae6a6a
ae6b6b
ae6c6c
ae6d6d
ae6e6e
ae6f6f
ae7070
ae7171
ae7272
ae7373
ae7474
ae7575
ae7676
ae7777
ae7878
ae7979
ae7a7a
ae7b7b
ae7c7c
ae7d7d
ae7e7e
ae7f7f
ae80ae
ae81ae
ae82ae
ae83ae
ae84ae
ae85ae
ae86ae
ae87ae
ae88ae
ae89af
ae8aaf
ae8baf
ae8caf
ae8daf
ae8eaf
ae8faf
ae90af
ae91af
ae92af
ae93af
ae94b0
ae95b0
ae96b0
ae97b0
ae98b0
ae99b0
ae9ab0
ae9bb0
ae9cb0
ae9db1
ae9eb1
ae9fb1
aea0b1
aea1b1
aea2b2
aea3b2
aea4b2
aea5b2
aea6b2
aea7b3
aea8b3
aea9b4
aeaab4
aeabb4
aeacb5
aeadb6
aeaeb6
aeafb6
aeb0b7
aeb1b8
aeb2b8
aeb3b9
aeb4ba
aeb5ba
aeb6ba
aeb7bb
aeb8bc
aeb9bc
aebabe
aebbbe
aebcc0
aebdc0
aebec1
aebfc1
aec0c2
aec1c3
aec2c4
aec3c5
aec4c6
aec5c7
aec6c8
aec7c8
aec8c9
aec9ca
aecacb
aecbcc
aecccd
aecdce
aececf
aecfd0
aed0d0
aed1d1
aed2d2
aed3d3
aed4d4
aed5d5
aed6d6
aed7d7
aed8d8
aed9d9
aedada
aedbdb
aedcdc
aedddd
aedede
aedfdf
aee0e0
aee1e1
aee2e2
aee3e3
aee4e4
aee5e5
aee6e6
aee7e7
aee8e8
aee9e9
aeeaea
aeebeb
aeecec
aeeded
aeeeee
aeefef
aef0f0
aef1f1
aef2f2
aef3f3
aef4f4
aef5f5
aef6f6
aef7f7
aef8f8
aef9f9
aefafa
aefbfb
aefcfc
aefdfd
aefefe
aeffff
af00af
af01af
af02af
af03af
af04af
af05af
af06af
af07af
af08ae
af09ae
af0aae
af0bae
af0cae
af0dae
af0eae
af0fae
af10ae
af11ae
af12ae
af13ae
af14ae
af15ad
af16ad
af17ad
af18ad
af19ad
af1aac
af1bac
af1cac
af1dac
af1eac
af1fab
af20ab
af21aa
af22aa
af23aa
af24a9
af25a8
af26a8
af27a7
af28a6
af29a4
af2aa2
af2ba0
af2c9c
af2d98
af2e90
af2f00
af3010
af311c
af3222
af3326
af3429
af352b
af362d
af372f
af3830
af3932
af3a34
af3b36
af3c38
af3d39
af3e3a
af3f3b
af403c
af413e
af4240
af4341
af4442
af4543
af4644
af4745
af4846
af4948
af4a49
af4b4a
af4c4b
af4d4c
af4e4d
af4f4e
af504f
af5151
af5252
af5353
af5454
af5555
af5656
af5757
af5858
af5959
af5a5a
af5b5b
af5c5c
af5d5d
af5e5e
af5f5f
af6060
af6161
af6262
af6363
af6464
af6565
af6666
af6767
af6868
af6969
af6a6a
af6b6b
af6c6c
af6d6d
af6e6e
af6f6f
af7070
af7171
af7272
af7373
af7474
af7575
af7676
af7777
af7878
af7979
af7a7a
af7b7b
af7c7c
af7d7d
af7e7e
af7f7f
af80af
af81af
af82af
af83af
af84af
af85af
af86af
af87af
af88b0
af89b0
af8ab0
af8bb0
af8cb0
af8db0
af8eb0
af8fb0
af90b0
af91b0
af92b0
af93b0
af94b0
af95b0
af96b0
af97b0
af98b0
af99b1
af9ab1
af9bb1
af9cb1
af9db1
af9eb1
af9fb1
afa0b2
afa1b2
afa2b2
afa3b2
afa4b2
afa5b3
afa6b3
afa7b3
afa8b4
afa9b4
afaab4
afabb5
afacb6
afadb6
afaeb6
afafb7
afb0b8
afb1b8
afb2b9
afb3b9
afb4ba
afb5ba
afb6bb
afb7bb
afb8bc
afb9bd
afbabe
afbbbf
afbcc0
afbdc0
afbec1
afbfc1
afc0c2
afc1c3
afc2c4
afc3c5
afc4c6
afc5c7
afc6c8
afc7c8
afc8c9
afc9ca
afcacb
afcbcc
afcccd
afcdce
afcecf
afcfd0
afd0d0
afd1d1
afd2d2
afd3d3
afd4d4
afd5d5
afd6d6
afd7d7
afd8d8
afd9d9
afdada
afdbdb
afdcdc
afdddd
afdede
afdfdf
afe0e0
afe1e1
afe2e2
afe3e3
afe4e4
afe5e5
afe6e6
afe7e7
afe8e8
afe9e9
afeaea
afebeb
afecec
afeded
afeeee
afefef
aff0f0
aff1f1
aff2f2
aff3f3
aff4f4
aff5f5
aff6f6
aff7f7
aff8f8
aff9f9
affafa
affbfb
affcfc
affdfd
affefe
afffff
b000b0
b001b0
b002b0
b003b0
b004b0
b005b0
b006b0
b007b0
b008b0
b009af
b00aaf
b00baf
b00caf
b00daf
b00eaf
b00faf
b010af
b011af
b012af
b013af
b014ae
b015ae
b016ae
b017ae
b018ae
b019ae
b01aae
b01bad
b01cad
b01dad
b01eac
b01fac
b020ac
b021ac
b022ab
b023aa
b024aa
b025aa
b026a9
b027a8
b028a8
b029a6
b02aa4
b02ba2
b02ca0
b02d9c
b02e98
b02f90
b03000
b03118
b03220
b03324
b03428
b0352a
b0362c
b0372e
b03830
b03932
b03a34
b03b36
b03c38
b03d39
b03e3a
b03f3b
b0403c
b0413e
b04240
b04341
b04442
b04543
b04644
b04745
b04846
b04948
b04a49
b04b4a
b04c4b
b04d4c
b04e4d
b04f4e
b0504f
b05150
b05252
b05352
b05454
b05554
b05656
b05756
b05858
b05959
b05a5a
b05b5b
b05c5c
b05d5d
b05e5e
b05f5f
b06060
b06161
b06262
b06363
b06464
b06565
b06666
b06767
b06868
b06969
b06a6a
b06b6b
b06c6c
b06d6d
b06e6e
b06f6f
b07070
b07171
b07272
b07373
b07474
b07575
b07676
b07777
b07878
b07979
b07a7a
b07b7b
b07c7c
b07d7d
b07e7e
b07f7f
b080b0
b081b0
b082b0
b083b0
b084b0
b085b0
b086b0
b087b0
b088b0
b089b0
b08ab0
b08bb0
b08cb0
b08db0
b08eb0
b08fb0
b090b0
b091b1
b092b1
b093b1
b094b1
b095b1
b096b1
b097b1
b098b1
b099b1
b09ab1
b09bb1
b09cb2
b09db2
b09eb2
b09fb2
b0a0b2
b0a1b2
b0a2b2
b0a3b3
b0a4b3
b0a5b3
b0a6b4
b0a7b4
b0a8b4
b0a9b4
b0aab5
b0abb6
b0acb6
b0adb6
b0aeb7
b0afb8
b0b0b8
b0b1b8
b0b2b9
b0b3ba
b0b4ba
b0b5ba
b0b6bb
b0b7bc
b0b8bc
b0b9bd
b0babe
b0bbbf
b0bcc0
b0bdc0
b0bec1
b0bfc2
b0c0c2
b0c1c3
b0c2c4
b0c3c5
b0c4c6
b0c5c7
b0c6c8
b0c7c8
b0c8c9
b0c9ca
b0cacb
b0cbcc
b0cccd
b0cdce
b0cecf
b0cfd0
b0d0d0
b0d1d2
b0d2d2
b0d3d4
b0d4d4
b0d5d6
b0d6d6
b0d7d8
b0d8d8
b0d9d9
b0dada
b0dbdb
b0dcdc
b0dddd
b0dede
b0dfdf
b0e0e0
b0e1e1
b0e2e2
b0e3e3
b0e4e4
b0e5e5
b0e6e6
b0e7e7
b0e8e8
b0e9e9
b0eaea
b0ebeb
b0ecec
b0eded
b0eeee
b0efef
b0f0f0
b0f1f1
b0f2f2
b0f3f3
b0f4f4
b0f5f5
b0f6f6
b0f7f7
b0f8f8
b0f9f9
b0fafa
b0fbfb
b0fcfc
b0fdfd
b0fefe
b0ffff
b100b1
b101b1
b102b1
b103b1
b104b1
b105b1
b106b1
b107b1
b108b1
b109b1
b10ab1
b10bb1
b10cb1
b10db1
b10eb1
b10fb1
b110b0
b111b0
b112b0
b113b0
b114b0
b115b0
b116b0
b117b0
b118b0
b119b0
b11ab0
b11baf
b11caf
b11daf
b11eae
b11fae
b120ae
b121ae
b122ad
b123ac
b124ac
b125ac
b126ab
b127aa
b128aa
b129a9
b12aa8
b12ba6
b12ca4
b12da2
b12ea0
b12f9c
b13098
b13100
b13218
b13320
b13424
b13528
b1362a
b1372c
b1382e
b13931
b13a33
b13b35
b13c37
b13d38
b13e3a
b13f3a
b1403c
b1413e
b14240
b14341
b14442
b14543
b14644
b14745
b14846
b14948
b14a49
b14b4a
b14c4b
b14d4c
b14e4d
b14f4e
b1504f
b15150
b15251
b15352
b15453
b15554
b15655
b15756
b15857
b15959
b15a5a
b15b5b
b15c5c
b15d5d
b15e5e
b15f5f
b16060
b16161
b16262
b16363
b16464
b16565
b16666
b16767
b16868
b16969
b16a6a
b16b6b
b16c6c
b16d6d
b16e6e
b16f6f
b17070
b17171
b17272
b17373
b17474
b17575
b17676
b17777
b17878
b17979
b17a7a
b17b7b
b17c7c
b17d7d
b17e7e
b17f7f
b180b1
b181b1
b182b1
b183b1
b184b1
b185b1
b186b1
b187b1
b188b1
b189b1
b18ab1
b18bb1
b18cb1
b18db1
b18eb1
b18fb1
b190b2
b191b2
b192b2
b193b2
b194b2
b195b2
b196b2
b197b2
b198b2
b199b2
b19ab2
b19bb2
b19cb2
b19db3
b19eb3
b19fb3
b1a0b3
b1a1b3
b1a2b4
b1a3b4
b1a4b4
b1a5b4
b1a6b4
b1a7b5
b1a8b5
b1a9b6
b1aab6
b1abb6
b1acb7
b1adb8
b1aeb8
b1afb8
b1b0b8
b1b1b9
b1b2ba
b1b3ba
b1b4ba
b1b5bb
b1b6bc
b1b7bc
b1b8bc
b1b9be
b1babe
b1bbc0
b1bcc0
b1bdc1
b1bec1
b1bfc2
b1c0c2
b1c1c3
b1c2c4
b1c3c5
b1c4c6
b1c5c7
b1c6c8
b1c7c9
b1c8c9
b1c9ca
b1cacb
b1cbcc
b1cccd
b1cdce
b1cecf
b1cfd0
b1d0d1
b1d1d2
b1d2d3
b1d3d4
b1d4d5
b1d5d6
b1d6d7
b1d7d8
b1d8d8
b1d9d9
b1dada
b1dbdb
b1dcdc
b1dddd
b1dede
b1dfdf
b1e0e0
b1e1e1
b1e2e2
b1e3e3
b1e4e4
b1e5e5
b1e6e6
b1e7e7
b1e8e8
b1e9e9
b1eaea
b1ebeb
b1ecec
b1eded
b1eeee
b1efef
b1f0f0
b1f1f1
b1f2f2
b1f3f3
b1f4f4
b1f5f5
b1f6f6
b1f7f7
b1f8f8
b1f9f9
b1fafa
b1fbfb
b1fcfc
b1fdfd
b1fefe
b1ffff
b200b2
b201b2
b202b2
b203b2
b204b2
b205b2
b206b2
b207b2
b208b2
b209b2
b20ab2
b20bb2
b20cb2
b20db2
b20eb2
b20fb2
b210b2
b211b1
b212b1
b213b1
b214b1
b215b1
b216b1
b217b1
b218b1
b219b1
b21ab1
b21bb1
b21cb0
b21db0
b21eb0
b21fb0
b220b0
b221b0
b222af
b223ae
b224ae
b225ae
b226ad
b227ac
b228ac
b229ab
b22aaa
b22ba9
b22ca8
b22da6
b22ea4
b22fa2
b230a0
b23198
b23200
b23318
b23420
b23524
b23628
b2372a
b2382c
b23930
b23a32
b23b34
b23c36
b23d38
b23e39
b23f3a
b2403b
b2413d
b2423f
b24340
b24442
b24542
b24644
b24744
b24846
b24948
b24a49
b24b4a
b24c4b
b24d4c
b24e4d
b24f4e
b2504f
b25150
b25251
b25352
b25453
b25554
b25655
b25756
b25857
b25959
b25a5a
b25b5b
b25c5c
b25d5d
b25e5e
b25f5f
b26060
b26161
b26262
b26363
b26464
b26565
b26666
b26767
b26868
b26969
b26a6a
b26b6b
b26c6c
b26d6d
b26e6e
b26f6f
b27070
b27171
b27272
b27373
b27474
b27575
b27676
b27777
b27878
b27979
b27a7a
b27b7b
b27c7c
b27d7d
b27e7e
b27f7f
b280b2
b281b2
b282b2
b283b2
b284b2
b285b2
b286b2
b287b2
b288b2
b289b2
b28ab2
b28bb2
b28cb2
b28db2
b28eb2
b28fb2
b290b2
b291b3
b292b3
b293b3
b294b3
b295b3
b296b3
b297b3
b298b3
b299b3
b29ab3
b29bb3
b29cb4
b29db4
b29eb4
b29fb4
b2a0b4
b2a1b4
b2a2b4
b2a3b5
b2a4b5
b2a5b5
b2a6b6
b2a7b6
b2a8b6
b2a9b6
b2aab7
b2abb8
b2acb8
b2adb8
b2aeb8
b2afb9
b2b0b9
b2b1ba
b2b2ba
b2b3ba
b2b4bb
b2b5bc
b2b6bc
b2b7bc
b2b8bd
b2b9be
b2babf
b2bbc0
b2bcc0
b2bdc1
b2bec2
b2bfc2
b2c0c2
b2c1c4
b2c2c4
b2c3c6
b2c4c6
b2c5c8
b2c6c8
b2c7c9
b2c8c9
b2c9ca
b2cacb
b2cbcc
b2cccd
b2cdce
b2cecf
b2cfd0
b2d0d1
b2d1d2
b2d2d3
b2d3d4
b2d4d5
b2d5d6
b2d6d7
b2d7d8
b2d8d8
b2d9d9
b2dada
b2dbdb
b2dcdc
b2dddd
b2dede
b2dfdf
b2e0e0
b2e1e1
b2e2e2
b2e3e3
b2e4e4
b2e5e5
b2e6e6
b2e7e7
b2e8e8
b2e9e9
b2eaea
b2ebeb
b2ecec
b2eded
b2eeee
b2efef
b2f0f0
b2f1f1
b2f2f2
b2f3f3
b2f4f4
b2f5f5
b2f6f6
b2f7f7
b2f8f8
b2f9f9
b2fafa
b2fbfb
b2fcfc
b2fdfd
b2fefe
b2ffff
b300b3
b301b3
b302b3
b303b3
b304b3
b305b3
b306b3
b307b3
b308b3
b309b3
b30ab3
b30bb3
b30cb3
b30db3
b30eb3
b30fb3
b310b2
b311b2
b312b2
b313b2
b314b2
b315b2
b316b2
b317b2
b318b2
b319b2
b31ab2
b31bb2
b31cb2
b31db1
b31eb1
b31fb1
b320b1
b321b1
b322b0
b323b0
b324b0
b325b0
b326af
b327ae
b328ae
b329ad
b32aac
b32bab
b32caa
b32da9
b32ea8
b32fa6
b330a4
b331a0
b33298
b33300
b33418
b33520
b33624
b33728
b3382a
b3392e
b33a31
b33b33
b33c35
b33d37
b33e38
b33f3a
b3403a
b3413c
b3423e
b34340
b34441
b34542
b34643
b34744
b34845
b34947
b34a49
b34b4a
b34c4b
b34d4c
b34e4d
b34f4e
b3504f
b35150
b35251
b35352
b35453
b35554
b35655
b35756
b35857
b35959
b35a5a
b35b5b
b35c5c
b35d5d
b35e5e
b35f5f
b36060
b36161
b36262
b36363
b36464
b36565
b36666
b36767
b36868
b36969
b36a6a
b36b6b
b36c6c
b36d6d
b36e6e
b36f6f
b37070
b37171
b37272
b37373
b37474
b37575
b37676
b37777
b37878
b37979
b37a7a
b37b7b
b37c7c
b37d7d
b37e7e
b37f7f
b380b3
b381b3
b382b3
b383b3
b384b3
b385b3
b386b3
b387b3
b388b3
b389b3
b38ab3
b38bb3
b38cb3
b38db3
b38eb3
b38fb3
b390b4
b391b4
b392b4
b393b4
b394b4
b395b4
b396b4
b397b4
b398b4
b399b4
b39ab4
b39bb4
b39cb4
b39db5
b39eb5
b39fb5
b3a0b5
b3a1b5
b3a2b6
b3a3b6
b3a4b6
b3a5b6
b3a6b6
b3a7b7
b3a8b7
b3a9b8
b3aab8
b3abb8
b3acb8
b3adb9
b3aeb9
b3afb9
b3b0ba
b3b1ba
b3b2ba
b3b3bb
b3b4bc
b3b5bc
b3b6bc
b3b7bd
b3b8be
b3b9be
b3bac0
b3bbc0
b3bcc1
b3bdc1
b3bec2
b3bfc2
b3c0c3
b3c1c4
b3c2c5
b3c3c6
b3c4c7
b3c5c8
b3c6c8
b3c7c9
b3c8c9
b3c9ca
b3cacb
b3cbcc
b3cccd
b3cdce
b3cecf
b3cfd0
b3d0d1
b3d1d2
b3d2d3
b3d3d4
b3d4d5
b3d5d6
b3d6d7
b3d7d8
b3d8d8
b3d9d9
b3dada
b3dbdb
b3dcdc
b3dddd
b3dede
b3dfdf
b3e0e0
b3e1e1
b3e2e2
b3e3e3
b3e4e4
b3e5e5
b3e6e6
b3e7e7
b3e8e8
b3e9e9
b3eaea
b3ebeb
b3ecec
b3eded
b3eeee
b3efef
b3f0f0
b3f1f1
b3f2f2
b3f3f3
b3f4f4
b3f5f5
b3f6f6
b3f7f7
b3f8f8
b3f9f9
b3fafa
b3fbfb
b3fcfc
b3fdfd
b3fefe
b3ffff
b400b4
b401b4
b402b4
b403b4
b404b4
b405b4
b406b4
b407b4
b408b4
b409b4
b40ab4
b40bb4
b40cb4
b40db4
b40eb4
b40fb4
b410b4
b411b3
b412b3
b413b3
b414b3
b415b3
b416b3
b417b3
b418b3
b419b3
b41ab3
b41bb3
b41cb2
b41db2
b41eb2
b41fb2
b420b2
b421b2
b422b2
b423b1
b424b1
b425b1
b426b0
b427b0
b428b0
b429af
b42aae
b42bad
b42cac
b42dab
b42eaa
b42fa9
b430a8
b431a4
b432a0
b43398
b43400
b43518
b43620
b43724
b43828
b4392c
b43a30
b43b32
b43c34
b43d36
b43e38
b43f39
b4403a
b4413c
b4423e
b44340
b44441
b44542
b44643
b44744
b44845
b44947
b44a48
b44b4a
b44c4a
b44d4c
b44e4c
b44f4e
b4504e
b45150
b45251
b45352
b45453
b45554
b45655
b45756
b45857
b45959
b45a5a
b45b5b
b45c5c
b45d5d
b45e5e
b45f5f
b46060
b46161
b46262
b46363
b46464
b46565
b46666
b46767
b46868
b46969
b46a6a
b46b6b
b46c6c
b46d6d
b46e6e
b46f6f
b47070
b47171
b47272
b47373
b47474
b47575
b47676
b47777
b47878
b47979
b47a7a
b47b7b
b47c7c
b47d7d
b47e7e
b47f7f
b480b4
b481b4
b482b4
b483b4
b484b4
b485b4
b486b4
b487b4
b488b4
b489b4
b48ab4
b48bb4
b48cb4
b48db4
b48eb4
b48fb4
b490b4
b491b5
b492b5
b493b5
b494b5
b495b5
b496b5
b497b5
b498b5
b499b5
b49ab5
b49bb5
b49cb6
b49db6
b49eb6
b49fb6
b4a0b6
b4a1b6
b4a2b6
b4a3b7
b4a4b7
b4a5b7
b4a6b8
b4a7b8
b4a8b8
b4a9b8
b4aab8
b4abb9
b4acb9
b4adb9
b4aeba
b4afba
b4b0ba
b4b1ba
b4b2bb
b4b3bc
b4b4bc
b4b5bc
b4b6bd
b4b7be
b4b8be
b4b9bf
b4bac0
b4bbc0
b4bcc1
b4bdc2
b4bec2
b4bfc2
b4c0c3
b4c1c4
b4c2c5
b4c3c6
b4c4c7
b4c5c8
b4c6c8
b4c7c9
b4c8ca
b4c9ca
b4cacc
b4cbcc
b4ccce
b4cdce
b4ced0
b4cfd0
b4d0d1
b4d1d2
b4d2d3
b4d3d4
b4d4d5
b4d5d6
b4d6d7
b4d7d8
b4d8d8
b4d9d9
b4dada
b4dbdb
b4dcdc
b4dddd
b4dede
b4dfdf
b4e0e0
b4e1e1
b4e2e2
b4e3e3
b4e4e4
b4e5e5
b4e6e6
b4e7e7
b4e8e8
b4e9e9
b4eaea
b4ebeb
b4ecec
b4eded
b4eeee
b4efef
b4f0f0
b4f1f1
b4f2f2
b4f3f3
b4f4f4
b4f5f5
b4f6f6
b4f7f7
b4f8f8
b4f9f9
b4fafa
b4fbfb
b4fcfc
b4fdfd
b4fefe
b4ffff
b500b5
b501b5
b502b5
b503b5
b504b5
b505b5
b506b5
b507b5
b508b5
b509b5
b50ab5
b50bb5
b50cb5
b50db5
b50eb5
b50fb5
b510b4
b511b4
b512b4
b513b4
b514b4
b515b4
b516b4
b517b4
b518b4
b519b4
b51ab4
b51bb4
b51cb4
b51db3
b51eb3
b51fb3
b520b3
b521b3
b522b2
b523b2
b524b2
b525b2
b526b2
b527b1
b528b1
b529b0
b52ab0
b52baf
b52cae
b52dad
b52eac
b52fab
b530aa
b531a8
b532a4
b533a0
b53498
b53500
b53618
b53720
b53824
b5392a
b53a2e
b53b31
b53c33
b53d35
b53e37
b53f38
b5403a
b5413c
b5423e
b54340
b54441
b54542
b54643
b54744
b54845
b54947
b54a48
b54b49
b54c4a
b54d4b
b54e4c
b54f4d
b5504e
b55150
b55251
b55352
b55453
b55554
b55655
b55756
b55857
b55959
b55a5a
b55b5b
b55c5c
b55d5d
b55e5e
b55f5f
b56060
b56161
b56262
b56363
b56464
b56565
b56666
b56767
b56868
b56969
b56a6a
b56b6b
b56c6c
b56d6d
b56e6e
b56f6f
b57070
b57171
b57272
b57373
b57474
b57575
b57676
b57777
b57878
b57979
b57a7a
b57b7b
b57c7c
b57d7d
b57e7e
b57f7f
b580b5
b581b5
b582b5
b583b5
b584b5
b585b5
b586b5
b587b5
b588b5
b589b5
b58ab5
b58bb5
b58cb5
b58db5
b58eb5
b58fb5
b590b6
b591b6
b592b6
b593b6
b594b6
b595b6
b596b6
b597b6
b598b6
b599b6
b59ab6
b59bb6
b59cb6
b59db7
b59eb7
b59fb7
b5a0b7
b5a1b7
b5a2b8
b5a3b8
b5a4b8
b5a5b8
b5a6b8
b5a7b8
b5a8b8
b5a9b9
b5aab9
b5abb9
b5acba
b5adba
b5aeba
b5afba
b5b0ba
b5b1bb
b5b2bc
b5b3bc
b5b4bc
b5b5bd
b5b6be
b5b7be
b5b8be
b5b9c0
b5bac0
b5bbc1
b5bcc1
b5bdc2
b5bec2
b5bfc3
b5c0c3
b5c1c4
b5c2c5
b5c3c6
b5c4c7
b5c5c8
b5c6c9
b5c7c9
b5c8ca
b5c9cb
b5cacc
b5cbcd
b5ccce
b5cdcf
b5ced0
b5cfd0
b5d0d1
b5d1d2
b5d2d3
b5d3d4
b5d4d5
b5d5d6
b5d6d7
b5d7d8
b5d8d8
b5d9d9
b5dada
b5dbdb
b5dcdc
b5dddd
b5dede
b5dfdf
b5e0e0
b5e1e1
b5e2e2
b5e3e3
b5e4e4
b5e5e5
b5e6e6
b5e7e7
b5e8e8
b5e9e9
b5eaea
b5ebeb
b5ecec
b5eded
b5eeee
b5efef
b5f0f0
b5f1f1
b5f2f2
b5f3f3
b5f4f4
b5f5f5
b5f6f6
b5f7f7
b5f8f8
b5f9f9
b5fafa
b5fbfb
b5fcfc
b5fdfd
b5fefe
b5ffff
b600b6
b601b6
b602b6
b603b6
b604b6
b605b6
b606b6
b607b6
b608b6
b609b6
b60ab6
b60bb6
b60cb6
b60db6
b60eb6
b60fb6
b610b6
b611b5
b612b5
b613b5
b614b5
b615b5
b616b5
b617b5
b618b5
b619b5
b61ab5
b61bb5
b61cb4
b61db4
b61eb4
b61fb4
b620b4
b621b4
b622b4
b623b3
b624b3
b625b3
b626b2
b627b2
b628b2
b629b2
b62ab1
b62bb0
b62cb0
b62daf
b62eae
b62fad
b630ac
b631aa
b632a8
b633a4
b634a0
b63598
b63600
b63718
b63820
b63928
b63a2c
b63b30
b63c32
b63d34
b63e36
b63f38
b64039
b6413b
b6423d
b6433f
b64440
b64542
b64642
b64744
b64844
b64946
b64a48
b64b49
b64c4a
b64d4b
b64e4c
b64f4d
b6504e
b65150
b65251
b65352
b65453
b65554
b65655
b65756
b65857
b65959
b65a5a
b65b5b
b65c5c
b65d5d
b65e5e
b65f5f
b66060
b66161
b66262
b66363
b66464
b66565
b66666
b66767
b66868
b66969
b66a6a
b66b6b
b66c6c
b66d6d
b66e6e
b66f6f
b67070
b67171
b67272
b67373
b67474
b67575
b67676
b67777
b67878
b67979
b67a7a
b67b7b
b67c7c
b67d7d
b67e7e
b67f7f
b680b6
b681b6
b682b6
b683b6
b684b6
b685b6
b686b6
b687b6
b688b6
b689b6
b68ab6
b68bb6
b68cb6
b68db6
b68eb6
b68fb6
b690b6
b691b7
b692b7
b693b7
b694b7
b695b7
b696b7
b697b7
b698b7
b699b7
b69ab7
b69bb7
b69cb8
b69db8
b69eb8
b69fb8
b6a0b8
b6a1b8
b6a2b8
b6a3b8
b6a4b8
b6a5b9
b6a6b9
b6a7b9
b6a8b9
b6a9b9
b6aaba
b6abba
b6acba
b6adba
b6aeba
b6afbb
b6b0bb
b6b1bc
b6b2bc
b6b3bc
b6b4bd
b6b5be
b6b6be
b6b7be
b6b8bf
b6b9c0
b6bac0
b6bbc1
b6bcc2
b6bdc2
b6bec2
b6bfc3
b6c0c4
b6c1c4
b6c2c6
b6c3c6
b6c4c8
b6c5c8
b6c6c9
b6c7c9
b6c8ca
b6c9cb
b6cacc
b6cbcd
b6ccce
b6cdcf
b6ced0
b6cfd0
b6d0d1
b6d1d2
b6d2d3
b6d3d4
b6d4d5
b6d5d6
b6d6d7
b6d7d8
b6d8d8
b6d9d9
b6dada
b6dbdb
b6dcdc
b6dddd
b6dede
b6dfdf
b6e0e0
b6e1e1
b6e2e2
b6e3e3
b6e4e4
b6e5e5
b6e6e6
b6e7e7
b6e8e8
b6e9e9
b6eaea
b6ebeb
b6ecec
b6eded
b6eeee
b6efef
b6f0f0
b6f1f1
b6f2f2
b6f3f3
b6f4f4
b6f5f5
b6f6f6
b6f7f7
b6f8f8
b6f9f9
b6fafa
b6fbfb
b6fcfc
b6fdfd
b6fefe
b6ffff
b700b7
b701b7
b702b7
b703b7
b704b7
b705b7
b706b7
b707b7
b708b7
b709b7
b70ab7
b70bb7
b70cb7
b70db7
b70eb7
b70fb7
b710b6
b711b6
b712b6
b713b6
b714b6
b715b6
b716b6
b717b6
b718b6
b719b6
b71ab6
b71bb6
b71cb6
b71db5
b71eb5
b71fb5
b720b5
b721b5
b722b4
b723b4
b724b4
b725b4
b726b4
b727b3
b728b3
b729b2
b72ab2
b72bb2
b72cb1
b72db0
b72eb0
b72faf
b730ae
b731ac
b732aa
b733a8
b734a4
b735a0
b73698
b73700
b73818
b73924
b73a2a
b73b2e
b73c31
b73d33
b73e35
b73f37
b74038
b7413a
b7423c
b7433e
b74440
b74541
b74642
b74743
b74844
b74946
b74a48
b74b49
b74c4a
b74d4b
b74e4c
b74f4d
b7504e
b75150
b75251
b75352
b75453
b75554
b75655
b75756
b75857
b75959
b75a5a
b75b5b
b75c5c
b75d5d
b75e5e
b75f5f
b76060
b76161
b76262
b76363
b76464
b76565
b76666
b76767
b76868
b76969
b76a6a
b76b6b
b76c6c
b76d6d
b76e6e
b76f6f
b77070
b77171
b77272
b77373
b77474
b77575
b77676
b77777
b77878
b77979
b77a7a
b77b7b
b77c7c
b77d7d
b77e7e
b77f7f
b780b7
b781b7
b782b7
b783b7
b784b7
b785b7
b786b7
b787b7
b788b7
b789b7
b78ab7
b78bb7
b78cb7
b78db7
b78eb7
b78fb7
b790b8
b791b8
b792b8
b793b8
b794b8
b795b8
b796b8
b797b8
b798b8
b799b8
b79ab8
b79bb8
b79cb8
b79db8
b79eb8
b79fb8
b7a0b8
b7a1b9
b7a2b9
b7a3b9
b7a4b9
b7a5b9
b7a6b9
b7a7b9
b7a8ba
b7a9ba
b7aaba
b7abba
b7acba
b7adbb
b7aebb
b7afbb
b7b0bc
b7b1bc
b7b2bc
b7b3bd
b7b4be
b7b5be
b7b6be
b7b7bf
b7b8c0
b7b9c0
b7bac1
b7bbc1
b7bcc2
b7bdc2
b7bec3
b7bfc3
b7c0c4
b7c1c5
b7c2c6
b7c3c7
b7c4c8
b7c5c8
b7c6c9
b7c7c9
b7c8ca
b7c9cb
b7cacc
b7cbcd
b7ccce
b7cdcf
b7ced0
b7cfd0
b7d0d1
b7d1d2
b7d2d3
b7d3d4
b7d4d5
b7d5d6
b7d6d7
b7d7d8
b7d8d8
b7d9d9
b7dada
b7dbdb
b7dcdc
b7dddd
b7dede
b7dfdf
b7e0e0
b7e1e1
b7e2e2
b7e3e3
b7e4e4
b7e5e5
b7e6e6
b7e7e7
b7e8e8
b7e9e9
b7eaea
b7ebeb
b7ecec
b7eded
b7eeee
b7efef
b7f0f0
b7f1f1
b7f2f2
b7f3f3
b7f4f4
b7f5f5
b7f6f6
b7f7f7
b7f8f8
b7f9f9
b7fafa
b7fbfb
b7fcfc
b7fdfd
b7fefe
b7ffff
b800b8
b801b8
b802b8
b803b8
b804b8
b805b8
b806b8
b807b8
b808b8
b809b8
b80ab8
b80bb8
b80cb8
b80db8
b80eb8
b80fb8
b810b8
b811b7
b812b7
b813b7
b814b7
b815b7
b816b7
b817b7
b818b7
b819b7
b81ab7
b81bb7
b81cb6
b81db6
b81eb6
b81fb6
b820b6
b821b6
b822b6
b823b5
b824b5
b825b5
b826b4
b827b4
b828b4
b829b4
b82ab3
b82bb2
b82cb2
b82db2
b82eb1
b82fb0
b830b0
b831ae
b832ac
b833aa
b834a8
b835a4
b836a0
b83798
b83800
b83920
b83a28
b83b2c
b83c30
b83d32
b83e34
b83f36
b84038
b8413a
b8423c
b8433e
b84440
b84541
b84642
b84743
b84844
b84946
b84a48
b84b49
b84c4a
b84d4b
b84e4c
b84f4d
b8504e
b85150
b85251
b85352
b85453
b85554
b85655
b85756
b85857
b85958
b85a5a
b85b5a
b85c5c
b85d5c
b85e5e
b85f5e
b86060
b86161
b86262
b86363
b86464
b86565
b86666
b86767
b86868
b86969
b86a6a
b86b6b
b86c6c
b86d6d
b86e6e
b86f6f
b87070
b87171
b87272
b87373
b87474
b87575
b87676
b87777
b87878
b87979
b87a7a
b87b7b
b87c7c
b87d7d
b87e7e
b87f7f
b880b8
b881b8
b882b8
b883b8
b884b8
b885b8
b886b8
b887b8
b888b8
b889b8
b88ab8
b88bb8
b88cb8
b88db8
b88eb8
b88fb8
b890b8
b891b8
b892b8
b893b8
b894b8
b895b8
b896b8
b897b8
b898b8
b899b9
b89ab9
b89bb9
b89cb9
b89db9
b89eb9
b89fb9
b8a0b9
b8a1b9
b8a2b9
b8a3b9
b8a4ba
b8a5ba
b8a6ba
b8a7ba
b8a8ba
b8a9ba
b8aaba
b8abbb
b8acbb
b8adbb
b8aebc
b8afbc
b8b0bc
b8b1bc
b8b2bd
b8b3be
b8b4be
b8b5be
b8b6bf
b8b7c0
b8b8c0
b8b9c0
b8bac1
b8bbc2
b8bcc2
b8bdc2
b8bec3
b8bfc4
b8c0c4
b8c1c5
b8c2c6
b8c3c7
b8c4c8
b8c5c8
b8c6c9
b8c7ca
b8c8ca
b8c9cb
b8cacc
b8cbcd
b8ccce
b8cdcf
b8ced0
b8cfd0
b8d0d1
b8d1d2
b8d2d3
b8d3d4
b8d4d5
b8d5d6
b8d6d7
b8d7d8
b8d8d8
b8d9da
b8dada
b8dbdc
b8dcdc
b8ddde
b8dede
b8dfe0
b8e0e0
b8e1e1
b8e2e2
b8e3e3
b8e4e4
b8e5e5
b8e6e6
b8e7e7
b8e8e8
b8e9e9
b8eaea
b8ebeb
b8ecec
b8eded
b8eeee
b8efef
b8f0f0
b8f1f1
b8f2f2
b8f3f3
b8f4f4
b8f5f5
b8f6f6
b8f7f7
b8f8f8
b8f9f9
b8fafa
b8fbfb
b8fcfc
b8fdfd
b8fefe
b8ffff
b900b9
b901b9
b902b9
b903b9
b904b9
b905b9
b906b9
b907b9
b908b9
b909b9
b90ab9
b90bb9
b90cb9
b90db9
b90eb9
b90fb9
b910b9
b911b9
b912b9
b913b9
b914b9
b915b9
b916b9
b917b9
b918b8
b919b8
b91ab8
b91bb8
b91cb8
b91db8
b91eb8
b91fb8
b920b8
b921b8
b922b8
b923b7
b924b7
b925b7
b926b6
b927b6
b928b6
b929b6
b92ab5
b92bb4
b92cb4
b92db4
b92eb3
b92fb2
b930b2
b931b1
b932b0
b933ae
b934ac
b935aa
b936a8
b937a4
b938a0
b93900
b93a20
b93b28
b93c2c
b93d30
b93e32
b93f34
b94036
b94139
b9423b
b9433d
b9443f
b94540
b94642
b94742
b94844
b94946
b94a48
b94b49
b94c4a
b94d4b
b94e4c
b94f4d
b9504e
b95150
b95251
b95352
b95453
b95554
b95655
b95756
b95857
b95958
b95a59
b95b5a
b95c5b
b95d5c
b95e5d
b95f5e
b9605f
b96161
b96262
b96363
b96464
b96565
b96666
b96767
b96868
b96969
b96a6a
b96b6b
b96c6c
b96d6d
b96e6e
b96f6f
b97070
b97171
b97272
b97373
b97474
b97575
b97676
b97777
b97878
b97979
b97a7a
b97b7b
b97c7c
b97d7d
b97e7e
b97f7f
b980b9
b981b9
b982b9
b983b9
b984b9
b985b9
b986b9
b987b9
b988b9
b989b9
b98ab9
b98bb9
b98cb9
b98db9
b98eb9
b98fb9
b990b9
b991b9
b992b9
b993b9
b994b9
b995b9
b996b9
b997b9
b998ba
b999ba
b99aba
b99bba
b99cba
b99dba
b99eba
b99fba
b9a0ba
b9a1ba
b9a2ba
b9a3ba
b9a4ba
b9a5bb
b9a6bb
b9a7bb
b9a8bb
b9a9bb
b9aabc
b9abbc
b9acbc
b9adbc
b9aebc
b9afbd
b9b0bd
b9b1be
b9b2be
b9b3be
b9b4bf
b9b5c0
b9b6c0
b9b7c0
b9b8c0
b9b9c1
b9bac2
b9bbc2
b9bcc2
b9bdc3
b9bec4
b9bfc4
b9c0c4
b9c1c6
b9c2c6
b9c3c8
b9c4c8
b9c5c9
b9c6c9
b9c7ca
b9c8ca
b9c9cb
b9cacc
b9cbcd
b9ccce
b9cdcf
b9ced0
b9cfd1
b9d0d1
b9d1d2
b9d2d3
b9d3d4
b9d4d5
b9d5d6
b9d6d7
b9d7d8
b9d8d9
b9d9da
b9dadb
b9dbdc
b9dcdd
b9ddde
b9dedf
b9dfe0
b9e0e0
b9e1e1
b9e2e2
b9e3e3
b9e4e4
b9e5e5
b9e6e6
b9e7e7
b9e8e8
b9e9e9
b9eaea
b9ebeb
b9ecec
b9eded
b9eeee
b9efef
b9f0f0
b9f1f1
b9f2f2
b9f3f3
b9f4f4
b9f5f5
b9f6f6
b9f7f7
b9f8f8
b9f9f9
b9fafa
b9fbfb
b9fcfc
b9fdfd
b9fefe
b9ffff
ba00ba
ba01ba
ba02ba
ba03ba
ba04ba
ba05ba
ba06ba
ba07ba
ba08ba
ba09ba
ba0aba
ba0bba
ba0cba
ba0dba
ba0eba
ba0fba
ba10ba
ba11ba
ba12ba
ba13ba
ba14ba
ba15ba
ba16ba
ba17ba
ba18ba
ba19b9
ba1ab9
ba1bb9
ba1cb9
ba1db9
ba1eb9
ba1fb9
ba20b9
ba21b9
ba22b9
ba23b9
ba24b8
ba25b8
ba26b8
ba27b8
ba28b8
ba29b8
ba2ab7
ba2bb6
ba2cb6
ba2db6
ba2eb5
ba2fb4
ba30b4
ba31b3
ba32b2
ba33b1
ba34b0
ba35ae
ba36ac
ba37aa
ba38a8
ba39a0
ba3a00
ba3b20
ba3c28
ba3d2c
ba3e30
ba3f32
ba4034
ba4138
ba423a
ba433c
ba443e
ba4540
ba4641
ba4742
ba4843
ba4945
ba4a47
ba4b48
ba4c4a
ba4d4a
ba4e4c
ba4f4c
ba504e
ba5150
ba5251
ba5352
ba5453
ba5554
ba5655
ba5756
ba5857
ba5958
ba5a59
ba5b5a
ba5c5b
ba5d5c
ba5e5d
ba5f5e
ba605f
ba6161
ba6262
ba6363
ba6464
ba6565
ba6666
ba6767
ba6868
ba6969
ba6a6a
ba6b6b
ba6c6c
ba6d6d
ba6e6e
ba6f6f
ba7070
ba7171
ba7272
ba7373
ba7474
ba7575
ba7676
ba7777
ba7878
ba7979
ba7a7a
ba7b7b
ba7c7c
ba7d7d
ba7e7e
ba7f7f
ba80ba
ba81ba
ba82ba
ba83ba
ba84ba
ba85ba
ba86ba
ba87ba
ba88ba
ba89ba
ba8aba
ba8bba
ba8cba
ba8dba
ba8eba
ba8fba
ba90ba
ba91ba
ba92ba
ba93ba
ba94ba
ba95ba
ba96ba
ba97ba
ba98ba
ba99bb
ba9abb
ba9bbb
ba9cbb
ba9dbb
ba9ebb
ba9fbb
baa0bb
baa1bb
baa2bb
baa3bb
baa4bc
baa5bc
baa6bc
baa7bc
baa8bc
baa9bc
baaabc
baabbd
baacbd
baadbd
baaebe
baafbe
bab0be
bab1be
bab2bf
bab3c0
bab4c0
bab5c0
bab6c0
bab7c1
bab8c1
bab9c2
babac2
babbc2
babcc3
babdc4
babec4
babfc4
bac0c5
bac1c6
bac2c7
bac3c8
bac4c8
bac5c9
bac6ca
bac7ca
bac8ca
bac9cc
bacacc
bacbce
baccce
bacdd0
baced0
bacfd1
bad0d1
bad1d2
bad2d3
bad3d4
bad4d5
bad5d6
bad6d7
bad7d8
bad8d9
bad9da
badadb
badbdc
badcdd
baddde
badedf
badfe0
bae0e0
bae1e1
bae2e2
bae3e3
bae4e4
bae5e5
bae6e6
bae7e7
bae8e8
bae9e9
baeaea
baebeb
baecec
baeded
baeeee
baefef
baf0f0
baf1f1
baf2f2
baf3f3
baf4f4
baf5f5
baf6f6
baf7f7
baf8f8
baf9f9
bafafa
bafbfb
bafcfc
bafdfd
bafefe
baffff
bb00bb
bb01bb
bb02bb
bb03bb
bb04bb
bb05bb
bb06bb
bb07bb
bb08bb
bb09bb
bb0abb
bb0bbb
bb0cbb
bb0dbb
bb0ebb
bb0fbb
bb10bb
bb11bb
bb12bb
bb13bb
bb14bb
bb15bb
bb16bb
bb17bb
bb18ba
bb19ba
bb1aba
bb1bba
bb1cba
bb1dba
bb1eba
bb1fba
bb20ba
bb21ba
bb22ba
bb23ba
bb24ba
bb25b9
bb26b9
bb27b9
bb28b9
bb29b9
bb2ab8
bb2bb8
bb2cb8
bb2db8
bb2eb7
bb2fb6
bb30b6
bb31b5
bb32b4
bb33b3
bb34b2
bb35b1
bb36b0
bb37ae
bb38ac
bb39a8
bb3aa0
bb3b00
bb3c20
bb3d28
bb3e2c
bb3f30
bb4032
bb4136
bb4239
bb433b
bb443d
bb453f
bb4640
bb4742
bb4842
bb4944
bb4a46
bb4b48
bb4c49
bb4d4a
bb4e4b
bb4f4c
bb504d
bb514f
bb5251
bb5352
bb5453
bb5554
bb5655
bb5756
bb5857
bb5958
bb5a59
bb5b5a
bb5c5b
bb5d5c
bb5e5d
bb5f5e
bb605f
bb6161
bb6262
bb6363
bb6464
bb6565
bb6666
bb6767
bb6868
bb6969
bb6a6a
bb6b6b
bb6c6c
bb6d6d
bb6e6e
bb6f6f
bb7070
bb7171
bb7272
bb7373
bb7474
bb7575
bb7676
bb7777
bb7878
bb7979
bb7a7a
bb7b7b
bb7c7c
bb7d7d
bb7e7e
bb7f7f
bb80bb
bb81bb
bb82bb
bb83bb
bb84bb
bb85bb
bb86bb
bb87bb
bb88bb
bb89bb
bb8abb
bb8bbb
bb8cbb
bb8dbb
bb8ebb
bb8fbb
bb90bb
bb91bb
bb92bb
bb93bb
bb94bb
bb95bb
bb96bb
bb97bb
bb98bc
bb99bc
bb9abc
bb9bbc
bb9cbc
bb9dbc
bb9ebc
bb9fbc
bba0bc
bba1bc
bba2bc
bba3bc
bba4bc
bba5bd
bba6bd
bba7bd
bba8bd
bba9bd
bbaabe
bbabbe
bbacbe
bbadbe
bbaebe
bbafbf
bbb0bf
bbb1c0
bbb2c0
bbb3c0
bbb4c0
bbb5c1
bbb6c1
bbb7c1
bbb8c2
bbb9c2
bbbac2
bbbbc3
bbbcc4
bbbdc4
bbbec4
bbbfc5
bbc0c6
bbc1c6
bbc2c8
bbc3c8
bbc4c9
bbc5c9
bbc6ca
bbc7ca
bbc8cb
bbc9cc
bbcacd
bbcbce
bbcccf
bbcdd0
bbced0
bbcfd1
bbd0d1
bbd1d2
bbd2d3
bbd3d4
bbd4d5
bbd5d6
bbd6d7
bbd7d8
bbd8d9
bbd9da
bbdadb
bbdbdc
bbdcdd
bbddde
bbdedf
bbdfe0
bbe0e0
bbe1e1
bbe2e2
bbe3e3
bbe4e4
bbe5e5
bbe6e6
bbe7e7
bbe8e8
bbe9e9
bbeaea
bbebeb
bbecec
bbeded
bbeeee
bbefef
bbf0f0
bbf1f1
bbf2f2
bbf3f3
bbf4f4
bbf5f5
bbf6f6
bbf7f7
bbf8f8
bbf9f9
bbfafa
bbfbfb
bbfcfc
bbfdfd
bbfefe
bbffff
bc00bc
bc01bc
bc02bc
bc03bc
bc04bc
bc05bc
bc06bc
bc07bc
bc08bc
bc09bc
bc0abc
bc0bbc
bc0cbc
bc0dbc
bc0ebc
bc0fbc
bc10bc
bc11bc
bc12bc
bc13bc
bc14bc
bc15bc
bc16bc
bc17bc
bc18bc
bc19bb
bc1abb
bc1bbb
bc1cbb
bc1dbb
bc1ebb
bc1fbb
bc20bb
bc21bb
bc22bb
bc23bb
bc24ba
bc25ba
bc26ba
bc27ba
bc28ba
bc29ba
bc2aba
bc2bb9
bc2cb9
bc2db9
bc2eb8
bc2fb8
bc30b8
bc31b7
bc32b6
bc33b5
bc34b4
bc35b3
bc36b2
bc37b1
bc38b0
bc39ac
bc3aa8
bc3ba0
bc3c00
bc3d20
bc3e28
bc3f2c
bc4030
bc4134
bc4238
bc433a
bc443c
bc453e
bc4640
bc4741
bc4842
bc4944
bc4a46
bc4b48
bc4c49
bc4d4a
bc4e4b
bc4f4c
bc504d
bc514f
bc5250
bc5352
bc5452
bc5554
bc5654
bc5756
bc5856
bc5958
bc5a59
bc5b5a
bc5c5b
bc5d5c
bc5e5d
bc5f5e
bc605f
bc6161
bc6262
bc6363
bc6464
bc6565
bc6666
bc6767
bc6868
bc6969
bc6a6a
bc6b6b
bc6c6c
bc6d6d
bc6e6e
bc6f6f
bc7070
bc7171
bc7272
bc7373
bc7474
bc7575
bc7676
bc7777
bc7878
bc7979
bc7a7a
bc7b7b
bc7c7c
bc7d7d
bc7e7e
bc7f7f
bc80bc
bc81bc
bc82bc
bc83bc
bc84bc
bc85bc
bc86bc
bc87bc
bc88bc
bc89bc
bc8abc
bc8bbc
bc8cbc
bc8dbc
bc8ebc
bc8fbc
bc90bc
bc91bc
bc92bc
bc93bc
bc94bc
bc95bc
bc96bc
bc97bc
bc98bc
bc99bd
bc9abd
bc9bbd
bc9cbd
bc9dbd
bc9ebd
bc9fbd
bca0bd
bca1bd
bca2bd
bca3bd
bca4be
bca5be
bca6be
bca7be
bca8be
bca9be
bcaabe
bcabbf
bcacbf
bcadbf
bcaec0
bcafc0
bcb0c0
bcb1c0
bcb2c0
bcb3c1
bcb4c1
bcb5c1
bcb6c2
bcb7c2
bcb8c2
bcb9c2
bcbac3
bcbbc4
bcbcc4
bcbdc4
bcbec5
bcbfc6
bcc0c6
bcc1c7
bcc2c8
bcc3c8
bcc4c9
bcc5ca
bcc6ca
bcc7ca
bcc8cb
bcc9cc
bccacd
bccbce
bccccf
bccdd0
bcced0
bccfd1
bcd0d2
bcd1d2
bcd2d4
bcd3d4
bcd4d6
bcd5d6
bcd6d8
bcd7d8
bcd8d9
bcd9da
bcdadb
bcdbdc
bcdcdd
bcddde
bcdedf
bcdfe0
bce0e0
bce1e1
bce2e2
bce3e3
bce4e4
bce5e5
bce6e6
bce7e7
bce8e8
bce9e9
bceaea
bcebeb
bcecec
bceded
bceeee
bcefef
bcf0f0
bcf1f1
bcf2f2
bcf3f3
bcf4f4
bcf5f5
bcf6f6
bcf7f7
bcf8f8
bcf9f9
bcfafa
bcfbfb
bcfcfc
bcfdfd
bcfefe
bcffff
bd00bd
bd01bd
bd02bd
bd03bd
bd04bd
bd05bd
bd06bd
bd07bd
bd08bd
bd09bd
bd0abd
bd0bbd
bd0cbd
bd0dbd
bd0ebd
bd0fbd
bd10bd
bd11bd
bd12bd
bd13bd
bd14bd
bd15bd
bd16bd
bd17bd
bd18bc
bd19bc
bd1abc
bd1bbc
bd1cbc
bd1dbc
bd1ebc
bd1fbc
bd20bc
bd21bc
bd22bc
bd23bc
bd24bc
bd25bb
bd26bb
bd27bb
bd28bb
bd29bb
bd2aba
bd2bba
bd2cba
bd2dba
bd2eba
bd2fb9
bd30b9
bd31b8
bd32b8
bd33b7
bd34b6
bd35b5
bd36b4
bd37b3
bd38b2
bd39b0
bd3aac
bd3ba8
bd3ca0
bd3d00
bd3e20
bd3f28
bd402c
bd4132
bd4236
bd4339
bd443b
bd453d
bd463f
bd4740
bd4842
bd4944
bd4a46
bd4b48
bd4c49
bd4d4a
bd4e4b
bd4f4c
bd504d
bd514f
bd5250
bd5351
bd5452
bd5553
bd5654
bd5755
bd5856
bd5958
bd5a59
bd5b5a
bd5c5b
bd5d5c
bd5e5d
bd5f5e
bd605f
bd6161
bd6262
bd6363
bd6464
bd6565
bd6666
bd6767
bd6868
bd6969
bd6a6a
bd6b6b
bd6c6c
bd6d6d
bd6e6e
bd6f6f
bd7070
bd7171
bd7272
bd7373
bd7474
bd7575
bd7676
bd7777
bd7878
bd7979
bd7a7a
bd7b7b
bd7c7c
bd7d7d
bd7e7e
bd7f7f
bd80bd
bd81bd
bd82bd
bd83bd
bd84bd
bd85bd
bd86bd
bd87bd
bd88bd
bd89bd
bd8abd
bd8bbd
bd8cbd
bd8dbd
bd8ebd
bd8fbd
bd90bd
bd91bd
bd92bd
bd93bd
bd94bd
bd95bd
bd96bd
bd97bd
bd98be
bd99be
bd9abe
bd9bbe
bd9cbe
bd9dbe
bd9ebe
bd9fbe
bda0be
bda1be
bda2be
bda3be
bda4be
bda5bf
bda6bf
bda7bf
bda8bf
bda9bf
bdaac0
bdabc0
bdacc0
bdadc0
bdaec0
bdafc0
bdb0c0
bdb1c1
bdb2c1
bdb3c1
bdb4c2
bdb5c2
bdb6c2
bdb7c2
bdb8c2
bdb9c3
bdbac4
bdbbc4
bdbcc4
bdbdc5
bdbec6
bdbfc6
bdc0c6
bdc1c8
bdc2c8
bdc3c9
bdc4c9
bdc5ca
bdc6ca
bdc7cb
bdc8cb
bdc9cc
bdcacd
bdcbce
bdcccf
bdcdd0
bdced1
bdcfd1
bdd0d2
bdd1d3
bdd2d4
bdd3d5
bdd4d6
bdd5d7
bdd6d8
bdd7d8
bdd8d9
bdd9da
bddadb
bddbdc
bddcdd
bdddde
bddedf
bddfe0
bde0e0
bde1e1
bde2e2
bde3e3
bde4e4
bde5e5
bde6e6
bde7e7
bde8e8
bde9e9
bdeaea
bdebeb
bdecec
bdeded
bdeeee
bdefef
bdf0f0
bdf1f1
bdf2f2
bdf3f3
bdf4f4
bdf5f5
bdf6f6
bdf7f7
bdf8f8
bdf9f9
bdfafa
bdfbfb
bdfcfc
bdfdfd
bdfefe
bdffff
be00be
be01be
be02be
be03be
be04be
be05be
be06be
be07be
be08be
be09be
be0abe
be0bbe
be0cbe
be0dbe
be0ebe
be0fbe
be10be
be11be
be12be
be13be
be14be
be15be
be16be
be17be
be18be
be19bd
be1abd
be1bbd
be1cbd
be1dbd
be1ebd
be1fbd
be20bd
be21bd
be22bd
be23bd
be24bc
be25bc
be26bc
be27bc
be28bc
be29bc
be2abc
be2bbb
be2cbb
be2dbb
be2eba
be2fba
be30ba
be31ba
be32b9
be33b8
be34b8
be35b7
be36b6
be37b5
be38b4
be39b2
be3ab0
be3bac
be3ca8
be3da0
be3e00
be3f20
be4028
be4130
be4234
be4338
be443a
be453c
be463e
be4740
be4841
be4943
be4a45
be4b47
be4c48
be4d4a
be4e4a
be4f4c
be504c
be514e
be5250
be5351
be5452
be5553
be5654
be5755
be5856
be5958
be5a59
be5b5a
be5c5b
be5d5c
be5e5d
be5f5e
be605f
be6161
be6262
be6363
be6464
be6565
be6666
be6767
be6868
be6969
be6a6a
be6b6b
be6c6c
be6d6d
be6e6e
be6f6f
be7070
be7171
be7272
be7373
be7474
be7575
be7676
be7777
be7878
be7979
be7a7a
be7b7b
be7c7c
be7d7d
be7e7e
be7f7f
be80be
be81be
be82be
be83be
be84be
be85be
be86be
be87be
be88be
be89be
be8abe
be8bbe
be8cbe
be8dbe
be8ebe
be8fbe
be90be
be91be
be92be
be93be
be94be
be95be
be96be
be97be
be98be
be99bf
be9abf
be9bbf
be9cbf
be9dbf
be9ebf
be9fbf
bea0bf
bea1bf
bea2bf
bea3bf
bea4c0
bea5c0
bea6c0
bea7c0
bea8c0
bea9c0
beaac0
beabc0
beacc0
beadc1
beaec1
beafc1
beb0c1
beb1c1
beb2c2
beb3c2
beb4c2
beb5c2
beb6c2
beb7c3
beb8c3
beb9c4
bebac4
bebbc4
bebcc5
bebdc6
bebec6
bebfc6
bec0c7
bec1c8
bec2c8
bec3c9
bec4ca
bec5ca
bec6ca
bec7cb
bec8cc
bec9cc
becace
becbce
beccd0
becdd0
beced1
becfd1
bed0d2
bed1d3
bed2d4
bed3d5
bed4d6
bed5d7
bed6d8
bed7d8
bed8d9
bed9da
bedadb
bedbdc
bedcdd
beddde
bededf
bedfe0
bee0e0
bee1e1
bee2e2
bee3e3
bee4e4
bee5e5
bee6e6
bee7e7
bee8e8
bee9e9
beeaea
beebeb
beecec
beeded
beeeee
beefef
bef0f0
bef1f1
bef2f2
bef3f3
bef4f4
bef5f5
bef6f6
bef7f7
bef8f8
bef9f9
befafa
befbfb
befcfc
befdfd
befefe
beffff
bf00bf
bf01bf
bf02bf
bf03bf
bf04bf
bf05bf
bf06bf
bf07bf
bf08bf
bf09bf
bf0abf
bf0bbf
bf0cbf
bf0dbf
bf0ebf
bf0fbf
bf10bf
bf11bf
bf12bf
bf13bf
bf14bf
bf15bf
bf16bf
bf17bf
bf18be
bf19be
bf1abe
bf1bbe
bf1cbe
bf1dbe
bf1ebe
bf1fbe
bf20be
bf21be
bf22be
bf23be
bf24be
bf25bd
bf26bd
bf27bd
bf28bd
bf29bd
bf2abc
bf2bbc
bf2cbc
bf2dbc
bf2ebc
bf2fbb
bf30bb
bf31ba
bf32ba
bf33ba
bf34b9
bf35b8
bf36b8
bf37b7
bf38b6
bf39b4
bf3ab2
bf3bb0
bf3cac
bf3da8
bf3ea0
bf3f00
bf4020
bf412c
bf4232
bf4336
bf4439
bf453b
bf463d
bf473f
bf4840
bf4942
bf4a44
bf4b46
bf4c48
bf4d49
bf4e4a
bf4f4b
bf504c
bf514e
bf5250
bf5351
bf5452
bf5553
bf5654
bf5755
bf5856
bf5958
bf5a59
bf5b5a
bf5c5b
bf5d5c
bf5e5d
bf5f5e
bf605f
bf6161
bf6262
bf6363
bf6464
bf6565
bf6666
bf6767
bf6868
bf6969
bf6a6a
bf6b6b
bf6c6c
bf6d6d
bf6e6e
bf6f6f
bf7070
bf7171
bf7272
bf7373
bf7474
bf7575
bf7676
bf7777
bf7878
bf7979
bf7a7a
bf7b7b
bf7c7c
bf7d7d
bf7e7e
bf7f7f
bf80bf
bf81bf
bf82bf
bf83bf
bf84bf
bf85bf
bf86bf
bf87bf
bf88bf
bf89bf
bf8abf
bf8bbf
bf8cbf
bf8dbf
bf8ebf
bf8fbf
bf90bf
bf91bf
bf92bf
bf93bf
bf94bf
bf95bf
bf96bf
bf97bf
bf98c0
bf99c0
bf9ac0
bf9bc0
bf9cc0
bf9dc0
bf9ec0
bf9fc0
bfa0c0
bfa1c0
bfa2c0
bfa3c0
bfa4c0
bfa5c0
bfa6c0
bfa7c0
bfa8c0
bfa9c1
bfaac1
bfabc1
bfacc1
bfadc1
bfaec1
bfafc1
bfb0c2
bfb1c2
bfb2c2
bfb3c2
bfb4c2
bfb5c3
bfb6c3
bfb7c3
bfb8c4
bfb9c4
bfbac4
bfbbc5
bfbcc6
bfbdc6
bfbec6
bfbfc7
bfc0c8
bfc1c8
bfc2c9
bfc3c9
bfc4ca
bfc5ca
bfc6cb
bfc7cb
bfc8cc
bfc9cd
bfcace
bfcbcf
bfccd0
bfcdd0
bfced1
bfcfd1
bfd0d2
bfd1d3
bfd2d4
bfd3d5
bfd4d6
bfd5d7
bfd6d8
bfd7d8
bfd8d9
bfd9da
bfdadb
bfdbdc
bfdcdd
bfddde
bfdedf
bfdfe0
bfe0e0
bfe1e1
bfe2e2
bfe3e3
bfe4e4
bfe5e5
bfe6e6
bfe7e7
bfe8e8
bfe9e9
bfeaea
bfebeb
bfecec
bfeded
bfeeee
bfefef
bff0f0
bff1f1
bff2f2
bff3f3
bff4f4
bff5f5
bff6f6
bff7f7
bff8f8
bff9f9
bffafa
bffbfb
bffcfc
bffdfd
bffefe
bfffff
c000c0
c001c0
c002c0
c003c0
c004c0
c005c0
c006c0
c007c0
c008c0
c009c0
c00ac0
c00bc0
c00cc0
c00dc0
c00ec0
c00fc0
c010c0
c011c0
c012c0
c013c0
c014c0
c015c0
c016c0
c017c0
c018c0
c019bf
c01abf
c01bbf
c01cbf
c01dbf
c01ebf
c01fbf
c020bf
c021bf
c022bf
c023bf
c024be
c025be
c026be
c027be
c028be
c029be
c02abe
c02bbd
c02cbd
c02dbd
c02ebc
c02fbc
c030bc
c031bc
c032bb
c033ba
c034ba
c035ba
c036b9
c037b8
c038b8
c039b6
c03ab4
c03bb2
c03cb0
c03dac
c03ea8
c03fa0
c04000
c04128
c04230
c04334
c04438
c0453a
c0463c
c0473e
c04840
c04942
c04a44
c04b46
c04c48
c04d49
c04e4a
c04f4b
c0504c
c0514e
c05250
c05351
c05452
c05553
c05654
c05755
c05856
c05958
c05a59
c05b5a
c05c5b
c05d5c
c05e5d
c05f5e
c0605f
c06160
c06262
c06362
c06464
c06564
c06666
c06766
c06868
c06969
c06a6a
c06b6b
c06c6c
c06d6d
c06e6e
c06f6f
c07070
c07171
c07272
c07373
c07474
c07575
c07676
c07777
c07878
c07979
c07a7a
c07b7b
c07c7c
c07d7d
c07e7e
c07f7f
c080c0
c081c0
c082c0
c083c0
c084c0
c085c0
c086c0
c087c0
c088c0
c089c0
c08ac0
c08bc0
c08cc0
c08dc0
c08ec0
c08fc0
c090c0
c091c0
c092c0
c093c0
c094c0
c095c0
c096c0
c097c0
c098c0
c099c0
c09ac0
c09bc0
c09cc0
c09dc0
c09ec0
c09fc0
c0a0c0
c0a1c1
c0a2c1
c0a3c1
c0a4c1
c0a5c1
c0a6c1
c0a7c1
c0a8c1
c0a9c1
c0aac1
c0abc1
c0acc2
c0adc2
c0aec2
c0afc2
c0b0c2
c0b1c2
c0b2c2
c0b3c3
c0b4c3
c0b5c3
c0b6c4
c0b7c4
c0b8c4
c0b9c4
c0bac5
c0bbc6
c0bcc6
c0bdc6
c0bec7
c0bfc8
c0c0c8
c0c1c8
c0c2c9
c0c3ca
c0c4ca
c0c5ca
c0c6cb
c0c7cc
c0c8cc
c0c9cd
c0cace
c0cbcf
c0ccd0
c0cdd0
c0ced1
c0cfd2
c0d0d2
c0d1d3
c0d2d4
c0d3d5
c0d4d6
c0d5d7
c0d6d8
c0d7d8
c0d8d9
c0d9da
c0dadb
c0dbdc
c0dcdd
c0ddde
c0dedf
c0dfe0
c0e0e0
c0e1e2
c0e2e2
c0e3e4
c0e4e4
c0e5e6
c0e6e6
c0e7e8
c0e8e8
c0e9e9
c0eaea
c0ebeb
c0ecec
c0eded
c0eeee
c0efef
c0f0f0
c0f1f1
c0f2f2
c0f3f3
c0f4f4
c0f5f5
c0f6f6
c0f7f7
c0f8f8
c0f9f9
c0fafa
c0fbfb
c0fcfc
c0fdfd
c0fefe
c0ffff
c100c1
c101c1
c102c1
c103c1
c104c1
c105c1
c106c1
c107c1
c108c1
c109c1
c10ac1
c10bc1
c10cc1
c10dc1
c10ec1
c10fc1
c110c1
c111c1
c112c1
c113c1
c114c1
c115c1
c116c1
c117c1
c118c1
c119c1
c11ac1
c11bc1
c11cc1
c11dc1
c11ec1
c11fc1
c120c0
c121c0
c122c0
c123c0
c124c0
c125c0
c126c0
c127c0
c128c0
c129c0
c12ac0
c12bbf
c12cbf
c12dbf
c12ebe
c12fbe
c130be
c131be
c132bd
c133bc
c134bc
c135bc
c136bb
c137ba
c138ba
c139b9
c13ab8
c13bb6
c13cb4
c13db2
c13eb0
c13fac
c140a8
c14100
c14228
c14330
c14434
c14538
c1463a
c1473c
c1483e
c14941
c14a43
c14b45
c14c47
c14d48
c14e4a
c14f4a
c1504c
c1514e
c15250
c15351
c15452
c15553
c15654
c15755
c15856
c15958
c15a59
c15b5a
c15c5b
c15d5c
c15e5d
c15f5e
c1605f
c16160
c16261
c16362
c16463
c16564
c16665
c16766
c16867
c16969
c16a6a
c16b6b
c16c6c
c16d6d
c16e6e
c16f6f
c17070
c17171
c17272
c17373
c17474
c17575
c17676
c17777
c17878
c17979
c17a7a
c17b7b
c17c7c
c17d7d
c17e7e
c17f7f
c180c1
c181c1
c182c1
c183c1
c184c1
c185c1
c186c1
c187c1
c188c1
c189c1
c18ac1
c18bc1
c18cc1
c18dc1
c18ec1
c18fc1
c190c1
c191c1
c192c1
c193c1
c194c1
c195c1
c196c1
c197c1
c198c1
c199c1
c19ac1
c19bc1
c19cc1
c19dc1
c19ec1
c19fc1
c1a0c2
c1a1c2
c1a2c2
c1a3c2
c1a4c2
c1a5c2
c1a6c2
c1a7c2
c1a8c2
c1a9c2
c1aac2
c1abc2
c1acc2
c1adc3
c1aec3
c1afc3
c1b0c3
c1b1c3
c1b2c4
c1b3c4
c1b4c4
c1b5c4
c1b6c4
c1b7c5
c1b8c5
c1b9c6
c1bac6
c1bbc6
c1bcc7
c1bdc8
c1bec8
c1bfc8
c1c0c8
c1c1c9
c1c2ca
c1c3ca
c1c4ca
c1c5cb
c1c6cc
c1c7cc
c1c8cc
c1c9ce
c1cace
c1cbd0
c1ccd0
c1cdd1
c1ced1
c1cfd2
c1d0d2
c1d1d3
c1d2d4
c1d3d5
c1d4d6
c1d5d7
c1d6d8
c1d7d9
c1d8d9
c1d9da
c1dadb
c1dbdc
c1dcdd
c1ddde
c1dedf
c1dfe0
c1e0e1
c1e1e2
c1e2e3
c1e3e4
c1e4e5
c1e5e6
c1e6e7
c1e7e8
c1e8e8
c1e9e9
c1eaea
c1ebeb
c1ecec
c1eded
c1eeee
c1efef
c1f0f0
c1f1f1
c1f2f2
c1f3f3
c1f4f4
c1f5f5
c1f6f6
c1f7f7
c1f8f8
c1f9f9
c1fafa
c1fbfb
c1fcfc
c1fdfd
c1fefe
c1ffff
c200c2
c201c2
c202c2
c203c2
c204c2
c205c2
c206c2
c207c2
c208c2
c209c2
c20ac2
c20bc2
c20cc2
c20dc2
c20ec2
c20fc2
c210c2
c211c2
c212c2
c213c2
c214c2
c215c2
c216c2
c217c2
c218c2
c219c2
c21ac2
c21bc2
c21cc2
c21dc2
c21ec2
c21fc2
c220c2
c221c1
c222c1
c223c1
c224c1
c225c1
c226c1
c227c1
c228c1
c229c1
c22ac1
c22bc1
c22cc0
c22dc0
c22ec0
c22fc0
c230c0
c231c0
c232bf
c233be
c234be
c235be
c236bd
c237bc
c238bc
c239bb
c23aba
c23bb9
c23cb8
c23db6
c23eb4
c23fb2
c240b0
c241a8
c24200
c24328
c24430
c24534
c24638
c2473a
c2483c
c24940
c24a42
c24b44
c24c46
c24d48
c24e49
c24f4a
c2504b
c2514d
c2524f
c25350
c25452
c25552
c25654
c25754
c25856
c25958
c25a59
c25b5a
c25c5b
c25d5c
c25e5d
c25f5e
c2605f
c26160
c26261
c26362
c26463
c26564
c26665
c26766
c26867
c26969
c26a6a
c26b6b
c26c6c
c26d6d
c26e6e
c26f6f
c27070
c27171
c27272
c27373
c27474
c27575
c27676
c27777
c27878
c27979
c27a7a
c27b7b
c27c7c
c27d7d
c27e7e
c27f7f
c280c2
c281c2
c282c2
c283c2
c284c2
c285c2
c286c2
c287c2
c288c2
c289c2
c28ac2
c28bc2
c28cc2
c28dc2
c28ec2
c28fc2
c290c2
c291c2
c292c2
c293c2
c294c2
c295c2
c296c2
c297c2
c298c2
c299c2
c29ac2
c29bc2
c29cc2
c29dc2
c29ec2
c29fc2
c2a0c2
c2a1c3
c2a2c3
c2a3c3
c2a4c3
c2a5c3
c2a6c3
c2a7c3
c2a8c3
c2a9c3
c2aac3
c2abc3
c2acc4
c2adc4
c2aec4
c2afc4
c2b0c4
c2b1c4
c2b2c4
c2b3c5
c2b4c5
c2b5c5
c2b6c6
c2b7c6
c2b8c6
c2b9c6
c2bac7
c2bbc8
c2bcc8
c2bdc8
c2bec8
c2bfc9
c2c0c9
c2c1ca
c2c2ca
c2c3ca
c2c4cb
c2c5cc
c2c6cc
c2c7cc
c2c8cd
c2c9ce
c2cacf
c2cbd0
c2ccd0
c2cdd1
c2ced2
c2cfd2
c2d0d2
c2d1d4
c2d2d4
c2d3d6
c2d4d6
c2d5d8
c2d6d8
c2d7d9
c2d8d9
c2d9da
c2dadb
c2dbdc
c2dcdd
c2ddde
c2dedf
c2dfe0
c2e0e1
c2e1e2
c2e2e3
c2e3e4
c2e4e5
c2e5e6
c2e6e7
c2e7e8
c2e8e8
c2e9e9
c2eaea
c2ebeb
c2ecec
c2eded
c2eeee
c2efef
c2f0f0
c2f1f1
c2f2f2
c2f3f3
c2f4f4
c2f5f5
c2f6f6
c2f7f7
c2f8f8
c2f9f9
c2fafa
c2fbfb
c2fcfc
c2fdfd
c2fefe
c2ffff
c300c3
c301c3
c302c3
c303c3
c304c3
c305c3
c306c3
c307c3
c308c3
c309c3
c30ac3
c30bc3
c30cc3
c30dc3
c30ec3
c30fc3
c310c3
c311c3
c312c3
c313c3
c314c3
c315c3
c316c3
c317c3
c318c3
c319c3
c31ac3
c31bc3
c31cc3
c31dc3
c31ec3
c31fc3
c320c2
c321c2
c322c2
c323c2
c324c2
c325c2
c326c2
c327c2
c328c2
c329c2
c32ac2
c32bc2
c32cc2
c32dc1
c32ec1
c32fc1
c330c1
c331c1
c332c0
c333c0
c334c0
c335c0
c336bf
c337be
c338be
c339bd
c33abc
c33bbb
c33cba
c33db9
c33eb8
c33fb6
c340b4
c341b0
c342a8
c34300
c34428
c34530
c34634
c34738
c3483a
c3493e
c34a41
c34b43
c34c45
c34d47
c34e48
c34f4a
c3504a
c3514c
c3524e
c35350
c35451
c35552
c35653
c35754
c35855
c35957
c35a59
c35b5a
c35c5b
c35d5c
c35e5d
c35f5e
c3605f
c36160
c36261
c36362
c36463
c36564
c36665
c36766
c36867
c36969
c36a6a
c36b6b
c36c6c
c36d6d
c36e6e
c36f6f
c37070
c37171
c37272
c37373
c37474
c37575
c37676
c37777
c37878
c37979
c37a7a
c37b7b
c37c7c
c37d7d
c37e7e
c37f7f
c380c3
c381c3
c382c3
c383c3
c384c3
c385c3
c386c3
c387c3
c388c3
c389c3
c38ac3
c38bc3
c38cc3
c38dc3
c38ec3
c38fc3
c390c3
c391c3
c392c3
c393c3
c394c3
c395c3
c396c3
c397c3
c398c3
c399c3
c39ac3
c39bc3
c39cc3
c39dc3
c39ec3
c39fc3
c3a0c4
c3a1c4
c3a2c4
c3a3c4
c3a4c4
c3a5c4
c3a6c4
c3a7c4
c3a8c4
c3a9c4
c3aac4
c3abc4
c3acc4
c3adc5
c3aec5
c3afc5
c3b0c5
c3b1c5
c3b2c6
c3b3c6
c3b4c6
c3b5c6
c3b6c6
c3b7c7
c3b8c7
c3b9c8
c3bac8
c3bbc8
c3bcc8
c3bdc9
c3bec9
c3bfc9
c3c0ca
c3c1ca
c3c2ca
c3c3cb
c3c4cc
c3c5cc
c3c6cc
c3c7cd
c3c8ce
c3c9ce
c3cad0
c3cbd0
c3ccd1
c3cdd1
c3ced2
c3cfd2
c3d0d3
c3d1d4
c3d2d5
c3d3d6
c3d4d7
c3d5d8
c3d6d8
c3d7d9
c3d8d9
c3d9da
c3dadb
c3dbdc
c3dcdd
c3ddde
c3dedf
c3dfe0
c3e0e1
c3e1e2
c3e2e3
c3e3e4
c3e4e5
c3e5e6
c3e6e7
c3e7e8
c3e8e8
c3e9e9
c3eaea
c3ebeb
c3ecec
c3eded
c3eeee
c3efef
c3f0f0
c3f1f1
c3f2f2
c3f3f3
c3f4f4
c3f5f5
c3f6f6
c3f7f7
c3f8f8
c3f9f9
c3fafa
c3fbfb
c3fcfc
c3fdfd
c3fefe
c3ffff
c400c4
c401c4
c402c4
c403c4
c404c4
c405c4
c406c4
c407c4
c408c4
c409c4
c40ac4
c40bc4
c40cc4
c40dc4
c40ec4
c40fc4
c410c4
c411c4
c412c4
c413c4
c414c4
c415c4
c416c4
c417c4
c418c4
c419c4
c41ac4
c41bc4
c41cc4
c41dc4
c41ec4
c41fc4
c420c4
c421c3
c422c3
c423c3
c424c3
c425c3
c426c3
c427c3
c428c3
c429c3
c42ac3
c42bc3
c42cc2
c42dc2
c42ec2
c42fc2
c430c2
c431c2
c432c2
c433c1
c434c1
c435c1
c436c0
c437c0
c438c0
c439bf
c43abe
c43bbd
c43cbc
c43dbb
c43eba
c43fb9
c440b8
c441b4
c442b0
c443a8
c44400
c44528
c44630
c44734
c44838
c4493c
c44a40
c44b42
c44c44
c44d46
c44e48
c44f49
c4504a
c4514c
c4524e
c45350
c45451
c45552
c45653
c45754
c45855
c45957
c45a58
c45b5a
c45c5a
c45d5c
c45e5c
c45f5e
c4605e
c46160
c46261
c46362
c46463
c46564
c46665
c46766
c46867
c46969
c46a6a
c46b6b
c46c6c
c46d6d
c46e6e
c46f6f
c47070
c47171
c47272
c47373
c47474
c47575
c47676
c47777
c47878
c47979
c47a7a
c47b7b
c47c7c
c47d7d
c47e7e
c47f7f
c480c4
c481c4
c482c4
c483c4
c484c4
c485c4
c486c4
c487c4
c488c4
c489c4
c48ac4
c48bc4
c48cc4
c48dc4
c48ec4
c48fc4
c490c4
c491c4
c492c4
c493c4
c494c4
c495c4
c496c4
c497c4
c498c4
c499c4
c49ac4
c49bc4
c49cc4
c49dc4
c49ec4
c49fc4
c4a0c4
c4a1c5
c4a2c5
c4a3c5
c4a4c5
c4a5c5
c4a6c5
c4a7c5
c4a8c5
c4a9c5
c4aac5
c4abc5
c4acc6
c4adc6
c4aec6
c4afc6
c4b0c6
c4b1c6
c4b2c6
c4b3c7
c4b4c7
c4b5c7
c4b6c8
c4b7c8
c4b8c8
c4b9c8
c4bac8
c4bbc9
c4bcc9
c4bdc9
c4beca
c4bfca
c4c0ca
c4c1ca
c4c2cb
c4c3cc
c4c4cc
c4c5cc
c4c6cd
c4c7ce
c4c8ce
c4c9cf
c4cad0
c4cbd0
c4ccd1
c4cdd2
c4ced2
c4cfd2
c4d0d3
c4d1d4
c4d2d5
c4d3d6
c4d4d7
c4d5d8
c4d6d8
c4d7d9
c4d8da
c4d9da
c4dadc
c4dbdc
c4dcde
c4ddde
c4dee0
c4dfe0
c4e0e1
c4e1e2
c4e2e3
c4e3e4
c4e4e5
c4e5e6
c4e6e7
c4e7e8
c4e8e8
c4e9e9
c4eaea
c4ebeb
c4ecec
c4eded
c4eeee
c4efef
c4f0f0
c4f1f1
c4f2f2
c4f3f3
c4f4f4
c4f5f5
c4f6f6
c4f7f7
c4f8f8
c4f9f9
c4fafa
c4fbfb
c4fcfc
c4fdfd
c4fefe
c4ffff
c500c5
c501c5
c502c5
c503c5
c504c5
c505c5
c506c5
c507c5
c508c5
c509c5
c50ac5
c50bc5
c50cc5
c50dc5
c50ec5
c50fc5
c510c5
c511c5
c512c5
c513c5
c514c5
c515c5
c516c5
c517c5
c518c5
c519c5
c51ac5
c51bc5
c51cc5
c51dc5
c51ec5
c51fc5
c520c4
c521c4
c522c4
c523c4
c524c4
c525c4
c526c4
c527c4
c528c4
c529c4
c52ac4
c52bc4
c52cc4
c52dc3
c52ec3
c52fc3
c530c3
c531c3
c532c2
c533c2
c534c2
c535c2
c536c2
c537c1
c538c1
c539c0
c53ac0
c53bbf
c53cbe
c53dbd
c53ebc
c53fbb
c540ba
c541b8
c542b4
c543b0
c544a8
c54500
c54628
c54730
c54834
c5493a
c54a3e
c54b41
c54c43
c54d45
c54e47
c54f48
c5504a
c5514c
c5524e
c55350
c55451
c55552
c55653
c55754
c55855
c55957
c55a58
c55b59
c55c5a
c55d5b
c55e5c
c55f5d
c5605e
c56160
c56261
c56362
c56463
c56564
c56665
c56766
c56867
c56969
c56a6a
c56b6b
c56c6c
c56d6d
c56e6e
c56f6f
c57070
c57171
c57272
c57373
c57474
c57575
c57676
c57777
c57878
c57979
c57a7a
c57b7b
c57c7c
c57d7d
c57e7e
c57f7f
c580c5
c581c5
c582c5
c583c5
c584c5
c585c5
c586c5
c587c5
c588c5
c589c5
c58ac5
c58bc5
c58cc5
c58dc5
c58ec5
c58fc5
c590c5
c591c5
c592c5
c593c5
c594c5
c595c5
c596c5
c597c5
c598c5
c599c5
c59ac5
c59bc5
c59cc5
c59dc5
c59ec5
c59fc5
c5a0c6
c5a1c6
c5a2c6
c5a3c6
c5a4c6
c5a5c6
c5a6c6
c5a7c6
c5a8c6
c5a9c6
c5aac6
c5abc6
c5acc6
c5adc7
c5aec7
c5afc7
c5b0c7
c5b1c7
c5b2c8
c5b3c8
c5b4c8
c5b5c8
c5b6c8
c5b7c8
c5b8c8
c5b9c9
c5bac9
c5bbc9
c5bcca
c5bdca
c5beca
c5bfca
c5c0ca
c5c1cb
c5c2cc
c5c3cc
c5c4cc
c5c5cd
c5c6ce
c5c7ce
c5c8ce
c5c9d0
c5cad0
c5cbd1
c5ccd1
c5cdd2
c5ced2
c5cfd3
c5d0d3
c5d1d4
c5d2d5
c5d3d6
c5d4d7
c5d5d8
c5d6d9
c5d7d9
c5d8da
c5d9db
c5dadc
c5dbdd
c5dcde
c5dddf
c5dee0
c5dfe0
c5e0e1
c5e1e2
c5e2e3
c5e3e4
c5e4e5
c5e5e6
c5e6e7
c5e7e8
c5e8e8
c5e9e9
c5eaea
c5ebeb
c5ecec
c5eded
c5eeee
c5efef
c5f0f0
c5f1f1
c5f2f2
c5f3f3
c5f4f4
c5f5f5
c5f6f6
c5f7f7
c5f8f8
c5f9f9
c5fafa
c5fbfb
c5fcfc
c5fdfd
c5fefe
c5ffff
c600c6
c601c6
c602c6
c603c6
c604c6
c605c6
c606c6
c607c6
c608c6
c609c6
c60ac6
c60bc6
c60cc6
c60dc6
c60ec6
c60fc6
c610c6
c611c6
c612c6
c613c6
c614c6
c615c6
c616c6
c617c6
c618c6
c619c6
c61ac6
c61bc6
c61cc6
c61dc6
c61ec6
c61fc6
c620c6
c621c5
c622c5
c623c5
c624c5
c625c5
c626c5
c627c5
c628c5
c629c5
c62ac5
c62bc5
c62cc4
c62dc4
c62ec4
c62fc4
c630c4
c631c4
c632c4
c633c3
c634c3
c635c3
c636c2
c637c2
c638c2
c639c2
c63ac1
c63bc0
c63cc0
c63dbf
c63ebe
c63fbd
c640bc
c641ba
c642b8
c643b4
c644b0
c645a8
c64600
c64728
c64830
c64938
c64a3c
c64b40
c64c42
c64d44
c64e46
c64f48
c65049
c6514b
c6524d
c6534f
c65450
c65552
c65652
c65754
c65854
c65956
c65a58
c65b59
c65c5a
c65d5b
c65e5c
c65f5d
c6605e
c66160
c66261
c66362
c66463
c66564
c66665
c66766
c66867
c66969
c66a6a
c66b6b
c66c6c
c66d6d
c66e6e
c66f6f
c67070
c67171
c67272
c67373
c67474
c67575
c67676
c67777
c67878
c67979
c67a7a
c67b7b
c67c7c
c67d7d
c67e7e
c67f7f
c680c6
c681c6
c682c6
c683c6
c684c6
c685c6
c686c6
c687c6
c688c6
c689c6
c68ac6
c68bc6
c68cc6
c68dc6
c68ec6
c68fc6
c690c6
c691c6
c692c6
c693c6
c694c6
c695c6
c696c6
c697c6
c698c6
c699c6
c69ac6
c69bc6
c69cc6
c69dc6
c69ec6
c69fc6
c6a0c6
c6a1c7
c6a2c7
c6a3c7
c6a4c7
c6a5c7
c6a6c7
c6a7c7
c6a8c7
c6a9c7
c6aac7
c6abc7
c6acc8
c6adc8
c6aec8
c6afc8
c6b0c8
c6b1c8
c6b2c8
c6b3c8
c6b4c8
c6b5c9
c6b6c9
c6b7c9
c6b8c9
c6b9c9
c6baca
c6bbca
c6bcca
c6bdca
c6beca
c6bfcb
c6c0cb
c6c1cc
c6c2cc
c6c3cc
c6c4cd
c6c5ce
c6c6ce
c6c7ce
c6c8cf
c6c9d0
c6cad0
c6cbd1
c6ccd2
c6cdd2
c6ced2
c6cfd3
c6d0d4
c6d1d4
c6d2d6
c6d3d6
c6d4d8
c6d5d8
c6d6d9
c6d7d9
c6d8da
c6d9db
c6dadc
c6dbdd
c6dcde
c6dddf
c6dee0
c6dfe0
c6e0e1
c6e1e2
c6e2e3
c6e3e4
c6e4e5
c6e5e6
c6e6e7
c6e7e8
c6e8e8
c6e9e9
c6eaea
c6ebeb
c6ecec
c6eded
c6eeee
c6efef
c6f0f0
c6f1f1
c6f2f2
c6f3f3
c6f4f4
c6f5f5
c6f6f6
c6f7f7
c6f8f8
c6f9f9
c6fafa
c6fbfb
c6fcfc
c6fdfd
c6fefe
c6ffff
c700c7
c701c7
c702c7
c703c7
c704c7
c705c7
c706c7
c707c7
c708c7
c709c7
c70ac7
c70bc7
c70cc7
c70dc7
c70ec7
c70fc7
c710c7
c711c7
c712c7
c713c7
c714c7
c715c7
c716c7
c717c7
c718c7
c719c7
c71ac7
c71bc7
c71cc7
c71dc7
c71ec7
c71fc7
c720c6
c721c6
c722c6
c723c6
c724c6
c725c6
c726c6
c727c6
c728c6
c729c6
c72ac6
c72bc6
c72cc6
c72dc5
c72ec5
c72fc5
c730c5
c731c5
c732c4
c733c4
c734c4
c735c4
c736c4
c737c3
c738c3
c739c2
c73ac2
c73bc2
c73cc1
c73dc0
c73ec0
c73fbf
c740be
c741bc
c742ba
c743b8
c744b4
c745b0
c746a8
c74700
c74828
c74934
c74a3a
c74b3e
c74c41
c74d43
c74e45
c74f47
c75048
c7514a
c7524c
c7534e
c75450
c75551
c75652
c75753
c75854
c75956
c75a58
c75b59
c75c5a
c75d5b
c75e5c
c75f5d
c7605e
c76160
c76261
c76362
c76463
c76564
c76665
c76766
c76867
c76969
c76a6a
c76b6b
c76c6c
c76d6d
c76e6e
c76f6f
c77070
c77171
c77272
c77373
c77474
c77575
c77676
c77777
c77878
c77979
c77a7a
c77b7b
c77c7c
c77d7d
c77e7e
c77f7f
c780c7
c781c7
c782c7
c783c7
c784c7
c785c7
c786c7
c787c7
c788c7
c789c7
c78ac7
c78bc7
c78cc7
c78dc7
c78ec7
c78fc7
c790c7
c791c7
c792c7
c793c7
c794c7
c795c7
c796c7
c797c7
c798c7
c799c7
c79ac7
c79bc7
c79cc7
c79dc7
c79ec7
c79fc7
c7a0c8
c7a1c8
c7a2c8
c7a3c8
c7a4c8
c7a5c8
c7a6c8
c7a7c8
c7a8c8
c7a9c8
c7aac8
c7abc8
c7acc8
c7adc8
c7aec8
c7afc8
c7b0c8
c7b1c9
c7b2c9
c7b3c9
c7b4c9
c7b5c9
c7b6c9
c7b7c9
c7b8ca
c7b9ca
c7baca
c7bbca
c7bcca
c7bdcb
c7becb
c7bfcb
c7c0cc
c7c1cc
c7c2cc
c7c3cd
c7c4ce
c7c5ce
c7c6ce
c7c7cf
c7c8d0
c7c9d0
c7cad1
c7cbd1
c7ccd2
c7cdd2
c7ced3
c7cfd3
c7d0d4
c7d1d5
c7d2d6
c7d3d7
c7d4d8
c7d5d8
c7d6d9
c7d7d9
c7d8da
c7d9db
c7dadc
c7dbdd
c7dcde
c7dddf
c7dee0
c7dfe0
c7e0e1
c7e1e2
c7e2e3
c7e3e4
c7e4e5
c7e5e6
c7e6e7
c7e7e8
c7e8e8
c7e9e9
c7eaea
c7ebeb
c7ecec
c7eded
c7eeee
c7efef
c7f0f0
c7f1f1
c7f2f2
c7f3f3
c7f4f4
c7f5f5
c7f6f6
c7f7f7
c7f8f8
c7f9f9
c7fafa
c7fbfb
c7fcfc
c7fdfd
c7fefe
c7ffff
c800c8
c801c8
c802c8
c803c8
c804c8
c805c8
c806c8
c807c8
c808c8
c809c8
c80ac8
c80bc8
c80cc8
c80dc8
c80ec8
c80fc8
c810c8
c811c8
c812c8
c813c8
c814c8
c815c8
c816c8
c817c8
c818c8
c819c8
c81ac8
c81bc8
c81cc8
c81dc8
c81ec8
c81fc8
c820c8
c821c7
c822c7
c823c7
c824c7
c825c7
c826c7
c827c7
c828c7
c829c7
c82ac7
c82bc7
c82cc6
c82dc6
c82ec6
c82fc6
c830c6
c831c6
c832c6
c833c5
c834c5
c835c5
c836c4
c837c4
c838c4
c839c4
c83ac3
c83bc2
c83cc2
c83dc2
c83ec1
c83fc0
c840c0
c841be
c842bc
c843ba
c844b8
c845b4
c846b0
c847a8
c84800
c84930
c84a38
c84b3c
c84c40
c84d42
c84e44
c84f46
c85048
c8514a
c8524c
c8534e
c85450
c85551
c85652
c85753
c85854
c85956
c85a58
c85b59
c85c5a
c85d5b
c85e5c
c85f5d
c8605e
c86160
c86261
c86362
c86463
c86564
c86665
c86766
c86867
c86968
c86a6a
c86b6a
c86c6c
c86d6c
c86e6e
c86f6e
c87070
c87171
c87272
c87373
c87474
c87575
c87676
c87777
c87878
c87979
c87a7a
c87b7b
c87c7c
c87d7d
c87e7e
c87f7f
c880c8
c881c8
c882c8
c883c8
c884c8
c885c8
c886c8
c887c8
c888c8
c889c8
c88ac8
c88bc8
c88cc8
c88dc8
c88ec8
c88fc8
c890c8
c891c8
c892c8
c893c8
c894c8
c895c8
c896c8
c897c8
c898c8
c899c8
c89ac8
c89bc8
c89cc8
c89dc8
c89ec8
c89fc8
c8a0c8
c8a1c8
c8a2c8
c8a3c8
c8a4c8
c8a5c8
c8a6c8
c8a7c8
c8a8c8
c8a9c9
c8aac9
c8abc9
c8acc9
c8adc9
c8aec9
c8afc9
c8b0c9
c8b1c9
c8b2c9
c8b3c9
c8b4ca
c8b5ca
c8b6ca
c8b7ca
c8b8ca
c8b9ca
c8baca
c8bbcb
c8bccb
c8bdcb
c8becc
c8bfcc
c8c0cc
c8c1cc
c8c2cd
c8c3ce
c8c4ce
c8c5ce
c8c6cf
c8c7d0
c8c8d0
c8c9d0
c8cad1
c8cbd2
c8ccd2
c8cdd2
c8ced3
c8cfd4
c8d0d4
c8d1d5
c8d2d6
c8d3d7
c8d4d8
c8d5d8
c8d6d9
c8d7da
c8d8da
c8d9db
c8dadc
c8dbdd
c8dcde
c8dddf
c8dee0
c8dfe0
c8e0e1
c8e1e2
c8e2e3
c8e3e4
c8e4e5
c8e5e6
c8e6e7
c8e7e8
c8e8e8
c8e9ea
c8eaea
c8ebec
c8ecec
c8edee
c8eeee
c8eff0
c8f0f0
c8f1f1
c8f2f2
c8f3f3
c8f4f4
c8f5f5
c8f6f6
c8f7f7
c8f8f8
c8f9f9
c8fafa
c8fbfb
c8fcfc
c8fdfd
c8fefe
c8ffff
c900c9
c901c9
c902c9
c903c9
c904c9
c905c9
c906c9
c907c9
c908c9
c909c9
c90ac9
c90bc9
c90cc9
c90dc9
c90ec9
c90fc9
c910c9
c911c9
c912c9
c913c9
c914c9
c915c9
c916c9
c917c9
c918c9
c919c9
c91ac9
c91bc9
c91cc9
c91dc9
c91ec9
c91fc9
c920c9
c921c9
c922c9
c923c9
c924c9
c925c9
c926c9
c927c9
c928c8
c929c8
c92ac8
c92bc8
c92cc8
c92dc8
c92ec8
c92fc8
c930c8
c931c8
c932c8
c933c7
c934c7
c935c7
c936c6
c937c6
c938c6
c939c6
c93ac5
c93bc4
c93cc4
c93dc4
c93ec3
c93fc2
c940c2
c941c1
c942c0
c943be
c944bc
c945ba
c946b8
c947b4
c948b0
c94900
c94a30
c94b38
c94c3c
c94d40
c94e42
c94f44
c95046
c95149
c9524b
c9534d
c9544f
c95550
c95652
c95752
c95854
c95956
c95a58
c95b59
c95c5a
c95d5b
c95e5c
c95f5d
c9605e
c96160
c96261
c96362
c96463
c96564
c96665
c96766
c96867
c96968
c96a69
c96b6a
c96c6b
c96d6c
c96e6d
c96f6e
c9706f
c97171
c97272
c97373
c97474
c97575
c97676
c97777
c97878
c97979
c97a7a
c97b7b
c97c7c
c97d7d
c97e7e
c97f7f
c980c9
c981c9
c982c9
c983c9
c984c9
c985c9
c986c9
c987c9
c988c9
c989c9
c98ac9
c98bc9
c98cc9
c98dc9
c98ec9
c98fc9
c990c9
c991c9
c992c9
c993c9
c994c9
c995c9
c996c9
c997c9
c998c9
c999c9
c99ac9
c99bc9
c99cc9
c99dc9
c99ec9
c99fc9
c9a0c9
c9a1c9
c9a2c9
c9a3c9
c9a4c9
c9a5c9
c9a6c9
c9a7c9
c9a8ca
c9a9ca
c9aaca
c9abca
c9acca
c9adca
c9aeca
c9afca
c9b0ca
c9b1ca
c9b2ca
c9b3ca
c9b4ca
c9b5cb
c9b6cb
c9b7cb
c9b8cb
c9b9cb
c9bacc
c9bbcc
c9bccc
c9bdcc
c9becc
c9bfcd
c9c0cd
c9c1ce
c9c2ce
c9c3ce
c9c4cf
c9c5d0
c9c6d0
c9c7d0
c9c8d0
c9c9d1
c9cad2
c9cbd2
c9ccd2
c9cdd3
c9ced4
c9cfd4
c9d0d4
c9d1d6
c9d2d6
c9d3d8
c9d4d8
c9d5d9
c9d6d9
c9d7da
c9d8da
c9d9db
c9dadc
c9dbdd
c9dcde
c9dddf
c9dee0
c9dfe1
c9e0e1
c9e1e2
c9e2e3
c9e3e4
c9e4e5
c9e5e6
c9e6e7
c9e7e8
c9e8e9
c9e9ea
c9eaeb
c9ebec
c9eced
c9edee
c9eeef
c9eff0
c9f0f0
c9f1f1
c9f2f2
c9f3f3
c9f4f4
c9f5f5
c9f6f6
c9f7f7
c9f8f8
c9f9f9
c9fafa
c9fbfb
c9fcfc
c9fdfd
c9fefe
c9ffff
ca00ca
ca01ca
ca02ca
ca03ca
ca04ca
ca05ca
ca06ca
ca07ca
ca08ca
ca09ca
ca0aca
ca0bca
ca0cca
ca0dca
ca0eca
ca0fca
ca10ca
ca11ca
ca12ca
ca13ca
ca14ca
ca15ca
ca16ca
ca17ca
ca18ca
ca19ca
ca1aca
ca1bca
ca1cca
ca1dca
ca1eca
ca1fca
ca20ca
ca21ca
ca22ca
ca23ca
ca24ca
ca25ca
ca26ca
ca27ca
ca28ca
ca29c9
ca2ac9
ca2bc9
ca2cc9
ca2dc9
ca2ec9
ca2fc9
ca30c9
ca31c9
ca32c9
ca33c9
ca34c8
ca35c8
ca36c8
ca37c8
ca38c8
ca39c8
ca3ac7
ca3bc6
ca3cc6
ca3dc6
ca3ec5
ca3fc4
ca40c4
ca41c3
ca42c2
ca43c1
ca44c0
ca45be
ca46bc
ca47ba
ca48b8
ca49b0
ca4a00
ca4b30
ca4c38
ca4d3c
ca4e40
ca4f42
ca5044
ca5148
ca524a
ca534c
ca544e
ca5550
ca5651
ca5752
ca5853
ca5955
ca5a57
ca5b58
ca5c5a
ca5d5a
ca5e5c
ca5f5c
ca605e
ca6160
ca6261
ca6362
ca6463
ca6564
ca6665
ca6766
ca6867
ca6968
ca6a69
ca6b6a
ca6c6b
ca6d6c
ca6e6d
ca6f6e
ca706f
ca7171
ca7272
ca7373
ca7474
ca7575
ca7676
ca7777
ca7878
ca7979
ca7a7a
ca7b7b
ca7c7c
ca7d7d
ca7e7e
ca7f7f
ca80ca
ca81ca
ca82ca
ca83ca
ca84ca
ca85ca
ca86ca
ca87ca
ca88ca
ca89ca
ca8aca
ca8bca
ca8cca
ca8dca
ca8eca
ca8fca
ca90ca
ca91ca
ca92ca
ca93ca
ca94ca
ca95ca
ca96ca
ca97ca
ca98ca
ca99ca
ca9aca
ca9bca
ca9cca
ca9dca
ca9eca
ca9fca
caa0ca
caa1ca
caa2ca
caa3ca
caa4ca
caa5ca
caa6ca
caa7ca
caa8ca
caa9cb
caaacb
caabcb
caaccb
caadcb
caaecb
caafcb
cab0cb
cab1cb
cab2cb
cab3cb
cab4cc
cab5cc
cab6cc
cab7cc
cab8cc
cab9cc
cabacc
cabbcd
cabccd
cabdcd
cabece
cabfce
cac0ce
cac1ce
cac2cf
cac3d0
cac4d0
cac5d0
cac6d0
cac7d1
cac8d1
cac9d2
cacad2
cacbd2
caccd3
cacdd4
caced4
cacfd4
cad0d5
cad1d6
cad2d7
cad3d8
cad4d8
cad5d9
cad6da
cad7da
cad8da
cad9dc
cadadc
cadbde
cadcde
cadde0
cadee0
cadfe1
cae0e1
cae1e2
cae2e3
cae3e4
cae4e5
cae5e6
cae6e7
cae7e8
cae8e9
cae9ea
caeaeb
caebec
caeced
caedee
caeeef
caeff0
caf0f0
caf1f1
caf2f2
caf3f3
caf4f4
caf5f5
caf6f6
caf7f7
caf8f8
caf9f9
cafafa
cafbfb
cafcfc
cafdfd
cafefe
caffff
cb00cb
cb01cb
cb02cb
cb03cb
cb04cb
cb05cb
cb06cb
cb07cb
cb08cb
cb09cb
cb0acb
cb0bcb
cb0ccb
cb0dcb
cb0ecb
cb0fcb
cb10cb
cb11cb
cb12cb
cb13cb
cb14cb
cb15cb
cb16cb
cb17cb
cb18cb
cb19cb
cb1acb
cb1bcb
cb1ccb
cb1dcb
cb1ecb
cb1fcb
cb20cb
cb21cb
cb22cb
cb23cb
cb24cb
cb25cb
cb26cb
cb27cb
cb28ca
cb29ca
cb2aca
cb2bca
cb2cca
cb2dca
cb2eca
cb2fca
cb30ca
cb31ca
cb32ca
cb33ca
cb34ca
cb35c9
cb36c9
cb37c9
cb38c9
cb39c9
cb3ac8
cb3bc8
cb3cc8
cb3dc8
cb3ec7
cb3fc6
cb40c6
cb41c5
cb42c4
cb43c3
cb44c2
cb45c1
cb46c0
cb47be
cb48bc
cb49b8
cb4ab0
cb4b00
cb4c30
cb4d38
cb4e3c
cb4f40
cb5042
cb5146
cb5249
cb534b
cb544d
cb554f
cb5650
cb5752
cb5852
cb5954
cb5a56
cb5b58
cb5c59
cb5d5a
cb5e5b
cb5f5c
cb605d
cb615f
cb6261
cb6362
cb6463
cb6564
cb6665
cb6766
cb6867
cb6968
cb6a69
cb6b6a
cb6c6b
cb6d6c
cb6e6d
cb6f6e
cb706f
cb7171
cb7272
cb7373
cb7474
cb7575
cb7676
cb7777
cb7878
cb7979
cb7a7a
cb7b7b
cb7c7c
cb7d7d
cb7e7e
cb7f7f
cb80cb
cb81cb
cb82cb
cb83cb
cb84cb
cb85cb
cb86cb
cb87cb
cb88cb
cb89cb
cb8acb
cb8bcb
cb8ccb
cb8dcb
cb8ecb
cb8fcb
cb90cb
cb91cb
cb92cb
cb93cb
cb94cb
cb95cb
cb96cb
cb97cb
cb98cb
cb99cb
cb9acb
cb9bcb
cb9ccb
cb9dcb
cb9ecb
cb9fcb
cba0cb
cba1cb
cba2cb
cba3cb
cba4cb
cba5cb
cba6cb
cba7cb
cba8cc
cba9cc
cbaacc
cbabcc
cbaccc
cbadcc
cbaecc
cbafcc
cbb0cc
cbb1cc
cbb2cc
cbb3cc
cbb4cc
cbb5cd
cbb6cd
cbb7cd
cbb8cd
cbb9cd
cbbace
cbbbce
cbbcce
cbbdce
cbbece
cbbfcf
cbc0cf
cbc1d0
cbc2d0
cbc3d0
cbc4d0
cbc5d1
cbc6d1
cbc7d1
cbc8d2
cbc9d2
cbcad2
cbcbd3
cbccd4
cbcdd4
cbced4
cbcfd5
cbd0d6
cbd1d6
cbd2d8
cbd3d8
cbd4d9
cbd5d9
cbd6da
cbd7da
cbd8db
cbd9dc
cbdadd
cbdbde
cbdcdf
cbdde0
cbdee0
cbdfe1
cbe0e1
cbe1e2
cbe2e3
cbe3e4
cbe4e5
cbe5e6
cbe6e7
cbe7e8
cbe8e9
cbe9ea
cbeaeb
cbebec
cbeced
cbedee
cbeeef
cbeff0
cbf0f0
cbf1f1
cbf2f2
cbf3f3
cbf4f4
cbf5f5
cbf6f6
cbf7f7
cbf8f8
cbf9f9
cbfafa
cbfbfb
cbfcfc
cbfdfd
cbfefe
cbffff
cc00cc
cc01cc
cc02cc
cc03cc
cc04cc
cc05cc
cc06cc
cc07cc
cc08cc
cc09cc
cc0acc
cc0bcc
cc0ccc
cc0dcc
cc0ecc
cc0fcc
cc10cc
cc11cc
cc12cc
cc13cc
cc14cc
cc15cc
cc16cc
cc17cc
cc18cc
cc19cc
cc1acc
cc1bcc
cc1ccc
cc1dcc
cc1ecc
cc1fcc
cc20cc
cc21cc
cc22cc
cc23cc
cc24cc
cc25cc
cc26cc
cc27cc
cc28cc
cc29cb
cc2acb
cc2bcb
cc2ccb
cc2dcb
cc2ecb
cc2fcb
cc30cb
cc31cb
cc32cb
cc33cb
cc34ca
cc35ca
cc36ca
cc37ca
cc38ca
cc39ca
cc3aca
cc3bc9
cc3cc9
cc3dc9
cc3ec8
cc3fc8
cc40c8
cc41c7
cc42c6
cc43c5
cc44c4
cc45c3
cc46c2
cc47c1
cc48c0
cc49bc
cc4ab8
cc4bb0
cc4c00
cc4d30
cc4e38
cc4f3c
cc5040
cc5144
cc5248
cc534a
cc544c
cc554e
cc5650
cc5751
cc5852
cc5954
cc5a56
cc5b58
cc5c59
cc5d5a
cc5e5b
cc5f5c
cc605d
cc615f
cc6260
cc6362
cc6462
cc6564
cc6664
cc6766
cc6866
cc6968
cc6a69
cc6b6a
cc6c6b
cc6d6c
cc6e6d
cc6f6e
cc706f
cc7171
cc7272
cc7373
cc7474
cc7575
cc7676
cc7777
cc7878
cc7979
cc7a7a
cc7b7b
cc7c7c
cc7d7d
cc7e7e
cc7f7f
cc80cc
cc81cc
cc82cc
cc83cc
cc84cc
cc85cc
cc86cc
cc87cc
cc88cc
cc89cc
cc8acc
cc8bcc
cc8ccc
cc8dcc
cc8ecc
cc8fcc
cc90cc
cc91cc
cc92cc
cc93cc
cc94cc
cc95cc
cc96cc
cc97cc
cc98cc
cc99cc
cc9acc
cc9bcc
cc9ccc
cc9dcc
cc9ecc
cc9fcc
cca0cc
cca1cc
cca2cc
cca3cc
cca4cc
cca5cc
cca6cc
cca7cc
cca8cc
cca9cd
ccaacd
ccabcd
ccaccd
ccadcd
ccaecd
ccafcd
ccb0cd
ccb1cd
ccb2cd
ccb3cd
ccb4ce
ccb5ce
ccb6ce
ccb7ce
ccb8ce
ccb9ce
ccbace
ccbbcf
ccbccf
ccbdcf
ccbed0
ccbfd0
ccc0d0
ccc1d0
ccc2d0
ccc3d1
ccc4d1
ccc5d1
ccc6d2
ccc7d2
ccc8d2
ccc9d2
cccad3
cccbd4
ccccd4
cccdd4
ccced5
cccfd6
ccd0d6
ccd1d7
ccd2d8
ccd3d8
ccd4d9
ccd5da
ccd6da
ccd7da
ccd8db
ccd9dc
ccdadd
ccdbde
ccdcdf
ccdde0
ccdee0
ccdfe1
cce0e2
cce1e2
cce2e4
cce3e4
cce4e6
cce5e6
cce6e8
cce7e8
cce8e9
cce9ea
cceaeb
ccebec
cceced
ccedee
cceeef
cceff0
ccf0f0
ccf1f1
ccf2f2
ccf3f3
ccf4f4
ccf5f5
ccf6f6
ccf7f7
ccf8f8
ccf9f9
ccfafa
ccfbfb
ccfcfc
ccfdfd
ccfefe
ccffff
cd00cd
cd01cd
cd02cd
cd03cd
cd04cd
cd05cd
cd06cd
cd07cd
cd08cd
cd09cd
cd0acd
cd0bcd
cd0ccd
cd0dcd
cd0ecd
cd0fcd
cd10cd
cd11cd
cd12cd
cd13cd
cd14cd
cd15cd
cd16cd
cd17cd
cd18cd
cd19cd
cd1acd
cd1bcd
cd1ccd
cd1dcd
cd1ecd
cd1fcd
cd20cd
cd21cd
cd22cd
cd23cd
cd24cd
cd25cd
cd26cd
cd27cd
cd28cc
cd29cc
cd2acc
cd2bcc
cd2ccc
cd2dcc
cd2ecc
cd2fcc
cd30cc
cd31cc
cd32cc
cd33cc
cd34cc
cd35cb
cd36cb
cd37cb
cd38cb
cd39cb
cd3aca
cd3bca
cd3cca
cd3dca
cd3eca
cd3fc9
cd40c9
cd41c8
cd42c8
cd43c7
cd44c6
cd45c5
cd46c4
cd47c3
cd48c2
cd49c0
cd4abc
cd4bb8
cd4cb0
cd4d00
cd4e30
cd4f38
cd503c
cd5142
cd5246
cd5349
cd544b
cd554d
cd564f
cd5750
cd5852
cd5954
cd5a56
cd5b58
cd5c59
cd5d5a
cd5e5b
cd5f5c
cd605d
cd615f
cd6260
cd6361
cd6462
cd6563
cd6664
cd6765
cd6866
cd6968
cd6a69
cd6b6a
cd6c6b
cd6d6c
cd6e6d
cd6f6e
cd706f
cd7171
cd7272
cd7373
cd7474
cd7575
cd7676
cd7777
cd7878
cd7979
cd7a7a
cd7b7b
cd7c7c
cd7d7d
cd7e7e
cd7f7f
cd80cd
cd81cd
cd82cd
cd83cd
cd84cd
cd85cd
cd86cd
cd87cd
cd88cd
cd89cd
cd8acd
cd8bcd
cd8ccd
cd8dcd
cd8ecd
cd8fcd
cd90cd
cd91cd
cd92cd
cd93cd
cd94cd
cd95cd
cd96cd
cd97cd
cd98cd
cd99cd
cd9acd
cd9bcd
cd9ccd
cd9dcd
cd9ecd
cd9fcd
cda0cd
cda1cd
cda2cd
cda3cd
cda4cd
cda5cd
cda6cd
cda7cd
cda8ce
cda9ce
cdaace
cdabce
cdacce
cdadce
cdaece
cdafce
cdb0ce
cdb1ce
cdb2ce
cdb3ce
cdb4ce
cdb5cf
cdb6cf
cdb7cf
cdb8cf
cdb9cf
cdbad0
cdbbd0
cdbcd0
cdbdd0
cdbed0
cdbfd0
cdc0d0
cdc1d1
cdc2d1
cdc3d1
cdc4d2
cdc5d2
cdc6d2
cdc7d2
cdc8d2
cdc9d3
cdcad4
cdcbd4
cdccd4
cdcdd5
cdced6
cdcfd6
cdd0d6
cdd1d8
cdd2d8
cdd3d9
cdd4d9
cdd5da
cdd6da
cdd7db
cdd8db
cdd9dc
cddadd
cddbde
cddcdf
cddde0
cddee1
cddfe1
cde0e2
cde1e3
cde2e4
cde3e5
cde4e6
cde5e7
cde6e8
cde7e8
cde8e9
cde9ea
cdeaeb
cdebec
cdeced
cdedee
cdeeef
cdeff0
cdf0f0
cdf1f1
cdf2f2
cdf3f3
cdf4f4
cdf5f5
cdf6f6
cdf7f7
cdf8f8
cdf9f9
cdfafa
cdfbfb
cdfcfc
cdfdfd
cdfefe
cdffff
ce00ce
ce01ce
ce02ce
ce03ce
ce04ce
ce05ce
ce06ce
ce07ce
ce08ce
ce09ce
ce0ace
ce0bce
ce0cce
ce0dce
ce0ece
ce0fce
ce10ce
ce11ce
ce12ce
ce13ce
ce14ce
ce15ce
ce16ce
ce17ce
ce18ce
ce19ce
ce1ace
ce1bce
ce1cce
ce1dce
ce1ece
ce1fce
ce20ce
ce21ce
ce22ce
ce23ce
ce24ce
ce25ce
ce26ce
ce27ce
ce28ce
ce29cd
ce2acd
ce2bcd
ce2ccd
ce2dcd
ce2ecd
ce2fcd
ce30cd
ce31cd
ce32cd
ce33cd
ce34cc
ce35cc
ce36cc
ce37cc
ce38cc
ce39cc
ce3acc
ce3bcb
ce3ccb
ce3dcb
ce3eca
ce3fca
ce40ca
ce41ca
ce42c9
ce43c8
ce44c8
ce45c7
ce46c6
ce47c5
ce48c4
ce49c2
ce4ac0
ce4bbc
ce4cb8
ce4db0
ce4e00
ce4f30
ce5038
ce5140
ce5244
ce5348
ce544a
ce554c
ce564e
ce5750
ce5851
ce5953
ce5a55
ce5b57
ce5c58
ce5d5a
ce5e5a
ce5f5c
ce605c
ce615e
ce6260
ce6361
ce6462
ce6563
ce6664
ce6765
ce6866
ce6968
ce6a69
ce6b6a
ce6c6b
ce6d6c
ce6e6d
ce6f6e
ce706f
ce7171
ce7272
ce7373
ce7474
ce7575
ce7676
ce7777
ce7878
ce7979
ce7a7a
ce7b7b
ce7c7c
ce7d7d
ce7e7e
ce7f7f
ce80ce
ce81ce
ce82ce
ce83ce
ce84ce
ce85ce
ce86ce
ce87ce
ce88ce
ce89ce
ce8ace
ce8bce
ce8cce
ce8dce
ce8ece
ce8fce
ce90ce
ce91ce
ce92ce
ce93ce
ce94ce
ce95ce
ce96ce
ce97ce
ce98ce
ce99ce
ce9ace
ce9bce
ce9cce
ce9dce
ce9ece
ce9fce
cea0ce
cea1ce
cea2ce
cea3ce
cea4ce
cea5ce
cea6ce
cea7ce
cea8ce
cea9cf
ceaacf
ceabcf
ceaccf
ceadcf
ceaecf
ceafcf
ceb0cf
ceb1cf
ceb2cf
ceb3cf
ceb4d0
ceb5d0
ceb6d0
ceb7d0
ceb8d0
ceb9d0
cebad0
cebbd0
cebcd0
cebdd1
cebed1
cebfd1
cec0d1
cec1d1
cec2d2
cec3d2
cec4d2
cec5d2
cec6d2
cec7d3
cec8d3
cec9d4
cecad4
cecbd4
ceccd5
cecdd6
ceced6
cecfd6
ced0d7
ced1d8
ced2d8
ced3d9
ced4da
ced5da
ced6da
ced7db
ced8dc
ced9dc
cedade
cedbde
cedce0
cedde0
cedee1
cedfe1
cee0e2
cee1e3
cee2e4
cee3e5
cee4e6
cee5e7
cee6e8
cee7e8
cee8e9
cee9ea
ceeaeb
ceebec
ceeced
ceedee
ceeeef
ceeff0
cef0f0
cef1f1
cef2f2
cef3f3
cef4f4
cef5f5
cef6f6
cef7f7
cef8f8
cef9f9
cefafa
cefbfb
cefcfc
cefdfd
cefefe
ceffff
cf00cf
cf01cf
cf02cf
cf03cf
cf04cf
cf05cf
cf06cf
cf07cf
cf08cf
cf09cf
cf0acf
cf0bcf
cf0ccf
cf0dcf
cf0ecf
cf0fcf
cf10cf
cf11cf
cf12cf
cf13cf
cf14cf
cf15cf
cf16cf
cf17cf
cf18cf
cf19cf
cf1acf
cf1bcf
cf1ccf
cf1dcf
cf1ecf
cf1fcf
cf20cf
cf21cf
cf22cf
cf23cf
cf24cf
cf25cf
cf26cf
cf27cf
cf28ce
cf29ce
cf2ace
cf2bce
cf2cce
cf2dce
cf2ece
cf2fce
cf30ce
cf31ce
cf32ce
cf33ce
cf34ce
cf35cd
cf36cd
cf37cd
cf38cd
cf39cd
cf3acc
cf3bcc
cf3ccc
cf3dcc
cf3ecc
cf3fcb
cf40cb
cf41ca
cf42ca
cf43ca
cf44c9
cf45c8
cf46c8
cf47c7
cf48c6
cf49c4
cf4ac2
cf4bc0
cf4cbc
cf4db8
cf4eb0
cf4f00
cf5030
cf513c
cf5242
cf5346
cf5449
cf554b
cf564d
cf574f
cf5850
cf5952
cf5a54
cf5b56
cf5c58
cf5d59
cf5e5a
cf5f5b
cf605c
cf615e
cf6260
cf6361
cf6462
cf6563
cf6664
cf6765
cf6866
cf6968
cf6a69
cf6b6a
cf6c6b
cf6d6c
cf6e6d
cf6f6e
cf706f
cf7171
cf7272
cf7373
cf7474
cf7575
cf7676
cf7777
cf7878
cf7979
cf7a7a
cf7b7b
cf7c7c
cf7d7d
cf7e7e
cf7f7f
cf80cf
cf81cf
cf82cf
cf83cf
cf84cf
cf85cf
cf86cf
cf87cf
cf88cf
cf89cf
cf8acf
cf8bcf
cf8ccf
cf8dcf
cf8ecf
cf8fcf
cf90cf
cf91cf
cf92cf
cf93cf
cf94cf
cf95cf
cf96cf
cf97cf
cf98cf
cf99cf
cf9acf
cf9bcf
cf9ccf
cf9dcf
cf9ecf
cf9fcf
cfa0cf
cfa1cf
cfa2cf
cfa3cf
cfa4cf
cfa5cf
cfa6cf
cfa7cf
cfa8d0
cfa9d0
cfaad0
cfabd0
cfacd0
cfadd0
cfaed0
cfafd0
cfb0d0
cfb1d0
cfb2d0
cfb3d0
cfb4d0
cfb5d0
cfb6d0
cfb7d0
cfb8d0
cfb9d1
cfbad1
cfbbd1
cfbcd1
cfbdd1
cfbed1
cfbfd1
cfc0d2
cfc1d2
cfc2d2
cfc3d2
cfc4d2
cfc5d3
cfc6d3
cfc7d3
cfc8d4
cfc9d4
cfcad4
cfcbd5
cfccd6
cfcdd6
cfced6
cfcfd7
cfd0d8
cfd1d8
cfd2d9
cfd3d9
cfd4da
cfd5da
cfd6db
cfd7db
cfd8dc
cfd9dd
cfdade
cfdbdf
cfdce0
cfdde0
cfdee1
cfdfe1
cfe0e2
cfe1e3
cfe2e4
cfe3e5
cfe4e6
cfe5e7
cfe6e8
cfe7e8
cfe8e9
cfe9ea
cfeaeb
cfebec
cfeced
cfedee
cfeeef
cfeff0
cff0f0
cff1f1
cff2f2
cff3f3
cff4f4
cff5f5
cff6f6
cff7f7
cff8f8
cff9f9
cffafa
cffbfb
cffcfc
cffdfd
cffefe
cfffff
d000d0
d001d0
d002d0
d003d0
d004d0
d005d0
d006d0
d007d0
d008d0
d009d0
d00ad0
d00bd0
d00cd0
d00dd0
d00ed0
d00fd0
d010d0
d011d0
d012d0
d013d0
d014d0
d015d0
d016d0
d017d0
d018d0
d019d0
d01ad0
d01bd0
d01cd0
d01dd0
d01ed0
d01fd0
d020d0
d021d0
d022d0
d023d0
d024d0
d025d0
d026d0
d027d0
d028d0
d029cf
d02acf
d02bcf
d02ccf
d02dcf
d02ecf
d02fcf
d030cf
d031cf
d032cf
d033cf
d034ce
d035ce
d036ce
d037ce
d038ce
d039ce
d03ace
d03bcd
d03ccd
d03dcd
d03ecc
d03fcc
d040cc
d041cc
d042cb
d043ca
d044ca
d045ca
d046c9
d047c8
d048c8
d049c6
d04ac4
d04bc2
d04cc0
d04dbc
d04eb8
d04fb0
d05000
d05138
d05240
d05344
d05448
d0554a
d0564c
d0574e
d05850
d05952
d05a54
d05b56
d05c58
d05d59
d05e5a
d05f5b
d0605c
d0615e
d06260
d06361
d06462
d06563
d06664
d06765
d06866
d06968
d06a69
d06b6a
d06c6b
d06d6c
d06e6d
d06f6e
d0706f
d07170
d07272
d07372
d07474
d07574
d07676
d07776
d07878
d07979
d07a7a
d07b7b
d07c7c
d07d7d
d07e7e
d07f7f
d080d0
d081d0
d082d0
d083d0
d084d0
d085d0
d086d0
d087d0
d088d0
d089d0
d08ad0
d08bd0
d08cd0
d08dd0
d08ed0
d08fd0
d090d0
d091d0
d092d0
d093d0
d094d0
d095d0
d096d0
d097d0
d098d0
d099d0
d09ad0
d09bd0
d09cd0
d09dd0
d09ed0
d09fd0
d0a0d0
d0a1d0
d0a2d0
d0a3d0
d0a4d0
d0a5d0
d0a6d0
d0a7d0
d0a8d0
d0a9d0
d0aad0
d0abd0
d0acd0
d0add0
d0aed0
d0afd0
d0b0d0
d0b1d1
d0b2d1
d0b3d1
d0b4d1
d0b5d1
d0b6d1
d0b7d1
d0b8d1
d0b9d1
d0bad1
d0bbd1
d0bcd2
d0bdd2
d0bed2
d0bfd2
d0c0d2
d0c1d2
d0c2d2
d0c3d3
d0c4d3
d0c5d3
d0c6d4
d0c7d4
d0c8d4
d0c9d4
d0cad5
d0cbd6
d0ccd6
d0cdd6
d0ced7
d0cfd8
d0d0d8
d0d1d8
d0d2d9
d0d3da
d0d4da
d0d5da
d0d6db
d0d7dc
d0d8dc
d0d9dd
d0dade
d0dbdf
d0dce0
d0dde0
d0dee1
d0dfe2
d0e0e2
d0e1e3
d0e2e4
d0e3e5
d0e4e6
d0e5e7
d0e6e8
d0e7e8
d0e8e9
d0e9ea
d0eaeb
d0ebec
d0eced
d0edee
d0eeef
d0eff0
d0f0f0
d0f1f2
d0f2f2
d0f3f4
d0f4f4
d0f5f6
d0f6f6
d0f7f8
d0f8f8
d0f9f9
d0fafa
d0fbfb
d0fcfc
d0fdfd
d0fefe
d0ffff
d100d1
d101d1
d102d1
d103d1
d104d1
d105d1
d106d1
d107d1
d108d1
d109d1
d10ad1
d10bd1
d10cd1
d10dd1
d10ed1
d10fd1
d110d1
d111d1
d112d1
d113d1
d114d1
d115d1
d116d1
d117d1
d118d1
d119d1
d11ad1
d11bd1
d11cd1
d11dd1
d11ed1
d11fd1
d120d1
d121d1
d122d1
d123d1
d124d1
d125d1
d126d1
d127d1
d128d1
d129d1
d12ad1
d12bd1
d12cd1
d12dd1
d12ed1
d12fd1
d130d0
d131d0
d132d0
d133d0
d134d0
d135d0
d136d0
d137d0
d138d0
d139d0
d13ad0
d13bcf
d13ccf
d13dcf
d13ece
d13fce
d140ce
d141ce
d142cd
d143cc
d144cc
d145cc
d146cb
d147ca
d148ca
d149c9
d14ac8
d14bc6
d14cc4
d14dc2
d14ec0
d14fbc
d150b8
d15100
d15238
d15340
d15444
d15548
d1564a
d1574c
d1584e
d15951
d15a53
d15b55
d15c57
d15d58
d15e5a
d15f5a
d1605c
d1615e
d16260
d16361
d16462
d16563
d16664
d16765
d16866
d16968
d16a69
d16b6a
d16c6b
d16d6c
d16e6d
d16f6e
d1706f
d17170
d17271
d17372
d17473
d17574
d17675
d17776
d17877
d17979
d17a7a
d17b7b
d17c7c
d17d7d
d17e7e
d17f7f
d180d1
d181d1
d182d1
d183d1
d184d1
d185d1
d186d1
d187d1
d188d1
d189d1
d18ad1
d18bd1
d18cd1
d18dd1
d18ed1
d18fd1
d190d1
d191d1
d192d1
d193d1
d194d1
d195d1
d196d1
d197d1
d198d1
d199d1
d19ad1
d19bd1
d19cd1
d19dd1
d19ed1
d19fd1
d1a0d1
d1a1d1
d1a2d1
d1a3d1
d1a4d1
d1a5d1
d1a6d1
d1a7d1
d1a8d1
d1a9d1
d1aad1
d1abd1
d1acd1
d1add1
d1aed1
d1afd1
d1b0d2
d1b1d2
d1b2d2
d1b3d2
d1b4d2
d1b5d2
d1b6d2
d1b7d2
d1b8d2
d1b9d2
d1bad2
d1bbd2
d1bcd2
d1bdd3
d1bed3
d1bfd3
d1c0d3
d1c1d3
d1c2d4
d1c3d4
d1c4d4
d1c5d4
d1c6d4
d1c7d5
d1c8d5
d1c9d6
d1cad6
d1cbd6
d1ccd7
d1cdd8
d1ced8
d1cfd8
d1d0d8
d1d1d9
d1d2da
d1d3da
d1d4da
d1d5db
d1d6dc
d1d7dc
d1d8dc
d1d9de
d1dade
d1dbe0
d1dce0
d1dde1
d1dee1
d1dfe2
d1e0e2
d1e1e3
d1e2e4
d1e3e5
d1e4e6
d1e5e7
d1e6e8
d1e7e9
d1e8e9
d1e9ea
d1eaeb
d1ebec
d1eced
d1edee
d1eeef
d1eff0
d1f0f1
d1f1f2
d1f2f3
d1f3f4
d1f4f5
d1f5f6
d1f6f7
d1f7f8
d1f8f8
d1f9f9
d1fafa
d1fbfb
d1fcfc
d1fdfd
d1fefe
d1ffff
d200d2
d201d2
d202d2
d203d2
d204d2
d205d2
d206d2
d207d2
d208d2
d209d2
d20ad2
d20bd2
d20cd2
d20dd2
d20ed2
d20fd2
d210d2
d211d2
d212d2
d213d2
d214d2
d215d2
d216d2
d217d2
d218d2
d219d2
d21ad2
d21bd2
d21cd2
d21dd2
d21ed2
d21fd2
d220d2
d221d2
d222d2
d223d2
d224d2
d225d2
d226d2
d227d2
d228d2
d229d2
d22ad2
d22bd2
d22cd2
d22dd2
d22ed2
d22fd2
d230d2
d231d1
d232d1
d233d1
d234d1
d235d1
d236d1
d237d1
d238d1
d239d1
d23ad1
d23bd1
d23cd0
d23dd0
d23ed0
d23fd0
d240d0
d241d0
d242cf
d243ce
d244ce
d245ce
d246cd
d247cc
d248cc
d249cb
d24aca
d24bc9
d24cc8
d24dc6
d24ec4
d24fc2
d250c0
d251b8
d25200
d25338
d25440
d25544
d25648
d2574a
d2584c
d25950
d25a52
d25b54
d25c56
d25d58
d25e59
d25f5a
d2605b
d2615d
d2625f
d26360
d26462
d26562
d26664
d26764
d26866
d26968
d26a69
d26b6a
d26c6b
d26d6c
d26e6d
d26f6e
d2706f
d27170
d27271
d27372
d27473
d27574
d27675
d27776
d27877
d27979
d27a7a
d27b7b
d27c7c
d27d7d
d27e7e
d27f7f
d280d2
d281d2
d282d2
d283d2
d284d2
d285d2
d286d2
d287d2
d288d2
d289d2
d28ad2
d28bd2
d28cd2
d28dd2
d28ed2
d28fd2
d290d2
d291d2
d292d2
d293d2
d294d2
d295d2
d296d2
d297d2
d298d2
d299d2
d29ad2
d29bd2
d29cd2
d29dd2
d29ed2
d29fd2
d2a0d2
d2a1d2
d2a2d2
d2a3d2
d2a4d2
d2a5d2
d2a6d2
d2a7d2
d2a8d2
d2a9d2
d2aad2
d2abd2
d2acd2
d2add2
d2aed2
d2afd2
d2b0d2
d2b1d3
d2b2d3
d2b3d3
d2b4d3
d2b5d3
d2b6d3
d2b7d3
d2b8d3
d2b9d3
d2bad3
d2bbd3
d2bcd4
d2bdd4
d2bed4
d2bfd4
d2c0d4
d2c1d4
d2c2d4
d2c3d5
d2c4d5
d2c5d5
d2c6d6
d2c7d6
d2c8d6
d2c9d6
d2cad7
d2cbd8
d2ccd8
d2cdd8
d2ced8
d2cfd9
d2d0d9
d2d1da
d2d2da
d2d3da
d2d4db
d2d5dc
d2d6dc
d2d7dc
d2d8dd
d2d9de
d2dadf
d2dbe0
d2dce0
d2dde1
d2dee2
d2dfe2
d2e0e2
d2e1e4
d2e2e4
d2e3e6
d2e4e6
d2e5e8
d2e6e8
d2e7e9
d2e8e9
d2e9ea
d2eaeb
d2ebec
d2eced
d2edee
d2eeef
d2eff0
d2f0f1
d2f1f2
d2f2f3
d2f3f4
d2f4f5
d2f5f6
d2f6f7
d2f7f8
d2f8f8
d2f9f9
d2fafa
d2fbfb
d2fcfc
d2fdfd
d2fefe
d2ffff
d300d3
d301d3
d302d3
d303d3
d304d3
d305d3
d306d3
d307d3
d308d3
d309d3
d30ad3
d30bd3
d30cd3
d30dd3
d30ed3
d30fd3
d310d3
d311d3
d312d3
d313d3
d314d3
d315d3
d316d3
d317d3
d318d3
d319d3
d31ad3
d31bd3
d31cd3
d31dd3
d31ed3
d31fd3
d320d3
d321d3
d322d3
d323d3
d324d3
d325d3
d326d3
d327d3
d328d3
d329d3
d32ad3
d32bd3
d32cd3
d32dd3
d32ed3
d32fd3
d330d2
d331d2
d332d2
d333d2
d334d2
d335d2
d336d2
d337d2
d338d2
d339d2
d33ad2
d33bd2
d33cd2
d33dd1
d33ed1
d33fd1
d340d1
d341d1
d342d0
d343d0
d344d0
d345d0
d346cf
d347ce
d348ce
d349cd
d34acc
d34bcb
d34cca
d34dc9
d34ec8
d34fc6
d350c4
d351c0
d352b8
d35300
d35438
d35540
d35644
d35748
d3584a
d3594e
d35a51
d35b53
d35c55
d35d57
d35e58
d35f5a
d3605a
d3615c
d3625e
d36360
d36461
d36562
d36663
d36764
d36865
d36967
d36a69
d36b6a
d36c6b
d36d6c
d36e6d
d36f6e
d3706f
d37170
d37271
d37372
d37473
d37574
d37675
d37776
d37877
d37979
d37a7a
d37b7b
d37c7c
d37d7d
d37e7e
d37f7f
d380d3
d381d3
d382d3
d383d3
d384d3
d385d3
d386d3
d387d3
d388d3
d389d3
d38ad3
d38bd3
d38cd3
d38dd3
d38ed3
d38fd3
d390d3
d391d3
d392d3
d393d3
d394d3
d395d3
d396d3
d397d3
d398d3
d399d3
d39ad3
d39bd3
d39cd3
d39dd3
d39ed3
d39fd3
d3a0d3
d3a1d3
d3a2d3
d3a3d3
d3a4d3
d3a5d3
d3a6d3
d3a7d3
d3a8d3
d3a9d3
d3aad3
d3abd3
d3acd3
d3add3
d3aed3
d3afd3
d3b0d4
d3b1d4
d3b2d4
d3b3d4
d3b4d4
d3b5d4
d3b6d4
d3b7d4
d3b8d4
d3b9d4
d3bad4
d3bbd4
d3bcd4
d3bdd5
d3bed5
d3bfd5
d3c0d5
d3c1d5
d3c2d6
d3c3d6
d3c4d6
d3c5d6
d3c6d6
d3c7d7
d3c8d7
d3c9d8
d3cad8
d3cbd8
d3ccd8
d3cdd9
d3ced9
d3cfd9
d3d0da
d3d1da
d3d2da
d3d3db
d3d4dc
d3d5dc
d3d6dc
d3d7dd
d3d8de
d3d9de
d3dae0
d3dbe0
d3dce1
d3dde1
d3dee2
d3dfe2
d3e0e3
d3e1e4
d3e2e5
d3e3e6
d3e4e7
d3e5e8
d3e6e8
d3e7e9
d3e8e9
d3e9ea
d3eaeb
d3ebec
d3eced
d3edee
d3eeef
d3eff0
d3f0f1
d3f1f2
d3f2f3
d3f3f4
d3f4f5
d3f5f6
d3f6f7
d3f7f8
d3f8f8
d3f9f9
d3fafa
d3fbfb
d3fcfc
d3fdfd
d3fefe
d3ffff
d400d4
d401d4
d402d4
d403d4
d404d4
d405d4
d406d4
d407d4
d408d4
d409d4
d40ad4
d40bd4
d40cd4
d40dd4
d40ed4
d40fd4
d410d4
d411d4
d412d4
d413d4
d414d4
d415d4
d416d4
d417d4
d418d4
d419d4
d41ad4
d41bd4
d41cd4
d41dd4
d41ed4
d41fd4
d420d4
d421d4
d422d4
d423d4
d424d4
d425d4
d426d4
d427d4
d428d4
d429d4
d42ad4
d42bd4
d42cd4
d42dd4
d42ed4
d42fd4
d430d4
d431d3
d432d3
d433d3
d434d3
d435d3
d436d3
d437d3
d438d3
d439d3
d43ad3
d43bd3
d43cd2
d43dd2
d43ed2
d43fd2
d440d2
d441d2
d442d2
d443d1
d444d1
d445d1
d446d0
d447d0
d448d0
d449cf
d44ace
d44bcd
d44ccc
d44dcb
d44eca
d44fc9
d450c8
d451c4
d452c0
d453b8
d45400
d45538
d45640
d45744
d45848
d4594c
d45a50
d45b52
d45c54
d45d56
d45e58
d45f59
d4605a
d4615c
d4625e
d46360
d46461
d46562
d46663
d46764
d46865
d46967
d46a68
d46b6a
d46c6a
d46d6c
d46e6c
d46f6e
d4706e
d47170
d47271
d47372
d47473
d47574
d47675
d47776
d47877
d47979
d47a7a
d47b7b
d47c7c
d47d7d
d47e7e
d47f7f
d480d4
d481d4
d482d4
d483d4
d484d4
d485d4
d486d4
d487d4
d488d4
d489d4
d48ad4
d48bd4
d48cd4
d48dd4
d48ed4
d48fd4
d490d4
d491d4
d492d4
d493d4
d494d4
d495d4
d496d4
d497d4
d498d4
d499d4
d49ad4
d49bd4
d49cd4
d49dd4
d49ed4
d49fd4
d4a0d4
d4a1d4
d4a2d4
d4a3d4
d4a4d4
d4a5d4
d4a6d4
d4a7d4
d4a8d4
d4a9d4
d4aad4
d4abd4
d4acd4
d4add4
d4aed4
d4afd4
d4b0d4
d4b1d5
d4b2d5
d4b3d5
d4b4d5
d4b5d5
d4b6d5
d4b7d5
d4b8d5
d4b9d5
d4bad5
d4bbd5
d4bcd6
d4bdd6
d4bed6
d4bfd6
d4c0d6
d4c1d6
d4c2d6
d4c3d7
d4c4d7
d4c5d7
d4c6d8
d4c7d8
d4c8d8
d4c9d8
d4cad8
d4cbd9
d4ccd9
d4cdd9
d4ceda
d4cfda
d4d0da
d4d1da
d4d2db
d4d3dc
d4d4dc
d4d5dc
d4d6dd
d4d7de
d4d8de
d4d9df
d4dae0
d4dbe0
d4dce1
d4dde2
d4dee2
d4dfe2
d4e0e3
d4e1e4
d4e2e5
d4e3e6
d4e4e7
d4e5e8
d4e6e8
d4e7e9
d4e8ea
d4e9ea
d4eaec
d4ebec
d4ecee
d4edee
d4eef0
d4eff0
d4f0f1
d4f1f2
d4f2f3
d4f3f4
d4f4f5
d4f5f6
d4f6f7
d4f7f8
d4f8f8
d4f9f9
d4fafa
d4fbfb
d4fcfc
d4fdfd
d4fefe
d4ffff
d500d5
d501d5
d502d5
d503d5
d504d5
d505d5
d506d5
d507d5
d508d5
d509d5
d50ad5
d50bd5
d50cd5
d50dd5
d50ed5
d50fd5
d510d5
d511d5
d512d5
d513d5
d514d5
d515d5
d516d5
d517d5
d518d5
d519d5
d51ad5
d51bd5
d51cd5
d51dd5
d51ed5
d51fd5
d520d5
d521d5
d522d5
d523d5
d524d5
d525d5
d526d5
d527d5
d528d5
d529d5
d52ad5
d52bd5
d52cd5
d52dd5
d52ed5
d52fd5
d530d4
d531d4
d532d4
d533d4
d534d4
d535d4
d536d4
d537d4
d538d4
d539d4
d53ad4
d53bd4
d53cd4
d53dd3
d53ed3
d53fd3
d540d3
d541d3
d542d2
d543d2
d544d2
d545d2
d546d2
d547d1
d548d1
d549d0
d54ad0
d54bcf
d54cce
d54dcd
d54ecc
d54fcb
d550ca
d551c8
d552c4
d553c0
d554b8
d55500
d55638
d55740
d55844
d5594a
d55a4e
d55b51
d55c53
d55d55
d55e57
d55f58
d5605a
d5615c
d5625e
d56360
d56461
d56562
d56663
d56764
d56865
d56967
d56a68
d56b69
d56c6a
d56d6b
d56e6c
d56f6d
d5706e
d57170
d57271
d57372
d57473
d57574
d57675
d57776
d57877
d57979
d57a7a
d57b7b
d57c7c
d57d7d
d57e7e
d57f7f
d580d5
d581d5
d582d5
d583d5
d584d5
d585d5
d586d5
d587d5
d588d5
d589d5
d58ad5
d58bd5
d58cd5
d58dd5
d58ed5
d58fd5
d590d5
d591d5
d592d5
d593d5
d594d5
d595d5
d596d5
d597d5
d598d5
d599d5
d59ad5
d59bd5
d59cd5
d59dd5
d59ed5
d59fd5
d5a0d5
d5a1d5
d5a2d5
d5a3d5
d5a4d5
d5a5d5
d5a6d5
d5a7d5
d5a8d5
d5a9d5
d5aad5
d5abd5
d5acd5
d5add5
d5aed5
d5afd5
d5b0d6
d5b1d6
d5b2d6
d5b3d6
d5b4d6
d5b5d6
d5b6d6
d5b7d6
d5b8d6
d5b9d6
d5bad6
d5bbd6
d5bcd6
d5bdd7
d5bed7
d5bfd7
d5c0d7
d5c1d7
d5c2d8
d5c3d8
d5c4d8
d5c5d8
d5c6d8
d5c7d8
d5c8d8
d5c9d9
d5cad9
d5cbd9
d5ccda
d5cdda
d5ceda
d5cfda
d5d0da
d5d1db
d5d2dc
d5d3dc
d5d4dc
d5d5dd
d5d6de
d5d7de
d5d8de
d5d9e0
d5dae0
d5dbe1
d5dce1
d5dde2
d5dee2
d5dfe3
d5e0e3
d5e1e4
d5e2e5
d5e3e6
d5e4e7
d5e5e8
d5e6e9
d5e7e9
d5e8ea
d5e9eb
d5eaec
d5ebed
d5ecee
d5edef
d5eef0
d5eff0
d5f0f1
d5f1f2
d5f2f3
d5f3f4
d5f4f5
d5f5f6
d5f6f7
d5f7f8
d5f8f8
d5f9f9
d5fafa
d5fbfb
d5fcfc
d5fdfd
d5fefe
d5ffff
d600d6
d601d6
d602d6
d603d6
d604d6
d605d6
d606d6
d607d6
d608d6
d609d6
d60ad6
d60bd6
d60cd6
d60dd6
d60ed6
d60fd6
d610d6
d611d6
d612d6
d613d6
d614d6
d615d6
d616d6
d617d6
d618d6
d619d6
d61ad6
d61bd6
d61cd6
d61dd6
d61ed6
d61fd6
d620d6
d621d6
d622d6
d623d6
d624d6
d625d6
d626d6
d627d6
d628d6
d629d6
d62ad6
d62bd6
d62cd6
d62dd6
d62ed6
d62fd6
d630d6
d631d5
d632d5
d633d5
d634d5
d635d5
d636d5
d637d5
d638d5
d639d5
d63ad5
d63bd5
d63cd4
d63dd4
d63ed4
d63fd4
d640d4
d641d4
d642d4
d643d3
d644d3
d645d3
d646d2
d647d2
d648d2
d649d2
d64ad1
d64bd0
d64cd0
d64dcf
d64ece
d64fcd
d650cc
d651ca
d652c8
d653c4
d654c0
d655b8
d65600
d65738
d65840
d65948
d65a4c
d65b50
d65c52
d65d54
d65e56
d65f58
d66059
d6615b
d6625d
d6635f
d66460
d66562
d66662
d66764
d66864
d66966
d66a68
d66b69
d66c6a
d66d6b
d66e6c
d66f6d
d6706e
d67170
d67271
d67372
d67473
d67574
d67675
d67776
d67877
d67979
d67a7a
d67b7b
d67c7c
d67d7d
d67e7e
d67f7f
d680d6
d681d6
d682d6
d683d6
d684d6
d685d6
d686d6
d687d6
d688d6
d689d6
d68ad6
d68bd6
d68cd6
d68dd6
d68ed6
d68fd6
d690d6
d691d6
d692d6
d693d6
d694d6
d695d6
d696d6
d697d6
d698d6
d699d6
d69ad6
d69bd6
d69cd6
d69dd6
d69ed6
d69fd6
d6a0d6
d6a1d6
d6a2d6
d6a3d6
d6a4d6
d6a5d6
d6a6d6
d6a7d6
d6a8d6
d6a9d6
d6aad6
d6abd6
d6acd6
d6add6
d6aed6
d6afd6
d6b0d6
d6b1d7
d6b2d7
d6b3d7
d6b4d7
d6b5d7
d6b6d7
d6b7d7
d6b8d7
d6b9d7
d6bad7
d6bbd7
d6bcd8
d6bdd8
d6bed8
d6bfd8
d6c0d8
d6c1d8
d6c2d8
d6c3d8
d6c4d8
d6c5d9
d6c6d9
d6c7d9
d6c8d9
d6c9d9
d6cada
d6cbda
d6ccda
d6cdda
d6ceda
d6cfdb
d6d0db
d6d1dc
d6d2dc
d6d3dc
d6d4dd
d6d5de
d6d6de
d6d7de
d6d8df
d6d9e0
d6dae0
d6dbe1
d6dce2
d6dde2
d6dee2
d6dfe3
d6e0e4
d6e1e4
d6e2e6
d6e3e6
d6e4e8
d6e5e8
d6e6e9
d6e7e9
d6e8ea
d6e9eb
d6eaec
d6ebed
d6ecee
d6edef
d6eef0
d6eff0
d6f0f1
d6f1f2
d6f2f3
d6f3f4
d6f4f5
d6f5f6
d6f6f7
d6f7f8
d6f8f8
d6f9f9
d6fafa
d6fbfb
d6fcfc
d6fdfd
d6fefe
d6ffff
d700d7
d701d7
d702d7
d703d7
d704d7
d705d7
d706d7
d707d7
d708d7
d709d7
d70ad7
d70bd7
d70cd7
d70dd7
d70ed7
d70fd7
d710d7
d711d7
d712d7
d713d7
d714d7
d715d7
d716d7
d717d7
d718d7
d719d7
d71ad7
d71bd7
d71cd7
d71dd7
d71ed7
d71fd7
d720d7
d721d7
d722d7
d723d7
d724d7
d725d7
d726d7
d727d7
d728d7
d729d7
d72ad7
d72bd7
d72cd7
d72dd7
d72ed7
d72fd7
d730d6
d731d6
d732d6
d733d6
d734d6
d735d6
d736d6
d737d6
d738d6
d739d6
d73ad6
d73bd6
d73cd6
d73dd5
d73ed5
d73fd5
d740d5
d741d5
d742d4
d743d4
d744d4
d745d4
d746d4
d747d3
d748d3
d749d2
d74ad2
d74bd2
d74cd1
d74dd0
d74ed0
d74fcf
d750ce
d751cc
d752ca
d753c8
d754c4
d755c0
d756b8
d75700
d75838
d75944
d75a4a
d75b4e
d75c51
d75d53
d75e55
d75f57
d76058
d7615a
d7625c
d7635e
d76460
d76561
d76662
d76763
d76864
d76966
d76a68
d76b69
d76c6a
d76d6b
d76e6c
d76f6d
d7706e
d77170
d77271
d77372
d77473
d77574
d77675
d77776
d77877
d77979
d77a7a
d77b7b
d77c7c
d77d7d
d77e7e
d77f7f
d780d7
d781d7
d782d7
d783d7
d784d7
d785d7
d786d7
d787d7
d788d7
d789d7
d78ad7
d78bd7
d78cd7
d78dd7
d78ed7
d78fd7
d790d7
d791d7
d792d7
d793d7
d794d7
d795d7
d796d7
d797d7
d798d7
d799d7
d79ad7
d79bd7
d79cd7
d79dd7
d79ed7
d79fd7
d7a0d7
d7a1d7
d7a2d7
d7a3d7
d7a4d7
d7a5d7
d7a6d7
d7a7d7
d7a8d7
d7a9d7
d7aad7
d7abd7
d7acd7
d7add7
d7aed7
d7afd7
d7b0d8
d7b1d8
d7b2d8
d7b3d8
d7b4d8
d7b5d8
d7b6d8
d7b7d8
d7b8d8
d7b9d8
d7bad8
d7bbd8
d7bcd8
d7bdd8
d7bed8
d7bfd8
d7c0d8
d7c1d9
d7c2d9
d7c3d9
d7c4d9
d7c5d9
d7c6d9
d7c7d9
d7c8da
d7c9da
d7cada
d7cbda
d7ccda
d7cddb
d7cedb
d7cfdb
d7d0dc
d7d1dc
d7d2dc
d7d3dd
d7d4de
d7d5de
d7d6de
d7d7df
d7d8e0
d7d9e0
d7dae1
d7dbe1
d7dce2
d7dde2
d7dee3
d7dfe3
d7e0e4
d7e1e5
d7e2e6
d7e3e7
d7e4e8
d7e5e8
d7e6e9
d7e7e9
d7e8ea
d7e9eb
d7eaec
d7ebed
d7ecee
d7edef
d7eef0
d7eff0
d7f0f1
d7f1f2
d7f2f3
d7f3f4
d7f4f5
d7f5f6
d7f6f7
d7f7f8
d7f8f8
d7f9f9
d7fafa
d7fbfb
d7fcfc
d7fdfd
d7fefe
d7ffff
d800d8
d801d8
d802d8
d803d8
d804d8
d805d8
d806d8
d807d8
d808d8
d809d8
d80ad8
d80bd8
d80cd8
d80dd8
d80ed8
d80fd8
d810d8
d811d8
d812d8
d813d8
d814d8
d815d8
d816d8
d817d8
d818d8
d819d8
d81ad8
d81bd8
d81cd8
d81dd8
d81ed8
d81fd8
d820d8
d821d8
d822d8
d823d8
d824d8
d825d8
d826d8
d827d8
d828d8
d829d8
d82ad8
d82bd8
d82cd8
d82dd8
d82ed8
d82fd8
d830d8
d831d7
d832d7
d833d7
d834d7
d835d7
d836d7
d837d7
d838d7
d839d7
d83ad7
d83bd7
d83cd6
d83dd6
d83ed6
d83fd6
d840d6
d841d6
d842d6
d843d5
d844d5
d845d5
d846d4
d847d4
d848d4
d849d4
d84ad3
d84bd2
d84cd2
d84dd2
d84ed1
d84fd0
d850d0
d851ce
d852cc
d853ca
d854c8
d855c4
d856c0
d857b8
d85800
d85940
d85a48
d85b4c
d85c50
d85d52
d85e54
d85f56
d86058
d8615a
d8625c
d8635e
d86460
d86561
d86662
d86763
d86864
d86966
d86a68
d86b69
d86c6a
d86d6b
d86e6c
d86f6d
d8706e
d87170
d87271
d87372
d87473
d87574
d87675
d87776
d87877
d87978
d87a7a
d87b7a
d87c7c
d87d7c
d87e7e
d87f7e
d880d8
d881d8
d882d8
d883d8
d884d8
d885d8
d886d8
d887d8
d888d8
d889d8
d88ad8
d88bd8
d88cd8
d88dd8
d88ed8
d88fd8
d890d8
d891d8
d892d8
d893d8
d894d8
d895d8
d896d8
d897d8
d898d8
d899d8
d89ad8
d89bd8
d89cd8
d89dd8
d89ed8
d89fd8
d8a0d8
d8a1d8
d8a2d8
d8a3d8
d8a4d8
d8a5d8
d8a6d8
d8a7d8
d8a8d8
d8a9d8
d8aad8
d8abd8
d8acd8
d8add8
d8aed8
d8afd8
d8b0d8
d8b1d8
d8b2d8
d8b3d8
d8b4d8
d8b5d8
d8b6d8
d8b7d8
d8b8d8
d8b9d9
d8bad9
d8bbd9
d8bcd9
d8bdd9
d8bed9
d8bfd9
d8c0d9
d8c1d9
d8c2d9
d8c3d9
d8c4da
d8c5da
d8c6da
d8c7da
d8c8da
d8c9da
d8cada
d8cbdb
d8ccdb
d8cddb
d8cedc
d8cfdc
d8d0dc
d8d1dc
d8d2dd
d8d3de
d8d4de
d8d5de
d8d6df
d8d7e0
d8d8e0
d8d9e0
d8dae1
d8dbe2
d8dce2
d8dde2
d8dee3
d8dfe4
d8e0e4
d8e1e5
d8e2e6
d8e3e7
d8e4e8
d8e5e8
d8e6e9
d8e7ea
d8e8ea
d8e9eb
d8eaec
d8ebed
d8ecee
d8edef
d8eef0
d8eff0
d8f0f1
d8f1f2
d8f2f3
d8f3f4
d8f4f5
d8f5f6
d8f6f7
d8f7f8
d8f8f8
d8f9fa
d8fafa
d8fbfc
d8fcfc
d8fdfe
d8fefe
d8ffff
d900d9
d901d9
d902d9
d903d9
d904d9
d905d9
d906d9
d907d9
d908d9
d909d9
d90ad9
d90bd9
d90cd9
d90dd9
d90ed9
d90fd9
d910d9
d911d9
d912d9
d913d9
d914d9
d915d9
d916d9
d917d9
d918d9
d919d9
d91ad9
d91bd9
d91cd9
d91dd9
d91ed9
d91fd9
d920d9
d921d9
d922d9
d923d9
d924d9
d925d9
d926d9
d927d9
d928d9
d929d9
d92ad9
d92bd9
d92cd9
d92dd9
d92ed9
d92fd9
d930d9
d931d9
d932d9
d933d9
d934d9
d935d9
d936d9
d937d9
d938d8
d939d8
d93ad8
d93bd8
d93cd8
d93dd8
d93ed8
d93fd8
d940d8
d941d8
d942d8
d943d7
d944d7
d945d7
d946d6
d947d6
d948d6
d949d6
d94ad5
d94bd4
d94cd4
d94dd4
d94ed3
d94fd2
d950d2
d951d1
d952d0
d953ce
d954cc
d955ca
d956c8
d957c4
d958c0
d95900
d95a40
d95b48
d95c4c
d95d50
d95e52
d95f54
d96056
d96159
d9625b
d9635d
d9645f
d96560
d96662
d96762
d96864
d96966
d96a68
d96b69
d96c6a
d96d6b
d96e6c
d96f6d
d9706e
d97170
d97271
d97372
d97473
d97574
d97675
d97776
d97877
d97978
d97a79
d97b7a
d97c7b
d97d7c
d97e7d
d97f7e
d980d9
d981d9
d982d9
d983d9
d984d9
d985d9
d986d9
d987d9
d988d9
d989d9
d98ad9
d98bd9
d98cd9
d98dd9
d98ed9
d98fd9
d990d9
d991d9
d992d9
d993d9
d994d9
d995d9
d996d9
d997d9
d998d9
d999d9
d99ad9
d99bd9
d99cd9
d99dd9
d99ed9
d99fd9
d9a0d9
d9a1d9
d9a2d9
d9a3d9
d9a4d9
d9a5d9
d9a6d9
d9a7d9
d9a8d9
d9a9d9
d9aad9
d9abd9
d9acd9
d9add9
d9aed9
d9afd9
d9b0d9
d9b1d9
d9b2d9
d9b3d9
d9b4d9
d9b5d9
d9b6d9
d9b7d9
d9b8da
d9b9da
d9bada
d9bbda
d9bcda
d9bdda
d9beda
d9bfda
d9c0da
d9c1da
d9c2da
d9c3da
d9c4da
d9c5db
d9c6db
d9c7db
d9c8db
d9c9db
d9cadc
d9cbdc
d9ccdc
d9cddc
d9cedc
d9cfdd
d9d0dd
d9d1de
d9d2de
d9d3de
d9d4df
d9d5e0
d9d6e0
d9d7e0
d9d8e0
d9d9e1
d9dae2
d9dbe2
d9dce2
d9dde3
d9dee4
d9dfe4
d9e0e4
d9e1e6
d9e2e6
d9e3e8
d9e4e8
d9e5e9
d9e6e9
d9e7ea
d9e8ea
d9e9eb
d9eaec
d9ebed
d9ecee
d9edef
d9eef0
d9eff1
d9f0f1
d9f1f2
d9f2f3
d9f3f4
d9f4f5
d9f5f6
d9f6f7
d9f7f8
d9f8f9
d9f9fa
d9fafb
d9fbfc
d9fcfd
d9fdfe
d9feff
d9ffff
da00da
da01da
da02da
da03da
da04da
da05da
da06da
da07da
da08da
da09da
da0ada
da0bda
da0cda
da0dda
da0eda
da0fda
da10da
da11da
da12da
da13da
da14da
da15da
da16da
da17da
da18da
da19da
da1ada
da1bda
da1cda
da1dda
da1eda
da1fda
da20da
da21da
da22da
da23da
da24da
da25da
da26da
da27da
da28da
da29da
da2ada
da2bda
da2cda
da2dda
da2eda
da2fda
da30da
da31da
da32da
da33da
da34da
da35da
da36da
da37da
da38da
da39d9
da3ad9
da3bd9
da3cd9
da3dd9
da3ed9
da3fd9
da40d9
da41d9
da42d9
da43d9
da44d8
da45d8
da46d8
da47d8
da48d8
da49d8
da4ad7
da4bd6
da4cd6
da4dd6
da4ed5
da4fd4
da50d4
da51d3
da52d2
da53d1
da54d0
da55ce
da56cc
da57ca
da58c8
da59c0
da5a00
da5b40
da5c48
da5d4c
da5e50
da5f52
da6054
da6158
da625a
da635c
da645e
da6560
da6661
da6762
da6863
da6965
da6a67
da6b68
da6c6a
da6d6a
da6e6c
da6f6c
da706e
da7170
da7271
da7372
da7473
da7574
da7675
da7776
da7877
da7978
da7a79
da7b7a
da7c7b
da7d7c
da7e7d
da7f7e
da80da
da81da
da82da
da83da
da84da
da85da
da86da
da87da
da88da
da89da
da8ada
da8bda
da8cda
da8dda
da8eda
da8fda
da90da
da91da
da92da
da93da
da94da
da95da
da96da
da97da
da98da
da99da
da9ada
da9bda
da9cda
da9dda
da9eda
da9fda
daa0da
daa1da
daa2da
daa3da
daa4da
daa5da
daa6da
daa7da
daa8da
daa9da
daaada
daabda
daacda
daadda
daaeda
daafda
dab0da
dab1da
dab2da
dab3da
dab4da
dab5da
dab6da
dab7da
dab8da
dab9db
dabadb
dabbdb
dabcdb
dabddb
dabedb
dabfdb
dac0db
dac1db
dac2db
dac3db
dac4dc
dac5dc
dac6dc
dac7dc
dac8dc
dac9dc
dacadc
dacbdd
daccdd
dacddd
dacede
dacfde
dad0de
dad1de
dad2df
dad3e0
dad4e0
dad5e0
dad6e0
dad7e1
dad8e1
dad9e2
dadae2
dadbe2
dadce3
dadde4
dadee4
dadfe4
dae0e5
dae1e6
dae2e7
dae3e8
dae4e8
dae5e9
dae6ea
dae7ea
dae8ea
dae9ec
daeaec
daebee
daecee
daedf0
daeef0
daeff1
daf0f1
daf1f2
daf2f3
daf3f4
daf4f5
daf5f6
daf6f7
daf7f8
daf8f9
daf9fa
dafafb
dafbfc
dafcfd
dafdfe
dafeff
daffff
db00db
db01db
db02db
db03db
db04db
db05db
db06db
db07db
db08db
db09db
db0adb
db0bdb
db0cdb
db0ddb
db0edb
db0fdb
db10db
db11db
db12db
db13db
db14db
db15db
db16db
db17db
db18db
db19db
db1adb
db1bdb
db1cdb
db1ddb
db1edb
db1fdb
db20db
db21db
db22db
db23db
db24db
db25db
db26db
db27db
db28db
db29db
db2adb
db2bdb
db2cdb
db2ddb
db2edb
db2fdb
db30db
db31db
db32db
db33db
db34db
db35db
db36db
db37db
db38da
db39da
db3ada
db3bda
db3cda
db3dda
db3eda
db3fda
db40da
db41da
db42da
db43da
db44da
db45d9
db46d9
db47d9
db48d9
db49d9
db4ad8
db4bd8
db4cd8
db4dd8
db4ed7
db4fd6
db50d6
db51d5
db52d4
db53d3
db54d2
db55d1
db56d0
db57ce
db58cc
db59c8
db5ac0
db5b00
db5c40
db5d48
db5e4c
db5f50
db6052
db6156
db6259
db635b
db645d
db655f
db6660
db6762
db6862
db6964
db6a66
db6b68
db6c69
db6d6a
db6e6b
db6f6c
db706d
db716f
db7271
db7372
db7473
db7574
db7675
db7776
db7877
db7978
db7a79
db7b7a
db7c7b
db7d7c
db7e7d
db7f7e
db80db
db81db
db82db
db83db
db84db
db85db
db86db
db87db
db88db
db89db
db8adb
db8bdb
db8cdb
db8ddb
db8edb
db8fdb
db90db
db91db
db92db
db93db
db94db
db95db
db96db
db97db
db98db
db99db
db9adb
db9bdb
db9cdb
db9ddb
db9edb
db9fdb
dba0db
dba1db
dba2db
dba3db
dba4db
dba5db
dba6db
dba7db
dba8db
dba9db
dbaadb
dbabdb
dbacdb
dbaddb
dbaedb
dbafdb
dbb0db
dbb1db
dbb2db
dbb3db
dbb4db
dbb5db
dbb6db
dbb7db
dbb8dc
dbb9dc
dbbadc
dbbbdc
dbbcdc
dbbddc
dbbedc
dbbfdc
dbc0dc
dbc1dc
dbc2dc
dbc3dc
dbc4dc
dbc5dd
dbc6dd
dbc7dd
dbc8dd
dbc9dd
dbcade
dbcbde
dbccde
dbcdde
dbcede
dbcfdf
dbd0df
dbd1e0
dbd2e0
dbd3e0
dbd4e0
dbd5e1
dbd6e1
dbd7e1
dbd8e2
dbd9e2
dbdae2
dbdbe3
dbdce4
dbdde4
dbdee4
dbdfe5
dbe0e6
dbe1e6
dbe2e8
dbe3e8
dbe4e9
dbe5e9
dbe6ea
dbe7ea
dbe8eb
dbe9ec
dbeaed
dbebee
dbecef
dbedf0
dbeef0
dbeff1
dbf0f1
dbf1f2
dbf2f3
dbf3f4
dbf4f5
dbf5f6
dbf6f7
dbf7f8
dbf8f9
dbf9fa
dbfafb
dbfbfc
dbfcfd
dbfdfe
dbfeff
dbffff
dc00dc
dc01dc
dc02dc
dc03dc
dc04dc
dc05dc
dc06dc
dc07dc
dc08dc
dc09dc
dc0adc
dc0bdc
dc0cdc
dc0ddc
dc0edc
dc0fdc
dc10dc
dc11dc
dc12dc
dc13dc
dc14dc
dc15dc
dc16dc
dc17dc
dc18dc
dc19dc
dc1adc
dc1bdc
dc1cdc
dc1ddc
dc1edc
dc1fdc
dc20dc
dc21dc
dc22dc
dc23dc
dc24dc
dc25dc
dc26dc
dc27dc
dc28dc
dc29dc
dc2adc
dc2bdc
dc2cdc
dc2ddc
dc2edc
dc2fdc
dc30dc
dc31dc
dc32dc
dc33dc
dc34dc
dc35dc
dc36dc
dc37dc
dc38dc
dc39db
dc3adb
dc3bdb
dc3cdb
dc3ddb
dc3edb
dc3fdb
dc40db
dc41db
dc42db
dc43db
dc44da
dc45da
dc46da
dc47da
dc48da
dc49da
dc4ada
dc4bd9
dc4cd9
dc4dd9
dc4ed8
dc4fd8
dc50d8
dc51d7
dc52d6
dc53d5
dc54d4
dc55d3
dc56d2
dc57d1
dc58d0
dc59cc
dc5ac8
dc5bc0
dc5c00
dc5d40
dc5e48
dc5f4c
dc6050
dc6154
dc6258
dc635a
dc645c
dc655e
dc6660
dc6761
dc6862
dc6964
dc6a66
dc6b68
dc6c69
dc6d6a
dc6e6b
dc6f6c
dc706d
dc716f
dc7270
dc7372
dc7472
dc7574
dc7674
dc7776
dc7876
dc7978
dc7a79
dc7b7a
dc7c7b
dc7d7c
dc7e7d
dc7f7e
dc80dc
dc81dc
dc82dc
dc83dc
dc84dc
dc85dc
dc86dc
dc87dc
dc88dc
dc89dc
dc8adc
dc8bdc
dc8cdc
dc8ddc
dc8edc
dc8fdc
dc90dc
dc91dc
dc92dc
dc93dc
dc94dc
dc95dc
dc96dc
dc97dc
dc98dc
dc99dc
dc9adc
dc9bdc
dc9cdc
dc9ddc
dc9edc
dc9fdc
dca0dc
dca1dc
dca2dc
dca3dc
dca4dc
dca5dc
dca6dc
dca7dc
dca8dc
dca9dc
dcaadc
dcabdc
dcacdc
dcaddc
dcaedc
dcafdc
dcb0dc
dcb1dc
dcb2dc
dcb3dc
dcb4dc
dcb5dc
dcb6dc
dcb7dc
dcb8dc
dcb9dd
dcbadd
dcbbdd
dcbcdd
dcbddd
dcbedd
dcbfdd
dcc0dd
dcc1dd
dcc2dd
dcc3dd
dcc4de
dcc5de
dcc6de
dcc7de
dcc8de
dcc9de
dccade
dccbdf
dcccdf
dccddf
dccee0
dccfe0
dcd0e0
dcd1e0
dcd2e0
dcd3e1
dcd4e1
dcd5e1
dcd6e2
dcd7e2
dcd8e2
dcd9e2
dcdae3
dcdbe4
dcdce4
dcdde4
dcdee5
dcdfe6
dce0e6
dce1e7
dce2e8
dce3e8
dce4e9
dce5ea
dce6ea
dce7ea
dce8eb
dce9ec
dceaed
dcebee
dcecef
dcedf0
dceef0
dceff1
dcf0f2
dcf1f2
dcf2f4
dcf3f4
dcf4f6
dcf5f6
dcf6f8
dcf7f8
dcf8f9
dcf9fa
dcfafb
dcfbfc
dcfcfd
dcfdfe
dcfeff
dcffff
dd00dd
dd01dd
dd02dd
dd03dd
dd04dd
dd05dd
dd06dd
dd07dd
dd08dd
dd09dd
dd0add
dd0bdd
dd0cdd
dd0ddd
dd0edd
dd0fdd
dd10dd
dd11dd
dd12dd
dd13dd
dd14dd
dd15dd
dd16dd
dd17dd
dd18dd
dd19dd
dd1add
dd1bdd
dd1cdd
dd1ddd
dd1edd
dd1fdd
dd20dd
dd21dd
dd22dd
dd23dd
dd24dd
dd25dd
dd26dd
dd27dd
dd28dd
dd29dd
dd2add
dd2bdd
dd2cdd
dd2ddd
dd2edd
dd2fdd
dd30dd
dd31dd
dd32dd
dd33dd
dd34dd
dd35dd
dd36dd
dd37dd
dd38dc
dd39dc
dd3adc
dd3bdc
dd3cdc
dd3ddc
dd3edc
dd3fdc
dd40dc
dd41dc
dd42dc
dd43dc
dd44dc
dd45db
dd46db
dd47db
dd48db
dd49db
dd4ada
dd4bda
dd4cda
dd4dda
dd4eda
dd4fd9
dd50d9
dd51d8
dd52d8
dd53d7
dd54d6
dd55d5
dd56d4
dd57d3
dd58d2
dd59d0
dd5acc
dd5bc8
dd5cc0
dd5d00
dd5e40
dd5f48
dd604c
dd6152
dd6256
dd6359
dd645b
dd655d
dd665f
dd6760
dd6862
dd6964
dd6a66
dd6b68
dd6c69
dd6d6a
dd6e6b
dd6f6c
dd706d
dd716f
dd7270
dd7371
dd7472
dd7573
dd7674
dd7775
dd7876
dd7978
dd7a79
dd7b7a
dd7c7b
dd7d7c
dd7e7d
dd7f7e
dd80dd
dd81dd
dd82dd
dd83dd
dd84dd
dd85dd
dd86dd
dd87dd
dd88dd
dd89dd
dd8add
dd8bdd
dd8cdd
dd8ddd
dd8edd
dd8fdd
dd90dd
dd91dd
dd92dd
dd93dd
dd94dd
dd95dd
dd96dd
dd97dd
dd98dd
dd99dd
dd9add
dd9bdd
dd9cdd
dd9ddd
dd9edd
dd9fdd
dda0dd
dda1dd
dda2dd
dda3dd
dda4dd
dda5dd
dda6dd
dda7dd
dda8dd
dda9dd
ddaadd
ddabdd
ddacdd
ddaddd
ddaedd
ddafdd
ddb0dd
ddb1dd
ddb2dd
ddb3dd
ddb4dd
ddb5dd
ddb6dd
ddb7dd
ddb8de
ddb9de
ddbade
ddbbde
ddbcde
ddbdde
ddbede
ddbfde
ddc0de
ddc1de
ddc2de
ddc3de
ddc4de
ddc5df
ddc6df
ddc7df
ddc8df
ddc9df
ddcae0
ddcbe0
ddcce0
ddcde0
ddcee0
ddcfe0
ddd0e0
ddd1e1
ddd2e1
ddd3e1
ddd4e2
ddd5e2
ddd6e2
ddd7e2
ddd8e2
ddd9e3
dddae4
dddbe4
dddce4
dddde5
dddee6
dddfe6
dde0e6
dde1e8
dde2e8
dde3e9
dde4e9
dde5ea
dde6ea
dde7eb
dde8eb
dde9ec
ddeaed
ddebee
ddecef
ddedf0
ddeef1
ddeff1
ddf0f2
ddf1f3
ddf2f4
ddf3f5
ddf4f6
ddf5f7
ddf6f8
ddf7f8
ddf8f9
ddf9fa
ddfafb
ddfbfc
ddfcfd
ddfdfe
ddfeff
ddffff
de00de
de01de
de02de
de03de
de04de
de05de
de06de
de07de
de08de
de09de
de0ade
de0bde
de0cde
de0dde
de0ede
de0fde
de10de
de11de
de12de
de13de
de14de
de15de
de16de
de17de
de18de
de19de
de1ade
de1bde
de1cde
de1dde
de1ede
de1fde
de20de
de21de
de22de
de23de
de24de
de25de
de26de
de27de
de28de
de29de
de2ade
de2bde
de2cde
de2dde
de2ede
de2fde
de30de
de31de
de32de
de33de
de34de
de35de
de36de
de37de
de38de
de39dd
de3add
de3bdd
de3cdd
de3ddd
de3edd
de3fdd
de40dd
de41dd
de42dd
de43dd
de44dc
de45dc
de46dc
de47dc
de48dc
de49dc
de4adc
de4bdb
de4cdb
de4ddb
de4eda
de4fda
de50da
de51da
de52d9
de53d8
de54d8
de55d7
de56d6
de57d5
de58d4
de59d2
de5ad0
de5bcc
de5cc8
de5dc0
de5e00
de5f40
de6048
de6150
de6254
de6358
de645a
de655c
de665e
de6760
de6861
de6963
de6a65
de6b67
de6c68
de6d6a
de6e6a
de6f6c
de706c
de716e
de7270
de7371
de7472
de7573
de7674
de7775
de7876
de7978
de7a79
de7b7a
de7c7b
de7d7c
de7e7d
de7f7e
de80de
de81de
de82de
de83de
de84de
de85de
de86de
de87de
de88de
de89de
de8ade
de8bde
de8cde
de8dde
de8ede
de8fde
de90de
de91de
de92de
de93de
de94de
de95de
de96de
de97de
de98de
de99de
de9ade
de9bde
de9cde
de9dde
de9ede
de9fde
dea0de
dea1de
dea2de
dea3de
dea4de
dea5de
dea6de
dea7de
dea8de
dea9de
deaade
deabde
deacde
deadde
deaede
deafde
deb0de
deb1de
deb2de
deb3de
deb4de
deb5de
deb6de
deb7de
deb8de
deb9df
debadf
debbdf
debcdf
debddf
debedf
debfdf
dec0df
dec1df
dec2df
dec3df
dec4e0
dec5e0
dec6e0
dec7e0
dec8e0
dec9e0
decae0
decbe0
decce0
decde1
decee1
decfe1
ded0e1
ded1e1
ded2e2
ded3e2
ded4e2
ded5e2
ded6e2
ded7e3
ded8e3
ded9e4
dedae4
dedbe4
dedce5
dedde6
dedee6
dedfe6
dee0e7
dee1e8
dee2e8
dee3e9
dee4ea
dee5ea
dee6ea
dee7eb
dee8ec
dee9ec
deeaee
deebee
deecf0
deedf0
deeef1
deeff1
def0f2
def1f3
def2f4
def3f5
def4f6
def5f7
def6f8
def7f8
def8f9
def9fa
defafb
defbfc
defcfd
defdfe
defeff
deffff
df00df
df01df
df02df
df03df
df04df
df05df
df06df
df07df
df08df
df09df
df0adf
df0bdf
df0cdf
df0ddf
df0edf
df0fdf
df10df
df11df
df12df
df13df
df14df
df15df
df16df
df17df
df18df
df19df
df1adf
df1bdf
df1cdf
df1ddf
df1edf
df1fdf
df20df
df21df
df22df
df23df
df24df
df25df
df26df
df27df
df28df
df29df
df2adf
df2bdf
df2cdf
df2ddf
df2edf
df2fdf
df30df
df31df
df32df
df33df
df34df
df35df
df36df
df37df
df38de
df39de
df3ade
df3bde
df3cde
df3dde
df3ede
df3fde
df40de
df41de
df42de
df43de
df44de
df45dd
df46dd
df47dd
df48dd
df49dd
df4adc
df4bdc
df4cdc
df4ddc
df4edc
df4fdb
df50db
df51da
df52da
df53da
df54d9
df55d8
df56d8
df57d7
df58d6
df59d4
df5ad2
df5bd0
df5ccc
df5dc8
df5ec0
df5f00
df6040
df614c
df6252
df6356
df6459
df655b
df665d
df675f
df6860
df6962
df6a64
df6b66
df6c68
df6d69
df6e6a
df6f6b
df706c
df716e
df7270
df7371
df7472
df7573
df7674
df7775
df7876
df7978
df7a79
df7b7a
df7c7b
df7d7c
df7e7d
df7f7e
df80df
df81df
df82df
df83df
df84df
df85df
df86df
df87df
df88df
df89df
df8adf
df8bdf
df8cdf
df8ddf
df8edf
df8fdf
df90df
df91df
df92df
df93df
df94df
df95df
df96df
df97df
df98df
df99df
df9adf
df9bdf
df9cdf
df9ddf
df9edf
df9fdf
dfa0df
dfa1df
dfa2df
dfa3df
dfa4df
dfa5df
dfa6df
dfa7df
dfa8df
dfa9df
dfaadf
dfabdf
dfacdf
dfaddf
dfaedf
dfafdf
dfb0df
dfb1df
dfb2df
dfb3df
dfb4df
dfb5df
dfb6df
dfb7df
dfb8e0
dfb9e0
dfbae0
dfbbe0
dfbce0
dfbde0
dfbee0
dfbfe0
dfc0e0
dfc1e0
dfc2e0
dfc3e0
dfc4e0
dfc5e0
dfc6e0
dfc7e0
dfc8e0
dfc9e1
dfcae1
dfcbe1
dfcce1
dfcde1
dfcee1
dfcfe1
dfd0e2
dfd1e2
dfd2e2
dfd3e2
dfd4e2
dfd5e3
dfd6e3
dfd7e3
dfd8e4
dfd9e4
dfdae4
dfdbe5
dfdce6
dfdde6
dfdee6
dfdfe7
dfe0e8
dfe1e8
dfe2e9
dfe3e9
dfe4ea
dfe5ea
dfe6eb
dfe7eb
dfe8ec
dfe9ed
dfeaee
dfebef
dfecf0
dfedf0
dfeef1
dfeff1
dff0f2
dff1f3
dff2f4
dff3f5
dff4f6
dff5f7
dff6f8
dff7f8
dff8f9
dff9fa
dffafb
dffbfc
dffcfd
dffdfe
dffeff
dfffff
e000e0
e001e0
e002e0
e003e0
e004e0
e005e0
e006e0
e007e0
e008e0
e009e0
e00ae0
e00be0
e00ce0
e00de0
e00ee0
e00fe0
e010e0
e011e0
e012e0
e013e0
e014e0
e015e0
e016e0
e017e0
e018e0
e019e0
e01ae0
e01be0
e01ce0
e01de0
e01ee0
e01fe0
e020e0
e021e0
e022e0
e023e0
e024e0
e025e0
e026e0
e027e0
e028e0
e029e0
e02ae0
e02be0
e02ce0
e02de0
e02ee0
e02fe0
e030e0
e031e0
e032e0
e033e0
e034e0
e035e0
e036e0
e037e0
e038e0
e039df
e03adf
e03bdf
e03cdf
e03ddf
e03edf
e03fdf
e040df
e041df
e042df
e043df
e044de
e045de
e046de
e047de
e048de
e049de
e04ade
e04bdd
e04cdd
e04ddd
e04edc
e04fdc
e050dc
e051dc
e052db
e053da
e054da
e055da
e056d9
e057d8
e058d8
e059d6
e05ad4
e05bd2
e05cd0
e05dcc
e05ec8
e05fc0
e06000
e06148
e06250
e06354
e06458
e0655a
e0665c
e0675e
e06860
e06962
e06a64
e06b66
e06c68
e06d69
e06e6a
e06f6b
e0706c
e0716e
e07270
e07371
e07472
e07573
e07674
e07775
e07876
e07978
e07a79
e07b7a
e07c7b
e07d7c
e07e7d
e07f7e
e080e0
e081e0
e082e0
e083e0
e084e0
e085e0
e086e0
e087e0
e088e0
e089e0
e08ae0
e08be0
e08ce0
e08de0
e08ee0
e08fe0
e090e0
e091e0
e092e0
e093e0
e094e0
e095e0
e096e0
e097e0
e098e0
e099e0
e09ae0
e09be0
e09ce0
e09de0
e09ee0
e09fe0
e0a0e0
e0a1e0
e0a2e0
e0a3e0
e0a4e0
e0a5e0
e0a6e0
e0a7e0
e0a8e0
e0a9e0
e0aae0
e0abe0
e0ace0
e0ade0
e0aee0
e0afe0
e0b0e0
e0b1e0
e0b2e0
e0b3e0
e0b4e0
e0b5e0
e0b6e0
e0b7e0
e0b8e0
e0b9e0
e0bae0
e0bbe0
e0bce0
e0bde0
e0bee0
e0bfe0
e0c0e0
e0c1e1
e0c2e1
e0c3e1
e0c4e1
e0c5e1
e0c6e1
e0c7e1
e0c8e1
e0c9e1
e0cae1
e0cbe1
e0cce2
e0cde2
e0cee2
e0cfe2
e0d0e2
e0d1e2
e0d2e2
e0d3e3
e0d4e3
e0d5e3
e0d6e4
e0d7e4
e0d8e4
e0d9e4
e0dae5
e0dbe6
e0dce6
e0dde6
e0dee7
e0dfe8
e0e0e8
e0e1e8
e0e2e9
e0e3ea
e0e4ea
e0e5ea
e0e6eb
e0e7ec
e0e8ec
e0e9ed
e0eaee
e0ebef
e0ecf0
e0edf0
e0eef1
e0eff2
e0f0f2
e0f1f3
e0f2f4
e0f3f5
e0f4f6
e0f5f7
e0f6f8
e0f7f8
e0f8f9
e0f9fa
e0fafb
e0fbfc
e0fcfd
e0fdfe
e0feff
e0ffff
e100e1
e101e1
e102e1
e103e1
e104e1
e105e1
e106e1
e107e1
e108e1
e109e1
e10ae1
e10be1
e10ce1
e10de1
e10ee1
e10fe1
e110e1
e111e1
e112e1
e113e1
e114e1
e115e1
e116e1
e117e1
e118e1
e119e1
e11ae1
e11be1
e11ce1
e11de1
e11ee1
e11fe1
e120e1
e121e1
e122e1
e123e1
e124e1
e125e1
e126e1
e127e1
e128e1
e129e1
e12ae1
e12be1
e12ce1
e12de1
e12ee1
e12fe1
e130e1
e131e1
e132e1
e133e1
e134e1
e135e1
e136e1
e137e1
e138e1
e139e1
e13ae1
e13be1
e13ce1
e13de1
e13ee1
e13fe1
e140e0
e141e0
e142e0
e143e0
e144e0
e145e0
e146e0
e147e0
e148e0
e149e0
e14ae0
e14bdf
e14cdf
e14ddf
e14ede
e14fde
e150de
e151de
e152dd
e153dc
e154dc
e155dc
e156db
e157da
e158da
e159d9
e15ad8
e15bd6
e15cd4
e15dd2
e15ed0
e15fcc
e160c8
e16100
e16248
e16350
e16454
e16558
e1665a
e1675c
e1685e
e16961
e16a63
e16b65
e16c67
e16d68
e16e6a
e16f6a
e1706c
e1716e
e17270
e17371
e17472
e17573
e17674
e17775
e17876
e17978
e17a79
e17b7a
e17c7b
e17d7c
e17e7d
e17f7e
e180e1
e181e1
e182e1
e183e1
e184e1
e185e1
e186e1
e187e1
e188e1
e189e1
e18ae1
e18be1
e18ce1
e18de1
e18ee1
e18fe1
e190e1
e191e1
e192e1
e193e1
e194e1
e195e1
e196e1
e197e1
e198e1
e199e1
e19ae1
e19be1
e19ce1
e19de1
e19ee1
e19fe1
e1a0e1
e1a1e1
e1a2e1
e1a3e1
e1a4e1
e1a5e1
e1a6e1
e1a7e1
e1a8e1
e1a9e1
e1aae1
e1abe1
e1ace1
e1ade1
e1aee1
e1afe1
e1b0e1
e1b1e1
e1b2e1
e1b3e1
e1b4e1
e1b5e1
e1b6e1
e1b7e1
e1b8e1
e1b9e1
e1bae1
e1bbe1
e1bce1
e1bde1
e1bee1
e1bfe1
e1c0e2
e1c1e2
e1c2e2
e1c3e2
e1c4e2
e1c5e2
e1c6e2
e1c7e2
e1c8e2
e1c9e2
e1cae2
e1cbe2
e1cce2
e1cde3
e1cee3
e1cfe3
e1d0e3
e1d1e3
e1d2e4
e1d3e4
e1d4e4
e1d5e4
e1d6e4
e1d7e5
e1d8e5
e1d9e6
e1dae6
e1dbe6
e1dce7
e1dde8
e1dee8
e1dfe8
e1e0e8
e1e1e9
e1e2ea
e1e3ea
e1e4ea
e1e5eb
e1e6ec
e1e7ec
e1e8ec
e1e9ee
e1eaee
e1ebf0
e1ecf0
e1edf1
e1eef1
e1eff2
e1f0f2
e1f1f3
e1f2f4
e1f3f5
e1f4f6
e1f5f7
e1f6f8
e1f7f9
e1f8f9
e1f9fa
e1fafb
e1fbfc
e1fcfd
e1fdfe
e1feff
e1ffff
e200e2
e201e2
e202e2
e203e2
e204e2
e205e2
e206e2
e207e2
e208e2
e209e2
e20ae2
e20be2
e20ce2
e20de2
e20ee2
e20fe2
e210e2
e211e2
e212e2
e213e2
e214e2
e215e2
e216e2
e217e2
e218e2
e219e2
e21ae2
e21be2
e21ce2
e21de2
e21ee2
e21fe2
e220e2
e221e2
e222e2
e223e2
e224e2
e225e2
e226e2
e227e2
e228e2
e229e2
e22ae2
e22be2
e22ce2
e22de2
e22ee2
e22fe2
e230e2
e231e2
e232e2
e233e2
e234e2
e235e2
e236e2
e237e2
e238e2
e239e2
e23ae2
e23be2
e23ce2
e23de2
e23ee2
e23fe2
e240e2
e241e1
e242e1
e243e1
e244e1
e245e1
e246e1
e247e1
e248e1
e249e1
e24ae1
e24be1
e24ce0
e24de0
e24ee0
e24fe0
e250e0
e251e0
e252df
e253de
e254de
e255de
e256dd
e257dc
e258dc
e259db
e25ada
e25bd9
e25cd8
e25dd6
e25ed4
e25fd2
e260d0
e261c8
e26200
e26348
e26450
e26554
e26658
e2675a
e2685c
e26960
e26a62
e26b64
e26c66
e26d68
e26e69
e26f6a
e2706b
e2716d
e2726f
e27370
e27472
e27572
e27674
e27774
e27876
e27978
e27a79
e27b7a
e27c7b
e27d7c
e27e7d
e27f7e
e280e2
e281e2
e282e2
e283e2
e284e2
e285e2
e286e2
e287e2
e288e2
e289e2
e28ae2
e28be2
e28ce2
e28de2
e28ee2
e28fe2
e290e2
e291e2
e292e2
e293e2
e294e2
e295e2
e296e2
e297e2
e298e2
e299e2
e29ae2
e29be2
e29ce2
e29de2
e29ee2
e29fe2
e2a0e2
e2a1e2
e2a2e2
e2a3e2
e2a4e2
e2a5e2
e2a6e2
e2a7e2
e2a8e2
e2a9e2
e2aae2
e2abe2
e2ace2
e2ade2
e2aee2
e2afe2
e2b0e2
e2b1e2
e2b2e2
e2b3e2
e2b4e2
e2b5e2
e2b6e2
e2b7e2
e2b8e2
e2b9e2
e2bae2
e2bbe2
e2bce2
e2bde2
e2bee2
e2bfe2
e2c0e2
e2c1e3
e2c2e3
e2c3e3
e2c4e3
e2c5e3
e2c6e3
e2c7e3
e2c8e3
e2c9e3
e2cae3
e2cbe3
e2cce4
e2cde4
e2cee4
e2cfe4
e2d0e4
e2d1e4
e2d2e4
e2d3e5
e2d4e5
e2d5e5
e2d6e6
e2d7e6
e2d8e6
e2d9e6
e2dae7
e2dbe8
e2dce8
e2dde8
e2dee8
e2dfe9
e2e0e9
e2e1ea
e2e2ea
e2e3ea
e2e4eb
e2e5ec
e2e6ec
e2e7ec
e2e8ed
e2e9ee
e2eaef
e2ebf0
e2ecf0
e2edf1
e2eef2
e2eff2
e2f0f2
e2f1f4
e2f2f4
e2f3f6
e2f4f6
e2f5f8
e2f6f8
e2f7f9
e2f8f9
e2f9fa
e2fafb
e2fbfc
e2fcfd
e2fdfe
e2feff
e2ffff
e300e3
e301e3
e302e3
e303e3
e304e3
e305e3
e306e3
e307e3
e308e3
e309e3
e30ae3
e30be3
e30ce3
e30de3
e30ee3
e30fe3
e310e3
e311e3
e312e3
e313e3
e314e3
e315e3
e316e3
e317e3
e318e3
e319e3
e31ae3
e31be3
e31ce3
e31de3
e31ee3
e31fe3
e320e3
e321e3
e322e3
e323e3
e324e3
e325e3
e326e3
e327e3
e328e3
e329e3
e32ae3
e32be3
e32ce3
e32de3
e32ee3
e32fe3
e330e3
e331e3
e332e3
e333e3
e334e3
e335e3
e336e3
e337e3
e338e3
e339e3
e33ae3
e33be3
e33ce3
e33de3
e33ee3
e33fe3
e340e2
e341e2
e342e2
e343e2
e344e2
e345e2
e346e2
e347e2
e348e2
e349e2
e34ae2
e34be2
e34ce2
e34de1
e34ee1
e34fe1
e350e1
e351e1
e352e0
e353e0
e354e0
e355e0
e356df
e357de
e358de
e359dd
e35adc
e35bdb
e35cda
e35dd9
e35ed8
e35fd6
e360d4
e361d0
e362c8
e36300
e36448
e36550
e36654
e36758
e3685a
e3695e
e36a61
e36b63
e36c65
e36d67
e36e68
e36f6a
e3706a
e3716c
e3726e
e37370
e37471
e37572
e37673
e37774
e37875
e37977
e37a79
e37b7a
e37c7b
e37d7c
e37e7d
e37f7e
e380e3
e381e3
e382e3
e383e3
e384e3
e385e3
e386e3
e387e3
e388e3
e389e3
e38ae3
e38be3
e38ce3
e38de3
e38ee3
e38fe3
e390e3
e391e3
e392e3
e393e3
e394e3
e395e3
e396e3
e397e3
e398e3
e399e3
e39ae3
e39be3
e39ce3
e39de3
e39ee3
e39fe3
e3a0e3
e3a1e3
e3a2e3
e3a3e3
e3a4e3
e3a5e3
e3a6e3
e3a7e3
e3a8e3
e3a9e3
e3aae3
e3abe3
e3ace3
e3ade3
e3aee3
e3afe3
e3b0e3
e3b1e3
e3b2e3
e3b3e3
e3b4e3
e3b5e3
e3b6e3
e3b7e3
e3b8e3
e3b9e3
e3bae3
e3bbe3
e3bce3
e3bde3
e3bee3
e3bfe3
e3c0e4
e3c1e4
e3c2e4
e3c3e4
e3c4e4
e3c5e4
e3c6e4
e3c7e4
e3c8e4
e3c9e4
e3cae4
e3cbe4
e3cce4
e3cde5
e3cee5
e3cfe5
e3d0e5
e3d1e5
e3d2e6
e3d3e6
e3d4e6
e3d5e6
e3d6e6
e3d7e7
e3d8e7
e3d9e8
e3dae8
e3dbe8
e3dce8
e3dde9
e3dee9
e3dfe9
e3e0ea
e3e1ea
e3e2ea
e3e3eb
e3e4ec
e3e5ec
e3e6ec
e3e7ed
e3e8ee
e3e9ee
e3eaf0
e3ebf0
e3ecf1
e3edf1
e3eef2
e3eff2
e3f0f3
e3f1f4
e3f2f5
e3f3f6
e3f4f7
e3f5f8
e3f6f8
e3f7f9
e3f8f9
e3f9fa
e3fafb
e3fbfc
e3fcfd
e3fdfe
e3feff
e3ffff
e400e4
e401e4
e402e4
e403e4
e404e4
e405e4
e406e4
e407e4
e408e4
e409e4
e40ae4
e40be4
e40ce4
e40de4
e40ee4
e40fe4
e410e4
e411e4
e412e4
e413e4
e414e4
e415e4
e416e4
e417e4
e418e4
e419e4
e41ae4
e41be4
e41ce4
e41de4
e41ee4
e41fe4
e420e4
e421e4
e422e4
e423e4
e424e4
e425e4
e426e4
e427e4
e428e4
e429e4
e42ae4
e42be4
e42ce4
e42de4
e42ee4
e42fe4
e430e4
e431e4
e432e4
e433e4
e434e4
e435e4
e436e4
e437e4
e438e4
e439e4
e43ae4
e43be4
e43ce4
e43de4
e43ee4
e43fe4
e440e4
e441e3
e442e3
e443e3
e444e3
e445e3
e446e3
e447e3
e448e3
e449e3
e44ae3
e44be3
e44ce2
e44de2
e44ee2
e44fe2
e450e2
e451e2
e452e2
e453e1
e454e1
e455e1
e456e0
e457e0
e458e0
e459df
e45ade
e45bdd
e45cdc
e45ddb
e45eda
e45fd9
e460d8
e461d4
e462d0
e463c8
e46400
e46548
e46650
e46754
e46858
e4695c
e46a60
e46b62
e46c64
e46d66
e46e68
e46f69
e4706a
e4716c
e4726e
e47370
e47471
e47572
e47673
e47774
e47875
e47977
e47a78
e47b7a
e47c7a
e47d7c
e47e7c
e47f7e
e480e4
e481e4
e482e4
e483e4
e484e4
e485e4
e486e4
e487e4
e488e4
e489e4
e48ae4
e48be4
e48ce4
e48de4
e48ee4
e48fe4
e490e4
e491e4
e492e4
e493e4
e494e4
e495e4
e496e4
e497e4
e498e4
e499e4
e49ae4
e49be4
e49ce4
e49de4
e49ee4
e49fe4
e4a0e4
e4a1e4
e4a2e4
e4a3e4
e4a4e4
e4a5e4
e4a6e4
e4a7e4
e4a8e4
e4a9e4
e4aae4
e4abe4
e4ace4
e4ade4
e4aee4
e4afe4
e4b0e4
e4b1e4
e4b2e4
e4b3e4
e4b4e4
e4b5e4
e4b6e4
e4b7e4
e4b8e4
e4b9e4
e4bae4
e4bbe4
e4bce4
e4bde4
e4bee4
e4bfe4
e4c0e4
e4c1e5
e4c2e5
e4c3e5
e4c4e5
e4c5e5
e4c6e5
e4c7e5
e4c8e5
e4c9e5
e4cae5
e4cbe5
e4cce6
e4cde6
e4cee6
e4cfe6
e4d0e6
e4d1e6
e4d2e6
e4d3e7
e4d4e7
e4d5e7
e4d6e8
e4d7e8
e4d8e8
e4d9e8
e4dae8
e4dbe9
e4dce9
e4dde9
e4deea
e4dfea
e4e0ea
e4e1ea
e4e2eb
e4e3ec
e4e4ec
e4e5ec
e4e6ed
e4e7ee
e4e8ee
e4e9ef
e4eaf0
e4ebf0
e4ecf1
e4edf2
e4eef2
e4eff2
e4f0f3
e4f1f4
e4f2f5
e4f3f6
e4f4f7
e4f5f8
e4f6f8
e4f7f9
e4f8fa
e4f9fa
e4fafc
e4fbfc
e4fcfe
e4fdfe
e4feff
e4ffff
e500e5
e501e5
e502e5
e503e5
e504e5
e505e5
e506e5
e507e5
e508e5
e509e5
e50ae5
e50be5
e50ce5
e50de5
e50ee5
e50fe5
e510e5
e511e5
e512e5
e513e5
e514e5
e515e5
e516e5
e517e5
e518e5
e519e5
e51ae5
e51be5
e51ce5
e51de5
e51ee5
e51fe5
e520e5
e521e5
e522e5
e523e5
e524e5
e525e5
e526e5
e527e5
e528e5
e529e5
e52ae5
e52be5
e52ce5
e52de5
e52ee5
e52fe5
e530e5
e531e5
e532e5
e533e5
e534e5
e535e5
e536e5
e537e5
e538e5
e539e5
e53ae5
e53be5
e53ce5
e53de5
e53ee5
e53fe5
e540e4
e541e4
e542e4
e543e4
e544e4
e545e4
e546e4
e547e4
e548e4
e549e4
e54ae4
e54be4
e54ce4
e54de3
e54ee3
e54fe3
e550e3
e551e3
e552e2
e553e2
e554e2
e555e2
e556e2
e557e1
e558e1
e559e0
e55ae0
e55bdf
e55cde
e55ddd
e55edc
e55fdb
e560da
e561d8
e562d4
e563d0
e564c8
e56500
e56648
e56750
e56854
e5695a
e56a5e
e56b61
e56c63
e56d65
e56e67
e56f68
e5706a
e5716c
e5726e
e57370
e57471
e57572
e57673
e57774
e57875
e57977
e57a78
e57b79
e57c7a
e57d7b
e57e7c
e57f7d
e580e5
e581e5
e582e5
e583e5
e584e5
e585e5
e586e5
e587e5
e588e5
e589e5
e58ae5
e58be5
e58ce5
e58de5
e58ee5
e58fe5
e590e5
e591e5
e592e5
e593e5
e594e5
e595e5
e596e5
e597e5
e598e5
e599e5
e59ae5
e59be5
e59ce5
e59de5
e59ee5
e59fe5
e5a0e5
e5a1e5
e5a2e5
e5a3e5
e5a4e5
e5a5e5
e5a6e5
e5a7e5
e5a8e5
e5a9e5
e5aae5
e5abe5
e5ace5
e5ade5
e5aee5
e5afe5
e5b0e5
e5b1e5
e5b2e5
e5b3e5
e5b4e5
e5b5e5
e5b6e5
e5b7e5
e5b8e5
e5b9e5
e5bae5
e5bbe5
e5bce5
e5bde5
e5bee5
e5bfe5
e5c0e6
e5c1e6
e5c2e6
e5c3e6
e5c4e6
e5c5e6
e5c6e6
e5c7e6
e5c8e6
e5c9e6
e5cae6
e5cbe6
e5cce6
e5cde7
e5cee7
e5cfe7
e5d0e7
e5d1e7
e5d2e8
e5d3e8
e5d4e8
e5d5e8
e5d6e8
e5d7e8
e5d8e8
e5d9e9
e5dae9
e5dbe9
e5dcea
e5ddea
e5deea
e5dfea
e5e0ea
e5e1eb
e5e2ec
e5e3ec
e5e4ec
e5e5ed
e5e6ee
e5e7ee
e5e8ee
e5e9f0
e5eaf0
e5ebf1
e5ecf1
e5edf2
e5eef2
e5eff3
e5f0f3
e5f1f4
e5f2f5
e5f3f6
e5f4f7
e5f5f8
e5f6f9
e5f7f9
e5f8fa
e5f9fb
e5fafc
e5fbfd
e5fcfe
e5fdff
e5feff
e5ffff
e600e6
e601e6
e602e6
e603e6
e604e6
e605e6
e606e6
e607e6
e608e6
e609e6
e60ae6
e60be6
e60ce6
e60de6
e60ee6
e60fe6
e610e6
e611e6
e612e6
e613e6
e614e6
e615e6
e616e6
e617e6
e618e6
e619e6
e61ae6
e61be6
e61ce6
e61de6
e61ee6
e61fe6
e620e6
e621e6
e622e6
e623e6
e624e6
e625e6
e626e6
e627e6
e628e6
e629e6
e62ae6
e62be6
e62ce6
e62de6
e62ee6
e62fe6
e630e6
e631e6
e632e6
e633e6
e634e6
e635e6
e636e6
e637e6
e638e6
e639e6
e63ae6
e63be6
e63ce6
e63de6
e63ee6
e63fe6
e640e6
e641e5
e642e5
e643e5
e644e5
e645e5
e646e5
e647e5
e648e5
e649e5
e64ae5
e64be5
e64ce4
e64de4
e64ee4
e64fe4
e650e4
e651e4
e652e4
e653e3
e654e3
e655e3
e656e2
e657e2
e658e2
e659e2
e65ae1
e65be0
e65ce0
e65ddf
e65ede
e65fdd
e660dc
e661da
e662d8
e663d4
e664d0
e665c8
e66600
e66748
e66850
e66958
e66a5c
e66b60
e66c62
e66d64
e66e66
e66f68
e67069
e6716b
e6726d
e6736f
e67470
e67572
e67672
e67774
e67874
e67976
e67a78
e67b79
e67c7a
e67d7b
e67e7c
e67f7d
e680e6
e681e6
e682e6
e683e6
e684e6
e685e6
e686e6
e687e6
e688e6
e689e6
e68ae6
e68be6
e68ce6
e68de6
e68ee6
e68fe6
e690e6
e691e6
e692e6
e693e6
e694e6
e695e6
e696e6
e697e6
e698e6
e699e6
e69ae6
e69be6
e69ce6
e69de6
e69ee6
e69fe6
e6a0e6
e6a1e6
e6a2e6
e6a3e6
e6a4e6
e6a5e6
e6a6e6
e6a7e6
e6a8e6
e6a9e6
e6aae6
e6abe6
e6ace6
e6ade6
e6aee6
e6afe6
e6b0e6
e6b1e6
e6b2e6
e6b3e6
e6b4e6
e6b5e6
e6b6e6
e6b7e6
e6b8e6
e6b9e6
e6bae6
e6bbe6
e6bce6
e6bde6
e6bee6
e6bfe6
e6c0e6
e6c1e7
e6c2e7
e6c3e7
e6c4e7
e6c5e7
e6c6e7
e6c7e7
e6c8e7
e6c9e7
e6cae7
e6cbe7
e6cce8
e6cde8
e6cee8
e6cfe8
e6d0e8
e6d1e8
e6d2e8
e6d3e8
e6d4e8
e6d5e9
e6d6e9
e6d7e9
e6d8e9
e6d9e9
e6daea
e6dbea
e6dcea
e6ddea
e6deea
e6dfeb
e6e0eb
e6e1ec
e6e2ec
e6e3ec
e6e4ed
e6e5ee
e6e6ee
e6e7ee
e6e8ef
e6e9f0
e6eaf0
e6ebf1
e6ecf2
e6edf2
e6eef2
e6eff3
e6f0f4
e6f1f4
e6f2f6
e6f3f6
e6f4f8
e6f5f8
e6f6f9
e6f7f9
e6f8fa
e6f9fb
e6fafc
e6fbfd
e6fcfe
e6fdff
e6feff
e6ffff
e700e7
e701e7
e702e7
e703e7
e704e7
e705e7
e706e7
e707e7
e708e7
e709e7
e70ae7
e70be7
e70ce7
e70de7
e70ee7
e70fe7
e710e7
e711e7
e712e7
e713e7
e714e7
e715e7
e716e7
e717e7
e718e7
e719e7
e71ae7
e71be7
e71ce7
e71de7
e71ee7
e71fe7
e720e7
e721e7
e722e7
e723e7
e724e7
e725e7
e726e7
e727e7
e728e7
e729e7
e72ae7
e72be7
e72ce7
e72de7
e72ee7
e72fe7
e730e7
e731e7
e732e7
e733e7
e734e7
e735e7
e736e7
e737e7
e738e7
e739e7
e73ae7
e73be7
e73ce7
e73de7
e73ee7
e73fe7
e740e6
e741e6
e742e6
e743e6
e744e6
e745e6
e746e6
e747e6
e748e6
e749e6
e74ae6
e74be6
e74ce6
e74de5
e74ee5
e74fe5
e750e5
e751e5
e752e4
e753e4
e754e4
e755e4
e756e4
e757e3
e758e3
e759e2
e75ae2
e75be2
e75ce1
e75de0
e75ee0
e75fdf
e760de
e761dc
e762da
e763d8
e764d4
e765d0
e766c8
e76700
e76848
e76954
e76a5a
e76b5e
e76c61
e76d63
e76e65
e76f67
e77068
e7716a
e7726c
e7736e
e77470
e77571
e77672
e77773
e77874
e77976
e77a78
e77b79
e77c7a
e77d7b
e77e7c
e77f7d
e780e7
e781e7
e782e7
e783e7
e784e7
e785e7
e786e7
e787e7
e788e7
e789e7
e78ae7
e78be7
e78ce7
e78de7
e78ee7
e78fe7
e790e7
e791e7
e792e7
e793e7
e794e7
e795e7
e796e7
e797e7
e798e7
e799e7
e79ae7
e79be7
e79ce7
e79de7
e79ee7
e79fe7
e7a0e7
e7a1e7
e7a2e7
e7a3e7
e7a4e7
e7a5e7
e7a6e7
e7a7e7
e7a8e7
e7a9e7
e7aae7
e7abe7
e7ace7
e7ade7
e7aee7
e7afe7
e7b0e7
e7b1e7
e7b2e7
e7b3e7
e7b4e7
e7b5e7
e7b6e7
e7b7e7
e7b8e7
e7b9e7
e7bae7
e7bbe7
e7bce7
e7bde7
e7bee7
e7bfe7
e7c0e8
e7c1e8
e7c2e8
e7c3e8
e7c4e8
e7c5e8
e7c6e8
e7c7e8
e7c8e8
e7c9e8
e7cae8
e7cbe8
e7cce8
e7cde8
e7cee8
e7cfe8
e7d0e8
e7d1e9
e7d2e9
e7d3e9
e7d4e9
e7d5e9
e7d6e9
e7d7e9
e7d8ea
e7d9ea
e7daea
e7dbea
e7dcea
e7ddeb
e7deeb
e7dfeb
e7e0ec
e7e1ec
e7e2ec
e7e3ed
e7e4ee
e7e5ee
e7e6ee
e7e7ef
e7e8f0
e7e9f0
e7eaf1
e7ebf1
e7ecf2
e7edf2
e7eef3
e7eff3
e7f0f4
e7f1f5
e7f2f6
e7f3f7
e7f4f8
e7f5f8
e7f6f9
e7f7f9
e7f8fa
e7f9fb
e7fafc
e7fbfd
e7fcfe
e7fdff
e7feff
e7ffff
e800e8
e801e8
e802e8
e803e8
e804e8
e805e8
e806e8
e807e8
e808e8
e809e8
e80ae8
e80be8
e80ce8
e80de8
e80ee8
e80fe8
e810e8
e811e8
e812e8
e813e8
e814e8
e815e8
e816e8
e817e8
e818e8
e819e8
e81ae8
e81be8
e81ce8
e81de8
e81ee8
e81fe8
e820e8
e821e8
e822e8
e823e8
e824e8
e825e8
e826e8
e827e8
e828e8
e829e8
e82ae8
e82be8
e82ce8
e82de8
e82ee8
e82fe8
e830e8
e831e8
e832e8
e833e8
e834e8
e835e8
e836e8
e837e8
e838e8
e839e8
e83ae8
e83be8
e83ce8
e83de8
e83ee8
e83fe8
e840e8
e841e7
e842e7
e843e7
e844e7
e845e7
e846e7
e847e7
e848e7
e849e7
e84ae7
e84be7
e84ce6
e84de6
e84ee6
e84fe6
e850e6
e851e6
e852e6
e853e5
e854e5
e855e5
e856e4
e857e4
e858e4
e859e4
e85ae3
e85be2
e85ce2
e85de2
e85ee1
e85fe0
e860e0
e861de
e862dc
e863da
e864d8
e865d4
e866d0
e867c8
e86800
e86950
e86a58
e86b5c
e86c60
e86d62
e86e64
e86f66
e87068
e8716a
e8726c
e8736e
e87470
e87571
e87672
e87773
e87874
e87976
e87a78
e87b79
e87c7a
e87d7b
e87e7c
e87f7d
e880e8
e881e8
e882e8
e883e8
e884e8
e885e8
e886e8
e887e8
e888e8
e889e8
e88ae8
e88be8
e88ce8
e88de8
e88ee8
e88fe8
e890e8
e891e8
e892e8
e893e8
e894e8
e895e8
e896e8
e897e8
e898e8
e899e8
e89ae8
e89be8
e89ce8
e89de8
e89ee8
e89fe8
e8a0e8
e8a1e8
e8a2e8
e8a3e8
e8a4e8
e8a5e8
e8a6e8
e8a7e8
e8a8e8
e8a9e8
e8aae8
e8abe8
e8ace8
e8ade8
e8aee8
e8afe8
e8b0e8
e8b1e8
e8b2e8
e8b3e8
e8b4e8
e8b5e8
e8b6e8
e8b7e8
e8b8e8
e8b9e8
e8bae8
e8bbe8
e8bce8
e8bde8
e8bee8
e8bfe8
e8c0e8
e8c1e8
e8c2e8
e8c3e8
e8c4e8
e8c5e8
e8c6e8
e8c7e8
e8c8e8
e8c9e9
e8cae9
e8cbe9
e8cce9
e8cde9
e8cee9
e8cfe9
e8d0e9
e8d1e9
e8d2e9
e8d3e9
e8d4ea
e8d5ea
e8d6ea
e8d7ea
e8d8ea
e8d9ea
e8daea
e8dbeb
e8dceb
e8ddeb
e8deec
e8dfec
e8e0ec
e8e1ec
e8e2ed
e8e3ee
e8e4ee
e8e5ee
e8e6ef
e8e7f0
e8e8f0
e8e9f0
e8eaf1
e8ebf2
e8ecf2
e8edf2
e8eef3
e8eff4
e8f0f4
e8f1f5
e8f2f6
e8f3f7
e8f4f8
e8f5f8
e8f6f9
e8f7fa
e8f8fa
e8f9fb
e8fafc
e8fbfd
e8fcfe
e8fdff
e8feff
e8ffff
e900e9
e901e9
e902e9
e903e9
e904e9
e905e9
e906e9
e907e9
e908e9
e909e9
e90ae9
e90be9
e90ce9
e90de9
e90ee9
e90fe9
e910e9
e911e9
e912e9
e913e9
e914e9
e915e9
e916e9
e917e9
e918e9
e919e9
e91ae9
e91be9
e91ce9
e91de9
e91ee9
e91fe9
e920e9
e921e9
e922e9
e923e9
e924e9
e925e9
e926e9
e927e9
e928e9
e929e9
e92ae9
e92be9
e92ce9
e92de9
e92ee9
e92fe9
e930e9
e931e9
e932e9
e933e9
e934e9
e935e9
e936e9
e937e9
e938e9
e939e9
e93ae9
e93be9
e93ce9
e93de9
e93ee9
e93fe9
e940e9
e941e9
e942e9
e943e9
e944e9
e945e9
e946e9
e947e9
e948e8
e949e8
e94ae8
e94be8
e94ce8
e94de8
e94ee8
e94fe8
e950e8
e951e8
e952e8
e953e7
e954e7
e955e7
e956e6
e957e6
e958e6
e959e6
e95ae5
e95be4
e95ce4
e95de4
e95ee3
e95fe2
e960e2
e961e1
e962e0
e963de
e964dc
e965da
e966d8
e967d4
e968d0
e96900
e96a50
e96b58
e96c5c
e96d60
e96e62
e96f64
e97066
e97169
e9726b
e9736d
e9746f
e97570
e97672
e97772
e97874
e97976
e97a78
e97b79
e97c7a
e97d7b
e97e7c
e97f7d
e980e9
e981e9
e982e9
e983e9
e984e9
e985e9
e986e9
e987e9
e988e9
e989e9
e98ae9
e98be9
e98ce9
e98de9
e98ee9
e98fe9
e990e9
e991e9
e992e9
e993e9
e994e9
e995e9
e996e9
e997e9
e998e9
e999e9
e99ae9
e99be9
e99ce9
e99de9
e99ee9
e99fe9
e9a0e9
e9a1e9
e9a2e9
e9a3e9
e9a4e9
e9a5e9
e9a6e9
e9a7e9
e9a8e9
e9a9e9
e9aae9
e9abe9
e9ace9
e9ade9
e9aee9
e9afe9
e9b0e9
e9b1e9
e9b2e9
e9b3e9
e9b4e9
e9b5e9
e9b6e9
e9b7e9
e9b8e9
e9b9e9
e9bae9
e9bbe9
e9bce9
e9bde9
e9bee9
e9bfe9
e9c0e9
e9c1e9
e9c2e9
e9c3e9
e9c4e9
e9c5e9
e9c6e9
e9c7e9
e9c8ea
e9c9ea
e9caea
e9cbea
e9ccea
e9cdea
e9ceea
e9cfea
e9d0ea
e9d1ea
e9d2ea
e9d3ea
e9d4ea
e9d5eb
e9d6eb
e9d7eb
e9d8eb
e9d9eb
e9daec
e9dbec
e9dcec
e9ddec
e9deec
e9dfed
e9e0ed
e9e1ee
e9e2ee
e9e3ee
e9e4ef
e9e5f0
e9e6f0
e9e7f0
e9e8f0
e9e9f1
e9eaf2
e9ebf2
e9ecf2
e9edf3
e9eef4
e9eff4
e9f0f4
e9f1f6
e9f2f6
e9f3f8
e9f4f8
e9f5f9
e9f6f9
e9f7fa
e9f8fa
e9f9fb
e9fafc
e9fbfd
e9fcfe
e9fdff
e9feff
e9ffff
ea00ea
ea01ea
ea02ea
ea03ea
ea04ea
ea05ea
ea06ea
ea07ea
ea08ea
ea09ea
ea0aea
ea0bea
ea0cea
ea0dea
ea0eea
ea0fea
ea10ea
ea11ea
ea12ea
ea13ea
ea14ea
ea15ea
ea16ea
ea17ea
ea18ea
ea19ea
ea1aea
ea1bea
ea1cea
ea1dea
ea1eea
ea1fea
ea20ea
ea21ea
ea22ea
ea23ea
ea24ea
ea25ea
ea26ea
ea27ea
ea28ea
ea29ea
ea2aea
ea2bea
ea2cea
ea2dea
ea2eea
ea2fea
ea30ea
ea31ea
ea32ea
ea33ea
ea34ea
ea35ea
ea36ea
ea37ea
ea38ea
ea39ea
ea3aea
ea3bea
ea3cea
ea3dea
ea3eea
ea3fea
ea40ea
ea41ea
ea42ea
ea43ea
ea44ea
ea45ea
ea46ea
ea47ea
ea48ea
ea49e9
ea4ae9
ea4be9
ea4ce9
ea4de9
ea4ee9
ea4fe9
ea50e9
ea51e9
ea52e9
ea53e9
ea54e8
ea55e8
ea56e8
ea57e8
ea58e8
ea59e8
ea5ae7
ea5be6
ea5ce6
ea5de6
ea5ee5
ea5fe4
ea60e4
ea61e3
ea62e2
ea63e1
ea64e0
ea65de
ea66dc
ea67da
ea68d8
ea69d0
ea6a00
ea6b50
ea6c58
ea6d5c
ea6e60
ea6f62
ea7064
ea7168
ea726a
ea736c
ea746e
ea7570
ea7671
ea7772
ea7873
ea7975
ea7a77
ea7b78
ea7c7a
ea7d7a
ea7e7c
ea7f7c
ea80ea
ea81ea
ea82ea
ea83ea
ea84ea
ea85ea
ea86ea
ea87ea
ea88ea
ea89ea
ea8aea
ea8bea
ea8cea
ea8dea
ea8eea
ea8fea
ea90ea
ea91ea
ea92ea
ea93ea
ea94ea
ea95ea
ea96ea
ea97ea
ea98ea
ea99ea
ea9aea
ea9bea
ea9cea
ea9dea
ea9eea
ea9fea
eaa0ea
eaa1ea
eaa2ea
eaa3ea
eaa4ea
eaa5ea
eaa6ea
eaa7ea
eaa8ea
eaa9ea
eaaaea
eaabea
eaacea
eaadea
eaaeea
eaafea
eab0ea
eab1ea
eab2ea
eab3ea
eab4ea
eab5ea
eab6ea
eab7ea
eab8ea
eab9ea
eabaea
eabbea
eabcea
eabdea
eabeea
eabfea
eac0ea
eac1ea
eac2ea
eac3ea
eac4ea
eac5ea
eac6ea
eac7ea
eac8ea
eac9eb
eacaeb
eacbeb
eacceb
eacdeb
eaceeb
eacfeb
ead0eb
ead1eb
ead2eb
ead3eb
ead4ec
ead5ec
ead6ec
ead7ec
ead8ec
ead9ec
eadaec
eadbed
eadced
eadded
eadeee
eadfee
eae0ee
eae1ee
eae2ef
eae3f0
eae4f0
eae5f0
eae6f0
eae7f1
eae8f1
eae9f2
eaeaf2
eaebf2
eaecf3
eaedf4
eaeef4
eaeff4
eaf0f5
eaf1f6
eaf2f7
eaf3f8
eaf4f8
eaf5f9
eaf6fa
eaf7fa
eaf8fa
eaf9fc
eafafc
eafbfe
eafcfe
eafdff
eafeff
eaffff
eb00eb
eb01eb
eb02eb
eb03eb
eb04eb
eb05eb
eb06eb
eb07eb
eb08eb
eb09eb
eb0aeb
eb0beb
eb0ceb
eb0deb
eb0eeb
eb0feb
eb10eb
eb11eb
eb12eb
eb13eb
eb14eb
eb15eb
eb16eb
eb17eb
eb18eb
eb19eb
eb1aeb
eb1beb
eb1ceb
eb1deb
eb1eeb
eb1feb
eb20eb
eb21eb
eb22eb
eb23eb
eb24eb
eb25eb
eb26eb
eb27eb
eb28eb
eb29eb
eb2aeb
eb2beb
eb2ceb
eb2deb
eb2eeb
eb2feb
eb30eb
eb31eb
eb32eb
eb33eb
eb34eb
eb35eb
eb36eb
eb37eb
eb38eb
eb39eb
eb3aeb
eb3beb
eb3ceb
eb3deb
eb3eeb
eb3feb
eb40eb
eb41eb
eb42eb
eb43eb
eb44eb
eb45eb
eb46eb
eb47eb
eb48ea
eb49ea
eb4aea
eb4bea
eb4cea
eb4dea
eb4eea
eb4fea
eb50ea
eb51ea
eb52ea
eb53ea
eb54ea
eb55e9
eb56e9
eb57e9
eb58e9
eb59e9
eb5ae8
eb5be8
eb5ce8
eb5de8
eb5ee7
eb5fe6
eb60e6
eb61e5
eb62e4
eb63e3
eb64e2
eb65e1
eb66e0
eb67de
eb68dc
eb69d8
eb6ad0
eb6b00
eb6c50
eb6d58
eb6e5c
eb6f60
eb7062
eb7166
eb7269
eb736b
eb746d
eb756f
eb7670
eb7772
eb7872
eb7974
eb7a76
eb7b78
eb7c79
eb7d7a
eb7e7b
eb7f7c
eb80eb
eb81eb
eb82eb
eb83eb
eb84eb
eb85eb
eb86eb
eb87eb
eb88eb
eb89eb
eb8aeb
eb8beb
eb8ceb
eb8deb
eb8eeb
eb8feb
eb90eb
eb91eb
eb92eb
eb93eb
eb94eb
eb95eb
eb96eb
eb97eb
eb98eb
eb99eb
eb9aeb
eb9beb
eb9ceb
eb9deb
eb9eeb
eb9feb
eba0eb
eba1eb
eba2eb
eba3eb
eba4eb
eba5eb
eba6eb
eba7eb
eba8eb
eba9eb
ebaaeb
ebabeb
ebaceb
ebadeb
ebaeeb
ebafeb
ebb0eb
ebb1eb
ebb2eb
ebb3eb
ebb4eb
ebb5eb
ebb6eb
ebb7eb
ebb8eb
ebb9eb
ebbaeb
ebbbeb
ebbceb
ebbdeb
ebbeeb
ebbfeb
ebc0eb
ebc1eb
ebc2eb
ebc3eb
ebc4eb
ebc5eb
ebc6eb
ebc7eb
ebc8ec
ebc9ec
ebcaec
ebcbec
ebccec
ebcdec
ebceec
ebcfec
ebd0ec
ebd1ec
ebd2ec
ebd3ec
ebd4ec
ebd5ed
ebd6ed
ebd7ed
ebd8ed
ebd9ed
ebdaee
ebdbee
ebdcee
ebddee
ebdeee
ebdfef
ebe0ef
ebe1f0
ebe2f0
ebe3f0
ebe4f0
ebe5f1
ebe6f1
ebe7f1
ebe8f2
ebe9f2
ebeaf2
ebebf3
ebecf4
ebedf4
ebeef4
ebeff5
ebf0f6
ebf1f6
ebf2f8
ebf3f8
ebf4f9
ebf5f9
ebf6fa
ebf7fa
ebf8fb
ebf9fc
ebfafd
ebfbfe
ebfcff
ebfdff
ebfeff
ebffff
ec00ec
ec01ec
ec02ec
ec03ec
ec04ec
ec05ec
ec06ec
ec07ec
ec08ec
ec09ec
ec0aec
ec0bec
ec0cec
ec0dec
ec0eec
ec0fec
ec10ec
ec11ec
ec12ec
ec13ec
ec14ec
ec15ec
ec16ec
ec17ec
ec18ec
ec19ec
ec1aec
ec1bec
ec1cec
ec1dec
ec1eec
ec1fec
ec20ec
ec21ec
ec22ec
ec23ec
ec24ec
ec25ec
ec26ec
ec27ec
ec28ec
ec29ec
ec2aec
ec2bec
ec2cec
ec2dec
ec2eec
ec2fec
ec30ec
ec31ec
ec32ec
ec33ec
ec34ec
ec35ec
ec36ec
ec37ec
ec38ec
ec39ec
ec3aec
ec3bec
ec3cec
ec3dec
ec3eec
ec3fec
ec40ec
ec41ec
ec42ec
ec43ec
ec44ec
ec45ec
ec46ec
ec47ec
ec48ec
ec49eb
ec4aeb
ec4beb
ec4ceb
ec4deb
ec4eeb
ec4feb
ec50eb
ec51eb
ec52eb
ec53eb
ec54ea
ec55ea
ec56ea
ec57ea
ec58ea
ec59ea
ec5aea
ec5be9
ec5ce9
ec5de9
ec5ee8
ec5fe8
ec60e8
ec61e7
ec62e6
ec63e5
ec64e4
ec65e3
ec66e2
ec67e1
ec68e0
ec69dc
ec6ad8
ec6bd0
ec6c00
ec6d50
ec6e58
ec6f5c
ec7060
ec7164
ec7268
ec736a
ec746c
ec756e
ec7670
ec7771
ec7872
ec7974
ec7a76
ec7b78
ec7c79
ec7d7a
ec7e7b
ec7f7c
ec80ec
ec81ec
ec82ec
ec83ec
ec84ec
ec85ec
ec86ec
ec87ec
ec88ec
ec89ec
ec8aec
ec8bec
ec8cec
ec8dec
ec8eec
ec8fec
ec90ec
ec91ec
ec92ec
ec93ec
ec94ec
ec95ec
ec96ec
ec97ec
ec98ec
ec99ec
ec9aec
ec9bec
ec9cec
ec9dec
ec9eec
ec9fec
eca0ec
eca1ec
eca2ec
eca3ec
eca4ec
eca5ec
eca6ec
eca7ec
eca8ec
eca9ec
ecaaec
ecabec
ecacec
ecadec
ecaeec
ecafec
ecb0ec
ecb1ec
ecb2ec
ecb3ec
ecb4ec
ecb5ec
ecb6ec
ecb7ec
ecb8ec
ecb9ec
ecbaec
ecbbec
ecbcec
ecbdec
ecbeec
ecbfec
ecc0ec
ecc1ec
ecc2ec
ecc3ec
ecc4ec
ecc5ec
ecc6ec
ecc7ec
ecc8ec
ecc9ed
eccaed
eccbed
eccced
eccded
ecceed
eccfed
ecd0ed
ecd1ed
ecd2ed
ecd3ed
ecd4ee
ecd5ee
ecd6ee
ecd7ee
ecd8ee
ecd9ee
ecdaee
ecdbef
ecdcef
ecddef
ecdef0
ecdff0
ece0f0
ece1f0
ece2f0
ece3f1
ece4f1
ece5f1
ece6f2
ece7f2
ece8f2
ece9f2
eceaf3
ecebf4
ececf4
ecedf4
eceef5
eceff6
ecf0f6
ecf1f7
ecf2f8
ecf3f8
ecf4f9
ecf5fa
ecf6fa
ecf7fa
ecf8fb
ecf9fc
ecfafd
ecfbfe
ecfcff
ecfdff
ecfeff
ecffff
ed00ed
ed01ed
ed02ed
ed03ed
ed04ed
ed05ed
ed06ed
ed07ed
ed08ed
ed09ed
ed0aed
ed0bed
ed0ced
ed0ded
ed0eed
ed0fed
ed10ed
ed11ed
ed12ed
ed13ed
ed14ed
ed15ed
ed16ed
ed17ed
ed18ed
ed19ed
ed1aed
ed1bed
ed1ced
ed1ded
ed1eed
ed1fed
ed20ed
ed21ed
ed22ed
ed23ed
ed24ed
ed25ed
ed26ed
ed27ed
ed28ed
ed29ed
ed2aed
ed2bed
ed2ced
ed2ded
ed2eed
ed2fed
ed30ed
ed31ed
ed32ed
ed33ed
ed34ed
ed35ed
ed36ed
ed37ed
ed38ed
ed39ed
ed3aed
ed3bed
ed3ced
ed3ded
ed3eed
ed3fed
ed40ed
ed41ed
ed42ed
ed43ed
ed44ed
ed45ed
ed46ed
ed47ed
ed48ec
ed49ec
ed4aec
ed4bec
ed4cec
ed4dec
ed4eec
ed4fec
ed50ec
ed51ec
ed52ec
ed53ec
ed54ec
ed55eb
ed56eb
ed57eb
ed58eb
ed59eb
ed5aea
ed5bea
ed5cea
ed5dea
ed5eea
ed5fe9
ed60e9
ed61e8
ed62e8
ed63e7
ed64e6
ed65e5
ed66e4
ed67e3
ed68e2
ed69e0
ed6adc
ed6bd8
ed6cd0
ed6d00
ed6e50
ed6f58
ed705c
ed7162
ed7266
ed7369
ed746b
ed756d
ed766f
ed7770
ed7872
ed7974
ed7a76
ed7b78
ed7c79
ed7d7a
ed7e7b
ed7f7c
ed80ed
ed81ed
ed82ed
ed83ed
ed84ed
ed85ed
ed86ed
ed87ed
ed88ed
ed89ed
ed8aed
ed8bed
ed8ced
ed8ded
ed8eed
ed8fed
ed90ed
ed91ed
ed92ed
ed93ed
ed94ed
ed95ed
ed96ed
ed97ed
ed98ed
ed99ed
ed9aed
ed9bed
ed9ced
ed9ded
ed9eed
ed9fed
eda0ed
eda1ed
eda2ed
eda3ed
eda4ed
eda5ed
eda6ed
eda7ed
eda8ed
eda9ed
edaaed
edabed
edaced
edaded
edaeed
edafed
edb0ed
edb1ed
edb2ed
edb3ed
edb4ed
edb5ed
edb6ed
edb7ed
edb8ed
edb9ed
edbaed
edbbed
edbced
edbded
edbeed
edbfed
edc0ed
edc1ed
edc2ed
edc3ed
edc4ed
edc5ed
edc6ed
edc7ed
edc8ee
edc9ee
edcaee
edcbee
edccee
edcdee
edceee
edcfee
edd0ee
edd1ee
edd2ee
edd3ee
edd4ee
edd5ef
edd6ef
edd7ef
edd8ef
edd9ef
eddaf0
eddbf0
eddcf0
edddf0
eddef0
eddff0
ede0f0
ede1f1
ede2f1
ede3f1
ede4f2
ede5f2
ede6f2
ede7f2
ede8f2
ede9f3
edeaf4
edebf4
edecf4
ededf5
edeef6
edeff6
edf0f6
edf1f8
edf2f8
edf3f9
edf4f9
edf5fa
edf6fa
edf7fb
edf8fb
edf9fc
edfafd
edfbfe
edfcff
edfdff
edfeff
edffff
ee00ee
ee01ee
ee02ee
ee03ee
ee04ee
ee05ee
ee06ee
ee07ee
ee08ee
ee09ee
ee0aee
ee0bee
ee0cee
ee0dee
ee0eee
ee0fee
ee10ee
ee11ee
ee12ee
ee13ee
ee14ee
ee15ee
ee16ee
ee17ee
ee18ee
ee19ee
ee1aee
ee1bee
ee1cee
ee1dee
ee1eee
ee1fee
ee20ee
ee21ee
ee22ee
ee23ee
ee24ee
ee25ee
ee26ee
ee27ee
ee28ee
ee29ee
ee2aee
ee2bee
ee2cee
ee2dee
ee2eee
ee2fee
ee30ee
ee31ee
ee32ee
ee33ee
ee34ee
ee35ee
ee36ee
ee37ee
ee38ee
ee39ee
ee3aee
ee3bee
ee3cee
ee3dee
ee3eee
ee3fee
ee40ee
ee41ee
ee42ee
ee43ee
ee44ee
ee45ee
ee46ee
ee47ee
ee48ee
ee49ed
ee4aed
ee4bed
ee4ced
ee4ded
ee4eed
ee4fed
ee50ed
ee51ed
ee52ed
ee53ed
ee54ec
ee55ec
ee56ec
ee57ec
ee58ec
ee59ec
ee5aec
ee5beb
ee5ceb
ee5deb
ee5eea
ee5fea
ee60ea
ee61ea
ee62e9
ee63e8
ee64e8
ee65e7
ee66e6
ee67e5
ee68e4
ee69e2
ee6ae0
ee6bdc
ee6cd8
ee6dd0
ee6e00
ee6f50
ee7058
ee7160
ee7264
ee7368
ee746a
ee756c
ee766e
ee7770
ee7871
ee7973
ee7a75
ee7b77
ee7c78
ee7d7a
ee7e7a
ee7f7c
ee80ee
ee81ee
ee82ee
ee83ee
ee84ee
ee85ee
ee86ee
ee87ee
ee88ee
ee89ee
ee8aee
ee8bee
ee8cee
ee8dee
ee8eee
ee8fee
ee90ee
ee91ee
ee92ee
ee93ee
ee94ee
ee95ee
ee96ee
ee97ee
ee98ee
ee99ee
ee9aee
ee9bee
ee9cee
ee9dee
ee9eee
ee9fee
eea0ee
eea1ee
eea2ee
eea3ee
eea4ee
eea5ee
eea6ee
eea7ee
eea8ee
eea9ee
eeaaee
eeabee
eeacee
eeadee
eeaeee
eeafee
eeb0ee
eeb1ee
eeb2ee
eeb3ee
eeb4ee
eeb5ee
eeb6ee
eeb7ee
eeb8ee
eeb9ee
eebaee
eebbee
eebcee
eebdee
eebeee
eebfee
eec0ee
eec1ee
eec2ee
eec3ee
eec4ee
eec5ee
eec6ee
eec7ee
eec8ee
eec9ef
eecaef
eecbef
eeccef
eecdef
eeceef
eecfef
eed0ef
eed1ef
eed2ef
eed3ef
eed4f0
eed5f0
eed6f0
eed7f0
eed8f0
eed9f0
eedaf0
eedbf0
eedcf0
eeddf1
eedef1
eedff1
eee0f1
eee1f1
eee2f2
eee3f2
eee4f2
eee5f2
eee6f2
eee7f3
eee8f3
eee9f4
eeeaf4
eeebf4
eeecf5
eeedf6
eeeef6
eeeff6
eef0f7
eef1f8
eef2f8
eef3f9
eef4fa
eef5fa
eef6fa
eef7fb
eef8fc
eef9fc
eefafe
eefbfe
eefcff
eefdff
eefeff
eeffff
ef00ef
ef01ef
ef02ef
ef03ef
ef04ef
ef05ef
ef06ef
ef07ef
ef08ef
ef09ef
ef0aef
ef0bef
ef0cef
ef0def
ef0eef
ef0fef
ef10ef
ef11ef
ef12ef
ef13ef
ef14ef
ef15ef
ef16ef
ef17ef
ef18ef
ef19ef
ef1aef
ef1bef
ef1cef
ef1def
ef1eef
ef1fef
ef20ef
ef21ef
ef22ef
ef23ef
ef24ef
ef25ef
ef26ef
ef27ef
ef28ef
ef29ef
ef2aef
ef2bef
ef2cef
ef2def
ef2eef
ef2fef
ef30ef
ef31ef
ef32ef
ef33ef
ef34ef
ef35ef
ef36ef
ef37ef
ef38ef
ef39ef
ef3aef
ef3bef
ef3cef
ef3def
ef3eef
ef3fef
ef40ef
ef41ef
ef42ef
ef43ef
ef44ef
ef45ef
ef46ef
ef47ef
ef48ee
ef49ee
ef4aee
ef4bee
ef4cee
ef4dee
ef4eee
ef4fee
ef50ee
ef51ee
ef52ee
ef53ee
ef54ee
ef55ed
ef56ed
ef57ed
ef58ed
ef59ed
ef5aec
ef5bec
ef5cec
ef5dec
ef5eec
ef5feb
ef60eb
ef61ea
ef62ea
ef63ea
ef64e9
ef65e8
ef66e8
ef67e7
ef68e6
ef69e4
ef6ae2
ef6be0
ef6cdc
ef6dd8
ef6ed0
ef6f00
ef7050
ef715c
ef7262
ef7366
ef7469
ef756b
ef766d
ef776f
ef7870
ef7972
ef7a74
ef7b76
ef7c78
ef7d79
ef7e7a
ef7f7b
ef80ef
ef81ef
ef82ef
ef83ef
ef84ef
ef85ef
ef86ef
ef87ef
ef88ef
ef89ef
ef8aef
ef8bef
ef8cef
ef8def
ef8eef
ef8fef
ef90ef
ef91ef
ef92ef
ef93ef
ef94ef
ef95ef
ef96ef
ef97ef
ef98ef
ef99ef
ef9aef
ef9bef
ef9cef
ef9def
ef9eef
ef9fef
efa0ef
efa1ef
efa2ef
efa3ef
efa4ef
efa5ef
efa6ef
efa7ef
efa8ef
efa9ef
efaaef
efabef
efacef
efadef
efaeef
efafef
efb0ef
efb1ef
efb2ef
efb3ef
efb4ef
efb5ef
efb6ef
efb7ef
efb8ef
efb9ef
efbaef
efbbef
efbcef
efbdef
efbeef
efbfef
efc0ef
efc1ef
efc2ef
efc3ef
efc4ef
efc5ef
efc6ef
efc7ef
efc8f0
efc9f0
efcaf0
efcbf0
efccf0
efcdf0
efcef0
efcff0
efd0f0
efd1f0
efd2f0
efd3f0
efd4f0
efd5f0
efd6f0
efd7f0
efd8f0
efd9f1
efdaf1
efdbf1
efdcf1
efddf1
efdef1
efdff1
efe0f2
efe1f2
efe2f2
efe3f2
efe4f2
efe5f3
efe6f3
efe7f3
efe8f4
efe9f4
efeaf4
efebf5
efecf6
efedf6
efeef6
efeff7
eff0f8
eff1f8
eff2f9
eff3f9
eff4fa
eff5fa
eff6fb
eff7fb
eff8fc
eff9fd
effafe
effbff
effcff
effdff
effeff
efffff
f000f0
f001f0
f002f0
f003f0
f004f0
f005f0
f006f0
f007f0
f008f0
f009f0
f00af0
f00bf0
f00cf0
f00df0
f00ef0
f00ff0
f010f0
f011f0
f012f0
f013f0
f014f0
f015f0
f016f0
f017f0
f018f0
f019f0
f01af0
f01bf0
f01cf0
f01df0
f01ef0
f01ff0
f020f0
f021f0
f022f0
f023f0
f024f0
f025f0
f026f0
f027f0
f028f0
f029f0
f02af0
f02bf0
f02cf0
f02df0
f02ef0
f02ff0
f030f0
f031f0
f032f0
f033f0
f034f0
f035f0
f036f0
f037f0
f038f0
f039f0
f03af0
f03bf0
f03cf0
f03df0
f03ef0
f03ff0
f040f0
f041f0
f042f0
f043f0
f044f0
f045f0
f046f0
f047f0
f048f0
f049ef
f04aef
f04bef
f04cef
f04def
f04eef
f04fef
f050ef
f051ef
f052ef
f053ef
f054ee
f055ee
f056ee
f057ee
f058ee
f059ee
f05aee
f05bed
f05ced
f05ded
f05eec
f05fec
f060ec
f061ec
f062eb
f063ea
f064ea
f065ea
f066e9
f067e8
f068e8
f069e6
f06ae4
f06be2
f06ce0
f06ddc
f06ed8
f06fd0
f07000
f07158
f07260
f07364
f07468
f0756a
f0766c
f0776e
f07870
f07972
f07a74
f07b76
f07c78
f07d79
f07e7a
f07f7b
f080f0
f081f0
f082f0
f083f0
f084f0
f085f0
f086f0
f087f0
f088f0
f089f0
f08af0
f08bf0
f08cf0
f08df0
f08ef0
f08ff0
f090f0
f091f0
f092f0
f093f0
f094f0
f095f0
f096f0
f097f0
f098f0
f099f0
f09af0
f09bf0
f09cf0
f09df0
f09ef0
f09ff0
f0a0f0
f0a1f0
f0a2f0
f0a3f0
f0a4f0
f0a5f0
f0a6f0
f0a7f0
f0a8f0
f0a9f0
f0aaf0
f0abf0
f0acf0
f0adf0
f0aef0
f0aff0
f0b0f0
f0b1f0
f0b2f0
f0b3f0
f0b4f0
f0b5f0
f0b6f0
f0b7f0
f0b8f0
f0b9f0
f0baf0
f0bbf0
f0bcf0
f0bdf0
f0bef0
f0bff0
f0c0f0
f0c1f0
f0c2f0
f0c3f0
f0c4f0
f0c5f0
f0c6f0
f0c7f0
f0c8f0
f0c9f0
f0caf0
f0cbf0
f0ccf0
f0cdf0
f0cef0
f0cff0
f0d0f0
f0d1f1
f0d2f1
f0d3f1
f0d4f1
f0d5f1
f0d6f1
f0d7f1
f0d8f1
f0d9f1
f0daf1
f0dbf1
f0dcf2
f0ddf2
f0def2
f0dff2
f0e0f2
f0e1f2
f0e2f2
f0e3f3
f0e4f3
f0e5f3
f0e6f4
f0e7f4
f0e8f4
f0e9f4
f0eaf5
f0ebf6
f0ecf6
f0edf6
f0eef7
f0eff8
f0f0f8
f0f1f8
f0f2f9
f0f3fa
f0f4fa
f0f5fa
f0f6fb
f0f7fc
f0f8fc
f0f9fd
f0fafe
f0fbff
f0fcff
f0fdff
f0feff
f0ffff
f100f1
f101f1
f102f1
f103f1
f104f1
f105f1
f106f1
f107f1
f108f1
f109f1
f10af1
f10bf1
f10cf1
f10df1
f10ef1
f10ff1
f110f1
f111f1
f112f1
f113f1
f114f1
f115f1
f116f1
f117f1
f118f1
f119f1
f11af1
f11bf1
f11cf1
f11df1
f11ef1
f11ff1
f120f1
f121f1
f122f1
f123f1
f124f1
f125f1
f126f1
f127f1
f128f1
f129f1
f12af1
f12bf1
f12cf1
f12df1
f12ef1
f12ff1
f130f1
f131f1
f132f1
f133f1
f134f1
f135f1
f136f1
f137f1
f138f1
f139f1
f13af1
f13bf1
f13cf1
f13df1
f13ef1
f13ff1
f140f1
f141f1
f142f1
f143f1
f144f1
f145f1
f146f1
f147f1
f148f1
f149f1
f14af1
f14bf1
f14cf1
f14df1
f14ef1
f14ff1
f150f0
f151f0
f152f0
f153f0
f154f0
f155f0
f156f0
f157f0
f158f0
f159f0
f15af0
f15bef
f15cef
f15def
f15eee
f15fee
f160ee
f161ee
f162ed
f163ec
f164ec
f165ec
f166eb
f167ea
f168ea
f169e9
f16ae8
f16be6
f16ce4
f16de2
f16ee0
f16fdc
f170d8
f17100
f17258
f17360
f17464
f17568
f1766a
f1776c
f1786e
f17971
f17a73
f17b75
f17c77
f17d78
f17e7a
f17f7a
f180f1
f181f1
f182f1
f183f1
f184f1
f185f1
f186f1
f187f1
f188f1
f189f1
f18af1
f18bf1
f18cf1
f18df1
f18ef1
f18ff1
f190f1
f191f1
f192f1
f193f1
f194f1
f195f1
f196f1
f197f1
f198f1
f199f1
f19af1
f19bf1
f19cf1
f19df1
f19ef1
f19ff1
f1a0f1
f1a1f1
f1a2f1
f1a3f1
f1a4f1
f1a5f1
f1a6f1
f1a7f1
f1a8f1
f1a9f1
f1aaf1
f1abf1
f1acf1
f1adf1
f1aef1
f1aff1
f1b0f1
f1b1f1
f1b2f1
f1b3f1
f1b4f1
f1b5f1
f1b6f1
f1b7f1
f1b8f1
f1b9f1
f1baf1
f1bbf1
f1bcf1
f1bdf1
f1bef1
f1bff1
f1c0f1
f1c1f1
f1c2f1
f1c3f1
f1c4f1
f1c5f1
f1c6f1
f1c7f1
f1c8f1
f1c9f1
f1caf1
f1cbf1
f1ccf1
f1cdf1
f1cef1
f1cff1
f1d0f2
f1d1f2
f1d2f2
f1d3f2
f1d4f2
f1d5f2
f1d6f2
f1d7f2
f1d8f2
f1d9f2
f1daf2
f1dbf2
f1dcf2
f1ddf3
f1def3
f1dff3
f1e0f3
f1e1f3
f1e2f4
f1e3f4
f1e4f4
f1e5f4
f1e6f4
f1e7f5
f1e8f5
f1e9f6
f1eaf6
f1ebf6
f1ecf7
f1edf8
f1eef8
f1eff8
f1f0f8
f1f1f9
f1f2fa
f1f3fa
f1f4fa
f1f5fb
f1f6fc
f1f7fc
f1f8fc
f1f9fe
f1fafe
f1fbff
f1fcff
f1fdff
f1feff
f1ffff
f200f2
f201f2
f202f2
f203f2
f204f2
f205f2
f206f2
f207f2
f208f2
f209f2
f20af2
f20bf2
f20cf2
f20df2
f20ef2
f20ff2
f210f2
f211f2
f212f2
f213f2
f214f2
f215f2
f216f2
f217f2
f218f2
f219f2
f21af2
f21bf2
f21cf2
f21df2
f21ef2
f21ff2
f220f2
f221f2
f222f2
f223f2
f224f2
f225f2
f226f2
f227f2
f228f2
f229f2
f22af2
f22bf2
f22cf2
f22df2
f22ef2
f22ff2
f230f2
f231f2
f232f2
f233f2
f234f2
f235f2
f236f2
f237f2
f238f2
f239f2
f23af2
f23bf2
f23cf2
f23df2
f23ef2
f23ff2
f240f2
f241f2
f242f2
f243f2
f244f2
f245f2
f246f2
f247f2
f248f2
f249f2
f24af2
f24bf2
f24cf2
f24df2
f24ef2
f24ff2
f250f2
f251f1
f252f1
f253f1
f254f1
f255f1
f256f1
f257f1
f258f1
f259f1
f25af1
f25bf1
f25cf0
f25df0
f25ef0
f25ff0
f260f0
f261f0
f262ef
f263ee
f264ee
f265ee
f266ed
f267ec
f268ec
f269eb
f26aea
f26be9
f26ce8
f26de6
f26ee4
f26fe2
f270e0
f271d8
f27200
f27358
f27460
f27564
f27668
f2776a
f2786c
f27970
f27a72
f27b74
f27c76
f27d78
f27e79
f27f7a
f280f2
f281f2
f282f2
f283f2
f284f2
f285f2
f286f2
f287f2
f288f2
f289f2
f28af2
f28bf2
f28cf2
f28df2
f28ef2
f28ff2
f290f2
f291f2
f292f2
f293f2
f294f2
f295f2
f296f2
f297f2
f298f2
f299f2
f29af2
f29bf2
f29cf2
f29df2
f29ef2
f29ff2
f2a0f2
f2a1f2
f2a2f2
f2a3f2
f2a4f2
f2a5f2
f2a6f2
f2a7f2
f2a8f2
f2a9f2
f2aaf2
f2abf2
f2acf2
f2adf2
f2aef2
f2aff2
f2b0f2
f2b1f2
f2b2f2
f2b3f2
f2b4f2
f2b5f2
f2b6f2
f2b7f2
f2b8f2
f2b9f2
f2baf2
f2bbf2
f2bcf2
f2bdf2
f2bef2
f2bff2
f2c0f2
f2c1f2
f2c2f2
f2c3f2
f2c4f2
f2c5f2
f2c6f2
f2c7f2
f2c8f2
f2c9f2
f2caf2
f2cbf2
f2ccf2
f2cdf2
f2cef2
f2cff2
f2d0f2
f2d1f3
f2d2f3
f2d3f3
f2d4f3
f2d5f3
f2d6f3
f2d7f3
f2d8f3
f2d9f3
f2daf3
f2dbf3
f2dcf4
f2ddf4
f2def4
f2dff4
f2e0f4
f2e1f4
f2e2f4
f2e3f5
f2e4f5
f2e5f5
f2e6f6
f2e7f6
f2e8f6
f2e9f6
f2eaf7
f2ebf8
f2ecf8
f2edf8
f2eef8
f2eff9
f2f0f9
f2f1fa
f2f2fa
f2f3fa
f2f4fb
f2f5fc
f2f6fc
f2f7fc
f2f8fd
f2f9fe
f2faff
f2fbff
f2fcff
f2fdff
f2feff
f2ffff
f300f3
f301f3
f302f3
f303f3
f304f3
f305f3
f306f3
f307f3
f308f3
f309f3
f30af3
f30bf3
f30cf3
f30df3
f30ef3
f30ff3
f310f3
f311f3
f312f3
f313f3
f314f3
f315f3
f316f3
f317f3
f318f3
f319f3
f31af3
f31bf3
f31cf3
f31df3
f31ef3
f31ff3
f320f3
f321f3
f322f3
f323f3
f324f3
f325f3
f326f3
f327f3
f328f3
f329f3
f32af3
f32bf3
f32cf3
f32df3
f32ef3
f32ff3
f330f3
f331f3
f332f3
f333f3
f334f3
f335f3
f336f3
f337f3
f338f3
f339f3
f33af3
f33bf3
f33cf3
f33df3
f33ef3
f33ff3
f340f3
f341f3
f342f3
f343f3
f344f3
f345f3
f346f3
f347f3
f348f3
f349f3
f34af3
f34bf3
f34cf3
f34df3
f34ef3
f34ff3
f350f2
f351f2
f352f2
f353f2
f354f2
f355f2
f356f2
f357f2
f358f2
f359f2
f35af2
f35bf2
f35cf2
f35df1
f35ef1
f35ff1
f360f1
f361f1
f362f0
f363f0
f364f0
f365f0
f366ef
f367ee
f368ee
f369ed
f36aec
f36beb
f36cea
f36de9
f36ee8
f36fe6
f370e4
f371e0
f372d8
f37300
f37458
f37560
f37664
f37768
f3786a
f3796e
f37a71
f37b73
f37c75
f37d77
f37e78
f37f7a
f380f3
f381f3
f382f3
f383f3
f384f3
f385f3
f386f3
f387f3
f388f3
f389f3
f38af3
f38bf3
f38cf3
f38df3
f38ef3
f38ff3
f390f3
f391f3
f392f3
f393f3
f394f3
f395f3
f396f3
f397f3
f398f3
f399f3
f39af3
f39bf3
f39cf3
f39df3
f39ef3
f39ff3
f3a0f3
f3a1f3
f3a2f3
f3a3f3
f3a4f3
f3a5f3
f3a6f3
f3a7f3
f3a8f3
f3a9f3
f3aaf3
f3abf3
f3acf3
f3adf3
f3aef3
f3aff3
f3b0f3
f3b1f3
f3b2f3
f3b3f3
f3b4f3
f3b5f3
f3b6f3
f3b7f3
f3b8f3
f3b9f3
f3baf3
f3bbf3
f3bcf3
f3bdf3
f3bef3
f3bff3
f3c0f3
f3c1f3
f3c2f3
f3c3f3
f3c4f3
f3c5f3
f3c6f3
f3c7f3
f3c8f3
f3c9f3
f3caf3
f3cbf3
f3ccf3
f3cdf3
f3cef3
f3cff3
f3d0f4
f3d1f4
f3d2f4
f3d3f4
f3d4f4
f3d5f4
f3d6f4
f3d7f4
f3d8f4
f3d9f4
f3daf4
f3dbf4
f3dcf4
f3ddf5
f3def5
f3dff5
f3e0f5
f3e1f5
f3e2f6
f3e3f6
f3e4f6
f3e5f6
f3e6f6
f3e7f7
f3e8f7
f3e9f8
f3eaf8
f3ebf8
f3ecf8
f3edf9
f3eef9
f3eff9
f3f0fa
f3f1fa
f3f2fa
f3f3fb
f3f4fc
f3f5fc
f3f6fc
f3f7fd
f3f8fe
f3f9fe
f3faff
f3fbff
f3fcff
f3fdff
f3feff
f3ffff
f400f4
f401f4
f402f4
f403f4
f404f4
f405f4
f406f4
f407f4
f408f4
f409f4
f40af4
f40bf4
f40cf4
f40df4
f40ef4
f40ff4
f410f4
f411f4
f412f4
f413f4
f414f4
f415f4
f416f4
f417f4
f418f4
f419f4
f41af4
f41bf4
f41cf4
f41df4
f41ef4
f41ff4
f420f4
f421f4
f422f4
f423f4
f424f4
f425f4
f426f4
f427f4
f428f4
f429f4
f42af4
f42bf4
f42cf4
f42df4
f42ef4
f42ff4
f430f4
f431f4
f432f4
f433f4
f434f4
f435f4
f436f4
f437f4
f438f4
f439f4
f43af4
f43bf4
f43cf4
f43df4
f43ef4
f43ff4
f440f4
f441f4
f442f4
f443f4
f444f4
f445f4
f446f4
f447f4
f448f4
f449f4
f44af4
f44bf4
f44cf4
f44df4
f44ef4
f44ff4
f450f4
f451f3
f452f3
f453f3
f454f3
f455f3
f456f3
f457f3
f458f3
f459f3
f45af3
f45bf3
f45cf2
f45df2
f45ef2
f45ff2
f460f2
f461f2
f462f2
f463f1
f464f1
f465f1
f466f0
f467f0
f468f0
f469ef
f46aee
f46bed
f46cec
f46deb
f46eea
f46fe9
f470e8
f471e4
f472e0
f473d8
f47400
f47558
f47660
f47764
f47868
f4796c
f47a70
f47b72
f47c74
f47d76
f47e78
f47f79
f480f4
f481f4
f482f4
f483f4
f484f4
f485f4
f486f4
f487f4
f488f4
f489f4
f48af4
f48bf4
f48cf4
f48df4
f48ef4
f48ff4
f490f4
f491f4
f492f4
f493f4
f494f4
f495f4
f496f4
f497f4
f498f4
f499f4
f49af4
f49bf4
f49cf4
f49df4
f49ef4
f49ff4
f4a0f4
f4a1f4
f4a2f4
f4a3f4
f4a4f4
f4a5f4
f4a6f4
f4a7f4
f4a8f4
f4a9f4
f4aaf4
f4abf4
f4acf4
f4adf4
f4aef4
f4aff4
f4b0f4
f4b1f4
f4b2f4
f4b3f4
f4b4f4
f4b5f4
f4b6f4
f4b7f4
f4b8f4
f4b9f4
f4baf4
f4bbf4
f4bcf4
f4bdf4
f4bef4
f4bff4
f4c0f4
f4c1f4
f4c2f4
f4c3f4
f4c4f4
f4c5f4
f4c6f4
f4c7f4
f4c8f4
f4c9f4
f4caf4
f4cbf4
f4ccf4
f4cdf4
f4cef4
f4cff4
f4d0f4
f4d1f5
f4d2f5
f4d3f5
f4d4f5
f4d5f5
f4d6f5
f4d7f5
f4d8f5
f4d9f5
f4daf5
f4dbf5
f4dcf6
f4ddf6
f4def6
f4dff6
f4e0f6
f4e1f6
f4e2f6
f4e3f7
f4e4f7
f4e5f7
f4e6f8
f4e7f8
f4e8f8
f4e9f8
f4eaf8
f4ebf9
f4ecf9
f4edf9
f4eefa
f4effa
f4f0fa
f4f1fa
f4f2fb
f4f3fc
f4f4fc
f4f5fc
f4f6fd
f4f7fe
f4f8fe
f4f9ff
f4faff
f4fbff
f4fcff
f4fdff
f4feff
f4ffff
f500f5
f501f5
f502f5
f503f5
f504f5
f505f5
f506f5
f507f5
f508f5
f509f5
f50af5
f50bf5
f50cf5
f50df5
f50ef5
f50ff5
f510f5
f511f5
f512f5
f513f5
f514f5
f515f5
f516f5
f517f5
f518f5
f519f5
f51af5
f51bf5
f51cf5
f51df5
f51ef5
f51ff5
f520f5
f521f5
f522f5
f523f5
f524f5
f525f5
f526f5
f527f5
f528f5
f529f5
f52af5
f52bf5
f52cf5
f52df5
f52ef5
f52ff5
f530f5
f531f5
f532f5
f533f5
f534f5
f535f5
f536f5
f537f5
f538f5
f539f5
f53af5
f53bf5
f53cf5
f53df5
f53ef5
f53ff5
f540f5
f541f5
f542f5
f543f5
f544f5
f545f5
f546f5
f547f5
f548f5
f549f5
f54af5
f54bf5
f54cf5
f54df5
f54ef5
f54ff5
f550f4
f551f4
f552f4
f553f4
f554f4
f555f4
f556f4
f557f4
f558f4
f559f4
f55af4
f55bf4
f55cf4
f55df3
f55ef3
f55ff3
f560f3
f561f3
f562f2
f563f2
f564f2
f565f2
f566f2
f567f1
f568f1
f569f0
f56af0
f56bef
f56cee
f56ded
f56eec
f56feb
f570ea
f571e8
f572e4
f573e0
f574d8
f57500
f57658
f57760
f57864
f5796a
f57a6e
f57b71
f57c73
f57d75
f57e77
f57f78
f580f5
f581f5
f582f5
f583f5
f584f5
f585f5
f586f5
f587f5
f588f5
f589f5
f58af5
f58bf5
f58cf5
f58df5
f58ef5
f58ff5
f590f5
f591f5
f592f5
f593f5
f594f5
f595f5
f596f5
f597f5
f598f5
f599f5
f59af5
f59bf5
f59cf5
f59df5
f59ef5
f59ff5
f5a0f5
f5a1f5
f5a2f5
f5a3f5
f5a4f5
f5a5f5
f5a6f5
f5a7f5
f5a8f5
f5a9f5
f5aaf5
f5abf5
f5acf5
f5adf5
f5aef5
f5aff5
f5b0f5
f5b1f5
f5b2f5
f5b3f5
f5b4f5
f5b5f5
f5b6f5
f5b7f5
f5b8f5
f5b9f5
f5baf5
f5bbf5
f5bcf5
f5bdf5
f5bef5
f5bff5
f5c0f5
f5c1f5
f5c2f5
f5c3f5
f5c4f5
f5c5f5
f5c6f5
f5c7f5
f5c8f5
f5c9f5
f5caf5
f5cbf5
f5ccf5
f5cdf5
f5cef5
f5cff5
f5d0f6
f5d1f6
f5d2f6
f5d3f6
f5d4f6
f5d5f6
f5d6f6
f5d7f6
f5d8f6
f5d9f6
f5daf6
f5dbf6
f5dcf6
f5ddf7
f5def7
f5dff7
f5e0f7
f5e1f7
f5e2f8
f5e3f8
f5e4f8
f5e5f8
f5e6f8
f5e7f8
f5e8f8
f5e9f9
f5eaf9
f5ebf9
f5ecfa
f5edfa
f5eefa
f5effa
f5f0fa
f5f1fb
f5f2fc
f5f3fc
f5f4fc
f5f5fd
f5f6fe
f5f7fe
f5f8fe
f5f9ff
f5faff
f5fbff
f5fcff
f5fdff
f5feff
f5ffff
f600f6
f601f6
f602f6
f603f6
f604f6
f605f6
f606f6
f607f6
f608f6
f609f6
f60af6
f60bf6
f60cf6
f60df6
f60ef6
f60ff6
f610f6
f611f6
f612f6
f613f6
f614f6
f615f6
f616f6
f617f6
f618f6
f619f6
f61af6
f61bf6
f61cf6
f61df6
f61ef6
f61ff6
f620f6
f621f6
f622f6
f623f6
f624f6
f625f6
f626f6
f627f6
f628f6
f629f6
f62af6
f62bf6
f62cf6
f62df6
f62ef6
f62ff6
f630f6
f631f6
f632f6
f633f6
f634f6
f635f6
f636f6
f637f6
f638f6
f639f6
f63af6
f63bf6
f63cf6
f63df6
f63ef6
f63ff6
f640f6
f641f6
f642f6
f643f6
f644f6
f645f6
f646f6
f647f6
f648f6
f649f6
f64af6
f64bf6
f64cf6
f64df6
f64ef6
f64ff6
f650f6
f651f5
f652f5
f653f5
f654f5
f655f5
f656f5
f657f5
f658f5
f659f5
f65af5
f65bf5
f65cf4
f65df4
f65ef4
f65ff4
f660f4
f661f4
f662f4
f663f3
f664f3
f665f3
f666f2
f667f2
f668f2
f669f2
f66af1
f66bf0
f66cf0
f66def
f66eee
f66fed
f670ec
f671ea
f672e8
f673e4
f674e0
f675d8
f67600
f67758
f67860
f67968
f67a6c
f67b70
f67c72
f67d74
f67e76
f67f78
f680f6
f681f6
f682f6
f683f6
f684f6
f685f6
f686f6
f687f6
f688f6
f689f6
f68af6
f68bf6
f68cf6
f68df6
f68ef6
f68ff6
f690f6
f691f6
f692f6
f693f6
f694f6
f695f6
f696f6
f697f6
f698f6
f699f6
f69af6
f69bf6
f69cf6
f69df6
f69ef6
f69ff6
f6a0f6
f6a1f6
f6a2f6
f6a3f6
f6a4f6
f6a5f6
f6a6f6
f6a7f6
f6a8f6
f6a9f6
f6aaf6
f6abf6
f6acf6
f6adf6
f6aef6
f6aff6
f6b0f6
f6b1f6
f6b2f6
f6b3f6
f6b4f6
f6b5f6
f6b6f6
f6b7f6
f6b8f6
f6b9f6
f6baf6
f6bbf6
f6bcf6
f6bdf6
f6bef6
f6bff6
f6c0f6
f6c1f6
f6c2f6
f6c3f6
f6c4f6
f6c5f6
f6c6f6
f6c7f6
f6c8f6
f6c9f6
f6caf6
f6cbf6
f6ccf6
f6cdf6
f6cef6
f6cff6
f6d0f6
f6d1f7
f6d2f7
f6d3f7
f6d4f7
f6d5f7
f6d6f7
f6d7f7
f6d8f7
f6d9f7
f6daf7
f6dbf7
f6dcf8
f6ddf8
f6def8
f6dff8
f6e0f8
f6e1f8
f6e2f8
f6e3f8
f6e4f8
f6e5f9
f6e6f9
f6e7f9
f6e8f9
f6e9f9
f6eafa
f6ebfa
f6ecfa
f6edfa
f6eefa
f6effb
f6f0fb
f6f1fc
f6f2fc
f6f3fc
f6f4fd
f6f5fe
f6f6fe
f6f7fe
f6f8ff
f6f9ff
f6faff
f6fbff
f6fcff
f6fdff
f6feff
f6ffff
f700f7
f701f7
f702f7
f703f7
f704f7
f705f7
f706f7
f707f7
f708f7
f709f7
f70af7
f70bf7
f70cf7
f70df7
f70ef7
f70ff7
f710f7
f711f7
f712f7
f713f7
f714f7
f715f7
f716f7
f717f7
f718f7
f719f7
f71af7
f71bf7
f71cf7
f71df7
f71ef7
f71ff7
f720f7
f721f7
f722f7
f723f7
f724f7
f725f7
f726f7
f727f7
f728f7
f729f7
f72af7
f72bf7
f72cf7
f72df7
f72ef7
f72ff7
f730f7
f731f7
f732f7
f733f7
f734f7
f735f7
f736f7
f737f7
f738f7
f739f7
f73af7
f73bf7
f73cf7
f73df7
f73ef7
f73ff7
f740f7
f741f7
f742f7
f743f7
f744f7
f745f7
f746f7
f747f7
f748f7
f749f7
f74af7
f74bf7
f74cf7
f74df7
f74ef7
f74ff7
f750f6
f751f6
f752f6
f753f6
f754f6
f755f6
f756f6
f757f6
f758f6
f759f6
f75af6
f75bf6
f75cf6
f75df5
f75ef5
f75ff5
f760f5
f761f5
f762f4
f763f4
f764f4
f765f4
f766f4
f767f3
f768f3
f769f2
f76af2
f76bf2
f76cf1
f76df0
f76ef0
f76fef
f770ee
f771ec
f772ea
f773e8
f774e4
f775e0
f776d8
f77700
f77858
f77964
f77a6a
f77b6e
f77c71
f77d73
f77e75
f77f77
f780f7
f781f7
f782f7
f783f7
f784f7
f785f7
f786f7
f787f7
f788f7
f789f7
f78af7
f78bf7
f78cf7
f78df7
f78ef7
f78ff7
f790f7
f791f7
f792f7
f793f7
f794f7
f795f7
f796f7
f797f7
f798f7
f799f7
f79af7
f79bf7
f79cf7
f79df7
f79ef7
f79ff7
f7a0f7
f7a1f7
f7a2f7
f7a3f7
f7a4f7
f7a5f7
f7a6f7
f7a7f7
f7a8f7
f7a9f7
f7aaf7
f7abf7
f7acf7
f7adf7
f7aef7
f7aff7
f7b0f7
f7b1f7
f7b2f7
f7b3f7
f7b4f7
f7b5f7
f7b6f7
f7b7f7
f7b8f7
f7b9f7
f7baf7
f7bbf7
f7bcf7
f7bdf7
f7bef7
f7bff7
f7c0f7
f7c1f7
f7c2f7
f7c3f7
f7c4f7
f7c5f7
f7c6f7
f7c7f7
f7c8f7
f7c9f7
f7caf7
f7cbf7
f7ccf7
f7cdf7
f7cef7
f7cff7
f7d0f8
f7d1f8
f7d2f8
f7d3f8
f7d4f8
f7d5f8
f7d6f8
f7d7f8
f7d8f8
f7d9f8
f7daf8
f7dbf8
f7dcf8
f7ddf8
f7def8
f7dff8
f7e0f8
f7e1f9
f7e2f9
f7e3f9
f7e4f9
f7e5f9
f7e6f9
f7e7f9
f7e8fa
f7e9fa
f7eafa
f7ebfa
f7ecfa
f7edfb
f7eefb
f7effb
f7f0fc
f7f1fc
f7f2fc
f7f3fd
f7f4fe
f7f5fe
f7f6fe
f7f7ff
f7f8ff
f7f9ff
f7faff
f7fbff
f7fcff
f7fdff
f7feff
f7ffff
f800f8
f801f8
f802f8
f803f8
f804f8
f805f8
f806f8
f807f8
f808f8
f809f8
f80af8
f80bf8
f80cf8
f80df8
f80ef8
f80ff8
f810f8
f811f8
f812f8
f813f8
f814f8
f815f8
f816f8
f817f8
f818f8
f819f8
f81af8
f81bf8
f81cf8
f81df8
f81ef8
f81ff8
f820f8
f821f8
f822f8
f823f8
f824f8
f825f8
f826f8
f827f8
f828f8
f829f8
f82af8
f82bf8
f82cf8
f82df8
f82ef8
f82ff8
f830f8
f831f8
f832f8
f833f8
f834f8
f835f8
f836f8
f837f8
f838f8
f839f8
f83af8
f83bf8
f83cf8
f83df8
f83ef8
f83ff8
f840f8
f841f8
f842f8
f843f8
f844f8
f845f8
f846f8
f847f8
f848f8
f849f8
f84af8
f84bf8
f84cf8
f84df8
f84ef8
f84ff8
f850f8
f851f7
f852f7
f853f7
f854f7
f855f7
f856f7
f857f7
f858f7
f859f7
f85af7
f85bf7
f85cf6
f85df6
f85ef6
f85ff6
f860f6
f861f6
f862f6
f863f5
f864f5
f865f5
f866f4
f867f4
f868f4
f869f4
f86af3
f86bf2
f86cf2
f86df2
f86ef1
f86ff0
f870f0
f871ee
f872ec
f873ea
f874e8
f875e4
f876e0
f877d8
f87800
f87960
f87a68
f87b6c
f87c70
f87d72
f87e74
f87f76
f880f8
f881f8
f882f8
f883f8
f884f8
f885f8
f886f8
f887f8
f888f8
f889f8
f88af8
f88bf8
f88cf8
f88df8
f88ef8
f88ff8
f890f8
f891f8
f892f8
f893f8
f894f8
f895f8
f896f8
f897f8
f898f8
f899f8
f89af8
f89bf8
f89cf8
f89df8
f89ef8
f89ff8
f8a0f8
f8a1f8
f8a2f8
f8a3f8
f8a4f8
f8a5f8
f8a6f8
f8a7f8
f8a8f8
f8a9f8
f8aaf8
f8abf8
f8acf8
f8adf8
f8aef8
f8aff8
f8b0f8
f8b1f8
f8b2f8
f8b3f8
f8b4f8
f8b5f8
f8b6f8
f8b7f8
f8b8f8
f8b9f8
f8baf8
f8bbf8
f8bcf8
f8bdf8
f8bef8
f8bff8
f8c0f8
f8c1f8
f8c2f8
f8c3f8
f8c4f8
f8c5f8
f8c6f8
f8c7f8
f8c8f8
f8c9f8
f8caf8
f8cbf8
f8ccf8
f8cdf8
f8cef8
f8cff8
f8d0f8
f8d1f8
f8d2f8
f8d3f8
f8d4f8
f8d5f8
f8d6f8
f8d7f8
f8d8f8
f8d9f9
f8daf9
f8dbf9
f8dcf9
f8ddf9
f8def9
f8dff9
f8e0f9
f8e1f9
f8e2f9
f8e3f9
f8e4fa
f8e5fa
f8e6fa
f8e7fa
f8e8fa
f8e9fa
f8eafa
f8ebfb
f8ecfb
f8edfb
f8eefc
f8effc
f8f0fc
f8f1fc
f8f2fd
f8f3fe
f8f4fe
f8f5fe
f8f6ff
f8f7ff
f8f8ff
f8f9ff
f8faff
f8fbff
f8fcff
f8fdff
f8feff
f8ffff
f900f9
f901f9
f902f9
f903f9
f904f9
f905f9
f906f9
f907f9
f908f9
f909f9
f90af9
f90bf9
f90cf9
f90df9
f90ef9
f90ff9
f910f9
f911f9
f912f9
f913f9
f914f9
f915f9
f916f9
f917f9
f918f9
f919f9
f91af9
f91bf9
f91cf9
f91df9
f91ef9
f91ff9
f920f9
f921f9
f922f9
f923f9
f924f9
f925f9
f926f9
f927f9
f928f9
f929f9
f92af9
f92bf9
f92cf9
f92df9
f92ef9
f92ff9
f930f9
f931f9
f932f9
f933f9
f934f9
f935f9
f936f9
f937f9
f938f9
f939f9
f93af9
f93bf9
f93cf9
f93df9
f93ef9
f93ff9
f940f9
f941f9
f942f9
f943f9
f944f9
f945f9
f946f9
f947f9
f948f9
f949f9
f94af9
f94bf9
f94cf9
f94df9
f94ef9
f94ff9
f950f9
f951f9
f952f9
f953f9
f954f9
f955f9
f956f9
f957f9
f958f8
f959f8
f95af8
f95bf8
f95cf8
f95df8
f95ef8
f95ff8
f960f8
f961f8
f962f8
f963f7
f964f7
f965f7
f966f6
f967f6
f968f6
f969f6
f96af5
f96bf4
f96cf4
f96df4
f96ef3
f96ff2
f970f2
f971f1
f972f0
f973ee
f974ec
f975ea
f976e8
f977e4
f978e0
f97900
f97a60
f97b68
f97c6c
f97d70
f97e72
f97f74
f980f9
f981f9
f982f9
f983f9
f984f9
f985f9
f986f9
f987f9
f988f9
f989f9
f98af9
f98bf9
f98cf9
f98df9
f98ef9
f98ff9
f990f9
f991f9
f992f9
f993f9
f994f9
f995f9
f996f9
f997f9
f998f9
f999f9
f99af9
f99bf9
f99cf9
f99df9
f99ef9
f99ff9
f9a0f9
f9a1f9
f9a2f9
f9a3f9
f9a4f9
f9a5f9
f9a6f9
f9a7f9
f9a8f9
f9a9f9
f9aaf9
f9abf9
f9acf9
f9adf9
f9aef9
f9aff9
f9b0f9
f9b1f9
f9b2f9
f9b3f9
f9b4f9
f9b5f9
f9b6f9
f9b7f9
f9b8f9
f9b9f9
f9baf9
f9bbf9
f9bcf9
f9bdf9
f9bef9
f9bff9
f9c0f9
f9c1f9
f9c2f9
f9c3f9
f9c4f9
f9c5f9
f9c6f9
f9c7f9
f9c8f9
f9c9f9
f9caf9
f9cbf9
f9ccf9
f9cdf9
f9cef9
f9cff9
f9d0f9
f9d1f9
f9d2f9
f9d3f9
f9d4f9
f9d5f9
f9d6f9
f9d7f9
f9d8fa
f9d9fa
f9dafa
f9dbfa
f9dcfa
f9ddfa
f9defa
f9dffa
f9e0fa
f9e1fa
f9e2fa
f9e3fa
f9e4fa
f9e5fb
f9e6fb
f9e7fb
f9e8fb
f9e9fb
f9eafc
f9ebfc
f9ecfc
f9edfc
f9eefc
f9effd
f9f0fd
f9f1fe
f9f2fe
f9f3fe
f9f4ff
f9f5ff
f9f6ff
f9f7ff
f9f8ff
f9f9ff
f9faff
f9fbff
f9fcff
f9fdff
f9feff
f9ffff
fa00fa
fa01fa
fa02fa
fa03fa
fa04fa
fa05fa
fa06fa
fa07fa
fa08fa
fa09fa
fa0afa
fa0bfa
fa0cfa
fa0dfa
fa0efa
fa0ffa
fa10fa
fa11fa
fa12fa
fa13fa
fa14fa
fa15fa
fa16fa
fa17fa
fa18fa
fa19fa
fa1afa
fa1bfa
fa1cfa
fa1dfa
fa1efa
fa1ffa
fa20fa
fa21fa
fa22fa
fa23fa
fa24fa
fa25fa
fa26fa
fa27fa
fa28fa
fa29fa
fa2afa
fa2bfa
fa2cfa
fa2dfa
fa2efa
fa2ffa
fa30fa
fa31fa
fa32fa
fa33fa
fa34fa
fa35fa
fa36fa
fa37fa
fa38fa
fa39fa
fa3afa
fa3bfa
fa3cfa
fa3dfa
fa3efa
fa3ffa
fa40fa
fa41fa
fa42fa
fa43fa
fa44fa
fa45fa
fa46fa
fa47fa
fa48fa
fa49fa
fa4afa
fa4bfa
fa4cfa
fa4dfa
fa4efa
fa4ffa
fa50fa
fa51fa
fa52fa
fa53fa
fa54fa
fa55fa
fa56fa
fa57fa
fa58fa
fa59f9
fa5af9
fa5bf9
fa5cf9
fa5df9
fa5ef9
fa5ff9
fa60f9
fa61f9
fa62f9
fa63f9
fa64f8
fa65f8
fa66f8
fa67f8
fa68f8
fa69f8
fa6af7
fa6bf6
fa6cf6
fa6df6
fa6ef5
fa6ff4
fa70f4
fa71f3
fa72f2
fa73f1
fa74f0
fa75ee
fa76ec
fa77ea
fa78e8
fa79e0
fa7a00
fa7b60
fa7c68
fa7d6c
fa7e70
fa7f72
fa80fa
fa81fa
fa82fa
fa83fa
fa84fa
fa85fa
fa86fa
fa87fa
fa88fa
fa89fa
fa8afa
fa8bfa
fa8cfa
fa8dfa
fa8efa
fa8ffa
fa90fa
fa91fa
fa92fa
fa93fa
fa94fa
fa95fa
fa96fa
fa97fa
fa98fa
fa99fa
fa9afa
fa9bfa
fa9cfa
fa9dfa
fa9efa
fa9ffa
faa0fa
faa1fa
faa2fa
faa3fa
faa4fa
faa5fa
faa6fa
faa7fa
faa8fa
faa9fa
faaafa
faabfa
faacfa
faadfa
faaefa
faaffa
fab0fa
fab1fa
fab2fa
fab3fa
fab4fa
fab5fa
fab6fa
fab7fa
fab8fa
fab9fa
fabafa
fabbfa
fabcfa
fabdfa
fabefa
fabffa
fac0fa
fac1fa
fac2fa
fac3fa
fac4fa
fac5fa
fac6fa
fac7fa
fac8fa
fac9fa
facafa
facbfa
faccfa
facdfa
facefa
facffa
fad0fa
fad1fa
fad2fa
fad3fa
fad4fa
fad5fa
fad6fa
fad7fa
fad8fa
fad9fb
fadafb
fadbfb
fadcfb
faddfb
fadefb
fadffb
fae0fb
fae1fb
fae2fb
fae3fb
fae4fc
fae5fc
fae6fc
fae7fc
fae8fc
fae9fc
faeafc
faebfd
faecfd
faedfd
faeefe
faeffe
faf0fe
faf1fe
faf2ff
faf3ff
faf4ff
faf5ff
faf6ff
faf7ff
faf8ff
faf9ff
fafaff
fafbff
fafcff
fafdff
fafeff
faffff
fb00fb
fb01fb
fb02fb
fb03fb
fb04fb
fb05fb
fb06fb
fb07fb
fb08fb
fb09fb
fb0afb
fb0bfb
fb0cfb
fb0dfb
fb0efb
fb0ffb
fb10fb
fb11fb
fb12fb
fb13fb
fb14fb
fb15fb
fb16fb
fb17fb
fb18fb
fb19fb
fb1afb
fb1bfb
fb1cfb
fb1dfb
fb1efb
fb1ffb
fb20fb
fb21fb
fb22fb
fb23fb
fb24fb
fb25fb
fb26fb
fb27fb
fb28fb
fb29fb
fb2afb
fb2bfb
fb2cfb
fb2dfb
fb2efb
fb2ffb
fb30fb
fb31fb
fb32fb
fb33fb
fb34fb
fb35fb
fb36fb
fb37fb
fb38fb
fb39fb
fb3afb
fb3bfb
fb3cfb
fb3dfb
fb3efb
fb3ffb
fb40fb
fb41fb
fb42fb
fb43fb
fb44fb
fb45fb
fb46fb
fb47fb
fb48fb
fb49fb
fb4afb
fb4bfb
fb4cfb
fb4dfb
fb4efb
fb4ffb
fb50fb
fb51fb
fb52fb
fb53fb
fb54fb
fb55fb
fb56fb
fb57fb
fb58fa
fb59fa
fb5afa
fb5bfa
fb5cfa
fb5dfa
fb5efa
fb5ffa
fb60fa
fb61fa
fb62fa
fb63fa
fb64fa
fb65f9
fb66f9
fb67f9
fb68f9
fb69f9
fb6af8
fb6bf8
fb6cf8
fb6df8
fb6ef7
fb6ff6
fb70f6
fb71f5
fb72f4
fb73f3
fb74f2
fb75f1
fb76f0
fb77ee
fb78ec
fb79e8
fb7ae0
fb7b00
fb7c60
fb7d68
fb7e6c
fb7f70
fb80fb
fb81fb
fb82fb
fb83fb
fb84fb
fb85fb
fb86fb
fb87fb
fb88fb
fb89fb
fb8afb
fb8bfb
fb8cfb
fb8dfb
fb8efb
fb8ffb
fb90fb
fb91fb
fb92fb
fb93fb
fb94fb
fb95fb
fb96fb
fb97fb
fb98fb
fb99fb
fb9afb
fb9bfb
fb9cfb
fb9dfb
fb9efb
fb9ffb
fba0fb
fba1fb
fba2fb
fba3fb
fba4fb
fba5fb
fba6fb
fba7fb
fba8fb
fba9fb
fbaafb
fbabfb
fbacfb
fbadfb
fbaefb
fbaffb
fbb0fb
fbb1fb
fbb2fb
fbb3fb
fbb4fb
fbb5fb
fbb6fb
fbb7fb
fbb8fb
fbb9fb
fbbafb
fbbbfb
fbbcfb
fbbdfb
fbbefb
fbbffb
fbc0fb
fbc1fb
fbc2fb
fbc3fb
fbc4fb
fbc5fb
fbc6fb
fbc7fb
fbc8fb
fbc9fb
fbcafb
fbcbfb
fbccfb
fbcdfb
fbcefb
fbcffb
fbd0fb
fbd1fb
fbd2fb
fbd3fb
fbd4fb
fbd5fb
fbd6fb
fbd7fb
fbd8fc
fbd9fc
fbdafc
fbdbfc
fbdcfc
fbddfc
fbdefc
fbdffc
fbe0fc
fbe1fc
fbe2fc
fbe3fc
fbe4fc
fbe5fd
fbe6fd
fbe7fd
fbe8fd
fbe9fd
fbeafe
fbebfe
fbecfe
fbedfe
fbeefe
fbefff
fbf0ff
fbf1ff
fbf2ff
fbf3ff
fbf4ff
fbf5ff
fbf6ff
fbf7ff
fbf8ff
fbf9ff
fbfaff
fbfbff
fbfcff
fbfdff
fbfeff
fbffff
fc00fc
fc01fc
fc02fc
fc03fc
fc04fc
fc05fc
fc06fc
fc07fc
fc08fc
fc09fc
fc0afc
fc0bfc
fc0cfc
fc0dfc
fc0efc
fc0ffc
fc10fc
fc11fc
fc12fc
fc13fc
fc14fc
fc15fc
fc16fc
fc17fc
fc18fc
fc19fc
fc1afc
fc1bfc
fc1cfc
fc1dfc
fc1efc
fc1ffc
fc20fc
fc21fc
fc22fc
fc23fc
fc24fc
fc25fc
fc26fc
fc27fc
fc28fc
fc29fc
fc2afc
fc2bfc
fc2cfc
fc2dfc
fc2efc
fc2ffc
fc30fc
fc31fc
fc32fc
fc33fc
fc34fc
fc35fc
fc36fc
fc37fc
fc38fc
fc39fc
fc3afc
fc3bfc
fc3cfc
fc3dfc
fc3efc
fc3ffc
fc40fc
fc41fc
fc42fc
fc43fc
fc44fc
fc45fc
fc46fc
fc47fc
fc48fc
fc49fc
fc4afc
fc4bfc
fc4cfc
fc4dfc
fc4efc
fc4ffc
fc50fc
fc51fc
fc52fc
fc53fc
fc54fc
fc55fc
fc56fc
fc57fc
fc58fc
fc59fb
fc5afb
fc5bfb
fc5cfb
fc5dfb
fc5efb
fc5ffb
fc60fb
fc61fb
fc62fb
fc63fb
fc64fa
fc65fa
fc66fa
fc67fa
fc68fa
fc69fa
fc6afa
fc6bf9
fc6cf9
fc6df9
fc6ef8
fc6ff8
fc70f8
fc71f7
fc72f6
fc73f5
fc74f4
fc75f3
fc76f2
fc77f1
fc78f0
fc79ec
fc7ae8
fc7be0
fc7c00
fc7d60
fc7e68
fc7f6c
fc80fc
fc81fc
fc82fc
fc83fc
fc84fc
fc85fc
fc86fc
fc87fc
fc88fc
fc89fc
fc8afc
fc8bfc
fc8cfc
fc8dfc
fc8efc
fc8ffc
fc90fc
fc91fc
fc92fc
fc93fc
fc94fc
fc95fc
fc96fc
fc97fc
fc98fc
fc99fc
fc9afc
fc9bfc
fc9cfc
fc9dfc
fc9efc
fc9ffc
fca0fc
fca1fc
fca2fc
fca3fc
fca4fc
fca5fc
fca6fc
fca7fc
fca8fc
fca9fc
fcaafc
fcabfc
fcacfc
fcadfc
fcaefc
fcaffc
fcb0fc
fcb1fc
fcb2fc
fcb3fc
fcb4fc
fcb5fc
fcb6fc
fcb7fc
fcb8fc
fcb9fc
fcbafc
fcbbfc
fcbcfc
fcbdfc
fcbefc
fcbffc
fcc0fc
fcc1fc
fcc2fc
fcc3fc
fcc4fc
fcc5fc
fcc6fc
fcc7fc
fcc8fc
fcc9fc
fccafc
fccbfc
fcccfc
fccdfc
fccefc
fccffc
fcd0fc
fcd1fc
fcd2fc
fcd3fc
fcd4fc
fcd5fc
fcd6fc
fcd7fc
fcd8fc
fcd9fd
fcdafd
fcdbfd
fcdcfd
fcddfd
fcdefd
fcdffd
fce0fd
fce1fd
fce2fd
fce3fd
fce4fe
fce5fe
fce6fe
fce7fe
fce8fe
fce9fe
fceafe
fcebff
fcecff
fcedff
fceeff
fcefff
fcf0ff
fcf1ff
fcf2ff
fcf3ff
fcf4ff
fcf5ff
fcf6ff
fcf7ff
fcf8ff
fcf9ff
fcfaff
fcfbff
fcfcff
fcfdff
fcfeff
fcffff
fd00fd
fd01fd
fd02fd
fd03fd
fd04fd
fd05fd
fd06fd
fd07fd
fd08fd
fd09fd
fd0afd
fd0bfd
fd0cfd
fd0dfd
fd0efd
fd0ffd
fd10fd
fd11fd
fd12fd
fd13fd
fd14fd
fd15fd
fd16fd
fd17fd
fd18fd
fd19fd
fd1afd
fd1bfd
fd1cfd
fd1dfd
fd1efd
fd1ffd
fd20fd
fd21fd
fd22fd
fd23fd
fd24fd
fd25fd
fd26fd
fd27fd
fd28fd
fd29fd
fd2afd
fd2bfd
fd2cfd
fd2dfd
fd2efd
fd2ffd
fd30fd
fd31fd
fd32fd
fd33fd
fd34fd
fd35fd
fd36fd
fd37fd
fd38fd
fd39fd
fd3afd
fd3bfd
fd3cfd
fd3dfd
fd3efd
fd3ffd
fd40fd
fd41fd
fd42fd
fd43fd
fd44fd
fd45fd
fd46fd
fd47fd
fd48fd
fd49fd
fd4afd
fd4bfd
fd4cfd
fd4dfd
fd4efd
fd4ffd
fd50fd
fd51fd
fd52fd
fd53fd
fd54fd
fd55fd
fd56fd
fd57fd
fd58fc
fd59fc
fd5afc
fd5bfc
fd5cfc
fd5dfc
fd5efc
fd5ffc
fd60fc
fd61fc
fd62fc
fd63fc
fd64fc
fd65fb
fd66fb
fd67fb
fd68fb
fd69fb
fd6afa
fd6bfa
fd6cfa
fd6dfa
fd6efa
fd6ff9
fd70f9
fd71f8
fd72f8
fd73f7
fd74f6
fd75f5
fd76f4
fd77f3
fd78f2
fd79f0
fd7aec
fd7be8
fd7ce0
fd7d00
fd7e60
fd7f68
fd80fd
fd81fd
fd82fd
fd83fd
fd84fd
fd85fd
fd86fd
fd87fd
fd88fd
fd89fd
fd8afd
fd8bfd
fd8cfd
fd8dfd
fd8efd
fd8ffd
fd90fd
fd91fd
fd92fd
fd93fd
fd94fd
fd95fd
fd96fd
fd97fd
fd98fd
fd99fd
fd9afd
fd9bfd
fd9cfd
fd9dfd
fd9efd
fd9ffd
fda0fd
fda1fd
fda2fd
fda3fd
fda4fd
fda5fd
fda6fd
fda7fd
fda8fd
fda9fd
fdaafd
fdabfd
fdacfd
fdadfd
fdaefd
fdaffd
fdb0fd
fdb1fd
fdb2fd
fdb3fd
fdb4fd
fdb5fd
fdb6fd
fdb7fd
fdb8fd
fdb9fd
fdbafd
fdbbfd
fdbcfd
fdbdfd
fdbefd
fdbffd
fdc0fd
fdc1fd
fdc2fd
fdc3fd
fdc4fd
fdc5fd
fdc6fd
fdc7fd
fdc8fd
fdc9fd
fdcafd
fdcbfd
fdccfd
fdcdfd
fdcefd
fdcffd
fdd0fd
fdd1fd
fdd2fd
fdd3fd
fdd4fd
fdd5fd
fdd6fd
fdd7fd
fdd8fe
fdd9fe
fddafe
fddbfe
fddcfe
fdddfe
fddefe
fddffe
fde0fe
fde1fe
fde2fe
fde3fe
fde4fe
fde5ff
fde6ff
fde7ff
fde8ff
fde9ff
fdeaff
fdebff
fdecff
fdedff
fdeeff
fdefff
fdf0ff
fdf1ff
fdf2ff
fdf3ff
fdf4ff
fdf5ff
fdf6ff
fdf7ff
fdf8ff
fdf9ff
fdfaff
fdfbff
fdfcff
fdfdff
fdfeff
fdffff
fe00fe
fe01fe
fe02fe
fe03fe
fe04fe
fe05fe
fe06fe
fe07fe
fe08fe
fe09fe
fe0afe
fe0bfe
fe0cfe
fe0dfe
fe0efe
fe0ffe
fe10fe
fe11fe
fe12fe
fe13fe
fe14fe
fe15fe
fe16fe
fe17fe
fe18fe
fe19fe
fe1afe
fe1bfe
fe1cfe
fe1dfe
fe1efe
fe1ffe
fe20fe
fe21fe
fe22fe
fe23fe
fe24fe
fe25fe
fe26fe
fe27fe
fe28fe
fe29fe
fe2afe
fe2bfe
fe2cfe
fe2dfe
fe2efe
fe2ffe
fe30fe
fe31fe
fe32fe
fe33fe
fe34fe
fe35fe
fe36fe
fe37fe
fe38fe
fe39fe
fe3afe
fe3bfe
fe3cfe
fe3dfe
fe3efe
fe3ffe
fe40fe
fe41fe
fe42fe
fe43fe
fe44fe
fe45fe
fe46fe
fe47fe
fe48fe
fe49fe
fe4afe
fe4bfe
fe4cfe
fe4dfe
fe4efe
fe4ffe
fe50fe
fe51fe
fe52fe
fe53fe
fe54fe
fe55fe
fe56fe
fe57fe
fe58fe
fe59fd
fe5afd
fe5bfd
fe5cfd
fe5dfd
fe5efd
fe5ffd
fe60fd
fe61fd
fe62fd
fe63fd
fe64fc
fe65fc
fe66fc
fe67fc
fe68fc
fe69fc
fe6afc
fe6bfb
fe6cfb
fe6dfb
fe6efa
fe6ffa
fe70fa
fe71fa
fe72f9
fe73f8
fe74f8
fe75f7
fe76f6
fe77f5
fe78f4
fe79f2
fe7af0
fe7bec
fe7ce8
fe7de0
fe7e00
fe7f60
fe80fe
fe81fe
fe82fe
fe83fe
fe84fe
fe85fe
fe86fe
fe87fe
fe88fe
fe89fe
fe8afe
fe8bfe
fe8cfe
fe8dfe
fe8efe
fe8ffe
fe90fe
fe91fe
fe92fe
fe93fe
fe94fe
fe95fe
fe96fe
fe97fe
fe98fe
fe99fe
fe9afe
fe9bfe
fe9cfe
fe9dfe
fe9efe
fe9ffe
fea0fe
fea1fe
fea2fe
fea3fe
fea4fe
fea5fe
fea6fe
fea7fe
fea8fe
fea9fe
feaafe
feabfe
feacfe
feadfe
feaefe
feaffe
feb0fe
feb1fe
feb2fe
feb3fe
feb4fe
feb5fe
feb6fe
feb7fe
feb8fe
feb9fe
febafe
febbfe
febcfe
febdfe
febefe
febffe
fec0fe
fec1fe
fec2fe
fec3fe
fec4fe
fec5fe
fec6fe
fec7fe
fec8fe
fec9fe
fecafe
fecbfe
feccfe
fecdfe
fecefe
fecffe
fed0fe
fed1fe
fed2fe
fed3fe
fed4fe
fed5fe
fed6fe
fed7fe
fed8fe
fed9ff
fedaff
fedbff
fedcff
feddff
fedeff
fedfff
fee0ff
fee1ff
fee2ff
fee3ff
fee4ff
fee5ff
fee6ff
fee7ff
fee8ff
fee9ff
feeaff
feebff
feecff
feedff
feeeff
feefff
fef0ff
fef1ff
fef2ff
fef3ff
fef4ff
fef5ff
fef6ff
fef7ff
fef8ff
fef9ff
fefaff
fefbff
fefcff
fefdff
fefeff
feffff
ff00ff
ff01ff
ff02ff
ff03ff
ff04ff
ff05ff
ff06ff
ff07ff
ff08ff
ff09ff
ff0aff
ff0bff
ff0cff
ff0dff
ff0eff
ff0fff
ff10ff
ff11ff
ff12ff
ff13ff
ff14ff
ff15ff
ff16ff
ff17ff
ff18ff
ff19ff
ff1aff
ff1bff
ff1cff
ff1dff
ff1eff
ff1fff
ff20ff
ff21ff
ff22ff
ff23ff
ff24ff
ff25ff
ff26ff
ff27ff
ff28ff
ff29ff
ff2aff
ff2bff
ff2cff
ff2dff
ff2eff
ff2fff
ff30ff
ff31ff
ff32ff
ff33ff
ff34ff
ff35ff
ff36ff
ff37ff
ff38ff
ff39ff
ff3aff
ff3bff
ff3cff
ff3dff
ff3eff
ff3fff
ff40ff
ff41ff
ff42ff
ff43ff
ff44ff
ff45ff
ff46ff
ff47ff
ff48ff
ff49ff
ff4aff
ff4bff
ff4cff
ff4dff
ff4eff
ff4fff
ff50ff
ff51ff
ff52ff
ff53ff
ff54ff
ff55ff
ff56ff
ff57ff
ff58fe
ff59fe
ff5afe
ff5bfe
ff5cfe
ff5dfe
ff5efe
ff5ffe
ff60fe
ff61fe
ff62fe
ff63fe
ff64fe
ff65fd
ff66fd
ff67fd
ff68fd
ff69fd
ff6afc
ff6bfc
ff6cfc
ff6dfc
ff6efc
ff6ffb
ff70fb
ff71fa
ff72fa
ff73fa
ff74f9
ff75f8
ff76f8
ff77f7
ff78f6
ff79f4
ff7af2
ff7bf0
ff7cec
ff7de8
ff7ee0
ff7f00
ff80ff
ff81ff
ff82ff
ff83ff
ff84ff
ff85ff
ff86ff
ff87ff
ff88ff
ff89ff
ff8aff
ff8bff
ff8cff
ff8dff
ff8eff
ff8fff
ff90ff
ff91ff
ff92ff
ff93ff
ff94ff
ff95ff
ff96ff
ff97ff
ff98ff
ff99ff
ff9aff
ff9bff
ff9cff
ff9dff
ff9eff
ff9fff
ffa0ff
ffa1ff
ffa2ff
ffa3ff
ffa4ff
ffa5ff
ffa6ff
ffa7ff
ffa8ff
ffa9ff
ffaaff
ffabff
ffacff
ffadff
ffaeff
ffafff
ffb0ff
ffb1ff
ffb2ff
ffb3ff
ffb4ff
ffb5ff
ffb6ff
ffb7ff
ffb8ff
ffb9ff
ffbaff
ffbbff
ffbcff
ffbdff
ffbeff
ffbfff
ffc0ff
ffc1ff
ffc2ff
ffc3ff
ffc4ff
ffc5ff
ffc6ff
ffc7ff
ffc8ff
ffc9ff
ffcaff
ffcbff
ffccff
ffcdff
ffceff
ffcfff
ffd0ff
ffd1ff
ffd2ff
ffd3ff
ffd4ff
ffd5ff
ffd6ff
ffd7ff
ffd8ff
ffd9ff
ffdaff
ffdbff
ffdcff
ffddff
ffdeff
ffdfff
ffe0ff
ffe1ff
ffe2ff
ffe3ff
ffe4ff
ffe5ff
ffe6ff
ffe7ff
ffe8ff
ffe9ff
ffeaff
ffebff
ffecff
ffedff
ffeeff
ffefff
fff0ff
fff1ff
fff2ff
fff3ff
fff4ff
fff5ff
fff6ff
fff7ff
fff8ff
fff9ff
fffaff
fffbff
fffcff
fffdff
fffeff
ffffff
