00000000
00010000
00020000
00030000
00040000
00050000
00060000
00070000
00080000
00090000
000a0000
000b0000
000c0000
000d0000
000e0000
000f0000
00100000
00110000
00120000
00130000
00140000
00150000
00160000
00170000
00180000
00190000
001a0000
001b0000
001c0000
001d0000
001e0000
001f0000
00200000
00210000
00220000
00230000
00240000
00250000
00260000
00270000
00280000
00290000
002a0000
002b0000
002c0000
002d0000
002e0000
002f0000
00300000
00310000
00320000
00330000
00340000
00350000
00360000
00370000
00380000
00390000
003a0000
003b0000
003c0000
003d0000
003e0000
003f0000
00400000
00410000
00420000
00430000
00440000
00450000
00460000
00470000
00480000
00490000
004a0000
004b0000
004c0000
004d0000
004e0000
004f0000
00500000
00510000
00520000
00530000
00540000
00550000
00560000
00570000
00580000
00590000
005a0000
005b0000
005c0000
005d0000
005e0000
005f0000
00600000
00610000
00620000
00630000
00640000
00650000
00660000
00670000
00680000
00690000
006a0000
006b0000
006c0000
006d0000
006e0000
006f0000
00700000
00710000
00720000
00730000
00740000
00750000
00760000
00770000
00780000
00790000
007a0000
007b0000
007c0000
007d0000
007e0000
007f0000
00800000
00810000
00820000
00830000
00840000
00850000
00860000
00870000
00880000
00890000
008a0000
008b0000
008c0000
008d0000
008e0000
008f0000
00900000
00910000
00920000
00930000
00940000
00950000
00960000
00970000
00980000
00990000
009a0000
009b0000
009c0000
009d0000
009e0000
009f0000
00a00000
00a10000
00a20000
00a30000
00a40000
00a50000
00a60000
00a70000
00a80000
00a90000
00aa0000
00ab0000
00ac0000
00ad0000
00ae0000
00af0000
00b00000
00b10000
00b20000
00b30000
00b40000
00b50000
00b60000
00b70000
00b80000
00b90000
00ba0000
00bb0000
00bc0000
00bd0000
00be0000
00bf0000
00c00000
00c10000
00c20000
00c30000
00c40000
00c50000
00c60000
00c70000
00c80000
00c90000
00ca0000
00cb0000
00cc0000
00cd0000
00ce0000
00cf0000
00d00000
00d10000
00d20000
00d30000
00d40000
00d50000
00d60000
00d70000
00d80000
00d90000
00da0000
00db0000
00dc0000
00dd0000
00de0000
00df0000
00e00000
00e10000
00e20000
00e30000
00e40000
00e50000
00e60000
00e70000
00e80000
00e90000
00ea0000
00eb0000
00ec0000
00ed0000
00ee0000
00ef0000
00f00000
00f10000
00f20000
00f30000
00f40000
00f50000
00f60000
00f70000
00f80000
00f90000
00fa0000
00fb0000
00fc0000
00fd0000
00fe0000
00ff0000
01000000
010138a2
010238b4
010338c6
010438d8
010538ea
010638fc
01073907
01083910
01093922
010a3934
010b3946
010c3958
010d396a
010e397c
010f3987
01103990
011139a2
011239b4
011339c6
011439d8
011539ea
011639fc
01173a07
01183a10
01193a22
011a3a34
011b3a46
011c3a58
011d3a6a
011e3a7c
011f3a87
01203a90
01213aa2
01223ab4
01233ac6
01243ad8
01253aea
01263afc
01273b07
01283b10
01293b22
012a3b34
012b3b46
012c3b58
012d3b6a
012e3b7c
012f3b87
01303b90
01313ba2
01323bb4
01333bc6
01343bd8
01353bea
01363bfc
01373c07
01383c10
01393c22
013a3c34
013b3c46
013c3c58
013d3c6a
013e3c7c
013f3c87
01403c90
01413ca2
01423cb4
01433cc6
01443cd8
01453cea
01463cfc
01473d07
01483d10
01493d22
014a3d34
014b3d46
014c3d58
014d3d6a
014e3d7c
014f3d87
01503d90
01513da2
01523db4
01533dc6
01543dd8
01553dea
01563dfc
01573e07
01583e10
01593e22
015a3e34
015b3e46
015c3e58
015d3e6a
015e3e7c
015f3e87
01603e90
01613ea2
01623eb4
01633ec6
01643ed8
01653eea
01663efc
01673f07
01683f10
01693f22
016a3f34
016b3f46
016c3f58
016d3f6a
016e3f7c
016f3f87
01703f90
01713fa2
01723fb4
01733fc6
01743fd8
01753fea
01763ffc
01774007
01784010
01794022
017a4034
017b4046
017c4058
017d406a
017e407c
017f4087
01800000
0181b8a2
0182b8b4
0183b8c6
0184b8d8
0185b8ea
0186b8fc
0187b907
0188b910
0189b922
018ab934
018bb946
018cb958
018db96a
018eb97c
018fb987
0190b990
0191b9a2
0192b9b4
0193b9c6
0194b9d8
0195b9ea
0196b9fc
0197ba07
0198ba10
0199ba22
019aba34
019bba46
019cba58
019dba6a
019eba7c
019fba87
01a0ba90
01a1baa2
01a2bab4
01a3bac6
01a4bad8
01a5baea
01a6bafc
01a7bb07
01a8bb10
01a9bb22
01aabb34
01abbb46
01acbb58
01adbb6a
01aebb7c
01afbb87
01b0bb90
01b1bba2
01b2bbb4
01b3bbc6
01b4bbd8
01b5bbea
01b6bbfc
01b7bc07
01b8bc10
01b9bc22
01babc34
01bbbc46
01bcbc58
01bdbc6a
01bebc7c
01bfbc87
01c0bc90
01c1bca2
01c2bcb4
01c3bcc6
01c4bcd8
01c5bcea
01c6bcfc
01c7bd07
01c8bd10
01c9bd22
01cabd34
01cbbd46
01ccbd58
01cdbd6a
01cebd7c
01cfbd87
01d0bd90
01d1bda2
01d2bdb4
01d3bdc6
01d4bdd8
01d5bdea
01d6bdfc
01d7be07
01d8be10
01d9be22
01dabe34
01dbbe46
01dcbe58
01ddbe6a
01debe7c
01dfbe87
01e0be90
01e1bea2
01e2beb4
01e3bec6
01e4bed8
01e5beea
01e6befc
01e7bf07
01e8bf10
01e9bf22
01eabf34
01ebbf46
01ecbf58
01edbf6a
01eebf7c
01efbf87
01f0bf90
01f1bfa2
01f2bfb4
01f3bfc6
01f4bfd8
01f5bfea
01f6bffc
01f7c007
01f8c010
01f9c022
01fac034
01fbc046
01fcc058
01fdc06a
01fec07c
01ffc087
02000000
020138b4
020238c8
020338dc
020438f0
02053902
0206390c
02073916
02083920
02093934
020a3948
020b395c
020c3970
020d3982
020e398c
020f3996
021039a0
021139b4
021239c8
021339dc
021439f0
02153a02
02163a0c
02173a16
02183a20
02193a34
021a3a48
021b3a5c
021c3a70
021d3a82
021e3a8c
021f3a96
02203aa0
02213ab4
02223ac8
02233adc
02243af0
02253b02
02263b0c
02273b16
02283b20
02293b34
022a3b48
022b3b5c
022c3b70
022d3b82
022e3b8c
022f3b96
02303ba0
02313bb4
02323bc8
02333bdc
02343bf0
02353c02
02363c0c
02373c16
02383c20
02393c34
023a3c48
023b3c5c
023c3c70
023d3c82
023e3c8c
023f3c96
02403ca0
02413cb4
02423cc8
02433cdc
02443cf0
02453d02
02463d0c
02473d16
02483d20
02493d34
024a3d48
024b3d5c
024c3d70
024d3d82
024e3d8c
024f3d96
02503da0
02513db4
02523dc8
02533ddc
02543df0
02553e02
02563e0c
02573e16
02583e20
02593e34
025a3e48
025b3e5c
025c3e70
025d3e82
025e3e8c
025f3e96
02603ea0
02613eb4
02623ec8
02633edc
02643ef0
02653f02
02663f0c
02673f16
02683f20
02693f34
026a3f48
026b3f5c
026c3f70
026d3f82
026e3f8c
026f3f96
02703fa0
02713fb4
02723fc8
02733fdc
02743ff0
02754002
0276400c
02774016
02784020
02794034
027a4048
027b405c
027c4070
027d4082
027e408c
027f4096
02800000
0281b8b4
0282b8c8
0283b8dc
0284b8f0
0285b902
0286b90c
0287b916
0288b920
0289b934
028ab948
028bb95c
028cb970
028db982
028eb98c
028fb996
0290b9a0
0291b9b4
0292b9c8
0293b9dc
0294b9f0
0295ba02
0296ba0c
0297ba16
0298ba20
0299ba34
029aba48
029bba5c
029cba70
029dba82
029eba8c
029fba96
02a0baa0
02a1bab4
02a2bac8
02a3badc
02a4baf0
02a5bb02
02a6bb0c
02a7bb16
02a8bb20
02a9bb34
02aabb48
02abbb5c
02acbb70
02adbb82
02aebb8c
02afbb96
02b0bba0
02b1bbb4
02b2bbc8
02b3bbdc
02b4bbf0
02b5bc02
02b6bc0c
02b7bc16
02b8bc20
02b9bc34
02babc48
02bbbc5c
02bcbc70
02bdbc82
02bebc8c
02bfbc96
02c0bca0
02c1bcb4
02c2bcc8
02c3bcdc
02c4bcf0
02c5bd02
02c6bd0c
02c7bd16
02c8bd20
02c9bd34
02cabd48
02cbbd5c
02ccbd70
02cdbd82
02cebd8c
02cfbd96
02d0bda0
02d1bdb4
02d2bdc8
02d3bddc
02d4bdf0
02d5be02
02d6be0c
02d7be16
02d8be20
02d9be34
02dabe48
02dbbe5c
02dcbe70
02ddbe82
02debe8c
02dfbe96
02e0bea0
02e1beb4
02e2bec8
02e3bedc
02e4bef0
02e5bf02
02e6bf0c
02e7bf16
02e8bf20
02e9bf34
02eabf48
02ebbf5c
02ecbf70
02edbf82
02eebf8c
02efbf96
02f0bfa0
02f1bfb4
02f2bfc8
02f3bfdc
02f4bff0
02f5c002
02f6c00c
02f7c016
02f8c020
02f9c034
02fac048
02fbc05c
02fcc070
02fdc082
02fec08c
02ffc096
03000000
030138c6
030238dc
030338f2
03043904
0305390f
0306391a
03073925
03083930
03093946
030a395c
030b3972
030c3984
030d398f
030e399a
030f39a5
031039b0
031139c6
031239dc
031339f2
03143a04
03153a0f
03163a1a
03173a25
03183a30
03193a46
031a3a5c
031b3a72
031c3a84
031d3a8f
031e3a9a
031f3aa5
03203ab0
03213ac6
03223adc
03233af2
03243b04
03253b0f
03263b1a
03273b25
03283b30
03293b46
032a3b5c
032b3b72
032c3b84
032d3b8f
032e3b9a
032f3ba5
03303bb0
03313bc6
03323bdc
03333bf2
03343c04
03353c0f
03363c1a
03373c25
03383c30
03393c46
033a3c5c
033b3c72
033c3c84
033d3c8f
033e3c9a
033f3ca5
03403cb0
03413cc6
03423cdc
03433cf2
03443d04
03453d0f
03463d1a
03473d25
03483d30
03493d46
034a3d5c
034b3d72
034c3d84
034d3d8f
034e3d9a
034f3da5
03503db0
03513dc6
03523ddc
03533df2
03543e04
03553e0f
03563e1a
03573e25
03583e30
03593e46
035a3e5c
035b3e72
035c3e84
035d3e8f
035e3e9a
035f3ea5
03603eb0
03613ec6
03623edc
03633ef2
03643f04
03653f0f
03663f1a
03673f25
03683f30
03693f46
036a3f5c
036b3f72
036c3f84
036d3f8f
036e3f9a
036f3fa5
03703fb0
03713fc6
03723fdc
03733ff2
03744004
0375400f
0376401a
03774025
03784030
03794046
037a405c
037b4072
037c4084
037d408f
037e409a
037f40a5
03800000
0381b8c6
0382b8dc
0383b8f2
0384b904
0385b90f
0386b91a
0387b925
0388b930
0389b946
038ab95c
038bb972
038cb984
038db98f
038eb99a
038fb9a5
0390b9b0
0391b9c6
0392b9dc
0393b9f2
0394ba04
0395ba0f
0396ba1a
0397ba25
0398ba30
0399ba46
039aba5c
039bba72
039cba84
039dba8f
039eba9a
039fbaa5
03a0bab0
03a1bac6
03a2badc
03a3baf2
03a4bb04
03a5bb0f
03a6bb1a
03a7bb25
03a8bb30
03a9bb46
03aabb5c
03abbb72
03acbb84
03adbb8f
03aebb9a
03afbba5
03b0bbb0
03b1bbc6
03b2bbdc
03b3bbf2
03b4bc04
03b5bc0f
03b6bc1a
03b7bc25
03b8bc30
03b9bc46
03babc5c
03bbbc72
03bcbc84
03bdbc8f
03bebc9a
03bfbca5
03c0bcb0
03c1bcc6
03c2bcdc
03c3bcf2
03c4bd04
03c5bd0f
03c6bd1a
03c7bd25
03c8bd30
03c9bd46
03cabd5c
03cbbd72
03ccbd84
03cdbd8f
03cebd9a
03cfbda5
03d0bdb0
03d1bdc6
03d2bddc
03d3bdf2
03d4be04
03d5be0f
03d6be1a
03d7be25
03d8be30
03d9be46
03dabe5c
03dbbe72
03dcbe84
03ddbe8f
03debe9a
03dfbea5
03e0beb0
03e1bec6
03e2bedc
03e3bef2
03e4bf04
03e5bf0f
03e6bf1a
03e7bf25
03e8bf30
03e9bf46
03eabf5c
03ebbf72
03ecbf84
03edbf8f
03eebf9a
03efbfa5
03f0bfb0
03f1bfc6
03f2bfdc
03f3bff2
03f4c004
03f5c00f
03f6c01a
03f7c025
03f8c030
03f9c046
03fac05c
03fbc072
03fcc084
03fdc08f
03fec09a
03ffc0a5
04000000
040138d8
040238f0
04033904
04043910
0405391c
04063928
04073934
04083940
04093958
040a3970
040b3984
040c3990
040d399c
040e39a8
040f39b4
041039c0
041139d8
041239f0
04133a04
04143a10
04153a1c
04163a28
04173a34
04183a40
04193a58
041a3a70
041b3a84
041c3a90
041d3a9c
041e3aa8
041f3ab4
04203ac0
04213ad8
04223af0
04233b04
04243b10
04253b1c
04263b28
04273b34
04283b40
04293b58
042a3b70
042b3b84
042c3b90
042d3b9c
042e3ba8
042f3bb4
04303bc0
04313bd8
04323bf0
04333c04
04343c10
04353c1c
04363c28
04373c34
04383c40
04393c58
043a3c70
043b3c84
043c3c90
043d3c9c
043e3ca8
043f3cb4
04403cc0
04413cd8
04423cf0
04433d04
04443d10
04453d1c
04463d28
04473d34
04483d40
04493d58
044a3d70
044b3d84
044c3d90
044d3d9c
044e3da8
044f3db4
04503dc0
04513dd8
04523df0
04533e04
04543e10
04553e1c
04563e28
04573e34
04583e40
04593e58
045a3e70
045b3e84
045c3e90
045d3e9c
045e3ea8
045f3eb4
04603ec0
04613ed8
04623ef0
04633f04
04643f10
04653f1c
04663f28
04673f34
04683f40
04693f58
046a3f70
046b3f84
046c3f90
046d3f9c
046e3fa8
046f3fb4
04703fc0
04713fd8
04723ff0
04734004
04744010
0475401c
04764028
04774034
04784040
04794058
047a4070
047b4084
047c4090
047d409c
047e40a8
047f40b4
04800000
0481b8d8
0482b8f0
0483b904
0484b910
0485b91c
0486b928
0487b934
0488b940
0489b958
048ab970
048bb984
048cb990
048db99c
048eb9a8
048fb9b4
0490b9c0
0491b9d8
0492b9f0
0493ba04
0494ba10
0495ba1c
0496ba28
0497ba34
0498ba40
0499ba58
049aba70
049bba84
049cba90
049dba9c
049ebaa8
049fbab4
04a0bac0
04a1bad8
04a2baf0
04a3bb04
04a4bb10
04a5bb1c
04a6bb28
04a7bb34
04a8bb40
04a9bb58
04aabb70
04abbb84
04acbb90
04adbb9c
04aebba8
04afbbb4
04b0bbc0
04b1bbd8
04b2bbf0
04b3bc04
04b4bc10
04b5bc1c
04b6bc28
04b7bc34
04b8bc40
04b9bc58
04babc70
04bbbc84
04bcbc90
04bdbc9c
04bebca8
04bfbcb4
04c0bcc0
04c1bcd8
04c2bcf0
04c3bd04
04c4bd10
04c5bd1c
04c6bd28
04c7bd34
04c8bd40
04c9bd58
04cabd70
04cbbd84
04ccbd90
04cdbd9c
04cebda8
04cfbdb4
04d0bdc0
04d1bdd8
04d2bdf0
04d3be04
04d4be10
04d5be1c
04d6be28
04d7be34
04d8be40
04d9be58
04dabe70
04dbbe84
04dcbe90
04ddbe9c
04debea8
04dfbeb4
04e0bec0
04e1bed8
04e2bef0
04e3bf04
04e4bf10
04e5bf1c
04e6bf28
04e7bf34
04e8bf40
04e9bf58
04eabf70
04ebbf84
04ecbf90
04edbf9c
04eebfa8
04efbfb4
04f0bfc0
04f1bfd8
04f2bff0
04f3c004
04f4c010
04f5c01c
04f6c028
04f7c034
04f8c040
04f9c058
04fac070
04fbc084
04fcc090
04fdc09c
04fec0a8
04ffc0b4
05000000
050138ea
05023902
0503390f
0504391c
05053929
05063936
05073943
05083950
0509396a
050a3982
050b398f
050c399c
050d39a9
050e39b6
050f39c3
051039d0
051139ea
05123a02
05133a0f
05143a1c
05153a29
05163a36
05173a43
05183a50
05193a6a
051a3a82
051b3a8f
051c3a9c
051d3aa9
051e3ab6
051f3ac3
05203ad0
05213aea
05223b02
05233b0f
05243b1c
05253b29
05263b36
05273b43
05283b50
05293b6a
052a3b82
052b3b8f
052c3b9c
052d3ba9
052e3bb6
052f3bc3
05303bd0
05313bea
05323c02
05333c0f
05343c1c
05353c29
05363c36
05373c43
05383c50
05393c6a
053a3c82
053b3c8f
053c3c9c
053d3ca9
053e3cb6
053f3cc3
05403cd0
05413cea
05423d02
05433d0f
05443d1c
05453d29
05463d36
05473d43
05483d50
05493d6a
054a3d82
054b3d8f
054c3d9c
054d3da9
054e3db6
054f3dc3
05503dd0
05513dea
05523e02
05533e0f
05543e1c
05553e29
05563e36
05573e43
05583e50
05593e6a
055a3e82
055b3e8f
055c3e9c
055d3ea9
055e3eb6
055f3ec3
05603ed0
05613eea
05623f02
05633f0f
05643f1c
05653f29
05663f36
05673f43
05683f50
05693f6a
056a3f82
056b3f8f
056c3f9c
056d3fa9
056e3fb6
056f3fc3
05703fd0
05713fea
05724002
0573400f
0574401c
05754029
05764036
05774043
05784050
0579406a
057a4082
057b408f
057c409c
057d40a9
057e40b6
057f40c3
05800000
0581b8ea
0582b902
0583b90f
0584b91c
0585b929
0586b936
0587b943
0588b950
0589b96a
058ab982
058bb98f
058cb99c
058db9a9
058eb9b6
058fb9c3
0590b9d0
0591b9ea
0592ba02
0593ba0f
0594ba1c
0595ba29
0596ba36
0597ba43
0598ba50
0599ba6a
059aba82
059bba8f
059cba9c
059dbaa9
059ebab6
059fbac3
05a0bad0
05a1baea
05a2bb02
05a3bb0f
05a4bb1c
05a5bb29
05a6bb36
05a7bb43
05a8bb50
05a9bb6a
05aabb82
05abbb8f
05acbb9c
05adbba9
05aebbb6
05afbbc3
05b0bbd0
05b1bbea
05b2bc02
05b3bc0f
05b4bc1c
05b5bc29
05b6bc36
05b7bc43
05b8bc50
05b9bc6a
05babc82
05bbbc8f
05bcbc9c
05bdbca9
05bebcb6
05bfbcc3
05c0bcd0
05c1bcea
05c2bd02
05c3bd0f
05c4bd1c
05c5bd29
05c6bd36
05c7bd43
05c8bd50
05c9bd6a
05cabd82
05cbbd8f
05ccbd9c
05cdbda9
05cebdb6
05cfbdc3
05d0bdd0
05d1bdea
05d2be02
05d3be0f
05d4be1c
05d5be29
05d6be36
05d7be43
05d8be50
05d9be6a
05dabe82
05dbbe8f
05dcbe9c
05ddbea9
05debeb6
05dfbec3
05e0bed0
05e1beea
05e2bf02
05e3bf0f
05e4bf1c
05e5bf29
05e6bf36
05e7bf43
05e8bf50
05e9bf6a
05eabf82
05ebbf8f
05ecbf9c
05edbfa9
05eebfb6
05efbfc3
05f0bfd0
05f1bfea
05f2c002
05f3c00f
05f4c01c
05f5c029
05f6c036
05f7c043
05f8c050
05f9c06a
05fac082
05fbc08f
05fcc09c
05fdc0a9
05fec0b6
05ffc0c3
06000000
060138fc
0602390c
0603391a
06043928
06053936
06063944
06073952
06083960
0609397c
060a398c
060b399a
060c39a8
060d39b6
060e39c4
060f39d2
061039e0
061139fc
06123a0c
06133a1a
06143a28
06153a36
06163a44
06173a52
06183a60
06193a7c
061a3a8c
061b3a9a
061c3aa8
061d3ab6
061e3ac4
061f3ad2
06203ae0
06213afc
06223b0c
06233b1a
06243b28
06253b36
06263b44
06273b52
06283b60
06293b7c
062a3b8c
062b3b9a
062c3ba8
062d3bb6
062e3bc4
062f3bd2
06303be0
06313bfc
06323c0c
06333c1a
06343c28
06353c36
06363c44
06373c52
06383c60
06393c7c
063a3c8c
063b3c9a
063c3ca8
063d3cb6
063e3cc4
063f3cd2
06403ce0
06413cfc
06423d0c
06433d1a
06443d28
06453d36
06463d44
06473d52
06483d60
06493d7c
064a3d8c
064b3d9a
064c3da8
064d3db6
064e3dc4
064f3dd2
06503de0
06513dfc
06523e0c
06533e1a
06543e28
06553e36
06563e44
06573e52
06583e60
06593e7c
065a3e8c
065b3e9a
065c3ea8
065d3eb6
065e3ec4
065f3ed2
06603ee0
06613efc
06623f0c
06633f1a
06643f28
06653f36
06663f44
06673f52
06683f60
06693f7c
066a3f8c
066b3f9a
066c3fa8
066d3fb6
066e3fc4
066f3fd2
06703fe0
06713ffc
0672400c
0673401a
06744028
06754036
06764044
06774052
06784060
0679407c
067a408c
067b409a
067c40a8
067d40b6
067e40c4
067f40d2
06800000
0681b8fc
0682b90c
0683b91a
0684b928
0685b936
0686b944
0687b952
0688b960
0689b97c
068ab98c
068bb99a
068cb9a8
068db9b6
068eb9c4
068fb9d2
0690b9e0
0691b9fc
0692ba0c
0693ba1a
0694ba28
0695ba36
0696ba44
0697ba52
0698ba60
0699ba7c
069aba8c
069bba9a
069cbaa8
069dbab6
069ebac4
069fbad2
06a0bae0
06a1bafc
06a2bb0c
06a3bb1a
06a4bb28
06a5bb36
06a6bb44
06a7bb52
06a8bb60
06a9bb7c
06aabb8c
06abbb9a
06acbba8
06adbbb6
06aebbc4
06afbbd2
06b0bbe0
06b1bbfc
06b2bc0c
06b3bc1a
06b4bc28
06b5bc36
06b6bc44
06b7bc52
06b8bc60
06b9bc7c
06babc8c
06bbbc9a
06bcbca8
06bdbcb6
06bebcc4
06bfbcd2
06c0bce0
06c1bcfc
06c2bd0c
06c3bd1a
06c4bd28
06c5bd36
06c6bd44
06c7bd52
06c8bd60
06c9bd7c
06cabd8c
06cbbd9a
06ccbda8
06cdbdb6
06cebdc4
06cfbdd2
06d0bde0
06d1bdfc
06d2be0c
06d3be1a
06d4be28
06d5be36
06d6be44
06d7be52
06d8be60
06d9be7c
06dabe8c
06dbbe9a
06dcbea8
06ddbeb6
06debec4
06dfbed2
06e0bee0
06e1befc
06e2bf0c
06e3bf1a
06e4bf28
06e5bf36
06e6bf44
06e7bf52
06e8bf60
06e9bf7c
06eabf8c
06ebbf9a
06ecbfa8
06edbfb6
06eebfc4
06efbfd2
06f0bfe0
06f1bffc
06f2c00c
06f3c01a
06f4c028
06f5c036
06f6c044
06f7c052
06f8c060
06f9c07c
06fac08c
06fbc09a
06fcc0a8
06fdc0b6
06fec0c4
06ffc0d2
07000000
07013907
07023916
07033925
07043934
07053943
07063952
07073961
07083970
07093987
070a3996
070b39a5
070c39b4
070d39c3
070e39d2
070f39e1
071039f0
07113a07
07123a16
07133a25
07143a34
07153a43
07163a52
07173a61
07183a70
07193a87
071a3a96
071b3aa5
071c3ab4
071d3ac3
071e3ad2
071f3ae1
07203af0
07213b07
07223b16
07233b25
07243b34
07253b43
07263b52
07273b61
07283b70
07293b87
072a3b96
072b3ba5
072c3bb4
072d3bc3
072e3bd2
072f3be1
07303bf0
07313c07
07323c16
07333c25
07343c34
07353c43
07363c52
07373c61
07383c70
07393c87
073a3c96
073b3ca5
073c3cb4
073d3cc3
073e3cd2
073f3ce1
07403cf0
07413d07
07423d16
07433d25
07443d34
07453d43
07463d52
07473d61
07483d70
07493d87
074a3d96
074b3da5
074c3db4
074d3dc3
074e3dd2
074f3de1
07503df0
07513e07
07523e16
07533e25
07543e34
07553e43
07563e52
07573e61
07583e70
07593e87
075a3e96
075b3ea5
075c3eb4
075d3ec3
075e3ed2
075f3ee1
07603ef0
07613f07
07623f16
07633f25
07643f34
07653f43
07663f52
07673f61
07683f70
07693f87
076a3f96
076b3fa5
076c3fb4
076d3fc3
076e3fd2
076f3fe1
07703ff0
07714007
07724016
07734025
07744034
07754043
07764052
07774061
07784070
07794087
077a4096
077b40a5
077c40b4
077d40c3
077e40d2
077f40e1
07800000
0781b907
0782b916
0783b925
0784b934
0785b943
0786b952
0787b961
0788b970
0789b987
078ab996
078bb9a5
078cb9b4
078db9c3
078eb9d2
078fb9e1
0790b9f0
0791ba07
0792ba16
0793ba25
0794ba34
0795ba43
0796ba52
0797ba61
0798ba70
0799ba87
079aba96
079bbaa5
079cbab4
079dbac3
079ebad2
079fbae1
07a0baf0
07a1bb07
07a2bb16
07a3bb25
07a4bb34
07a5bb43
07a6bb52
07a7bb61
07a8bb70
07a9bb87
07aabb96
07abbba5
07acbbb4
07adbbc3
07aebbd2
07afbbe1
07b0bbf0
07b1bc07
07b2bc16
07b3bc25
07b4bc34
07b5bc43
07b6bc52
07b7bc61
07b8bc70
07b9bc87
07babc96
07bbbca5
07bcbcb4
07bdbcc3
07bebcd2
07bfbce1
07c0bcf0
07c1bd07
07c2bd16
07c3bd25
07c4bd34
07c5bd43
07c6bd52
07c7bd61
07c8bd70
07c9bd87
07cabd96
07cbbda5
07ccbdb4
07cdbdc3
07cebdd2
07cfbde1
07d0bdf0
07d1be07
07d2be16
07d3be25
07d4be34
07d5be43
07d6be52
07d7be61
07d8be70
07d9be87
07dabe96
07dbbea5
07dcbeb4
07ddbec3
07debed2
07dfbee1
07e0bef0
07e1bf07
07e2bf16
07e3bf25
07e4bf34
07e5bf43
07e6bf52
07e7bf61
07e8bf70
07e9bf87
07eabf96
07ebbfa5
07ecbfb4
07edbfc3
07eebfd2
07efbfe1
07f0bff0
07f1c007
07f2c016
07f3c025
07f4c034
07f5c043
07f6c052
07f7c061
07f8c070
07f9c087
07fac096
07fbc0a5
07fcc0b4
07fdc0c3
07fec0d2
07ffc0e1
08000000
08013910
08023920
08033930
08043940
08053950
08063960
08073970
08083980
08093990
080a39a0
080b39b0
080c39c0
080d39d0
080e39e0
080f39f0
08103a00
08113a10
08123a20
08133a30
08143a40
08153a50
08163a60
08173a70
08183a80
08193a90
081a3aa0
081b3ab0
081c3ac0
081d3ad0
081e3ae0
081f3af0
08203b00
08213b10
08223b20
08233b30
08243b40
08253b50
08263b60
08273b70
08283b80
08293b90
082a3ba0
082b3bb0
082c3bc0
082d3bd0
082e3be0
082f3bf0
08303c00
08313c10
08323c20
08333c30
08343c40
08353c50
08363c60
08373c70
08383c80
08393c90
083a3ca0
083b3cb0
083c3cc0
083d3cd0
083e3ce0
083f3cf0
08403d00
08413d10
08423d20
08433d30
08443d40
08453d50
08463d60
08473d70
08483d80
08493d90
084a3da0
084b3db0
084c3dc0
084d3dd0
084e3de0
084f3df0
08503e00
08513e10
08523e20
08533e30
08543e40
08553e50
08563e60
08573e70
08583e80
08593e90
085a3ea0
085b3eb0
085c3ec0
085d3ed0
085e3ee0
085f3ef0
08603f00
08613f10
08623f20
08633f30
08643f40
08653f50
08663f60
08673f70
08683f80
08693f90
086a3fa0
086b3fb0
086c3fc0
086d3fd0
086e3fe0
086f3ff0
08704000
08714010
08724020
08734030
08744040
08754050
08764060
08774070
08784080
08794090
087a40a0
087b40b0
087c40c0
087d40d0
087e40e0
087f40f0
08800000
0881b910
0882b920
0883b930
0884b940
0885b950
0886b960
0887b970
0888b980
0889b990
088ab9a0
088bb9b0
088cb9c0
088db9d0
088eb9e0
088fb9f0
0890ba00
0891ba10
0892ba20
0893ba30
0894ba40
0895ba50
0896ba60
0897ba70
0898ba80
0899ba90
089abaa0
089bbab0
089cbac0
089dbad0
089ebae0
089fbaf0
08a0bb00
08a1bb10
08a2bb20
08a3bb30
08a4bb40
08a5bb50
08a6bb60
08a7bb70
08a8bb80
08a9bb90
08aabba0
08abbbb0
08acbbc0
08adbbd0
08aebbe0
08afbbf0
08b0bc00
08b1bc10
08b2bc20
08b3bc30
08b4bc40
08b5bc50
08b6bc60
08b7bc70
08b8bc80
08b9bc90
08babca0
08bbbcb0
08bcbcc0
08bdbcd0
08bebce0
08bfbcf0
08c0bd00
08c1bd10
08c2bd20
08c3bd30
08c4bd40
08c5bd50
08c6bd60
08c7bd70
08c8bd80
08c9bd90
08cabda0
08cbbdb0
08ccbdc0
08cdbdd0
08cebde0
08cfbdf0
08d0be00
08d1be10
08d2be20
08d3be30
08d4be40
08d5be50
08d6be60
08d7be70
08d8be80
08d9be90
08dabea0
08dbbeb0
08dcbec0
08ddbed0
08debee0
08dfbef0
08e0bf00
08e1bf10
08e2bf20
08e3bf30
08e4bf40
08e5bf50
08e6bf60
08e7bf70
08e8bf80
08e9bf90
08eabfa0
08ebbfb0
08ecbfc0
08edbfd0
08eebfe0
08efbff0
08f0c000
08f1c010
08f2c020
08f3c030
08f4c040
08f5c050
08f6c060
08f7c070
08f8c080
08f9c090
08fac0a0
08fbc0b0
08fcc0c0
08fdc0d0
08fec0e0
08ffc0f0
09000000
09013922
09023934
09033946
09043958
0905396a
0906397c
09073987
09083990
090939a2
090a39b4
090b39c6
090c39d8
090d39ea
090e39fc
090f3a07
09103a10
09113a22
09123a34
09133a46
09143a58
09153a6a
09163a7c
09173a87
09183a90
09193aa2
091a3ab4
091b3ac6
091c3ad8
091d3aea
091e3afc
091f3b07
09203b10
09213b22
09223b34
09233b46
09243b58
09253b6a
09263b7c
09273b87
09283b90
09293ba2
092a3bb4
092b3bc6
092c3bd8
092d3bea
092e3bfc
092f3c07
09303c10
09313c22
09323c34
09333c46
09343c58
09353c6a
09363c7c
09373c87
09383c90
09393ca2
093a3cb4
093b3cc6
093c3cd8
093d3cea
093e3cfc
093f3d07
09403d10
09413d22
09423d34
09433d46
09443d58
09453d6a
09463d7c
09473d87
09483d90
09493da2
094a3db4
094b3dc6
094c3dd8
094d3dea
094e3dfc
094f3e07
09503e10
09513e22
09523e34
09533e46
09543e58
09553e6a
09563e7c
09573e87
09583e90
09593ea2
095a3eb4
095b3ec6
095c3ed8
095d3eea
095e3efc
095f3f07
09603f10
09613f22
09623f34
09633f46
09643f58
09653f6a
09663f7c
09673f87
09683f90
09693fa2
096a3fb4
096b3fc6
096c3fd8
096d3fea
096e3ffc
096f4007
09704010
09714022
09724034
09734046
09744058
0975406a
0976407c
09774087
09784090
097940a2
097a40b4
097b40c6
097c40d8
097d40ea
097e40fc
097f4107
09800000
0981b922
0982b934
0983b946
0984b958
0985b96a
0986b97c
0987b987
0988b990
0989b9a2
098ab9b4
098bb9c6
098cb9d8
098db9ea
098eb9fc
098fba07
0990ba10
0991ba22
0992ba34
0993ba46
0994ba58
0995ba6a
0996ba7c
0997ba87
0998ba90
0999baa2
099abab4
099bbac6
099cbad8
099dbaea
099ebafc
099fbb07
09a0bb10
09a1bb22
09a2bb34
09a3bb46
09a4bb58
09a5bb6a
09a6bb7c
09a7bb87
09a8bb90
09a9bba2
09aabbb4
09abbbc6
09acbbd8
09adbbea
09aebbfc
09afbc07
09b0bc10
09b1bc22
09b2bc34
09b3bc46
09b4bc58
09b5bc6a
09b6bc7c
09b7bc87
09b8bc90
09b9bca2
09babcb4
09bbbcc6
09bcbcd8
09bdbcea
09bebcfc
09bfbd07
09c0bd10
09c1bd22
09c2bd34
09c3bd46
09c4bd58
09c5bd6a
09c6bd7c
09c7bd87
09c8bd90
09c9bda2
09cabdb4
09cbbdc6
09ccbdd8
09cdbdea
09cebdfc
09cfbe07
09d0be10
09d1be22
09d2be34
09d3be46
09d4be58
09d5be6a
09d6be7c
09d7be87
09d8be90
09d9bea2
09dabeb4
09dbbec6
09dcbed8
09ddbeea
09debefc
09dfbf07
09e0bf10
09e1bf22
09e2bf34
09e3bf46
09e4bf58
09e5bf6a
09e6bf7c
09e7bf87
09e8bf90
09e9bfa2
09eabfb4
09ebbfc6
09ecbfd8
09edbfea
09eebffc
09efc007
09f0c010
09f1c022
09f2c034
09f3c046
09f4c058
09f5c06a
09f6c07c
09f7c087
09f8c090
09f9c0a2
09fac0b4
09fbc0c6
09fcc0d8
09fdc0ea
09fec0fc
09ffc107
0a000000
0a013934
0a023948
0a03395c
0a043970
0a053982
0a06398c
0a073996
0a0839a0
0a0939b4
0a0a39c8
0a0b39dc
0a0c39f0
0a0d3a02
0a0e3a0c
0a0f3a16
0a103a20
0a113a34
0a123a48
0a133a5c
0a143a70
0a153a82
0a163a8c
0a173a96
0a183aa0
0a193ab4
0a1a3ac8
0a1b3adc
0a1c3af0
0a1d3b02
0a1e3b0c
0a1f3b16
0a203b20
0a213b34
0a223b48
0a233b5c
0a243b70
0a253b82
0a263b8c
0a273b96
0a283ba0
0a293bb4
0a2a3bc8
0a2b3bdc
0a2c3bf0
0a2d3c02
0a2e3c0c
0a2f3c16
0a303c20
0a313c34
0a323c48
0a333c5c
0a343c70
0a353c82
0a363c8c
0a373c96
0a383ca0
0a393cb4
0a3a3cc8
0a3b3cdc
0a3c3cf0
0a3d3d02
0a3e3d0c
0a3f3d16
0a403d20
0a413d34
0a423d48
0a433d5c
0a443d70
0a453d82
0a463d8c
0a473d96
0a483da0
0a493db4
0a4a3dc8
0a4b3ddc
0a4c3df0
0a4d3e02
0a4e3e0c
0a4f3e16
0a503e20
0a513e34
0a523e48
0a533e5c
0a543e70
0a553e82
0a563e8c
0a573e96
0a583ea0
0a593eb4
0a5a3ec8
0a5b3edc
0a5c3ef0
0a5d3f02
0a5e3f0c
0a5f3f16
0a603f20
0a613f34
0a623f48
0a633f5c
0a643f70
0a653f82
0a663f8c
0a673f96
0a683fa0
0a693fb4
0a6a3fc8
0a6b3fdc
0a6c3ff0
0a6d4002
0a6e400c
0a6f4016
0a704020
0a714034
0a724048
0a73405c
0a744070
0a754082
0a76408c
0a774096
0a7840a0
0a7940b4
0a7a40c8
0a7b40dc
0a7c40f0
0a7d4102
0a7e410c
0a7f4116
0a800000
0a81b934
0a82b948
0a83b95c
0a84b970
0a85b982
0a86b98c
0a87b996
0a88b9a0
0a89b9b4
0a8ab9c8
0a8bb9dc
0a8cb9f0
0a8dba02
0a8eba0c
0a8fba16
0a90ba20
0a91ba34
0a92ba48
0a93ba5c
0a94ba70
0a95ba82
0a96ba8c
0a97ba96
0a98baa0
0a99bab4
0a9abac8
0a9bbadc
0a9cbaf0
0a9dbb02
0a9ebb0c
0a9fbb16
0aa0bb20
0aa1bb34
0aa2bb48
0aa3bb5c
0aa4bb70
0aa5bb82
0aa6bb8c
0aa7bb96
0aa8bba0
0aa9bbb4
0aaabbc8
0aabbbdc
0aacbbf0
0aadbc02
0aaebc0c
0aafbc16
0ab0bc20
0ab1bc34
0ab2bc48
0ab3bc5c
0ab4bc70
0ab5bc82
0ab6bc8c
0ab7bc96
0ab8bca0
0ab9bcb4
0ababcc8
0abbbcdc
0abcbcf0
0abdbd02
0abebd0c
0abfbd16
0ac0bd20
0ac1bd34
0ac2bd48
0ac3bd5c
0ac4bd70
0ac5bd82
0ac6bd8c
0ac7bd96
0ac8bda0
0ac9bdb4
0acabdc8
0acbbddc
0accbdf0
0acdbe02
0acebe0c
0acfbe16
0ad0be20
0ad1be34
0ad2be48
0ad3be5c
0ad4be70
0ad5be82
0ad6be8c
0ad7be96
0ad8bea0
0ad9beb4
0adabec8
0adbbedc
0adcbef0
0addbf02
0adebf0c
0adfbf16
0ae0bf20
0ae1bf34
0ae2bf48
0ae3bf5c
0ae4bf70
0ae5bf82
0ae6bf8c
0ae7bf96
0ae8bfa0
0ae9bfb4
0aeabfc8
0aebbfdc
0aecbff0
0aedc002
0aeec00c
0aefc016
0af0c020
0af1c034
0af2c048
0af3c05c
0af4c070
0af5c082
0af6c08c
0af7c096
0af8c0a0
0af9c0b4
0afac0c8
0afbc0dc
0afcc0f0
0afdc102
0afec10c
0affc116
0b000000
0b013946
0b02395c
0b033972
0b043984
0b05398f
0b06399a
0b0739a5
0b0839b0
0b0939c6
0b0a39dc
0b0b39f2
0b0c3a04
0b0d3a0f
0b0e3a1a
0b0f3a25
0b103a30
0b113a46
0b123a5c
0b133a72
0b143a84
0b153a8f
0b163a9a
0b173aa5
0b183ab0
0b193ac6
0b1a3adc
0b1b3af2
0b1c3b04
0b1d3b0f
0b1e3b1a
0b1f3b25
0b203b30
0b213b46
0b223b5c
0b233b72
0b243b84
0b253b8f
0b263b9a
0b273ba5
0b283bb0
0b293bc6
0b2a3bdc
0b2b3bf2
0b2c3c04
0b2d3c0f
0b2e3c1a
0b2f3c25
0b303c30
0b313c46
0b323c5c
0b333c72
0b343c84
0b353c8f
0b363c9a
0b373ca5
0b383cb0
0b393cc6
0b3a3cdc
0b3b3cf2
0b3c3d04
0b3d3d0f
0b3e3d1a
0b3f3d25
0b403d30
0b413d46
0b423d5c
0b433d72
0b443d84
0b453d8f
0b463d9a
0b473da5
0b483db0
0b493dc6
0b4a3ddc
0b4b3df2
0b4c3e04
0b4d3e0f
0b4e3e1a
0b4f3e25
0b503e30
0b513e46
0b523e5c
0b533e72
0b543e84
0b553e8f
0b563e9a
0b573ea5
0b583eb0
0b593ec6
0b5a3edc
0b5b3ef2
0b5c3f04
0b5d3f0f
0b5e3f1a
0b5f3f25
0b603f30
0b613f46
0b623f5c
0b633f72
0b643f84
0b653f8f
0b663f9a
0b673fa5
0b683fb0
0b693fc6
0b6a3fdc
0b6b3ff2
0b6c4004
0b6d400f
0b6e401a
0b6f4025
0b704030
0b714046
0b72405c
0b734072
0b744084
0b75408f
0b76409a
0b7740a5
0b7840b0
0b7940c6
0b7a40dc
0b7b40f2
0b7c4104
0b7d410f
0b7e411a
0b7f4125
0b800000
0b81b946
0b82b95c
0b83b972
0b84b984
0b85b98f
0b86b99a
0b87b9a5
0b88b9b0
0b89b9c6
0b8ab9dc
0b8bb9f2
0b8cba04
0b8dba0f
0b8eba1a
0b8fba25
0b90ba30
0b91ba46
0b92ba5c
0b93ba72
0b94ba84
0b95ba8f
0b96ba9a
0b97baa5
0b98bab0
0b99bac6
0b9abadc
0b9bbaf2
0b9cbb04
0b9dbb0f
0b9ebb1a
0b9fbb25
0ba0bb30
0ba1bb46
0ba2bb5c
0ba3bb72
0ba4bb84
0ba5bb8f
0ba6bb9a
0ba7bba5
0ba8bbb0
0ba9bbc6
0baabbdc
0babbbf2
0bacbc04
0badbc0f
0baebc1a
0bafbc25
0bb0bc30
0bb1bc46
0bb2bc5c
0bb3bc72
0bb4bc84
0bb5bc8f
0bb6bc9a
0bb7bca5
0bb8bcb0
0bb9bcc6
0bbabcdc
0bbbbcf2
0bbcbd04
0bbdbd0f
0bbebd1a
0bbfbd25
0bc0bd30
0bc1bd46
0bc2bd5c
0bc3bd72
0bc4bd84
0bc5bd8f
0bc6bd9a
0bc7bda5
0bc8bdb0
0bc9bdc6
0bcabddc
0bcbbdf2
0bccbe04
0bcdbe0f
0bcebe1a
0bcfbe25
0bd0be30
0bd1be46
0bd2be5c
0bd3be72
0bd4be84
0bd5be8f
0bd6be9a
0bd7bea5
0bd8beb0
0bd9bec6
0bdabedc
0bdbbef2
0bdcbf04
0bddbf0f
0bdebf1a
0bdfbf25
0be0bf30
0be1bf46
0be2bf5c
0be3bf72
0be4bf84
0be5bf8f
0be6bf9a
0be7bfa5
0be8bfb0
0be9bfc6
0beabfdc
0bebbff2
0becc004
0bedc00f
0beec01a
0befc025
0bf0c030
0bf1c046
0bf2c05c
0bf3c072
0bf4c084
0bf5c08f
0bf6c09a
0bf7c0a5
0bf8c0b0
0bf9c0c6
0bfac0dc
0bfbc0f2
0bfcc104
0bfdc10f
0bfec11a
0bffc125
0c000000
0c013958
0c023970
0c033984
0c043990
0c05399c
0c0639a8
0c0739b4
0c0839c0
0c0939d8
0c0a39f0
0c0b3a04
0c0c3a10
0c0d3a1c
0c0e3a28
0c0f3a34
0c103a40
0c113a58
0c123a70
0c133a84
0c143a90
0c153a9c
0c163aa8
0c173ab4
0c183ac0
0c193ad8
0c1a3af0
0c1b3b04
0c1c3b10
0c1d3b1c
0c1e3b28
0c1f3b34
0c203b40
0c213b58
0c223b70
0c233b84
0c243b90
0c253b9c
0c263ba8
0c273bb4
0c283bc0
0c293bd8
0c2a3bf0
0c2b3c04
0c2c3c10
0c2d3c1c
0c2e3c28
0c2f3c34
0c303c40
0c313c58
0c323c70
0c333c84
0c343c90
0c353c9c
0c363ca8
0c373cb4
0c383cc0
0c393cd8
0c3a3cf0
0c3b3d04
0c3c3d10
0c3d3d1c
0c3e3d28
0c3f3d34
0c403d40
0c413d58
0c423d70
0c433d84
0c443d90
0c453d9c
0c463da8
0c473db4
0c483dc0
0c493dd8
0c4a3df0
0c4b3e04
0c4c3e10
0c4d3e1c
0c4e3e28
0c4f3e34
0c503e40
0c513e58
0c523e70
0c533e84
0c543e90
0c553e9c
0c563ea8
0c573eb4
0c583ec0
0c593ed8
0c5a3ef0
0c5b3f04
0c5c3f10
0c5d3f1c
0c5e3f28
0c5f3f34
0c603f40
0c613f58
0c623f70
0c633f84
0c643f90
0c653f9c
0c663fa8
0c673fb4
0c683fc0
0c693fd8
0c6a3ff0
0c6b4004
0c6c4010
0c6d401c
0c6e4028
0c6f4034
0c704040
0c714058
0c724070
0c734084
0c744090
0c75409c
0c7640a8
0c7740b4
0c7840c0
0c7940d8
0c7a40f0
0c7b4104
0c7c4110
0c7d411c
0c7e4128
0c7f4134
0c800000
0c81b958
0c82b970
0c83b984
0c84b990
0c85b99c
0c86b9a8
0c87b9b4
0c88b9c0
0c89b9d8
0c8ab9f0
0c8bba04
0c8cba10
0c8dba1c
0c8eba28
0c8fba34
0c90ba40
0c91ba58
0c92ba70
0c93ba84
0c94ba90
0c95ba9c
0c96baa8
0c97bab4
0c98bac0
0c99bad8
0c9abaf0
0c9bbb04
0c9cbb10
0c9dbb1c
0c9ebb28
0c9fbb34
0ca0bb40
0ca1bb58
0ca2bb70
0ca3bb84
0ca4bb90
0ca5bb9c
0ca6bba8
0ca7bbb4
0ca8bbc0
0ca9bbd8
0caabbf0
0cabbc04
0cacbc10
0cadbc1c
0caebc28
0cafbc34
0cb0bc40
0cb1bc58
0cb2bc70
0cb3bc84
0cb4bc90
0cb5bc9c
0cb6bca8
0cb7bcb4
0cb8bcc0
0cb9bcd8
0cbabcf0
0cbbbd04
0cbcbd10
0cbdbd1c
0cbebd28
0cbfbd34
0cc0bd40
0cc1bd58
0cc2bd70
0cc3bd84
0cc4bd90
0cc5bd9c
0cc6bda8
0cc7bdb4
0cc8bdc0
0cc9bdd8
0ccabdf0
0ccbbe04
0cccbe10
0ccdbe1c
0ccebe28
0ccfbe34
0cd0be40
0cd1be58
0cd2be70
0cd3be84
0cd4be90
0cd5be9c
0cd6bea8
0cd7beb4
0cd8bec0
0cd9bed8
0cdabef0
0cdbbf04
0cdcbf10
0cddbf1c
0cdebf28
0cdfbf34
0ce0bf40
0ce1bf58
0ce2bf70
0ce3bf84
0ce4bf90
0ce5bf9c
0ce6bfa8
0ce7bfb4
0ce8bfc0
0ce9bfd8
0ceabff0
0cebc004
0cecc010
0cedc01c
0ceec028
0cefc034
0cf0c040
0cf1c058
0cf2c070
0cf3c084
0cf4c090
0cf5c09c
0cf6c0a8
0cf7c0b4
0cf8c0c0
0cf9c0d8
0cfac0f0
0cfbc104
0cfcc110
0cfdc11c
0cfec128
0cffc134
0d000000
0d01396a
0d023982
0d03398f
0d04399c
0d0539a9
0d0639b6
0d0739c3
0d0839d0
0d0939ea
0d0a3a02
0d0b3a0f
0d0c3a1c
0d0d3a29
0d0e3a36
0d0f3a43
0d103a50
0d113a6a
0d123a82
0d133a8f
0d143a9c
0d153aa9
0d163ab6
0d173ac3
0d183ad0
0d193aea
0d1a3b02
0d1b3b0f
0d1c3b1c
0d1d3b29
0d1e3b36
0d1f3b43
0d203b50
0d213b6a
0d223b82
0d233b8f
0d243b9c
0d253ba9
0d263bb6
0d273bc3
0d283bd0
0d293bea
0d2a3c02
0d2b3c0f
0d2c3c1c
0d2d3c29
0d2e3c36
0d2f3c43
0d303c50
0d313c6a
0d323c82
0d333c8f
0d343c9c
0d353ca9
0d363cb6
0d373cc3
0d383cd0
0d393cea
0d3a3d02
0d3b3d0f
0d3c3d1c
0d3d3d29
0d3e3d36
0d3f3d43
0d403d50
0d413d6a
0d423d82
0d433d8f
0d443d9c
0d453da9
0d463db6
0d473dc3
0d483dd0
0d493dea
0d4a3e02
0d4b3e0f
0d4c3e1c
0d4d3e29
0d4e3e36
0d4f3e43
0d503e50
0d513e6a
0d523e82
0d533e8f
0d543e9c
0d553ea9
0d563eb6
0d573ec3
0d583ed0
0d593eea
0d5a3f02
0d5b3f0f
0d5c3f1c
0d5d3f29
0d5e3f36
0d5f3f43
0d603f50
0d613f6a
0d623f82
0d633f8f
0d643f9c
0d653fa9
0d663fb6
0d673fc3
0d683fd0
0d693fea
0d6a4002
0d6b400f
0d6c401c
0d6d4029
0d6e4036
0d6f4043
0d704050
0d71406a
0d724082
0d73408f
0d74409c
0d7540a9
0d7640b6
0d7740c3
0d7840d0
0d7940ea
0d7a4102
0d7b410f
0d7c411c
0d7d4129
0d7e4136
0d7f4143
0d800000
0d81b96a
0d82b982
0d83b98f
0d84b99c
0d85b9a9
0d86b9b6
0d87b9c3
0d88b9d0
0d89b9ea
0d8aba02
0d8bba0f
0d8cba1c
0d8dba29
0d8eba36
0d8fba43
0d90ba50
0d91ba6a
0d92ba82
0d93ba8f
0d94ba9c
0d95baa9
0d96bab6
0d97bac3
0d98bad0
0d99baea
0d9abb02
0d9bbb0f
0d9cbb1c
0d9dbb29
0d9ebb36
0d9fbb43
0da0bb50
0da1bb6a
0da2bb82
0da3bb8f
0da4bb9c
0da5bba9
0da6bbb6
0da7bbc3
0da8bbd0
0da9bbea
0daabc02
0dabbc0f
0dacbc1c
0dadbc29
0daebc36
0dafbc43
0db0bc50
0db1bc6a
0db2bc82
0db3bc8f
0db4bc9c
0db5bca9
0db6bcb6
0db7bcc3
0db8bcd0
0db9bcea
0dbabd02
0dbbbd0f
0dbcbd1c
0dbdbd29
0dbebd36
0dbfbd43
0dc0bd50
0dc1bd6a
0dc2bd82
0dc3bd8f
0dc4bd9c
0dc5bda9
0dc6bdb6
0dc7bdc3
0dc8bdd0
0dc9bdea
0dcabe02
0dcbbe0f
0dccbe1c
0dcdbe29
0dcebe36
0dcfbe43
0dd0be50
0dd1be6a
0dd2be82
0dd3be8f
0dd4be9c
0dd5bea9
0dd6beb6
0dd7bec3
0dd8bed0
0dd9beea
0ddabf02
0ddbbf0f
0ddcbf1c
0dddbf29
0ddebf36
0ddfbf43
0de0bf50
0de1bf6a
0de2bf82
0de3bf8f
0de4bf9c
0de5bfa9
0de6bfb6
0de7bfc3
0de8bfd0
0de9bfea
0deac002
0debc00f
0decc01c
0dedc029
0deec036
0defc043
0df0c050
0df1c06a
0df2c082
0df3c08f
0df4c09c
0df5c0a9
0df6c0b6
0df7c0c3
0df8c0d0
0df9c0ea
0dfac102
0dfbc10f
0dfcc11c
0dfdc129
0dfec136
0dffc143
0e000000
0e01397c
0e02398c
0e03399a
0e0439a8
0e0539b6
0e0639c4
0e0739d2
0e0839e0
0e0939fc
0e0a3a0c
0e0b3a1a
0e0c3a28
0e0d3a36
0e0e3a44
0e0f3a52
0e103a60
0e113a7c
0e123a8c
0e133a9a
0e143aa8
0e153ab6
0e163ac4
0e173ad2
0e183ae0
0e193afc
0e1a3b0c
0e1b3b1a
0e1c3b28
0e1d3b36
0e1e3b44
0e1f3b52
0e203b60
0e213b7c
0e223b8c
0e233b9a
0e243ba8
0e253bb6
0e263bc4
0e273bd2
0e283be0
0e293bfc
0e2a3c0c
0e2b3c1a
0e2c3c28
0e2d3c36
0e2e3c44
0e2f3c52
0e303c60
0e313c7c
0e323c8c
0e333c9a
0e343ca8
0e353cb6
0e363cc4
0e373cd2
0e383ce0
0e393cfc
0e3a3d0c
0e3b3d1a
0e3c3d28
0e3d3d36
0e3e3d44
0e3f3d52
0e403d60
0e413d7c
0e423d8c
0e433d9a
0e443da8
0e453db6
0e463dc4
0e473dd2
0e483de0
0e493dfc
0e4a3e0c
0e4b3e1a
0e4c3e28
0e4d3e36
0e4e3e44
0e4f3e52
0e503e60
0e513e7c
0e523e8c
0e533e9a
0e543ea8
0e553eb6
0e563ec4
0e573ed2
0e583ee0
0e593efc
0e5a3f0c
0e5b3f1a
0e5c3f28
0e5d3f36
0e5e3f44
0e5f3f52
0e603f60
0e613f7c
0e623f8c
0e633f9a
0e643fa8
0e653fb6
0e663fc4
0e673fd2
0e683fe0
0e693ffc
0e6a400c
0e6b401a
0e6c4028
0e6d4036
0e6e4044
0e6f4052
0e704060
0e71407c
0e72408c
0e73409a
0e7440a8
0e7540b6
0e7640c4
0e7740d2
0e7840e0
0e7940fc
0e7a410c
0e7b411a
0e7c4128
0e7d4136
0e7e4144
0e7f4152
0e800000
0e81b97c
0e82b98c
0e83b99a
0e84b9a8
0e85b9b6
0e86b9c4
0e87b9d2
0e88b9e0
0e89b9fc
0e8aba0c
0e8bba1a
0e8cba28
0e8dba36
0e8eba44
0e8fba52
0e90ba60
0e91ba7c
0e92ba8c
0e93ba9a
0e94baa8
0e95bab6
0e96bac4
0e97bad2
0e98bae0
0e99bafc
0e9abb0c
0e9bbb1a
0e9cbb28
0e9dbb36
0e9ebb44
0e9fbb52
0ea0bb60
0ea1bb7c
0ea2bb8c
0ea3bb9a
0ea4bba8
0ea5bbb6
0ea6bbc4
0ea7bbd2
0ea8bbe0
0ea9bbfc
0eaabc0c
0eabbc1a
0eacbc28
0eadbc36
0eaebc44
0eafbc52
0eb0bc60
0eb1bc7c
0eb2bc8c
0eb3bc9a
0eb4bca8
0eb5bcb6
0eb6bcc4
0eb7bcd2
0eb8bce0
0eb9bcfc
0ebabd0c
0ebbbd1a
0ebcbd28
0ebdbd36
0ebebd44
0ebfbd52
0ec0bd60
0ec1bd7c
0ec2bd8c
0ec3bd9a
0ec4bda8
0ec5bdb6
0ec6bdc4
0ec7bdd2
0ec8bde0
0ec9bdfc
0ecabe0c
0ecbbe1a
0eccbe28
0ecdbe36
0ecebe44
0ecfbe52
0ed0be60
0ed1be7c
0ed2be8c
0ed3be9a
0ed4bea8
0ed5beb6
0ed6bec4
0ed7bed2
0ed8bee0
0ed9befc
0edabf0c
0edbbf1a
0edcbf28
0eddbf36
0edebf44
0edfbf52
0ee0bf60
0ee1bf7c
0ee2bf8c
0ee3bf9a
0ee4bfa8
0ee5bfb6
0ee6bfc4
0ee7bfd2
0ee8bfe0
0ee9bffc
0eeac00c
0eebc01a
0eecc028
0eedc036
0eeec044
0eefc052
0ef0c060
0ef1c07c
0ef2c08c
0ef3c09a
0ef4c0a8
0ef5c0b6
0ef6c0c4
0ef7c0d2
0ef8c0e0
0ef9c0fc
0efac10c
0efbc11a
0efcc128
0efdc136
0efec144
0effc152
0f000000
0f013987
0f023996
0f0339a5
0f0439b4
0f0539c3
0f0639d2
0f0739e1
0f0839f0
0f093a07
0f0a3a16
0f0b3a25
0f0c3a34
0f0d3a43
0f0e3a52
0f0f3a61
0f103a70
0f113a87
0f123a96
0f133aa5
0f143ab4
0f153ac3
0f163ad2
0f173ae1
0f183af0
0f193b07
0f1a3b16
0f1b3b25
0f1c3b34
0f1d3b43
0f1e3b52
0f1f3b61
0f203b70
0f213b87
0f223b96
0f233ba5
0f243bb4
0f253bc3
0f263bd2
0f273be1
0f283bf0
0f293c07
0f2a3c16
0f2b3c25
0f2c3c34
0f2d3c43
0f2e3c52
0f2f3c61
0f303c70
0f313c87
0f323c96
0f333ca5
0f343cb4
0f353cc3
0f363cd2
0f373ce1
0f383cf0
0f393d07
0f3a3d16
0f3b3d25
0f3c3d34
0f3d3d43
0f3e3d52
0f3f3d61
0f403d70
0f413d87
0f423d96
0f433da5
0f443db4
0f453dc3
0f463dd2
0f473de1
0f483df0
0f493e07
0f4a3e16
0f4b3e25
0f4c3e34
0f4d3e43
0f4e3e52
0f4f3e61
0f503e70
0f513e87
0f523e96
0f533ea5
0f543eb4
0f553ec3
0f563ed2
0f573ee1
0f583ef0
0f593f07
0f5a3f16
0f5b3f25
0f5c3f34
0f5d3f43
0f5e3f52
0f5f3f61
0f603f70
0f613f87
0f623f96
0f633fa5
0f643fb4
0f653fc3
0f663fd2
0f673fe1
0f683ff0
0f694007
0f6a4016
0f6b4025
0f6c4034
0f6d4043
0f6e4052
0f6f4061
0f704070
0f714087
0f724096
0f7340a5
0f7440b4
0f7540c3
0f7640d2
0f7740e1
0f7840f0
0f794107
0f7a4116
0f7b4125
0f7c4134
0f7d4143
0f7e4152
0f7f4161
0f800000
0f81b987
0f82b996
0f83b9a5
0f84b9b4
0f85b9c3
0f86b9d2
0f87b9e1
0f88b9f0
0f89ba07
0f8aba16
0f8bba25
0f8cba34
0f8dba43
0f8eba52
0f8fba61
0f90ba70
0f91ba87
0f92ba96
0f93baa5
0f94bab4
0f95bac3
0f96bad2
0f97bae1
0f98baf0
0f99bb07
0f9abb16
0f9bbb25
0f9cbb34
0f9dbb43
0f9ebb52
0f9fbb61
0fa0bb70
0fa1bb87
0fa2bb96
0fa3bba5
0fa4bbb4
0fa5bbc3
0fa6bbd2
0fa7bbe1
0fa8bbf0
0fa9bc07
0faabc16
0fabbc25
0facbc34
0fadbc43
0faebc52
0fafbc61
0fb0bc70
0fb1bc87
0fb2bc96
0fb3bca5
0fb4bcb4
0fb5bcc3
0fb6bcd2
0fb7bce1
0fb8bcf0
0fb9bd07
0fbabd16
0fbbbd25
0fbcbd34
0fbdbd43
0fbebd52
0fbfbd61
0fc0bd70
0fc1bd87
0fc2bd96
0fc3bda5
0fc4bdb4
0fc5bdc3
0fc6bdd2
0fc7bde1
0fc8bdf0
0fc9be07
0fcabe16
0fcbbe25
0fccbe34
0fcdbe43
0fcebe52
0fcfbe61
0fd0be70
0fd1be87
0fd2be96
0fd3bea5
0fd4beb4
0fd5bec3
0fd6bed2
0fd7bee1
0fd8bef0
0fd9bf07
0fdabf16
0fdbbf25
0fdcbf34
0fddbf43
0fdebf52
0fdfbf61
0fe0bf70
0fe1bf87
0fe2bf96
0fe3bfa5
0fe4bfb4
0fe5bfc3
0fe6bfd2
0fe7bfe1
0fe8bff0
0fe9c007
0feac016
0febc025
0fecc034
0fedc043
0feec052
0fefc061
0ff0c070
0ff1c087
0ff2c096
0ff3c0a5
0ff4c0b4
0ff5c0c3
0ff6c0d2
0ff7c0e1
0ff8c0f0
0ff9c107
0ffac116
0ffbc125
0ffcc134
0ffdc143
0ffec152
0fffc161
10000000
10013990
100239a0
100339b0
100439c0
100539d0
100639e0
100739f0
10083a00
10093a10
100a3a20
100b3a30
100c3a40
100d3a50
100e3a60
100f3a70
10103a80
10113a90
10123aa0
10133ab0
10143ac0
10153ad0
10163ae0
10173af0
10183b00
10193b10
101a3b20
101b3b30
101c3b40
101d3b50
101e3b60
101f3b70
10203b80
10213b90
10223ba0
10233bb0
10243bc0
10253bd0
10263be0
10273bf0
10283c00
10293c10
102a3c20
102b3c30
102c3c40
102d3c50
102e3c60
102f3c70
10303c80
10313c90
10323ca0
10333cb0
10343cc0
10353cd0
10363ce0
10373cf0
10383d00
10393d10
103a3d20
103b3d30
103c3d40
103d3d50
103e3d60
103f3d70
10403d80
10413d90
10423da0
10433db0
10443dc0
10453dd0
10463de0
10473df0
10483e00
10493e10
104a3e20
104b3e30
104c3e40
104d3e50
104e3e60
104f3e70
10503e80
10513e90
10523ea0
10533eb0
10543ec0
10553ed0
10563ee0
10573ef0
10583f00
10593f10
105a3f20
105b3f30
105c3f40
105d3f50
105e3f60
105f3f70
10603f80
10613f90
10623fa0
10633fb0
10643fc0
10653fd0
10663fe0
10673ff0
10684000
10694010
106a4020
106b4030
106c4040
106d4050
106e4060
106f4070
10704080
10714090
107240a0
107340b0
107440c0
107540d0
107640e0
107740f0
10784100
10794110
107a4120
107b4130
107c4140
107d4150
107e4160
107f4170
10800000
1081b990
1082b9a0
1083b9b0
1084b9c0
1085b9d0
1086b9e0
1087b9f0
1088ba00
1089ba10
108aba20
108bba30
108cba40
108dba50
108eba60
108fba70
1090ba80
1091ba90
1092baa0
1093bab0
1094bac0
1095bad0
1096bae0
1097baf0
1098bb00
1099bb10
109abb20
109bbb30
109cbb40
109dbb50
109ebb60
109fbb70
10a0bb80
10a1bb90
10a2bba0
10a3bbb0
10a4bbc0
10a5bbd0
10a6bbe0
10a7bbf0
10a8bc00
10a9bc10
10aabc20
10abbc30
10acbc40
10adbc50
10aebc60
10afbc70
10b0bc80
10b1bc90
10b2bca0
10b3bcb0
10b4bcc0
10b5bcd0
10b6bce0
10b7bcf0
10b8bd00
10b9bd10
10babd20
10bbbd30
10bcbd40
10bdbd50
10bebd60
10bfbd70
10c0bd80
10c1bd90
10c2bda0
10c3bdb0
10c4bdc0
10c5bdd0
10c6bde0
10c7bdf0
10c8be00
10c9be10
10cabe20
10cbbe30
10ccbe40
10cdbe50
10cebe60
10cfbe70
10d0be80
10d1be90
10d2bea0
10d3beb0
10d4bec0
10d5bed0
10d6bee0
10d7bef0
10d8bf00
10d9bf10
10dabf20
10dbbf30
10dcbf40
10ddbf50
10debf60
10dfbf70
10e0bf80
10e1bf90
10e2bfa0
10e3bfb0
10e4bfc0
10e5bfd0
10e6bfe0
10e7bff0
10e8c000
10e9c010
10eac020
10ebc030
10ecc040
10edc050
10eec060
10efc070
10f0c080
10f1c090
10f2c0a0
10f3c0b0
10f4c0c0
10f5c0d0
10f6c0e0
10f7c0f0
10f8c100
10f9c110
10fac120
10fbc130
10fcc140
10fdc150
10fec160
10ffc170
11000000
110139a2
110239b4
110339c6
110439d8
110539ea
110639fc
11073a07
11083a10
11093a22
110a3a34
110b3a46
110c3a58
110d3a6a
110e3a7c
110f3a87
11103a90
11113aa2
11123ab4
11133ac6
11143ad8
11153aea
11163afc
11173b07
11183b10
11193b22
111a3b34
111b3b46
111c3b58
111d3b6a
111e3b7c
111f3b87
11203b90
11213ba2
11223bb4
11233bc6
11243bd8
11253bea
11263bfc
11273c07
11283c10
11293c22
112a3c34
112b3c46
112c3c58
112d3c6a
112e3c7c
112f3c87
11303c90
11313ca2
11323cb4
11333cc6
11343cd8
11353cea
11363cfc
11373d07
11383d10
11393d22
113a3d34
113b3d46
113c3d58
113d3d6a
113e3d7c
113f3d87
11403d90
11413da2
11423db4
11433dc6
11443dd8
11453dea
11463dfc
11473e07
11483e10
11493e22
114a3e34
114b3e46
114c3e58
114d3e6a
114e3e7c
114f3e87
11503e90
11513ea2
11523eb4
11533ec6
11543ed8
11553eea
11563efc
11573f07
11583f10
11593f22
115a3f34
115b3f46
115c3f58
115d3f6a
115e3f7c
115f3f87
11603f90
11613fa2
11623fb4
11633fc6
11643fd8
11653fea
11663ffc
11674007
11684010
11694022
116a4034
116b4046
116c4058
116d406a
116e407c
116f4087
11704090
117140a2
117240b4
117340c6
117440d8
117540ea
117640fc
11774107
11784110
11794122
117a4134
117b4146
117c4158
117d416a
117e417c
117f4187
11800000
1181b9a2
1182b9b4
1183b9c6
1184b9d8
1185b9ea
1186b9fc
1187ba07
1188ba10
1189ba22
118aba34
118bba46
118cba58
118dba6a
118eba7c
118fba87
1190ba90
1191baa2
1192bab4
1193bac6
1194bad8
1195baea
1196bafc
1197bb07
1198bb10
1199bb22
119abb34
119bbb46
119cbb58
119dbb6a
119ebb7c
119fbb87
11a0bb90
11a1bba2
11a2bbb4
11a3bbc6
11a4bbd8
11a5bbea
11a6bbfc
11a7bc07
11a8bc10
11a9bc22
11aabc34
11abbc46
11acbc58
11adbc6a
11aebc7c
11afbc87
11b0bc90
11b1bca2
11b2bcb4
11b3bcc6
11b4bcd8
11b5bcea
11b6bcfc
11b7bd07
11b8bd10
11b9bd22
11babd34
11bbbd46
11bcbd58
11bdbd6a
11bebd7c
11bfbd87
11c0bd90
11c1bda2
11c2bdb4
11c3bdc6
11c4bdd8
11c5bdea
11c6bdfc
11c7be07
11c8be10
11c9be22
11cabe34
11cbbe46
11ccbe58
11cdbe6a
11cebe7c
11cfbe87
11d0be90
11d1bea2
11d2beb4
11d3bec6
11d4bed8
11d5beea
11d6befc
11d7bf07
11d8bf10
11d9bf22
11dabf34
11dbbf46
11dcbf58
11ddbf6a
11debf7c
11dfbf87
11e0bf90
11e1bfa2
11e2bfb4
11e3bfc6
11e4bfd8
11e5bfea
11e6bffc
11e7c007
11e8c010
11e9c022
11eac034
11ebc046
11ecc058
11edc06a
11eec07c
11efc087
11f0c090
11f1c0a2
11f2c0b4
11f3c0c6
11f4c0d8
11f5c0ea
11f6c0fc
11f7c107
11f8c110
11f9c122
11fac134
11fbc146
11fcc158
11fdc16a
11fec17c
11ffc187
12000000
120139b4
120239c8
120339dc
120439f0
12053a02
12063a0c
12073a16
12083a20
12093a34
120a3a48
120b3a5c
120c3a70
120d3a82
120e3a8c
120f3a96
12103aa0
12113ab4
12123ac8
12133adc
12143af0
12153b02
12163b0c
12173b16
12183b20
12193b34
121a3b48
121b3b5c
121c3b70
121d3b82
121e3b8c
121f3b96
12203ba0
12213bb4
12223bc8
12233bdc
12243bf0
12253c02
12263c0c
12273c16
12283c20
12293c34
122a3c48
122b3c5c
122c3c70
122d3c82
122e3c8c
122f3c96
12303ca0
12313cb4
12323cc8
12333cdc
12343cf0
12353d02
12363d0c
12373d16
12383d20
12393d34
123a3d48
123b3d5c
123c3d70
123d3d82
123e3d8c
123f3d96
12403da0
12413db4
12423dc8
12433ddc
12443df0
12453e02
12463e0c
12473e16
12483e20
12493e34
124a3e48
124b3e5c
124c3e70
124d3e82
124e3e8c
124f3e96
12503ea0
12513eb4
12523ec8
12533edc
12543ef0
12553f02
12563f0c
12573f16
12583f20
12593f34
125a3f48
125b3f5c
125c3f70
125d3f82
125e3f8c
125f3f96
12603fa0
12613fb4
12623fc8
12633fdc
12643ff0
12654002
1266400c
12674016
12684020
12694034
126a4048
126b405c
126c4070
126d4082
126e408c
126f4096
127040a0
127140b4
127240c8
127340dc
127440f0
12754102
1276410c
12774116
12784120
12794134
127a4148
127b415c
127c4170
127d4182
127e418c
127f4196
12800000
1281b9b4
1282b9c8
1283b9dc
1284b9f0
1285ba02
1286ba0c
1287ba16
1288ba20
1289ba34
128aba48
128bba5c
128cba70
128dba82
128eba8c
128fba96
1290baa0
1291bab4
1292bac8
1293badc
1294baf0
1295bb02
1296bb0c
1297bb16
1298bb20
1299bb34
129abb48
129bbb5c
129cbb70
129dbb82
129ebb8c
129fbb96
12a0bba0
12a1bbb4
12a2bbc8
12a3bbdc
12a4bbf0
12a5bc02
12a6bc0c
12a7bc16
12a8bc20
12a9bc34
12aabc48
12abbc5c
12acbc70
12adbc82
12aebc8c
12afbc96
12b0bca0
12b1bcb4
12b2bcc8
12b3bcdc
12b4bcf0
12b5bd02
12b6bd0c
12b7bd16
12b8bd20
12b9bd34
12babd48
12bbbd5c
12bcbd70
12bdbd82
12bebd8c
12bfbd96
12c0bda0
12c1bdb4
12c2bdc8
12c3bddc
12c4bdf0
12c5be02
12c6be0c
12c7be16
12c8be20
12c9be34
12cabe48
12cbbe5c
12ccbe70
12cdbe82
12cebe8c
12cfbe96
12d0bea0
12d1beb4
12d2bec8
12d3bedc
12d4bef0
12d5bf02
12d6bf0c
12d7bf16
12d8bf20
12d9bf34
12dabf48
12dbbf5c
12dcbf70
12ddbf82
12debf8c
12dfbf96
12e0bfa0
12e1bfb4
12e2bfc8
12e3bfdc
12e4bff0
12e5c002
12e6c00c
12e7c016
12e8c020
12e9c034
12eac048
12ebc05c
12ecc070
12edc082
12eec08c
12efc096
12f0c0a0
12f1c0b4
12f2c0c8
12f3c0dc
12f4c0f0
12f5c102
12f6c10c
12f7c116
12f8c120
12f9c134
12fac148
12fbc15c
12fcc170
12fdc182
12fec18c
12ffc196
13000000
130139c6
130239dc
130339f2
13043a04
13053a0f
13063a1a
13073a25
13083a30
13093a46
130a3a5c
130b3a72
130c3a84
130d3a8f
130e3a9a
130f3aa5
13103ab0
13113ac6
13123adc
13133af2
13143b04
13153b0f
13163b1a
13173b25
13183b30
13193b46
131a3b5c
131b3b72
131c3b84
131d3b8f
131e3b9a
131f3ba5
13203bb0
13213bc6
13223bdc
13233bf2
13243c04
13253c0f
13263c1a
13273c25
13283c30
13293c46
132a3c5c
132b3c72
132c3c84
132d3c8f
132e3c9a
132f3ca5
13303cb0
13313cc6
13323cdc
13333cf2
13343d04
13353d0f
13363d1a
13373d25
13383d30
13393d46
133a3d5c
133b3d72
133c3d84
133d3d8f
133e3d9a
133f3da5
13403db0
13413dc6
13423ddc
13433df2
13443e04
13453e0f
13463e1a
13473e25
13483e30
13493e46
134a3e5c
134b3e72
134c3e84
134d3e8f
134e3e9a
134f3ea5
13503eb0
13513ec6
13523edc
13533ef2
13543f04
13553f0f
13563f1a
13573f25
13583f30
13593f46
135a3f5c
135b3f72
135c3f84
135d3f8f
135e3f9a
135f3fa5
13603fb0
13613fc6
13623fdc
13633ff2
13644004
1365400f
1366401a
13674025
13684030
13694046
136a405c
136b4072
136c4084
136d408f
136e409a
136f40a5
137040b0
137140c6
137240dc
137340f2
13744104
1375410f
1376411a
13774125
13784130
13794146
137a415c
137b4172
137c4184
137d418f
137e419a
137f41a5
13800000
1381b9c6
1382b9dc
1383b9f2
1384ba04
1385ba0f
1386ba1a
1387ba25
1388ba30
1389ba46
138aba5c
138bba72
138cba84
138dba8f
138eba9a
138fbaa5
1390bab0
1391bac6
1392badc
1393baf2
1394bb04
1395bb0f
1396bb1a
1397bb25
1398bb30
1399bb46
139abb5c
139bbb72
139cbb84
139dbb8f
139ebb9a
139fbba5
13a0bbb0
13a1bbc6
13a2bbdc
13a3bbf2
13a4bc04
13a5bc0f
13a6bc1a
13a7bc25
13a8bc30
13a9bc46
13aabc5c
13abbc72
13acbc84
13adbc8f
13aebc9a
13afbca5
13b0bcb0
13b1bcc6
13b2bcdc
13b3bcf2
13b4bd04
13b5bd0f
13b6bd1a
13b7bd25
13b8bd30
13b9bd46
13babd5c
13bbbd72
13bcbd84
13bdbd8f
13bebd9a
13bfbda5
13c0bdb0
13c1bdc6
13c2bddc
13c3bdf2
13c4be04
13c5be0f
13c6be1a
13c7be25
13c8be30
13c9be46
13cabe5c
13cbbe72
13ccbe84
13cdbe8f
13cebe9a
13cfbea5
13d0beb0
13d1bec6
13d2bedc
13d3bef2
13d4bf04
13d5bf0f
13d6bf1a
13d7bf25
13d8bf30
13d9bf46
13dabf5c
13dbbf72
13dcbf84
13ddbf8f
13debf9a
13dfbfa5
13e0bfb0
13e1bfc6
13e2bfdc
13e3bff2
13e4c004
13e5c00f
13e6c01a
13e7c025
13e8c030
13e9c046
13eac05c
13ebc072
13ecc084
13edc08f
13eec09a
13efc0a5
13f0c0b0
13f1c0c6
13f2c0dc
13f3c0f2
13f4c104
13f5c10f
13f6c11a
13f7c125
13f8c130
13f9c146
13fac15c
13fbc172
13fcc184
13fdc18f
13fec19a
13ffc1a5
14000000
140139d8
140239f0
14033a04
14043a10
14053a1c
14063a28
14073a34
14083a40
14093a58
140a3a70
140b3a84
140c3a90
140d3a9c
140e3aa8
140f3ab4
14103ac0
14113ad8
14123af0
14133b04
14143b10
14153b1c
14163b28
14173b34
14183b40
14193b58
141a3b70
141b3b84
141c3b90
141d3b9c
141e3ba8
141f3bb4
14203bc0
14213bd8
14223bf0
14233c04
14243c10
14253c1c
14263c28
14273c34
14283c40
14293c58
142a3c70
142b3c84
142c3c90
142d3c9c
142e3ca8
142f3cb4
14303cc0
14313cd8
14323cf0
14333d04
14343d10
14353d1c
14363d28
14373d34
14383d40
14393d58
143a3d70
143b3d84
143c3d90
143d3d9c
143e3da8
143f3db4
14403dc0
14413dd8
14423df0
14433e04
14443e10
14453e1c
14463e28
14473e34
14483e40
14493e58
144a3e70
144b3e84
144c3e90
144d3e9c
144e3ea8
144f3eb4
14503ec0
14513ed8
14523ef0
14533f04
14543f10
14553f1c
14563f28
14573f34
14583f40
14593f58
145a3f70
145b3f84
145c3f90
145d3f9c
145e3fa8
145f3fb4
14603fc0
14613fd8
14623ff0
14634004
14644010
1465401c
14664028
14674034
14684040
14694058
146a4070
146b4084
146c4090
146d409c
146e40a8
146f40b4
147040c0
147140d8
147240f0
14734104
14744110
1475411c
14764128
14774134
14784140
14794158
147a4170
147b4184
147c4190
147d419c
147e41a8
147f41b4
14800000
1481b9d8
1482b9f0
1483ba04
1484ba10
1485ba1c
1486ba28
1487ba34
1488ba40
1489ba58
148aba70
148bba84
148cba90
148dba9c
148ebaa8
148fbab4
1490bac0
1491bad8
1492baf0
1493bb04
1494bb10
1495bb1c
1496bb28
1497bb34
1498bb40
1499bb58
149abb70
149bbb84
149cbb90
149dbb9c
149ebba8
149fbbb4
14a0bbc0
14a1bbd8
14a2bbf0
14a3bc04
14a4bc10
14a5bc1c
14a6bc28
14a7bc34
14a8bc40
14a9bc58
14aabc70
14abbc84
14acbc90
14adbc9c
14aebca8
14afbcb4
14b0bcc0
14b1bcd8
14b2bcf0
14b3bd04
14b4bd10
14b5bd1c
14b6bd28
14b7bd34
14b8bd40
14b9bd58
14babd70
14bbbd84
14bcbd90
14bdbd9c
14bebda8
14bfbdb4
14c0bdc0
14c1bdd8
14c2bdf0
14c3be04
14c4be10
14c5be1c
14c6be28
14c7be34
14c8be40
14c9be58
14cabe70
14cbbe84
14ccbe90
14cdbe9c
14cebea8
14cfbeb4
14d0bec0
14d1bed8
14d2bef0
14d3bf04
14d4bf10
14d5bf1c
14d6bf28
14d7bf34
14d8bf40
14d9bf58
14dabf70
14dbbf84
14dcbf90
14ddbf9c
14debfa8
14dfbfb4
14e0bfc0
14e1bfd8
14e2bff0
14e3c004
14e4c010
14e5c01c
14e6c028
14e7c034
14e8c040
14e9c058
14eac070
14ebc084
14ecc090
14edc09c
14eec0a8
14efc0b4
14f0c0c0
14f1c0d8
14f2c0f0
14f3c104
14f4c110
14f5c11c
14f6c128
14f7c134
14f8c140
14f9c158
14fac170
14fbc184
14fcc190
14fdc19c
14fec1a8
14ffc1b4
15000000
150139ea
15023a02
15033a0f
15043a1c
15053a29
15063a36
15073a43
15083a50
15093a6a
150a3a82
150b3a8f
150c3a9c
150d3aa9
150e3ab6
150f3ac3
15103ad0
15113aea
15123b02
15133b0f
15143b1c
15153b29
15163b36
15173b43
15183b50
15193b6a
151a3b82
151b3b8f
151c3b9c
151d3ba9
151e3bb6
151f3bc3
15203bd0
15213bea
15223c02
15233c0f
15243c1c
15253c29
15263c36
15273c43
15283c50
15293c6a
152a3c82
152b3c8f
152c3c9c
152d3ca9
152e3cb6
152f3cc3
15303cd0
15313cea
15323d02
15333d0f
15343d1c
15353d29
15363d36
15373d43
15383d50
15393d6a
153a3d82
153b3d8f
153c3d9c
153d3da9
153e3db6
153f3dc3
15403dd0
15413dea
15423e02
15433e0f
15443e1c
15453e29
15463e36
15473e43
15483e50
15493e6a
154a3e82
154b3e8f
154c3e9c
154d3ea9
154e3eb6
154f3ec3
15503ed0
15513eea
15523f02
15533f0f
15543f1c
15553f29
15563f36
15573f43
15583f50
15593f6a
155a3f82
155b3f8f
155c3f9c
155d3fa9
155e3fb6
155f3fc3
15603fd0
15613fea
15624002
1563400f
1564401c
15654029
15664036
15674043
15684050
1569406a
156a4082
156b408f
156c409c
156d40a9
156e40b6
156f40c3
157040d0
157140ea
15724102
1573410f
1574411c
15754129
15764136
15774143
15784150
1579416a
157a4182
157b418f
157c419c
157d41a9
157e41b6
157f41c3
15800000
1581b9ea
1582ba02
1583ba0f
1584ba1c
1585ba29
1586ba36
1587ba43
1588ba50
1589ba6a
158aba82
158bba8f
158cba9c
158dbaa9
158ebab6
158fbac3
1590bad0
1591baea
1592bb02
1593bb0f
1594bb1c
1595bb29
1596bb36
1597bb43
1598bb50
1599bb6a
159abb82
159bbb8f
159cbb9c
159dbba9
159ebbb6
159fbbc3
15a0bbd0
15a1bbea
15a2bc02
15a3bc0f
15a4bc1c
15a5bc29
15a6bc36
15a7bc43
15a8bc50
15a9bc6a
15aabc82
15abbc8f
15acbc9c
15adbca9
15aebcb6
15afbcc3
15b0bcd0
15b1bcea
15b2bd02
15b3bd0f
15b4bd1c
15b5bd29
15b6bd36
15b7bd43
15b8bd50
15b9bd6a
15babd82
15bbbd8f
15bcbd9c
15bdbda9
15bebdb6
15bfbdc3
15c0bdd0
15c1bdea
15c2be02
15c3be0f
15c4be1c
15c5be29
15c6be36
15c7be43
15c8be50
15c9be6a
15cabe82
15cbbe8f
15ccbe9c
15cdbea9
15cebeb6
15cfbec3
15d0bed0
15d1beea
15d2bf02
15d3bf0f
15d4bf1c
15d5bf29
15d6bf36
15d7bf43
15d8bf50
15d9bf6a
15dabf82
15dbbf8f
15dcbf9c
15ddbfa9
15debfb6
15dfbfc3
15e0bfd0
15e1bfea
15e2c002
15e3c00f
15e4c01c
15e5c029
15e6c036
15e7c043
15e8c050
15e9c06a
15eac082
15ebc08f
15ecc09c
15edc0a9
15eec0b6
15efc0c3
15f0c0d0
15f1c0ea
15f2c102
15f3c10f
15f4c11c
15f5c129
15f6c136
15f7c143
15f8c150
15f9c16a
15fac182
15fbc18f
15fcc19c
15fdc1a9
15fec1b6
15ffc1c3
16000000
160139fc
16023a0c
16033a1a
16043a28
16053a36
16063a44
16073a52
16083a60
16093a7c
160a3a8c
160b3a9a
160c3aa8
160d3ab6
160e3ac4
160f3ad2
16103ae0
16113afc
16123b0c
16133b1a
16143b28
16153b36
16163b44
16173b52
16183b60
16193b7c
161a3b8c
161b3b9a
161c3ba8
161d3bb6
161e3bc4
161f3bd2
16203be0
16213bfc
16223c0c
16233c1a
16243c28
16253c36
16263c44
16273c52
16283c60
16293c7c
162a3c8c
162b3c9a
162c3ca8
162d3cb6
162e3cc4
162f3cd2
16303ce0
16313cfc
16323d0c
16333d1a
16343d28
16353d36
16363d44
16373d52
16383d60
16393d7c
163a3d8c
163b3d9a
163c3da8
163d3db6
163e3dc4
163f3dd2
16403de0
16413dfc
16423e0c
16433e1a
16443e28
16453e36
16463e44
16473e52
16483e60
16493e7c
164a3e8c
164b3e9a
164c3ea8
164d3eb6
164e3ec4
164f3ed2
16503ee0
16513efc
16523f0c
16533f1a
16543f28
16553f36
16563f44
16573f52
16583f60
16593f7c
165a3f8c
165b3f9a
165c3fa8
165d3fb6
165e3fc4
165f3fd2
16603fe0
16613ffc
1662400c
1663401a
16644028
16654036
16664044
16674052
16684060
1669407c
166a408c
166b409a
166c40a8
166d40b6
166e40c4
166f40d2
167040e0
167140fc
1672410c
1673411a
16744128
16754136
16764144
16774152
16784160
1679417c
167a418c
167b419a
167c41a8
167d41b6
167e41c4
167f41d2
16800000
1681b9fc
1682ba0c
1683ba1a
1684ba28
1685ba36
1686ba44
1687ba52
1688ba60
1689ba7c
168aba8c
168bba9a
168cbaa8
168dbab6
168ebac4
168fbad2
1690bae0
1691bafc
1692bb0c
1693bb1a
1694bb28
1695bb36
1696bb44
1697bb52
1698bb60
1699bb7c
169abb8c
169bbb9a
169cbba8
169dbbb6
169ebbc4
169fbbd2
16a0bbe0
16a1bbfc
16a2bc0c
16a3bc1a
16a4bc28
16a5bc36
16a6bc44
16a7bc52
16a8bc60
16a9bc7c
16aabc8c
16abbc9a
16acbca8
16adbcb6
16aebcc4
16afbcd2
16b0bce0
16b1bcfc
16b2bd0c
16b3bd1a
16b4bd28
16b5bd36
16b6bd44
16b7bd52
16b8bd60
16b9bd7c
16babd8c
16bbbd9a
16bcbda8
16bdbdb6
16bebdc4
16bfbdd2
16c0bde0
16c1bdfc
16c2be0c
16c3be1a
16c4be28
16c5be36
16c6be44
16c7be52
16c8be60
16c9be7c
16cabe8c
16cbbe9a
16ccbea8
16cdbeb6
16cebec4
16cfbed2
16d0bee0
16d1befc
16d2bf0c
16d3bf1a
16d4bf28
16d5bf36
16d6bf44
16d7bf52
16d8bf60
16d9bf7c
16dabf8c
16dbbf9a
16dcbfa8
16ddbfb6
16debfc4
16dfbfd2
16e0bfe0
16e1bffc
16e2c00c
16e3c01a
16e4c028
16e5c036
16e6c044
16e7c052
16e8c060
16e9c07c
16eac08c
16ebc09a
16ecc0a8
16edc0b6
16eec0c4
16efc0d2
16f0c0e0
16f1c0fc
16f2c10c
16f3c11a
16f4c128
16f5c136
16f6c144
16f7c152
16f8c160
16f9c17c
16fac18c
16fbc19a
16fcc1a8
16fdc1b6
16fec1c4
16ffc1d2
17000000
17013a07
17023a16
17033a25
17043a34
17053a43
17063a52
17073a61
17083a70
17093a87
170a3a96
170b3aa5
170c3ab4
170d3ac3
170e3ad2
170f3ae1
17103af0
17113b07
17123b16
17133b25
17143b34
17153b43
17163b52
17173b61
17183b70
17193b87
171a3b96
171b3ba5
171c3bb4
171d3bc3
171e3bd2
171f3be1
17203bf0
17213c07
17223c16
17233c25
17243c34
17253c43
17263c52
17273c61
17283c70
17293c87
172a3c96
172b3ca5
172c3cb4
172d3cc3
172e3cd2
172f3ce1
17303cf0
17313d07
17323d16
17333d25
17343d34
17353d43
17363d52
17373d61
17383d70
17393d87
173a3d96
173b3da5
173c3db4
173d3dc3
173e3dd2
173f3de1
17403df0
17413e07
17423e16
17433e25
17443e34
17453e43
17463e52
17473e61
17483e70
17493e87
174a3e96
174b3ea5
174c3eb4
174d3ec3
174e3ed2
174f3ee1
17503ef0
17513f07
17523f16
17533f25
17543f34
17553f43
17563f52
17573f61
17583f70
17593f87
175a3f96
175b3fa5
175c3fb4
175d3fc3
175e3fd2
175f3fe1
17603ff0
17614007
17624016
17634025
17644034
17654043
17664052
17674061
17684070
17694087
176a4096
176b40a5
176c40b4
176d40c3
176e40d2
176f40e1
177040f0
17714107
17724116
17734125
17744134
17754143
17764152
17774161
17784170
17794187
177a4196
177b41a5
177c41b4
177d41c3
177e41d2
177f41e1
17800000
1781ba07
1782ba16
1783ba25
1784ba34
1785ba43
1786ba52
1787ba61
1788ba70
1789ba87
178aba96
178bbaa5
178cbab4
178dbac3
178ebad2
178fbae1
1790baf0
1791bb07
1792bb16
1793bb25
1794bb34
1795bb43
1796bb52
1797bb61
1798bb70
1799bb87
179abb96
179bbba5
179cbbb4
179dbbc3
179ebbd2
179fbbe1
17a0bbf0
17a1bc07
17a2bc16
17a3bc25
17a4bc34
17a5bc43
17a6bc52
17a7bc61
17a8bc70
17a9bc87
17aabc96
17abbca5
17acbcb4
17adbcc3
17aebcd2
17afbce1
17b0bcf0
17b1bd07
17b2bd16
17b3bd25
17b4bd34
17b5bd43
17b6bd52
17b7bd61
17b8bd70
17b9bd87
17babd96
17bbbda5
17bcbdb4
17bdbdc3
17bebdd2
17bfbde1
17c0bdf0
17c1be07
17c2be16
17c3be25
17c4be34
17c5be43
17c6be52
17c7be61
17c8be70
17c9be87
17cabe96
17cbbea5
17ccbeb4
17cdbec3
17cebed2
17cfbee1
17d0bef0
17d1bf07
17d2bf16
17d3bf25
17d4bf34
17d5bf43
17d6bf52
17d7bf61
17d8bf70
17d9bf87
17dabf96
17dbbfa5
17dcbfb4
17ddbfc3
17debfd2
17dfbfe1
17e0bff0
17e1c007
17e2c016
17e3c025
17e4c034
17e5c043
17e6c052
17e7c061
17e8c070
17e9c087
17eac096
17ebc0a5
17ecc0b4
17edc0c3
17eec0d2
17efc0e1
17f0c0f0
17f1c107
17f2c116
17f3c125
17f4c134
17f5c143
17f6c152
17f7c161
17f8c170
17f9c187
17fac196
17fbc1a5
17fcc1b4
17fdc1c3
17fec1d2
17ffc1e1
18000000
18013a10
18023a20
18033a30
18043a40
18053a50
18063a60
18073a70
18083a80
18093a90
180a3aa0
180b3ab0
180c3ac0
180d3ad0
180e3ae0
180f3af0
18103b00
18113b10
18123b20
18133b30
18143b40
18153b50
18163b60
18173b70
18183b80
18193b90
181a3ba0
181b3bb0
181c3bc0
181d3bd0
181e3be0
181f3bf0
18203c00
18213c10
18223c20
18233c30
18243c40
18253c50
18263c60
18273c70
18283c80
18293c90
182a3ca0
182b3cb0
182c3cc0
182d3cd0
182e3ce0
182f3cf0
18303d00
18313d10
18323d20
18333d30
18343d40
18353d50
18363d60
18373d70
18383d80
18393d90
183a3da0
183b3db0
183c3dc0
183d3dd0
183e3de0
183f3df0
18403e00
18413e10
18423e20
18433e30
18443e40
18453e50
18463e60
18473e70
18483e80
18493e90
184a3ea0
184b3eb0
184c3ec0
184d3ed0
184e3ee0
184f3ef0
18503f00
18513f10
18523f20
18533f30
18543f40
18553f50
18563f60
18573f70
18583f80
18593f90
185a3fa0
185b3fb0
185c3fc0
185d3fd0
185e3fe0
185f3ff0
18604000
18614010
18624020
18634030
18644040
18654050
18664060
18674070
18684080
18694090
186a40a0
186b40b0
186c40c0
186d40d0
186e40e0
186f40f0
18704100
18714110
18724120
18734130
18744140
18754150
18764160
18774170
18784180
18794190
187a41a0
187b41b0
187c41c0
187d41d0
187e41e0
187f41f0
18800000
1881ba10
1882ba20
1883ba30
1884ba40
1885ba50
1886ba60
1887ba70
1888ba80
1889ba90
188abaa0
188bbab0
188cbac0
188dbad0
188ebae0
188fbaf0
1890bb00
1891bb10
1892bb20
1893bb30
1894bb40
1895bb50
1896bb60
1897bb70
1898bb80
1899bb90
189abba0
189bbbb0
189cbbc0
189dbbd0
189ebbe0
189fbbf0
18a0bc00
18a1bc10
18a2bc20
18a3bc30
18a4bc40
18a5bc50
18a6bc60
18a7bc70
18a8bc80
18a9bc90
18aabca0
18abbcb0
18acbcc0
18adbcd0
18aebce0
18afbcf0
18b0bd00
18b1bd10
18b2bd20
18b3bd30
18b4bd40
18b5bd50
18b6bd60
18b7bd70
18b8bd80
18b9bd90
18babda0
18bbbdb0
18bcbdc0
18bdbdd0
18bebde0
18bfbdf0
18c0be00
18c1be10
18c2be20
18c3be30
18c4be40
18c5be50
18c6be60
18c7be70
18c8be80
18c9be90
18cabea0
18cbbeb0
18ccbec0
18cdbed0
18cebee0
18cfbef0
18d0bf00
18d1bf10
18d2bf20
18d3bf30
18d4bf40
18d5bf50
18d6bf60
18d7bf70
18d8bf80
18d9bf90
18dabfa0
18dbbfb0
18dcbfc0
18ddbfd0
18debfe0
18dfbff0
18e0c000
18e1c010
18e2c020
18e3c030
18e4c040
18e5c050
18e6c060
18e7c070
18e8c080
18e9c090
18eac0a0
18ebc0b0
18ecc0c0
18edc0d0
18eec0e0
18efc0f0
18f0c100
18f1c110
18f2c120
18f3c130
18f4c140
18f5c150
18f6c160
18f7c170
18f8c180
18f9c190
18fac1a0
18fbc1b0
18fcc1c0
18fdc1d0
18fec1e0
18ffc1f0
19000000
19013a22
19023a34
19033a46
19043a58
19053a6a
19063a7c
19073a87
19083a90
19093aa2
190a3ab4
190b3ac6
190c3ad8
190d3aea
190e3afc
190f3b07
19103b10
19113b22
19123b34
19133b46
19143b58
19153b6a
19163b7c
19173b87
19183b90
19193ba2
191a3bb4
191b3bc6
191c3bd8
191d3bea
191e3bfc
191f3c07
19203c10
19213c22
19223c34
19233c46
19243c58
19253c6a
19263c7c
19273c87
19283c90
19293ca2
192a3cb4
192b3cc6
192c3cd8
192d3cea
192e3cfc
192f3d07
19303d10
19313d22
19323d34
19333d46
19343d58
19353d6a
19363d7c
19373d87
19383d90
19393da2
193a3db4
193b3dc6
193c3dd8
193d3dea
193e3dfc
193f3e07
19403e10
19413e22
19423e34
19433e46
19443e58
19453e6a
19463e7c
19473e87
19483e90
19493ea2
194a3eb4
194b3ec6
194c3ed8
194d3eea
194e3efc
194f3f07
19503f10
19513f22
19523f34
19533f46
19543f58
19553f6a
19563f7c
19573f87
19583f90
19593fa2
195a3fb4
195b3fc6
195c3fd8
195d3fea
195e3ffc
195f4007
19604010
19614022
19624034
19634046
19644058
1965406a
1966407c
19674087
19684090
196940a2
196a40b4
196b40c6
196c40d8
196d40ea
196e40fc
196f4107
19704110
19714122
19724134
19734146
19744158
1975416a
1976417c
19774187
19784190
197941a2
197a41b4
197b41c6
197c41d8
197d41ea
197e41fc
197f4207
19800000
1981ba22
1982ba34
1983ba46
1984ba58
1985ba6a
1986ba7c
1987ba87
1988ba90
1989baa2
198abab4
198bbac6
198cbad8
198dbaea
198ebafc
198fbb07
1990bb10
1991bb22
1992bb34
1993bb46
1994bb58
1995bb6a
1996bb7c
1997bb87
1998bb90
1999bba2
199abbb4
199bbbc6
199cbbd8
199dbbea
199ebbfc
199fbc07
19a0bc10
19a1bc22
19a2bc34
19a3bc46
19a4bc58
19a5bc6a
19a6bc7c
19a7bc87
19a8bc90
19a9bca2
19aabcb4
19abbcc6
19acbcd8
19adbcea
19aebcfc
19afbd07
19b0bd10
19b1bd22
19b2bd34
19b3bd46
19b4bd58
19b5bd6a
19b6bd7c
19b7bd87
19b8bd90
19b9bda2
19babdb4
19bbbdc6
19bcbdd8
19bdbdea
19bebdfc
19bfbe07
19c0be10
19c1be22
19c2be34
19c3be46
19c4be58
19c5be6a
19c6be7c
19c7be87
19c8be90
19c9bea2
19cabeb4
19cbbec6
19ccbed8
19cdbeea
19cebefc
19cfbf07
19d0bf10
19d1bf22
19d2bf34
19d3bf46
19d4bf58
19d5bf6a
19d6bf7c
19d7bf87
19d8bf90
19d9bfa2
19dabfb4
19dbbfc6
19dcbfd8
19ddbfea
19debffc
19dfc007
19e0c010
19e1c022
19e2c034
19e3c046
19e4c058
19e5c06a
19e6c07c
19e7c087
19e8c090
19e9c0a2
19eac0b4
19ebc0c6
19ecc0d8
19edc0ea
19eec0fc
19efc107
19f0c110
19f1c122
19f2c134
19f3c146
19f4c158
19f5c16a
19f6c17c
19f7c187
19f8c190
19f9c1a2
19fac1b4
19fbc1c6
19fcc1d8
19fdc1ea
19fec1fc
19ffc207
1a000000
1a013a34
1a023a48
1a033a5c
1a043a70
1a053a82
1a063a8c
1a073a96
1a083aa0
1a093ab4
1a0a3ac8
1a0b3adc
1a0c3af0
1a0d3b02
1a0e3b0c
1a0f3b16
1a103b20
1a113b34
1a123b48
1a133b5c
1a143b70
1a153b82
1a163b8c
1a173b96
1a183ba0
1a193bb4
1a1a3bc8
1a1b3bdc
1a1c3bf0
1a1d3c02
1a1e3c0c
1a1f3c16
1a203c20
1a213c34
1a223c48
1a233c5c
1a243c70
1a253c82
1a263c8c
1a273c96
1a283ca0
1a293cb4
1a2a3cc8
1a2b3cdc
1a2c3cf0
1a2d3d02
1a2e3d0c
1a2f3d16
1a303d20
1a313d34
1a323d48
1a333d5c
1a343d70
1a353d82
1a363d8c
1a373d96
1a383da0
1a393db4
1a3a3dc8
1a3b3ddc
1a3c3df0
1a3d3e02
1a3e3e0c
1a3f3e16
1a403e20
1a413e34
1a423e48
1a433e5c
1a443e70
1a453e82
1a463e8c
1a473e96
1a483ea0
1a493eb4
1a4a3ec8
1a4b3edc
1a4c3ef0
1a4d3f02
1a4e3f0c
1a4f3f16
1a503f20
1a513f34
1a523f48
1a533f5c
1a543f70
1a553f82
1a563f8c
1a573f96
1a583fa0
1a593fb4
1a5a3fc8
1a5b3fdc
1a5c3ff0
1a5d4002
1a5e400c
1a5f4016
1a604020
1a614034
1a624048
1a63405c
1a644070
1a654082
1a66408c
1a674096
1a6840a0
1a6940b4
1a6a40c8
1a6b40dc
1a6c40f0
1a6d4102
1a6e410c
1a6f4116
1a704120
1a714134
1a724148
1a73415c
1a744170
1a754182
1a76418c
1a774196
1a7841a0
1a7941b4
1a7a41c8
1a7b41dc
1a7c41f0
1a7d4202
1a7e420c
1a7f4216
1a800000
1a81ba34
1a82ba48
1a83ba5c
1a84ba70
1a85ba82
1a86ba8c
1a87ba96
1a88baa0
1a89bab4
1a8abac8
1a8bbadc
1a8cbaf0
1a8dbb02
1a8ebb0c
1a8fbb16
1a90bb20
1a91bb34
1a92bb48
1a93bb5c
1a94bb70
1a95bb82
1a96bb8c
1a97bb96
1a98bba0
1a99bbb4
1a9abbc8
1a9bbbdc
1a9cbbf0
1a9dbc02
1a9ebc0c
1a9fbc16
1aa0bc20
1aa1bc34
1aa2bc48
1aa3bc5c
1aa4bc70
1aa5bc82
1aa6bc8c
1aa7bc96
1aa8bca0
1aa9bcb4
1aaabcc8
1aabbcdc
1aacbcf0
1aadbd02
1aaebd0c
1aafbd16
1ab0bd20
1ab1bd34
1ab2bd48
1ab3bd5c
1ab4bd70
1ab5bd82
1ab6bd8c
1ab7bd96
1ab8bda0
1ab9bdb4
1ababdc8
1abbbddc
1abcbdf0
1abdbe02
1abebe0c
1abfbe16
1ac0be20
1ac1be34
1ac2be48
1ac3be5c
1ac4be70
1ac5be82
1ac6be8c
1ac7be96
1ac8bea0
1ac9beb4
1acabec8
1acbbedc
1accbef0
1acdbf02
1acebf0c
1acfbf16
1ad0bf20
1ad1bf34
1ad2bf48
1ad3bf5c
1ad4bf70
1ad5bf82
1ad6bf8c
1ad7bf96
1ad8bfa0
1ad9bfb4
1adabfc8
1adbbfdc
1adcbff0
1addc002
1adec00c
1adfc016
1ae0c020
1ae1c034
1ae2c048
1ae3c05c
1ae4c070
1ae5c082
1ae6c08c
1ae7c096
1ae8c0a0
1ae9c0b4
1aeac0c8
1aebc0dc
1aecc0f0
1aedc102
1aeec10c
1aefc116
1af0c120
1af1c134
1af2c148
1af3c15c
1af4c170
1af5c182
1af6c18c
1af7c196
1af8c1a0
1af9c1b4
1afac1c8
1afbc1dc
1afcc1f0
1afdc202
1afec20c
1affc216
1b000000
1b013a46
1b023a5c
1b033a72
1b043a84
1b053a8f
1b063a9a
1b073aa5
1b083ab0
1b093ac6
1b0a3adc
1b0b3af2
1b0c3b04
1b0d3b0f
1b0e3b1a
1b0f3b25
1b103b30
1b113b46
1b123b5c
1b133b72
1b143b84
1b153b8f
1b163b9a
1b173ba5
1b183bb0
1b193bc6
1b1a3bdc
1b1b3bf2
1b1c3c04
1b1d3c0f
1b1e3c1a
1b1f3c25
1b203c30
1b213c46
1b223c5c
1b233c72
1b243c84
1b253c8f
1b263c9a
1b273ca5
1b283cb0
1b293cc6
1b2a3cdc
1b2b3cf2
1b2c3d04
1b2d3d0f
1b2e3d1a
1b2f3d25
1b303d30
1b313d46
1b323d5c
1b333d72
1b343d84
1b353d8f
1b363d9a
1b373da5
1b383db0
1b393dc6
1b3a3ddc
1b3b3df2
1b3c3e04
1b3d3e0f
1b3e3e1a
1b3f3e25
1b403e30
1b413e46
1b423e5c
1b433e72
1b443e84
1b453e8f
1b463e9a
1b473ea5
1b483eb0
1b493ec6
1b4a3edc
1b4b3ef2
1b4c3f04
1b4d3f0f
1b4e3f1a
1b4f3f25
1b503f30
1b513f46
1b523f5c
1b533f72
1b543f84
1b553f8f
1b563f9a
1b573fa5
1b583fb0
1b593fc6
1b5a3fdc
1b5b3ff2
1b5c4004
1b5d400f
1b5e401a
1b5f4025
1b604030
1b614046
1b62405c
1b634072
1b644084
1b65408f
1b66409a
1b6740a5
1b6840b0
1b6940c6
1b6a40dc
1b6b40f2
1b6c4104
1b6d410f
1b6e411a
1b6f4125
1b704130
1b714146
1b72415c
1b734172
1b744184
1b75418f
1b76419a
1b7741a5
1b7841b0
1b7941c6
1b7a41dc
1b7b41f2
1b7c4204
1b7d420f
1b7e421a
1b7f4225
1b800000
1b81ba46
1b82ba5c
1b83ba72
1b84ba84
1b85ba8f
1b86ba9a
1b87baa5
1b88bab0
1b89bac6
1b8abadc
1b8bbaf2
1b8cbb04
1b8dbb0f
1b8ebb1a
1b8fbb25
1b90bb30
1b91bb46
1b92bb5c
1b93bb72
1b94bb84
1b95bb8f
1b96bb9a
1b97bba5
1b98bbb0
1b99bbc6
1b9abbdc
1b9bbbf2
1b9cbc04
1b9dbc0f
1b9ebc1a
1b9fbc25
1ba0bc30
1ba1bc46
1ba2bc5c
1ba3bc72
1ba4bc84
1ba5bc8f
1ba6bc9a
1ba7bca5
1ba8bcb0
1ba9bcc6
1baabcdc
1babbcf2
1bacbd04
1badbd0f
1baebd1a
1bafbd25
1bb0bd30
1bb1bd46
1bb2bd5c
1bb3bd72
1bb4bd84
1bb5bd8f
1bb6bd9a
1bb7bda5
1bb8bdb0
1bb9bdc6
1bbabddc
1bbbbdf2
1bbcbe04
1bbdbe0f
1bbebe1a
1bbfbe25
1bc0be30
1bc1be46
1bc2be5c
1bc3be72
1bc4be84
1bc5be8f
1bc6be9a
1bc7bea5
1bc8beb0
1bc9bec6
1bcabedc
1bcbbef2
1bccbf04
1bcdbf0f
1bcebf1a
1bcfbf25
1bd0bf30
1bd1bf46
1bd2bf5c
1bd3bf72
1bd4bf84
1bd5bf8f
1bd6bf9a
1bd7bfa5
1bd8bfb0
1bd9bfc6
1bdabfdc
1bdbbff2
1bdcc004
1bddc00f
1bdec01a
1bdfc025
1be0c030
1be1c046
1be2c05c
1be3c072
1be4c084
1be5c08f
1be6c09a
1be7c0a5
1be8c0b0
1be9c0c6
1beac0dc
1bebc0f2
1becc104
1bedc10f
1beec11a
1befc125
1bf0c130
1bf1c146
1bf2c15c
1bf3c172
1bf4c184
1bf5c18f
1bf6c19a
1bf7c1a5
1bf8c1b0
1bf9c1c6
1bfac1dc
1bfbc1f2
1bfcc204
1bfdc20f
1bfec21a
1bffc225
1c000000
1c013a58
1c023a70
1c033a84
1c043a90
1c053a9c
1c063aa8
1c073ab4
1c083ac0
1c093ad8
1c0a3af0
1c0b3b04
1c0c3b10
1c0d3b1c
1c0e3b28
1c0f3b34
1c103b40
1c113b58
1c123b70
1c133b84
1c143b90
1c153b9c
1c163ba8
1c173bb4
1c183bc0
1c193bd8
1c1a3bf0
1c1b3c04
1c1c3c10
1c1d3c1c
1c1e3c28
1c1f3c34
1c203c40
1c213c58
1c223c70
1c233c84
1c243c90
1c253c9c
1c263ca8
1c273cb4
1c283cc0
1c293cd8
1c2a3cf0
1c2b3d04
1c2c3d10
1c2d3d1c
1c2e3d28
1c2f3d34
1c303d40
1c313d58
1c323d70
1c333d84
1c343d90
1c353d9c
1c363da8
1c373db4
1c383dc0
1c393dd8
1c3a3df0
1c3b3e04
1c3c3e10
1c3d3e1c
1c3e3e28
1c3f3e34
1c403e40
1c413e58
1c423e70
1c433e84
1c443e90
1c453e9c
1c463ea8
1c473eb4
1c483ec0
1c493ed8
1c4a3ef0
1c4b3f04
1c4c3f10
1c4d3f1c
1c4e3f28
1c4f3f34
1c503f40
1c513f58
1c523f70
1c533f84
1c543f90
1c553f9c
1c563fa8
1c573fb4
1c583fc0
1c593fd8
1c5a3ff0
1c5b4004
1c5c4010
1c5d401c
1c5e4028
1c5f4034
1c604040
1c614058
1c624070
1c634084
1c644090
1c65409c
1c6640a8
1c6740b4
1c6840c0
1c6940d8
1c6a40f0
1c6b4104
1c6c4110
1c6d411c
1c6e4128
1c6f4134
1c704140
1c714158
1c724170
1c734184
1c744190
1c75419c
1c7641a8
1c7741b4
1c7841c0
1c7941d8
1c7a41f0
1c7b4204
1c7c4210
1c7d421c
1c7e4228
1c7f4234
1c800000
1c81ba58
1c82ba70
1c83ba84
1c84ba90
1c85ba9c
1c86baa8
1c87bab4
1c88bac0
1c89bad8
1c8abaf0
1c8bbb04
1c8cbb10
1c8dbb1c
1c8ebb28
1c8fbb34
1c90bb40
1c91bb58
1c92bb70
1c93bb84
1c94bb90
1c95bb9c
1c96bba8
1c97bbb4
1c98bbc0
1c99bbd8
1c9abbf0
1c9bbc04
1c9cbc10
1c9dbc1c
1c9ebc28
1c9fbc34
1ca0bc40
1ca1bc58
1ca2bc70
1ca3bc84
1ca4bc90
1ca5bc9c
1ca6bca8
1ca7bcb4
1ca8bcc0
1ca9bcd8
1caabcf0
1cabbd04
1cacbd10
1cadbd1c
1caebd28
1cafbd34
1cb0bd40
1cb1bd58
1cb2bd70
1cb3bd84
1cb4bd90
1cb5bd9c
1cb6bda8
1cb7bdb4
1cb8bdc0
1cb9bdd8
1cbabdf0
1cbbbe04
1cbcbe10
1cbdbe1c
1cbebe28
1cbfbe34
1cc0be40
1cc1be58
1cc2be70
1cc3be84
1cc4be90
1cc5be9c
1cc6bea8
1cc7beb4
1cc8bec0
1cc9bed8
1ccabef0
1ccbbf04
1cccbf10
1ccdbf1c
1ccebf28
1ccfbf34
1cd0bf40
1cd1bf58
1cd2bf70
1cd3bf84
1cd4bf90
1cd5bf9c
1cd6bfa8
1cd7bfb4
1cd8bfc0
1cd9bfd8
1cdabff0
1cdbc004
1cdcc010
1cddc01c
1cdec028
1cdfc034
1ce0c040
1ce1c058
1ce2c070
1ce3c084
1ce4c090
1ce5c09c
1ce6c0a8
1ce7c0b4
1ce8c0c0
1ce9c0d8
1ceac0f0
1cebc104
1cecc110
1cedc11c
1ceec128
1cefc134
1cf0c140
1cf1c158
1cf2c170
1cf3c184
1cf4c190
1cf5c19c
1cf6c1a8
1cf7c1b4
1cf8c1c0
1cf9c1d8
1cfac1f0
1cfbc204
1cfcc210
1cfdc21c
1cfec228
1cffc234
1d000000
1d013a6a
1d023a82
1d033a8f
1d043a9c
1d053aa9
1d063ab6
1d073ac3
1d083ad0
1d093aea
1d0a3b02
1d0b3b0f
1d0c3b1c
1d0d3b29
1d0e3b36
1d0f3b43
1d103b50
1d113b6a
1d123b82
1d133b8f
1d143b9c
1d153ba9
1d163bb6
1d173bc3
1d183bd0
1d193bea
1d1a3c02
1d1b3c0f
1d1c3c1c
1d1d3c29
1d1e3c36
1d1f3c43
1d203c50
1d213c6a
1d223c82
1d233c8f
1d243c9c
1d253ca9
1d263cb6
1d273cc3
1d283cd0
1d293cea
1d2a3d02
1d2b3d0f
1d2c3d1c
1d2d3d29
1d2e3d36
1d2f3d43
1d303d50
1d313d6a
1d323d82
1d333d8f
1d343d9c
1d353da9
1d363db6
1d373dc3
1d383dd0
1d393dea
1d3a3e02
1d3b3e0f
1d3c3e1c
1d3d3e29
1d3e3e36
1d3f3e43
1d403e50
1d413e6a
1d423e82
1d433e8f
1d443e9c
1d453ea9
1d463eb6
1d473ec3
1d483ed0
1d493eea
1d4a3f02
1d4b3f0f
1d4c3f1c
1d4d3f29
1d4e3f36
1d4f3f43
1d503f50
1d513f6a
1d523f82
1d533f8f
1d543f9c
1d553fa9
1d563fb6
1d573fc3
1d583fd0
1d593fea
1d5a4002
1d5b400f
1d5c401c
1d5d4029
1d5e4036
1d5f4043
1d604050
1d61406a
1d624082
1d63408f
1d64409c
1d6540a9
1d6640b6
1d6740c3
1d6840d0
1d6940ea
1d6a4102
1d6b410f
1d6c411c
1d6d4129
1d6e4136
1d6f4143
1d704150
1d71416a
1d724182
1d73418f
1d74419c
1d7541a9
1d7641b6
1d7741c3
1d7841d0
1d7941ea
1d7a4202
1d7b420f
1d7c421c
1d7d4229
1d7e4236
1d7f4243
1d800000
1d81ba6a
1d82ba82
1d83ba8f
1d84ba9c
1d85baa9
1d86bab6
1d87bac3
1d88bad0
1d89baea
1d8abb02
1d8bbb0f
1d8cbb1c
1d8dbb29
1d8ebb36
1d8fbb43
1d90bb50
1d91bb6a
1d92bb82
1d93bb8f
1d94bb9c
1d95bba9
1d96bbb6
1d97bbc3
1d98bbd0
1d99bbea
1d9abc02
1d9bbc0f
1d9cbc1c
1d9dbc29
1d9ebc36
1d9fbc43
1da0bc50
1da1bc6a
1da2bc82
1da3bc8f
1da4bc9c
1da5bca9
1da6bcb6
1da7bcc3
1da8bcd0
1da9bcea
1daabd02
1dabbd0f
1dacbd1c
1dadbd29
1daebd36
1dafbd43
1db0bd50
1db1bd6a
1db2bd82
1db3bd8f
1db4bd9c
1db5bda9
1db6bdb6
1db7bdc3
1db8bdd0
1db9bdea
1dbabe02
1dbbbe0f
1dbcbe1c
1dbdbe29
1dbebe36
1dbfbe43
1dc0be50
1dc1be6a
1dc2be82
1dc3be8f
1dc4be9c
1dc5bea9
1dc6beb6
1dc7bec3
1dc8bed0
1dc9beea
1dcabf02
1dcbbf0f
1dccbf1c
1dcdbf29
1dcebf36
1dcfbf43
1dd0bf50
1dd1bf6a
1dd2bf82
1dd3bf8f
1dd4bf9c
1dd5bfa9
1dd6bfb6
1dd7bfc3
1dd8bfd0
1dd9bfea
1ddac002
1ddbc00f
1ddcc01c
1dddc029
1ddec036
1ddfc043
1de0c050
1de1c06a
1de2c082
1de3c08f
1de4c09c
1de5c0a9
1de6c0b6
1de7c0c3
1de8c0d0
1de9c0ea
1deac102
1debc10f
1decc11c
1dedc129
1deec136
1defc143
1df0c150
1df1c16a
1df2c182
1df3c18f
1df4c19c
1df5c1a9
1df6c1b6
1df7c1c3
1df8c1d0
1df9c1ea
1dfac202
1dfbc20f
1dfcc21c
1dfdc229
1dfec236
1dffc243
1e000000
1e013a7c
1e023a8c
1e033a9a
1e043aa8
1e053ab6
1e063ac4
1e073ad2
1e083ae0
1e093afc
1e0a3b0c
1e0b3b1a
1e0c3b28
1e0d3b36
1e0e3b44
1e0f3b52
1e103b60
1e113b7c
1e123b8c
1e133b9a
1e143ba8
1e153bb6
1e163bc4
1e173bd2
1e183be0
1e193bfc
1e1a3c0c
1e1b3c1a
1e1c3c28
1e1d3c36
1e1e3c44
1e1f3c52
1e203c60
1e213c7c
1e223c8c
1e233c9a
1e243ca8
1e253cb6
1e263cc4
1e273cd2
1e283ce0
1e293cfc
1e2a3d0c
1e2b3d1a
1e2c3d28
1e2d3d36
1e2e3d44
1e2f3d52
1e303d60
1e313d7c
1e323d8c
1e333d9a
1e343da8
1e353db6
1e363dc4
1e373dd2
1e383de0
1e393dfc
1e3a3e0c
1e3b3e1a
1e3c3e28
1e3d3e36
1e3e3e44
1e3f3e52
1e403e60
1e413e7c
1e423e8c
1e433e9a
1e443ea8
1e453eb6
1e463ec4
1e473ed2
1e483ee0
1e493efc
1e4a3f0c
1e4b3f1a
1e4c3f28
1e4d3f36
1e4e3f44
1e4f3f52
1e503f60
1e513f7c
1e523f8c
1e533f9a
1e543fa8
1e553fb6
1e563fc4
1e573fd2
1e583fe0
1e593ffc
1e5a400c
1e5b401a
1e5c4028
1e5d4036
1e5e4044
1e5f4052
1e604060
1e61407c
1e62408c
1e63409a
1e6440a8
1e6540b6
1e6640c4
1e6740d2
1e6840e0
1e6940fc
1e6a410c
1e6b411a
1e6c4128
1e6d4136
1e6e4144
1e6f4152
1e704160
1e71417c
1e72418c
1e73419a
1e7441a8
1e7541b6
1e7641c4
1e7741d2
1e7841e0
1e7941fc
1e7a420c
1e7b421a
1e7c4228
1e7d4236
1e7e4244
1e7f4252
1e800000
1e81ba7c
1e82ba8c
1e83ba9a
1e84baa8
1e85bab6
1e86bac4
1e87bad2
1e88bae0
1e89bafc
1e8abb0c
1e8bbb1a
1e8cbb28
1e8dbb36
1e8ebb44
1e8fbb52
1e90bb60
1e91bb7c
1e92bb8c
1e93bb9a
1e94bba8
1e95bbb6
1e96bbc4
1e97bbd2
1e98bbe0
1e99bbfc
1e9abc0c
1e9bbc1a
1e9cbc28
1e9dbc36
1e9ebc44
1e9fbc52
1ea0bc60
1ea1bc7c
1ea2bc8c
1ea3bc9a
1ea4bca8
1ea5bcb6
1ea6bcc4
1ea7bcd2
1ea8bce0
1ea9bcfc
1eaabd0c
1eabbd1a
1eacbd28
1eadbd36
1eaebd44
1eafbd52
1eb0bd60
1eb1bd7c
1eb2bd8c
1eb3bd9a
1eb4bda8
1eb5bdb6
1eb6bdc4
1eb7bdd2
1eb8bde0
1eb9bdfc
1ebabe0c
1ebbbe1a
1ebcbe28
1ebdbe36
1ebebe44
1ebfbe52
1ec0be60
1ec1be7c
1ec2be8c
1ec3be9a
1ec4bea8
1ec5beb6
1ec6bec4
1ec7bed2
1ec8bee0
1ec9befc
1ecabf0c
1ecbbf1a
1eccbf28
1ecdbf36
1ecebf44
1ecfbf52
1ed0bf60
1ed1bf7c
1ed2bf8c
1ed3bf9a
1ed4bfa8
1ed5bfb6
1ed6bfc4
1ed7bfd2
1ed8bfe0
1ed9bffc
1edac00c
1edbc01a
1edcc028
1eddc036
1edec044
1edfc052
1ee0c060
1ee1c07c
1ee2c08c
1ee3c09a
1ee4c0a8
1ee5c0b6
1ee6c0c4
1ee7c0d2
1ee8c0e0
1ee9c0fc
1eeac10c
1eebc11a
1eecc128
1eedc136
1eeec144
1eefc152
1ef0c160
1ef1c17c
1ef2c18c
1ef3c19a
1ef4c1a8
1ef5c1b6
1ef6c1c4
1ef7c1d2
1ef8c1e0
1ef9c1fc
1efac20c
1efbc21a
1efcc228
1efdc236
1efec244
1effc252
1f000000
1f013a87
1f023a96
1f033aa5
1f043ab4
1f053ac3
1f063ad2
1f073ae1
1f083af0
1f093b07
1f0a3b16
1f0b3b25
1f0c3b34
1f0d3b43
1f0e3b52
1f0f3b61
1f103b70
1f113b87
1f123b96
1f133ba5
1f143bb4
1f153bc3
1f163bd2
1f173be1
1f183bf0
1f193c07
1f1a3c16
1f1b3c25
1f1c3c34
1f1d3c43
1f1e3c52
1f1f3c61
1f203c70
1f213c87
1f223c96
1f233ca5
1f243cb4
1f253cc3
1f263cd2
1f273ce1
1f283cf0
1f293d07
1f2a3d16
1f2b3d25
1f2c3d34
1f2d3d43
1f2e3d52
1f2f3d61
1f303d70
1f313d87
1f323d96
1f333da5
1f343db4
1f353dc3
1f363dd2
1f373de1
1f383df0
1f393e07
1f3a3e16
1f3b3e25
1f3c3e34
1f3d3e43
1f3e3e52
1f3f3e61
1f403e70
1f413e87
1f423e96
1f433ea5
1f443eb4
1f453ec3
1f463ed2
1f473ee1
1f483ef0
1f493f07
1f4a3f16
1f4b3f25
1f4c3f34
1f4d3f43
1f4e3f52
1f4f3f61
1f503f70
1f513f87
1f523f96
1f533fa5
1f543fb4
1f553fc3
1f563fd2
1f573fe1
1f583ff0
1f594007
1f5a4016
1f5b4025
1f5c4034
1f5d4043
1f5e4052
1f5f4061
1f604070
1f614087
1f624096
1f6340a5
1f6440b4
1f6540c3
1f6640d2
1f6740e1
1f6840f0
1f694107
1f6a4116
1f6b4125
1f6c4134
1f6d4143
1f6e4152
1f6f4161
1f704170
1f714187
1f724196
1f7341a5
1f7441b4
1f7541c3
1f7641d2
1f7741e1
1f7841f0
1f794207
1f7a4216
1f7b4225
1f7c4234
1f7d4243
1f7e4252
1f7f4261
1f800000
1f81ba87
1f82ba96
1f83baa5
1f84bab4
1f85bac3
1f86bad2
1f87bae1
1f88baf0
1f89bb07
1f8abb16
1f8bbb25
1f8cbb34
1f8dbb43
1f8ebb52
1f8fbb61
1f90bb70
1f91bb87
1f92bb96
1f93bba5
1f94bbb4
1f95bbc3
1f96bbd2
1f97bbe1
1f98bbf0
1f99bc07
1f9abc16
1f9bbc25
1f9cbc34
1f9dbc43
1f9ebc52
1f9fbc61
1fa0bc70
1fa1bc87
1fa2bc96
1fa3bca5
1fa4bcb4
1fa5bcc3
1fa6bcd2
1fa7bce1
1fa8bcf0
1fa9bd07
1faabd16
1fabbd25
1facbd34
1fadbd43
1faebd52
1fafbd61
1fb0bd70
1fb1bd87
1fb2bd96
1fb3bda5
1fb4bdb4
1fb5bdc3
1fb6bdd2
1fb7bde1
1fb8bdf0
1fb9be07
1fbabe16
1fbbbe25
1fbcbe34
1fbdbe43
1fbebe52
1fbfbe61
1fc0be70
1fc1be87
1fc2be96
1fc3bea5
1fc4beb4
1fc5bec3
1fc6bed2
1fc7bee1
1fc8bef0
1fc9bf07
1fcabf16
1fcbbf25
1fccbf34
1fcdbf43
1fcebf52
1fcfbf61
1fd0bf70
1fd1bf87
1fd2bf96
1fd3bfa5
1fd4bfb4
1fd5bfc3
1fd6bfd2
1fd7bfe1
1fd8bff0
1fd9c007
1fdac016
1fdbc025
1fdcc034
1fddc043
1fdec052
1fdfc061
1fe0c070
1fe1c087
1fe2c096
1fe3c0a5
1fe4c0b4
1fe5c0c3
1fe6c0d2
1fe7c0e1
1fe8c0f0
1fe9c107
1feac116
1febc125
1fecc134
1fedc143
1feec152
1fefc161
1ff0c170
1ff1c187
1ff2c196
1ff3c1a5
1ff4c1b4
1ff5c1c3
1ff6c1d2
1ff7c1e1
1ff8c1f0
1ff9c207
1ffac216
1ffbc225
1ffcc234
1ffdc243
1ffec252
1fffc261
20000000
20013a90
20023aa0
20033ab0
20043ac0
20053ad0
20063ae0
20073af0
20083b00
20093b10
200a3b20
200b3b30
200c3b40
200d3b50
200e3b60
200f3b70
20103b80
20113b90
20123ba0
20133bb0
20143bc0
20153bd0
20163be0
20173bf0
20183c00
20193c10
201a3c20
201b3c30
201c3c40
201d3c50
201e3c60
201f3c70
20203c80
20213c90
20223ca0
20233cb0
20243cc0
20253cd0
20263ce0
20273cf0
20283d00
20293d10
202a3d20
202b3d30
202c3d40
202d3d50
202e3d60
202f3d70
20303d80
20313d90
20323da0
20333db0
20343dc0
20353dd0
20363de0
20373df0
20383e00
20393e10
203a3e20
203b3e30
203c3e40
203d3e50
203e3e60
203f3e70
20403e80
20413e90
20423ea0
20433eb0
20443ec0
20453ed0
20463ee0
20473ef0
20483f00
20493f10
204a3f20
204b3f30
204c3f40
204d3f50
204e3f60
204f3f70
20503f80
20513f90
20523fa0
20533fb0
20543fc0
20553fd0
20563fe0
20573ff0
20584000
20594010
205a4020
205b4030
205c4040
205d4050
205e4060
205f4070
20604080
20614090
206240a0
206340b0
206440c0
206540d0
206640e0
206740f0
20684100
20694110
206a4120
206b4130
206c4140
206d4150
206e4160
206f4170
20704180
20714190
207241a0
207341b0
207441c0
207541d0
207641e0
207741f0
20784200
20794210
207a4220
207b4230
207c4240
207d4250
207e4260
207f4270
20800000
2081ba90
2082baa0
2083bab0
2084bac0
2085bad0
2086bae0
2087baf0
2088bb00
2089bb10
208abb20
208bbb30
208cbb40
208dbb50
208ebb60
208fbb70
2090bb80
2091bb90
2092bba0
2093bbb0
2094bbc0
2095bbd0
2096bbe0
2097bbf0
2098bc00
2099bc10
209abc20
209bbc30
209cbc40
209dbc50
209ebc60
209fbc70
20a0bc80
20a1bc90
20a2bca0
20a3bcb0
20a4bcc0
20a5bcd0
20a6bce0
20a7bcf0
20a8bd00
20a9bd10
20aabd20
20abbd30
20acbd40
20adbd50
20aebd60
20afbd70
20b0bd80
20b1bd90
20b2bda0
20b3bdb0
20b4bdc0
20b5bdd0
20b6bde0
20b7bdf0
20b8be00
20b9be10
20babe20
20bbbe30
20bcbe40
20bdbe50
20bebe60
20bfbe70
20c0be80
20c1be90
20c2bea0
20c3beb0
20c4bec0
20c5bed0
20c6bee0
20c7bef0
20c8bf00
20c9bf10
20cabf20
20cbbf30
20ccbf40
20cdbf50
20cebf60
20cfbf70
20d0bf80
20d1bf90
20d2bfa0
20d3bfb0
20d4bfc0
20d5bfd0
20d6bfe0
20d7bff0
20d8c000
20d9c010
20dac020
20dbc030
20dcc040
20ddc050
20dec060
20dfc070
20e0c080
20e1c090
20e2c0a0
20e3c0b0
20e4c0c0
20e5c0d0
20e6c0e0
20e7c0f0
20e8c100
20e9c110
20eac120
20ebc130
20ecc140
20edc150
20eec160
20efc170
20f0c180
20f1c190
20f2c1a0
20f3c1b0
20f4c1c0
20f5c1d0
20f6c1e0
20f7c1f0
20f8c200
20f9c210
20fac220
20fbc230
20fcc240
20fdc250
20fec260
20ffc270
21000000
21013aa2
21023ab4
21033ac6
21043ad8
21053aea
21063afc
21073b07
21083b10
21093b22
210a3b34
210b3b46
210c3b58
210d3b6a
210e3b7c
210f3b87
21103b90
21113ba2
21123bb4
21133bc6
21143bd8
21153bea
21163bfc
21173c07
21183c10
21193c22
211a3c34
211b3c46
211c3c58
211d3c6a
211e3c7c
211f3c87
21203c90
21213ca2
21223cb4
21233cc6
21243cd8
21253cea
21263cfc
21273d07
21283d10
21293d22
212a3d34
212b3d46
212c3d58
212d3d6a
212e3d7c
212f3d87
21303d90
21313da2
21323db4
21333dc6
21343dd8
21353dea
21363dfc
21373e07
21383e10
21393e22
213a3e34
213b3e46
213c3e58
213d3e6a
213e3e7c
213f3e87
21403e90
21413ea2
21423eb4
21433ec6
21443ed8
21453eea
21463efc
21473f07
21483f10
21493f22
214a3f34
214b3f46
214c3f58
214d3f6a
214e3f7c
214f3f87
21503f90
21513fa2
21523fb4
21533fc6
21543fd8
21553fea
21563ffc
21574007
21584010
21594022
215a4034
215b4046
215c4058
215d406a
215e407c
215f4087
21604090
216140a2
216240b4
216340c6
216440d8
216540ea
216640fc
21674107
21684110
21694122
216a4134
216b4146
216c4158
216d416a
216e417c
216f4187
21704190
217141a2
217241b4
217341c6
217441d8
217541ea
217641fc
21774207
21784210
21794222
217a4234
217b4246
217c4258
217d426a
217e427c
217f4287
21800000
2181baa2
2182bab4
2183bac6
2184bad8
2185baea
2186bafc
2187bb07
2188bb10
2189bb22
218abb34
218bbb46
218cbb58
218dbb6a
218ebb7c
218fbb87
2190bb90
2191bba2
2192bbb4
2193bbc6
2194bbd8
2195bbea
2196bbfc
2197bc07
2198bc10
2199bc22
219abc34
219bbc46
219cbc58
219dbc6a
219ebc7c
219fbc87
21a0bc90
21a1bca2
21a2bcb4
21a3bcc6
21a4bcd8
21a5bcea
21a6bcfc
21a7bd07
21a8bd10
21a9bd22
21aabd34
21abbd46
21acbd58
21adbd6a
21aebd7c
21afbd87
21b0bd90
21b1bda2
21b2bdb4
21b3bdc6
21b4bdd8
21b5bdea
21b6bdfc
21b7be07
21b8be10
21b9be22
21babe34
21bbbe46
21bcbe58
21bdbe6a
21bebe7c
21bfbe87
21c0be90
21c1bea2
21c2beb4
21c3bec6
21c4bed8
21c5beea
21c6befc
21c7bf07
21c8bf10
21c9bf22
21cabf34
21cbbf46
21ccbf58
21cdbf6a
21cebf7c
21cfbf87
21d0bf90
21d1bfa2
21d2bfb4
21d3bfc6
21d4bfd8
21d5bfea
21d6bffc
21d7c007
21d8c010
21d9c022
21dac034
21dbc046
21dcc058
21ddc06a
21dec07c
21dfc087
21e0c090
21e1c0a2
21e2c0b4
21e3c0c6
21e4c0d8
21e5c0ea
21e6c0fc
21e7c107
21e8c110
21e9c122
21eac134
21ebc146
21ecc158
21edc16a
21eec17c
21efc187
21f0c190
21f1c1a2
21f2c1b4
21f3c1c6
21f4c1d8
21f5c1ea
21f6c1fc
21f7c207
21f8c210
21f9c222
21fac234
21fbc246
21fcc258
21fdc26a
21fec27c
21ffc287
22000000
22013ab4
22023ac8
22033adc
22043af0
22053b02
22063b0c
22073b16
22083b20
22093b34
220a3b48
220b3b5c
220c3b70
220d3b82
220e3b8c
220f3b96
22103ba0
22113bb4
22123bc8
22133bdc
22143bf0
22153c02
22163c0c
22173c16
22183c20
22193c34
221a3c48
221b3c5c
221c3c70
221d3c82
221e3c8c
221f3c96
22203ca0
22213cb4
22223cc8
22233cdc
22243cf0
22253d02
22263d0c
22273d16
22283d20
22293d34
222a3d48
222b3d5c
222c3d70
222d3d82
222e3d8c
222f3d96
22303da0
22313db4
22323dc8
22333ddc
22343df0
22353e02
22363e0c
22373e16
22383e20
22393e34
223a3e48
223b3e5c
223c3e70
223d3e82
223e3e8c
223f3e96
22403ea0
22413eb4
22423ec8
22433edc
22443ef0
22453f02
22463f0c
22473f16
22483f20
22493f34
224a3f48
224b3f5c
224c3f70
224d3f82
224e3f8c
224f3f96
22503fa0
22513fb4
22523fc8
22533fdc
22543ff0
22554002
2256400c
22574016
22584020
22594034
225a4048
225b405c
225c4070
225d4082
225e408c
225f4096
226040a0
226140b4
226240c8
226340dc
226440f0
22654102
2266410c
22674116
22684120
22694134
226a4148
226b415c
226c4170
226d4182
226e418c
226f4196
227041a0
227141b4
227241c8
227341dc
227441f0
22754202
2276420c
22774216
22784220
22794234
227a4248
227b425c
227c4270
227d4282
227e428c
227f4296
22800000
2281bab4
2282bac8
2283badc
2284baf0
2285bb02
2286bb0c
2287bb16
2288bb20
2289bb34
228abb48
228bbb5c
228cbb70
228dbb82
228ebb8c
228fbb96
2290bba0
2291bbb4
2292bbc8
2293bbdc
2294bbf0
2295bc02
2296bc0c
2297bc16
2298bc20
2299bc34
229abc48
229bbc5c
229cbc70
229dbc82
229ebc8c
229fbc96
22a0bca0
22a1bcb4
22a2bcc8
22a3bcdc
22a4bcf0
22a5bd02
22a6bd0c
22a7bd16
22a8bd20
22a9bd34
22aabd48
22abbd5c
22acbd70
22adbd82
22aebd8c
22afbd96
22b0bda0
22b1bdb4
22b2bdc8
22b3bddc
22b4bdf0
22b5be02
22b6be0c
22b7be16
22b8be20
22b9be34
22babe48
22bbbe5c
22bcbe70
22bdbe82
22bebe8c
22bfbe96
22c0bea0
22c1beb4
22c2bec8
22c3bedc
22c4bef0
22c5bf02
22c6bf0c
22c7bf16
22c8bf20
22c9bf34
22cabf48
22cbbf5c
22ccbf70
22cdbf82
22cebf8c
22cfbf96
22d0bfa0
22d1bfb4
22d2bfc8
22d3bfdc
22d4bff0
22d5c002
22d6c00c
22d7c016
22d8c020
22d9c034
22dac048
22dbc05c
22dcc070
22ddc082
22dec08c
22dfc096
22e0c0a0
22e1c0b4
22e2c0c8
22e3c0dc
22e4c0f0
22e5c102
22e6c10c
22e7c116
22e8c120
22e9c134
22eac148
22ebc15c
22ecc170
22edc182
22eec18c
22efc196
22f0c1a0
22f1c1b4
22f2c1c8
22f3c1dc
22f4c1f0
22f5c202
22f6c20c
22f7c216
22f8c220
22f9c234
22fac248
22fbc25c
22fcc270
22fdc282
22fec28c
22ffc296
23000000
23013ac6
23023adc
23033af2
23043b04
23053b0f
23063b1a
23073b25
23083b30
23093b46
230a3b5c
230b3b72
230c3b84
230d3b8f
230e3b9a
230f3ba5
23103bb0
23113bc6
23123bdc
23133bf2
23143c04
23153c0f
23163c1a
23173c25
23183c30
23193c46
231a3c5c
231b3c72
231c3c84
231d3c8f
231e3c9a
231f3ca5
23203cb0
23213cc6
23223cdc
23233cf2
23243d04
23253d0f
23263d1a
23273d25
23283d30
23293d46
232a3d5c
232b3d72
232c3d84
232d3d8f
232e3d9a
232f3da5
23303db0
23313dc6
23323ddc
23333df2
23343e04
23353e0f
23363e1a
23373e25
23383e30
23393e46
233a3e5c
233b3e72
233c3e84
233d3e8f
233e3e9a
233f3ea5
23403eb0
23413ec6
23423edc
23433ef2
23443f04
23453f0f
23463f1a
23473f25
23483f30
23493f46
234a3f5c
234b3f72
234c3f84
234d3f8f
234e3f9a
234f3fa5
23503fb0
23513fc6
23523fdc
23533ff2
23544004
2355400f
2356401a
23574025
23584030
23594046
235a405c
235b4072
235c4084
235d408f
235e409a
235f40a5
236040b0
236140c6
236240dc
236340f2
23644104
2365410f
2366411a
23674125
23684130
23694146
236a415c
236b4172
236c4184
236d418f
236e419a
236f41a5
237041b0
237141c6
237241dc
237341f2
23744204
2375420f
2376421a
23774225
23784230
23794246
237a425c
237b4272
237c4284
237d428f
237e429a
237f42a5
23800000
2381bac6
2382badc
2383baf2
2384bb04
2385bb0f
2386bb1a
2387bb25
2388bb30
2389bb46
238abb5c
238bbb72
238cbb84
238dbb8f
238ebb9a
238fbba5
2390bbb0
2391bbc6
2392bbdc
2393bbf2
2394bc04
2395bc0f
2396bc1a
2397bc25
2398bc30
2399bc46
239abc5c
239bbc72
239cbc84
239dbc8f
239ebc9a
239fbca5
23a0bcb0
23a1bcc6
23a2bcdc
23a3bcf2
23a4bd04
23a5bd0f
23a6bd1a
23a7bd25
23a8bd30
23a9bd46
23aabd5c
23abbd72
23acbd84
23adbd8f
23aebd9a
23afbda5
23b0bdb0
23b1bdc6
23b2bddc
23b3bdf2
23b4be04
23b5be0f
23b6be1a
23b7be25
23b8be30
23b9be46
23babe5c
23bbbe72
23bcbe84
23bdbe8f
23bebe9a
23bfbea5
23c0beb0
23c1bec6
23c2bedc
23c3bef2
23c4bf04
23c5bf0f
23c6bf1a
23c7bf25
23c8bf30
23c9bf46
23cabf5c
23cbbf72
23ccbf84
23cdbf8f
23cebf9a
23cfbfa5
23d0bfb0
23d1bfc6
23d2bfdc
23d3bff2
23d4c004
23d5c00f
23d6c01a
23d7c025
23d8c030
23d9c046
23dac05c
23dbc072
23dcc084
23ddc08f
23dec09a
23dfc0a5
23e0c0b0
23e1c0c6
23e2c0dc
23e3c0f2
23e4c104
23e5c10f
23e6c11a
23e7c125
23e8c130
23e9c146
23eac15c
23ebc172
23ecc184
23edc18f
23eec19a
23efc1a5
23f0c1b0
23f1c1c6
23f2c1dc
23f3c1f2
23f4c204
23f5c20f
23f6c21a
23f7c225
23f8c230
23f9c246
23fac25c
23fbc272
23fcc284
23fdc28f
23fec29a
23ffc2a5
24000000
24013ad8
24023af0
24033b04
24043b10
24053b1c
24063b28
24073b34
24083b40
24093b58
240a3b70
240b3b84
240c3b90
240d3b9c
240e3ba8
240f3bb4
24103bc0
24113bd8
24123bf0
24133c04
24143c10
24153c1c
24163c28
24173c34
24183c40
24193c58
241a3c70
241b3c84
241c3c90
241d3c9c
241e3ca8
241f3cb4
24203cc0
24213cd8
24223cf0
24233d04
24243d10
24253d1c
24263d28
24273d34
24283d40
24293d58
242a3d70
242b3d84
242c3d90
242d3d9c
242e3da8
242f3db4
24303dc0
24313dd8
24323df0
24333e04
24343e10
24353e1c
24363e28
24373e34
24383e40
24393e58
243a3e70
243b3e84
243c3e90
243d3e9c
243e3ea8
243f3eb4
24403ec0
24413ed8
24423ef0
24433f04
24443f10
24453f1c
24463f28
24473f34
24483f40
24493f58
244a3f70
244b3f84
244c3f90
244d3f9c
244e3fa8
244f3fb4
24503fc0
24513fd8
24523ff0
24534004
24544010
2455401c
24564028
24574034
24584040
24594058
245a4070
245b4084
245c4090
245d409c
245e40a8
245f40b4
246040c0
246140d8
246240f0
24634104
24644110
2465411c
24664128
24674134
24684140
24694158
246a4170
246b4184
246c4190
246d419c
246e41a8
246f41b4
247041c0
247141d8
247241f0
24734204
24744210
2475421c
24764228
24774234
24784240
24794258
247a4270
247b4284
247c4290
247d429c
247e42a8
247f42b4
24800000
2481bad8
2482baf0
2483bb04
2484bb10
2485bb1c
2486bb28
2487bb34
2488bb40
2489bb58
248abb70
248bbb84
248cbb90
248dbb9c
248ebba8
248fbbb4
2490bbc0
2491bbd8
2492bbf0
2493bc04
2494bc10
2495bc1c
2496bc28
2497bc34
2498bc40
2499bc58
249abc70
249bbc84
249cbc90
249dbc9c
249ebca8
249fbcb4
24a0bcc0
24a1bcd8
24a2bcf0
24a3bd04
24a4bd10
24a5bd1c
24a6bd28
24a7bd34
24a8bd40
24a9bd58
24aabd70
24abbd84
24acbd90
24adbd9c
24aebda8
24afbdb4
24b0bdc0
24b1bdd8
24b2bdf0
24b3be04
24b4be10
24b5be1c
24b6be28
24b7be34
24b8be40
24b9be58
24babe70
24bbbe84
24bcbe90
24bdbe9c
24bebea8
24bfbeb4
24c0bec0
24c1bed8
24c2bef0
24c3bf04
24c4bf10
24c5bf1c
24c6bf28
24c7bf34
24c8bf40
24c9bf58
24cabf70
24cbbf84
24ccbf90
24cdbf9c
24cebfa8
24cfbfb4
24d0bfc0
24d1bfd8
24d2bff0
24d3c004
24d4c010
24d5c01c
24d6c028
24d7c034
24d8c040
24d9c058
24dac070
24dbc084
24dcc090
24ddc09c
24dec0a8
24dfc0b4
24e0c0c0
24e1c0d8
24e2c0f0
24e3c104
24e4c110
24e5c11c
24e6c128
24e7c134
24e8c140
24e9c158
24eac170
24ebc184
24ecc190
24edc19c
24eec1a8
24efc1b4
24f0c1c0
24f1c1d8
24f2c1f0
24f3c204
24f4c210
24f5c21c
24f6c228
24f7c234
24f8c240
24f9c258
24fac270
24fbc284
24fcc290
24fdc29c
24fec2a8
24ffc2b4
25000000
25013aea
25023b02
25033b0f
25043b1c
25053b29
25063b36
25073b43
25083b50
25093b6a
250a3b82
250b3b8f
250c3b9c
250d3ba9
250e3bb6
250f3bc3
25103bd0
25113bea
25123c02
25133c0f
25143c1c
25153c29
25163c36
25173c43
25183c50
25193c6a
251a3c82
251b3c8f
251c3c9c
251d3ca9
251e3cb6
251f3cc3
25203cd0
25213cea
25223d02
25233d0f
25243d1c
25253d29
25263d36
25273d43
25283d50
25293d6a
252a3d82
252b3d8f
252c3d9c
252d3da9
252e3db6
252f3dc3
25303dd0
25313dea
25323e02
25333e0f
25343e1c
25353e29
25363e36
25373e43
25383e50
25393e6a
253a3e82
253b3e8f
253c3e9c
253d3ea9
253e3eb6
253f3ec3
25403ed0
25413eea
25423f02
25433f0f
25443f1c
25453f29
25463f36
25473f43
25483f50
25493f6a
254a3f82
254b3f8f
254c3f9c
254d3fa9
254e3fb6
254f3fc3
25503fd0
25513fea
25524002
2553400f
2554401c
25554029
25564036
25574043
25584050
2559406a
255a4082
255b408f
255c409c
255d40a9
255e40b6
255f40c3
256040d0
256140ea
25624102
2563410f
2564411c
25654129
25664136
25674143
25684150
2569416a
256a4182
256b418f
256c419c
256d41a9
256e41b6
256f41c3
257041d0
257141ea
25724202
2573420f
2574421c
25754229
25764236
25774243
25784250
2579426a
257a4282
257b428f
257c429c
257d42a9
257e42b6
257f42c3
25800000
2581baea
2582bb02
2583bb0f
2584bb1c
2585bb29
2586bb36
2587bb43
2588bb50
2589bb6a
258abb82
258bbb8f
258cbb9c
258dbba9
258ebbb6
258fbbc3
2590bbd0
2591bbea
2592bc02
2593bc0f
2594bc1c
2595bc29
2596bc36
2597bc43
2598bc50
2599bc6a
259abc82
259bbc8f
259cbc9c
259dbca9
259ebcb6
259fbcc3
25a0bcd0
25a1bcea
25a2bd02
25a3bd0f
25a4bd1c
25a5bd29
25a6bd36
25a7bd43
25a8bd50
25a9bd6a
25aabd82
25abbd8f
25acbd9c
25adbda9
25aebdb6
25afbdc3
25b0bdd0
25b1bdea
25b2be02
25b3be0f
25b4be1c
25b5be29
25b6be36
25b7be43
25b8be50
25b9be6a
25babe82
25bbbe8f
25bcbe9c
25bdbea9
25bebeb6
25bfbec3
25c0bed0
25c1beea
25c2bf02
25c3bf0f
25c4bf1c
25c5bf29
25c6bf36
25c7bf43
25c8bf50
25c9bf6a
25cabf82
25cbbf8f
25ccbf9c
25cdbfa9
25cebfb6
25cfbfc3
25d0bfd0
25d1bfea
25d2c002
25d3c00f
25d4c01c
25d5c029
25d6c036
25d7c043
25d8c050
25d9c06a
25dac082
25dbc08f
25dcc09c
25ddc0a9
25dec0b6
25dfc0c3
25e0c0d0
25e1c0ea
25e2c102
25e3c10f
25e4c11c
25e5c129
25e6c136
25e7c143
25e8c150
25e9c16a
25eac182
25ebc18f
25ecc19c
25edc1a9
25eec1b6
25efc1c3
25f0c1d0
25f1c1ea
25f2c202
25f3c20f
25f4c21c
25f5c229
25f6c236
25f7c243
25f8c250
25f9c26a
25fac282
25fbc28f
25fcc29c
25fdc2a9
25fec2b6
25ffc2c3
26000000
26013afc
26023b0c
26033b1a
26043b28
26053b36
26063b44
26073b52
26083b60
26093b7c
260a3b8c
260b3b9a
260c3ba8
260d3bb6
260e3bc4
260f3bd2
26103be0
26113bfc
26123c0c
26133c1a
26143c28
26153c36
26163c44
26173c52
26183c60
26193c7c
261a3c8c
261b3c9a
261c3ca8
261d3cb6
261e3cc4
261f3cd2
26203ce0
26213cfc
26223d0c
26233d1a
26243d28
26253d36
26263d44
26273d52
26283d60
26293d7c
262a3d8c
262b3d9a
262c3da8
262d3db6
262e3dc4
262f3dd2
26303de0
26313dfc
26323e0c
26333e1a
26343e28
26353e36
26363e44
26373e52
26383e60
26393e7c
263a3e8c
263b3e9a
263c3ea8
263d3eb6
263e3ec4
263f3ed2
26403ee0
26413efc
26423f0c
26433f1a
26443f28
26453f36
26463f44
26473f52
26483f60
26493f7c
264a3f8c
264b3f9a
264c3fa8
264d3fb6
264e3fc4
264f3fd2
26503fe0
26513ffc
2652400c
2653401a
26544028
26554036
26564044
26574052
26584060
2659407c
265a408c
265b409a
265c40a8
265d40b6
265e40c4
265f40d2
266040e0
266140fc
2662410c
2663411a
26644128
26654136
26664144
26674152
26684160
2669417c
266a418c
266b419a
266c41a8
266d41b6
266e41c4
266f41d2
267041e0
267141fc
2672420c
2673421a
26744228
26754236
26764244
26774252
26784260
2679427c
267a428c
267b429a
267c42a8
267d42b6
267e42c4
267f42d2
26800000
2681bafc
2682bb0c
2683bb1a
2684bb28
2685bb36
2686bb44
2687bb52
2688bb60
2689bb7c
268abb8c
268bbb9a
268cbba8
268dbbb6
268ebbc4
268fbbd2
2690bbe0
2691bbfc
2692bc0c
2693bc1a
2694bc28
2695bc36
2696bc44
2697bc52
2698bc60
2699bc7c
269abc8c
269bbc9a
269cbca8
269dbcb6
269ebcc4
269fbcd2
26a0bce0
26a1bcfc
26a2bd0c
26a3bd1a
26a4bd28
26a5bd36
26a6bd44
26a7bd52
26a8bd60
26a9bd7c
26aabd8c
26abbd9a
26acbda8
26adbdb6
26aebdc4
26afbdd2
26b0bde0
26b1bdfc
26b2be0c
26b3be1a
26b4be28
26b5be36
26b6be44
26b7be52
26b8be60
26b9be7c
26babe8c
26bbbe9a
26bcbea8
26bdbeb6
26bebec4
26bfbed2
26c0bee0
26c1befc
26c2bf0c
26c3bf1a
26c4bf28
26c5bf36
26c6bf44
26c7bf52
26c8bf60
26c9bf7c
26cabf8c
26cbbf9a
26ccbfa8
26cdbfb6
26cebfc4
26cfbfd2
26d0bfe0
26d1bffc
26d2c00c
26d3c01a
26d4c028
26d5c036
26d6c044
26d7c052
26d8c060
26d9c07c
26dac08c
26dbc09a
26dcc0a8
26ddc0b6
26dec0c4
26dfc0d2
26e0c0e0
26e1c0fc
26e2c10c
26e3c11a
26e4c128
26e5c136
26e6c144
26e7c152
26e8c160
26e9c17c
26eac18c
26ebc19a
26ecc1a8
26edc1b6
26eec1c4
26efc1d2
26f0c1e0
26f1c1fc
26f2c20c
26f3c21a
26f4c228
26f5c236
26f6c244
26f7c252
26f8c260
26f9c27c
26fac28c
26fbc29a
26fcc2a8
26fdc2b6
26fec2c4
26ffc2d2
27000000
27013b07
27023b16
27033b25
27043b34
27053b43
27063b52
27073b61
27083b70
27093b87
270a3b96
270b3ba5
270c3bb4
270d3bc3
270e3bd2
270f3be1
27103bf0
27113c07
27123c16
27133c25
27143c34
27153c43
27163c52
27173c61
27183c70
27193c87
271a3c96
271b3ca5
271c3cb4
271d3cc3
271e3cd2
271f3ce1
27203cf0
27213d07
27223d16
27233d25
27243d34
27253d43
27263d52
27273d61
27283d70
27293d87
272a3d96
272b3da5
272c3db4
272d3dc3
272e3dd2
272f3de1
27303df0
27313e07
27323e16
27333e25
27343e34
27353e43
27363e52
27373e61
27383e70
27393e87
273a3e96
273b3ea5
273c3eb4
273d3ec3
273e3ed2
273f3ee1
27403ef0
27413f07
27423f16
27433f25
27443f34
27453f43
27463f52
27473f61
27483f70
27493f87
274a3f96
274b3fa5
274c3fb4
274d3fc3
274e3fd2
274f3fe1
27503ff0
27514007
27524016
27534025
27544034
27554043
27564052
27574061
27584070
27594087
275a4096
275b40a5
275c40b4
275d40c3
275e40d2
275f40e1
276040f0
27614107
27624116
27634125
27644134
27654143
27664152
27674161
27684170
27694187
276a4196
276b41a5
276c41b4
276d41c3
276e41d2
276f41e1
277041f0
27714207
27724216
27734225
27744234
27754243
27764252
27774261
27784270
27794287
277a4296
277b42a5
277c42b4
277d42c3
277e42d2
277f42e1
27800000
2781bb07
2782bb16
2783bb25
2784bb34
2785bb43
2786bb52
2787bb61
2788bb70
2789bb87
278abb96
278bbba5
278cbbb4
278dbbc3
278ebbd2
278fbbe1
2790bbf0
2791bc07
2792bc16
2793bc25
2794bc34
2795bc43
2796bc52
2797bc61
2798bc70
2799bc87
279abc96
279bbca5
279cbcb4
279dbcc3
279ebcd2
279fbce1
27a0bcf0
27a1bd07
27a2bd16
27a3bd25
27a4bd34
27a5bd43
27a6bd52
27a7bd61
27a8bd70
27a9bd87
27aabd96
27abbda5
27acbdb4
27adbdc3
27aebdd2
27afbde1
27b0bdf0
27b1be07
27b2be16
27b3be25
27b4be34
27b5be43
27b6be52
27b7be61
27b8be70
27b9be87
27babe96
27bbbea5
27bcbeb4
27bdbec3
27bebed2
27bfbee1
27c0bef0
27c1bf07
27c2bf16
27c3bf25
27c4bf34
27c5bf43
27c6bf52
27c7bf61
27c8bf70
27c9bf87
27cabf96
27cbbfa5
27ccbfb4
27cdbfc3
27cebfd2
27cfbfe1
27d0bff0
27d1c007
27d2c016
27d3c025
27d4c034
27d5c043
27d6c052
27d7c061
27d8c070
27d9c087
27dac096
27dbc0a5
27dcc0b4
27ddc0c3
27dec0d2
27dfc0e1
27e0c0f0
27e1c107
27e2c116
27e3c125
27e4c134
27e5c143
27e6c152
27e7c161
27e8c170
27e9c187
27eac196
27ebc1a5
27ecc1b4
27edc1c3
27eec1d2
27efc1e1
27f0c1f0
27f1c207
27f2c216
27f3c225
27f4c234
27f5c243
27f6c252
27f7c261
27f8c270
27f9c287
27fac296
27fbc2a5
27fcc2b4
27fdc2c3
27fec2d2
27ffc2e1
28000000
28013b10
28023b20
28033b30
28043b40
28053b50
28063b60
28073b70
28083b80
28093b90
280a3ba0
280b3bb0
280c3bc0
280d3bd0
280e3be0
280f3bf0
28103c00
28113c10
28123c20
28133c30
28143c40
28153c50
28163c60
28173c70
28183c80
28193c90
281a3ca0
281b3cb0
281c3cc0
281d3cd0
281e3ce0
281f3cf0
28203d00
28213d10
28223d20
28233d30
28243d40
28253d50
28263d60
28273d70
28283d80
28293d90
282a3da0
282b3db0
282c3dc0
282d3dd0
282e3de0
282f3df0
28303e00
28313e10
28323e20
28333e30
28343e40
28353e50
28363e60
28373e70
28383e80
28393e90
283a3ea0
283b3eb0
283c3ec0
283d3ed0
283e3ee0
283f3ef0
28403f00
28413f10
28423f20
28433f30
28443f40
28453f50
28463f60
28473f70
28483f80
28493f90
284a3fa0
284b3fb0
284c3fc0
284d3fd0
284e3fe0
284f3ff0
28504000
28514010
28524020
28534030
28544040
28554050
28564060
28574070
28584080
28594090
285a40a0
285b40b0
285c40c0
285d40d0
285e40e0
285f40f0
28604100
28614110
28624120
28634130
28644140
28654150
28664160
28674170
28684180
28694190
286a41a0
286b41b0
286c41c0
286d41d0
286e41e0
286f41f0
28704200
28714210
28724220
28734230
28744240
28754250
28764260
28774270
28784280
28794290
287a42a0
287b42b0
287c42c0
287d42d0
287e42e0
287f42f0
28800000
2881bb10
2882bb20
2883bb30
2884bb40
2885bb50
2886bb60
2887bb70
2888bb80
2889bb90
288abba0
288bbbb0
288cbbc0
288dbbd0
288ebbe0
288fbbf0
2890bc00
2891bc10
2892bc20
2893bc30
2894bc40
2895bc50
2896bc60
2897bc70
2898bc80
2899bc90
289abca0
289bbcb0
289cbcc0
289dbcd0
289ebce0
289fbcf0
28a0bd00
28a1bd10
28a2bd20
28a3bd30
28a4bd40
28a5bd50
28a6bd60
28a7bd70
28a8bd80
28a9bd90
28aabda0
28abbdb0
28acbdc0
28adbdd0
28aebde0
28afbdf0
28b0be00
28b1be10
28b2be20
28b3be30
28b4be40
28b5be50
28b6be60
28b7be70
28b8be80
28b9be90
28babea0
28bbbeb0
28bcbec0
28bdbed0
28bebee0
28bfbef0
28c0bf00
28c1bf10
28c2bf20
28c3bf30
28c4bf40
28c5bf50
28c6bf60
28c7bf70
28c8bf80
28c9bf90
28cabfa0
28cbbfb0
28ccbfc0
28cdbfd0
28cebfe0
28cfbff0
28d0c000
28d1c010
28d2c020
28d3c030
28d4c040
28d5c050
28d6c060
28d7c070
28d8c080
28d9c090
28dac0a0
28dbc0b0
28dcc0c0
28ddc0d0
28dec0e0
28dfc0f0
28e0c100
28e1c110
28e2c120
28e3c130
28e4c140
28e5c150
28e6c160
28e7c170
28e8c180
28e9c190
28eac1a0
28ebc1b0
28ecc1c0
28edc1d0
28eec1e0
28efc1f0
28f0c200
28f1c210
28f2c220
28f3c230
28f4c240
28f5c250
28f6c260
28f7c270
28f8c280
28f9c290
28fac2a0
28fbc2b0
28fcc2c0
28fdc2d0
28fec2e0
28ffc2f0
29000000
29013b22
29023b34
29033b46
29043b58
29053b6a
29063b7c
29073b87
29083b90
29093ba2
290a3bb4
290b3bc6
290c3bd8
290d3bea
290e3bfc
290f3c07
29103c10
29113c22
29123c34
29133c46
29143c58
29153c6a
29163c7c
29173c87
29183c90
29193ca2
291a3cb4
291b3cc6
291c3cd8
291d3cea
291e3cfc
291f3d07
29203d10
29213d22
29223d34
29233d46
29243d58
29253d6a
29263d7c
29273d87
29283d90
29293da2
292a3db4
292b3dc6
292c3dd8
292d3dea
292e3dfc
292f3e07
29303e10
29313e22
29323e34
29333e46
29343e58
29353e6a
29363e7c
29373e87
29383e90
29393ea2
293a3eb4
293b3ec6
293c3ed8
293d3eea
293e3efc
293f3f07
29403f10
29413f22
29423f34
29433f46
29443f58
29453f6a
29463f7c
29473f87
29483f90
29493fa2
294a3fb4
294b3fc6
294c3fd8
294d3fea
294e3ffc
294f4007
29504010
29514022
29524034
29534046
29544058
2955406a
2956407c
29574087
29584090
295940a2
295a40b4
295b40c6
295c40d8
295d40ea
295e40fc
295f4107
29604110
29614122
29624134
29634146
29644158
2965416a
2966417c
29674187
29684190
296941a2
296a41b4
296b41c6
296c41d8
296d41ea
296e41fc
296f4207
29704210
29714222
29724234
29734246
29744258
2975426a
2976427c
29774287
29784290
297942a2
297a42b4
297b42c6
297c42d8
297d42ea
297e42fc
297f4307
29800000
2981bb22
2982bb34
2983bb46
2984bb58
2985bb6a
2986bb7c
2987bb87
2988bb90
2989bba2
298abbb4
298bbbc6
298cbbd8
298dbbea
298ebbfc
298fbc07
2990bc10
2991bc22
2992bc34
2993bc46
2994bc58
2995bc6a
2996bc7c
2997bc87
2998bc90
2999bca2
299abcb4
299bbcc6
299cbcd8
299dbcea
299ebcfc
299fbd07
29a0bd10
29a1bd22
29a2bd34
29a3bd46
29a4bd58
29a5bd6a
29a6bd7c
29a7bd87
29a8bd90
29a9bda2
29aabdb4
29abbdc6
29acbdd8
29adbdea
29aebdfc
29afbe07
29b0be10
29b1be22
29b2be34
29b3be46
29b4be58
29b5be6a
29b6be7c
29b7be87
29b8be90
29b9bea2
29babeb4
29bbbec6
29bcbed8
29bdbeea
29bebefc
29bfbf07
29c0bf10
29c1bf22
29c2bf34
29c3bf46
29c4bf58
29c5bf6a
29c6bf7c
29c7bf87
29c8bf90
29c9bfa2
29cabfb4
29cbbfc6
29ccbfd8
29cdbfea
29cebffc
29cfc007
29d0c010
29d1c022
29d2c034
29d3c046
29d4c058
29d5c06a
29d6c07c
29d7c087
29d8c090
29d9c0a2
29dac0b4
29dbc0c6
29dcc0d8
29ddc0ea
29dec0fc
29dfc107
29e0c110
29e1c122
29e2c134
29e3c146
29e4c158
29e5c16a
29e6c17c
29e7c187
29e8c190
29e9c1a2
29eac1b4
29ebc1c6
29ecc1d8
29edc1ea
29eec1fc
29efc207
29f0c210
29f1c222
29f2c234
29f3c246
29f4c258
29f5c26a
29f6c27c
29f7c287
29f8c290
29f9c2a2
29fac2b4
29fbc2c6
29fcc2d8
29fdc2ea
29fec2fc
29ffc307
2a000000
2a013b34
2a023b48
2a033b5c
2a043b70
2a053b82
2a063b8c
2a073b96
2a083ba0
2a093bb4
2a0a3bc8
2a0b3bdc
2a0c3bf0
2a0d3c02
2a0e3c0c
2a0f3c16
2a103c20
2a113c34
2a123c48
2a133c5c
2a143c70
2a153c82
2a163c8c
2a173c96
2a183ca0
2a193cb4
2a1a3cc8
2a1b3cdc
2a1c3cf0
2a1d3d02
2a1e3d0c
2a1f3d16
2a203d20
2a213d34
2a223d48
2a233d5c
2a243d70
2a253d82
2a263d8c
2a273d96
2a283da0
2a293db4
2a2a3dc8
2a2b3ddc
2a2c3df0
2a2d3e02
2a2e3e0c
2a2f3e16
2a303e20
2a313e34
2a323e48
2a333e5c
2a343e70
2a353e82
2a363e8c
2a373e96
2a383ea0
2a393eb4
2a3a3ec8
2a3b3edc
2a3c3ef0
2a3d3f02
2a3e3f0c
2a3f3f16
2a403f20
2a413f34
2a423f48
2a433f5c
2a443f70
2a453f82
2a463f8c
2a473f96
2a483fa0
2a493fb4
2a4a3fc8
2a4b3fdc
2a4c3ff0
2a4d4002
2a4e400c
2a4f4016
2a504020
2a514034
2a524048
2a53405c
2a544070
2a554082
2a56408c
2a574096
2a5840a0
2a5940b4
2a5a40c8
2a5b40dc
2a5c40f0
2a5d4102
2a5e410c
2a5f4116
2a604120
2a614134
2a624148
2a63415c
2a644170
2a654182
2a66418c
2a674196
2a6841a0
2a6941b4
2a6a41c8
2a6b41dc
2a6c41f0
2a6d4202
2a6e420c
2a6f4216
2a704220
2a714234
2a724248
2a73425c
2a744270
2a754282
2a76428c
2a774296
2a7842a0
2a7942b4
2a7a42c8
2a7b42dc
2a7c42f0
2a7d4302
2a7e430c
2a7f4316
2a800000
2a81bb34
2a82bb48
2a83bb5c
2a84bb70
2a85bb82
2a86bb8c
2a87bb96
2a88bba0
2a89bbb4
2a8abbc8
2a8bbbdc
2a8cbbf0
2a8dbc02
2a8ebc0c
2a8fbc16
2a90bc20
2a91bc34
2a92bc48
2a93bc5c
2a94bc70
2a95bc82
2a96bc8c
2a97bc96
2a98bca0
2a99bcb4
2a9abcc8
2a9bbcdc
2a9cbcf0
2a9dbd02
2a9ebd0c
2a9fbd16
2aa0bd20
2aa1bd34
2aa2bd48
2aa3bd5c
2aa4bd70
2aa5bd82
2aa6bd8c
2aa7bd96
2aa8bda0
2aa9bdb4
2aaabdc8
2aabbddc
2aacbdf0
2aadbe02
2aaebe0c
2aafbe16
2ab0be20
2ab1be34
2ab2be48
2ab3be5c
2ab4be70
2ab5be82
2ab6be8c
2ab7be96
2ab8bea0
2ab9beb4
2ababec8
2abbbedc
2abcbef0
2abdbf02
2abebf0c
2abfbf16
2ac0bf20
2ac1bf34
2ac2bf48
2ac3bf5c
2ac4bf70
2ac5bf82
2ac6bf8c
2ac7bf96
2ac8bfa0
2ac9bfb4
2acabfc8
2acbbfdc
2accbff0
2acdc002
2acec00c
2acfc016
2ad0c020
2ad1c034
2ad2c048
2ad3c05c
2ad4c070
2ad5c082
2ad6c08c
2ad7c096
2ad8c0a0
2ad9c0b4
2adac0c8
2adbc0dc
2adcc0f0
2addc102
2adec10c
2adfc116
2ae0c120
2ae1c134
2ae2c148
2ae3c15c
2ae4c170
2ae5c182
2ae6c18c
2ae7c196
2ae8c1a0
2ae9c1b4
2aeac1c8
2aebc1dc
2aecc1f0
2aedc202
2aeec20c
2aefc216
2af0c220
2af1c234
2af2c248
2af3c25c
2af4c270
2af5c282
2af6c28c
2af7c296
2af8c2a0
2af9c2b4
2afac2c8
2afbc2dc
2afcc2f0
2afdc302
2afec30c
2affc316
2b000000
2b013b46
2b023b5c
2b033b72
2b043b84
2b053b8f
2b063b9a
2b073ba5
2b083bb0
2b093bc6
2b0a3bdc
2b0b3bf2
2b0c3c04
2b0d3c0f
2b0e3c1a
2b0f3c25
2b103c30
2b113c46
2b123c5c
2b133c72
2b143c84
2b153c8f
2b163c9a
2b173ca5
2b183cb0
2b193cc6
2b1a3cdc
2b1b3cf2
2b1c3d04
2b1d3d0f
2b1e3d1a
2b1f3d25
2b203d30
2b213d46
2b223d5c
2b233d72
2b243d84
2b253d8f
2b263d9a
2b273da5
2b283db0
2b293dc6
2b2a3ddc
2b2b3df2
2b2c3e04
2b2d3e0f
2b2e3e1a
2b2f3e25
2b303e30
2b313e46
2b323e5c
2b333e72
2b343e84
2b353e8f
2b363e9a
2b373ea5
2b383eb0
2b393ec6
2b3a3edc
2b3b3ef2
2b3c3f04
2b3d3f0f
2b3e3f1a
2b3f3f25
2b403f30
2b413f46
2b423f5c
2b433f72
2b443f84
2b453f8f
2b463f9a
2b473fa5
2b483fb0
2b493fc6
2b4a3fdc
2b4b3ff2
2b4c4004
2b4d400f
2b4e401a
2b4f4025
2b504030
2b514046
2b52405c
2b534072
2b544084
2b55408f
2b56409a
2b5740a5
2b5840b0
2b5940c6
2b5a40dc
2b5b40f2
2b5c4104
2b5d410f
2b5e411a
2b5f4125
2b604130
2b614146
2b62415c
2b634172
2b644184
2b65418f
2b66419a
2b6741a5
2b6841b0
2b6941c6
2b6a41dc
2b6b41f2
2b6c4204
2b6d420f
2b6e421a
2b6f4225
2b704230
2b714246
2b72425c
2b734272
2b744284
2b75428f
2b76429a
2b7742a5
2b7842b0
2b7942c6
2b7a42dc
2b7b42f2
2b7c4304
2b7d430f
2b7e431a
2b7f4325
2b800000
2b81bb46
2b82bb5c
2b83bb72
2b84bb84
2b85bb8f
2b86bb9a
2b87bba5
2b88bbb0
2b89bbc6
2b8abbdc
2b8bbbf2
2b8cbc04
2b8dbc0f
2b8ebc1a
2b8fbc25
2b90bc30
2b91bc46
2b92bc5c
2b93bc72
2b94bc84
2b95bc8f
2b96bc9a
2b97bca5
2b98bcb0
2b99bcc6
2b9abcdc
2b9bbcf2
2b9cbd04
2b9dbd0f
2b9ebd1a
2b9fbd25
2ba0bd30
2ba1bd46
2ba2bd5c
2ba3bd72
2ba4bd84
2ba5bd8f
2ba6bd9a
2ba7bda5
2ba8bdb0
2ba9bdc6
2baabddc
2babbdf2
2bacbe04
2badbe0f
2baebe1a
2bafbe25
2bb0be30
2bb1be46
2bb2be5c
2bb3be72
2bb4be84
2bb5be8f
2bb6be9a
2bb7bea5
2bb8beb0
2bb9bec6
2bbabedc
2bbbbef2
2bbcbf04
2bbdbf0f
2bbebf1a
2bbfbf25
2bc0bf30
2bc1bf46
2bc2bf5c
2bc3bf72
2bc4bf84
2bc5bf8f
2bc6bf9a
2bc7bfa5
2bc8bfb0
2bc9bfc6
2bcabfdc
2bcbbff2
2bccc004
2bcdc00f
2bcec01a
2bcfc025
2bd0c030
2bd1c046
2bd2c05c
2bd3c072
2bd4c084
2bd5c08f
2bd6c09a
2bd7c0a5
2bd8c0b0
2bd9c0c6
2bdac0dc
2bdbc0f2
2bdcc104
2bddc10f
2bdec11a
2bdfc125
2be0c130
2be1c146
2be2c15c
2be3c172
2be4c184
2be5c18f
2be6c19a
2be7c1a5
2be8c1b0
2be9c1c6
2beac1dc
2bebc1f2
2becc204
2bedc20f
2beec21a
2befc225
2bf0c230
2bf1c246
2bf2c25c
2bf3c272
2bf4c284
2bf5c28f
2bf6c29a
2bf7c2a5
2bf8c2b0
2bf9c2c6
2bfac2dc
2bfbc2f2
2bfcc304
2bfdc30f
2bfec31a
2bffc325
2c000000
2c013b58
2c023b70
2c033b84
2c043b90
2c053b9c
2c063ba8
2c073bb4
2c083bc0
2c093bd8
2c0a3bf0
2c0b3c04
2c0c3c10
2c0d3c1c
2c0e3c28
2c0f3c34
2c103c40
2c113c58
2c123c70
2c133c84
2c143c90
2c153c9c
2c163ca8
2c173cb4
2c183cc0
2c193cd8
2c1a3cf0
2c1b3d04
2c1c3d10
2c1d3d1c
2c1e3d28
2c1f3d34
2c203d40
2c213d58
2c223d70
2c233d84
2c243d90
2c253d9c
2c263da8
2c273db4
2c283dc0
2c293dd8
2c2a3df0
2c2b3e04
2c2c3e10
2c2d3e1c
2c2e3e28
2c2f3e34
2c303e40
2c313e58
2c323e70
2c333e84
2c343e90
2c353e9c
2c363ea8
2c373eb4
2c383ec0
2c393ed8
2c3a3ef0
2c3b3f04
2c3c3f10
2c3d3f1c
2c3e3f28
2c3f3f34
2c403f40
2c413f58
2c423f70
2c433f84
2c443f90
2c453f9c
2c463fa8
2c473fb4
2c483fc0
2c493fd8
2c4a3ff0
2c4b4004
2c4c4010
2c4d401c
2c4e4028
2c4f4034
2c504040
2c514058
2c524070
2c534084
2c544090
2c55409c
2c5640a8
2c5740b4
2c5840c0
2c5940d8
2c5a40f0
2c5b4104
2c5c4110
2c5d411c
2c5e4128
2c5f4134
2c604140
2c614158
2c624170
2c634184
2c644190
2c65419c
2c6641a8
2c6741b4
2c6841c0
2c6941d8
2c6a41f0
2c6b4204
2c6c4210
2c6d421c
2c6e4228
2c6f4234
2c704240
2c714258
2c724270
2c734284
2c744290
2c75429c
2c7642a8
2c7742b4
2c7842c0
2c7942d8
2c7a42f0
2c7b4304
2c7c4310
2c7d431c
2c7e4328
2c7f4334
2c800000
2c81bb58
2c82bb70
2c83bb84
2c84bb90
2c85bb9c
2c86bba8
2c87bbb4
2c88bbc0
2c89bbd8
2c8abbf0
2c8bbc04
2c8cbc10
2c8dbc1c
2c8ebc28
2c8fbc34
2c90bc40
2c91bc58
2c92bc70
2c93bc84
2c94bc90
2c95bc9c
2c96bca8
2c97bcb4
2c98bcc0
2c99bcd8
2c9abcf0
2c9bbd04
2c9cbd10
2c9dbd1c
2c9ebd28
2c9fbd34
2ca0bd40
2ca1bd58
2ca2bd70
2ca3bd84
2ca4bd90
2ca5bd9c
2ca6bda8
2ca7bdb4
2ca8bdc0
2ca9bdd8
2caabdf0
2cabbe04
2cacbe10
2cadbe1c
2caebe28
2cafbe34
2cb0be40
2cb1be58
2cb2be70
2cb3be84
2cb4be90
2cb5be9c
2cb6bea8
2cb7beb4
2cb8bec0
2cb9bed8
2cbabef0
2cbbbf04
2cbcbf10
2cbdbf1c
2cbebf28
2cbfbf34
2cc0bf40
2cc1bf58
2cc2bf70
2cc3bf84
2cc4bf90
2cc5bf9c
2cc6bfa8
2cc7bfb4
2cc8bfc0
2cc9bfd8
2ccabff0
2ccbc004
2cccc010
2ccdc01c
2ccec028
2ccfc034
2cd0c040
2cd1c058
2cd2c070
2cd3c084
2cd4c090
2cd5c09c
2cd6c0a8
2cd7c0b4
2cd8c0c0
2cd9c0d8
2cdac0f0
2cdbc104
2cdcc110
2cddc11c
2cdec128
2cdfc134
2ce0c140
2ce1c158
2ce2c170
2ce3c184
2ce4c190
2ce5c19c
2ce6c1a8
2ce7c1b4
2ce8c1c0
2ce9c1d8
2ceac1f0
2cebc204
2cecc210
2cedc21c
2ceec228
2cefc234
2cf0c240
2cf1c258
2cf2c270
2cf3c284
2cf4c290
2cf5c29c
2cf6c2a8
2cf7c2b4
2cf8c2c0
2cf9c2d8
2cfac2f0
2cfbc304
2cfcc310
2cfdc31c
2cfec328
2cffc334
2d000000
2d013b6a
2d023b82
2d033b8f
2d043b9c
2d053ba9
2d063bb6
2d073bc3
2d083bd0
2d093bea
2d0a3c02
2d0b3c0f
2d0c3c1c
2d0d3c29
2d0e3c36
2d0f3c43
2d103c50
2d113c6a
2d123c82
2d133c8f
2d143c9c
2d153ca9
2d163cb6
2d173cc3
2d183cd0
2d193cea
2d1a3d02
2d1b3d0f
2d1c3d1c
2d1d3d29
2d1e3d36
2d1f3d43
2d203d50
2d213d6a
2d223d82
2d233d8f
2d243d9c
2d253da9
2d263db6
2d273dc3
2d283dd0
2d293dea
2d2a3e02
2d2b3e0f
2d2c3e1c
2d2d3e29
2d2e3e36
2d2f3e43
2d303e50
2d313e6a
2d323e82
2d333e8f
2d343e9c
2d353ea9
2d363eb6
2d373ec3
2d383ed0
2d393eea
2d3a3f02
2d3b3f0f
2d3c3f1c
2d3d3f29
2d3e3f36
2d3f3f43
2d403f50
2d413f6a
2d423f82
2d433f8f
2d443f9c
2d453fa9
2d463fb6
2d473fc3
2d483fd0
2d493fea
2d4a4002
2d4b400f
2d4c401c
2d4d4029
2d4e4036
2d4f4043
2d504050
2d51406a
2d524082
2d53408f
2d54409c
2d5540a9
2d5640b6
2d5740c3
2d5840d0
2d5940ea
2d5a4102
2d5b410f
2d5c411c
2d5d4129
2d5e4136
2d5f4143
2d604150
2d61416a
2d624182
2d63418f
2d64419c
2d6541a9
2d6641b6
2d6741c3
2d6841d0
2d6941ea
2d6a4202
2d6b420f
2d6c421c
2d6d4229
2d6e4236
2d6f4243
2d704250
2d71426a
2d724282
2d73428f
2d74429c
2d7542a9
2d7642b6
2d7742c3
2d7842d0
2d7942ea
2d7a4302
2d7b430f
2d7c431c
2d7d4329
2d7e4336
2d7f4343
2d800000
2d81bb6a
2d82bb82
2d83bb8f
2d84bb9c
2d85bba9
2d86bbb6
2d87bbc3
2d88bbd0
2d89bbea
2d8abc02
2d8bbc0f
2d8cbc1c
2d8dbc29
2d8ebc36
2d8fbc43
2d90bc50
2d91bc6a
2d92bc82
2d93bc8f
2d94bc9c
2d95bca9
2d96bcb6
2d97bcc3
2d98bcd0
2d99bcea
2d9abd02
2d9bbd0f
2d9cbd1c
2d9dbd29
2d9ebd36
2d9fbd43
2da0bd50
2da1bd6a
2da2bd82
2da3bd8f
2da4bd9c
2da5bda9
2da6bdb6
2da7bdc3
2da8bdd0
2da9bdea
2daabe02
2dabbe0f
2dacbe1c
2dadbe29
2daebe36
2dafbe43
2db0be50
2db1be6a
2db2be82
2db3be8f
2db4be9c
2db5bea9
2db6beb6
2db7bec3
2db8bed0
2db9beea
2dbabf02
2dbbbf0f
2dbcbf1c
2dbdbf29
2dbebf36
2dbfbf43
2dc0bf50
2dc1bf6a
2dc2bf82
2dc3bf8f
2dc4bf9c
2dc5bfa9
2dc6bfb6
2dc7bfc3
2dc8bfd0
2dc9bfea
2dcac002
2dcbc00f
2dccc01c
2dcdc029
2dcec036
2dcfc043
2dd0c050
2dd1c06a
2dd2c082
2dd3c08f
2dd4c09c
2dd5c0a9
2dd6c0b6
2dd7c0c3
2dd8c0d0
2dd9c0ea
2ddac102
2ddbc10f
2ddcc11c
2dddc129
2ddec136
2ddfc143
2de0c150
2de1c16a
2de2c182
2de3c18f
2de4c19c
2de5c1a9
2de6c1b6
2de7c1c3
2de8c1d0
2de9c1ea
2deac202
2debc20f
2decc21c
2dedc229
2deec236
2defc243
2df0c250
2df1c26a
2df2c282
2df3c28f
2df4c29c
2df5c2a9
2df6c2b6
2df7c2c3
2df8c2d0
2df9c2ea
2dfac302
2dfbc30f
2dfcc31c
2dfdc329
2dfec336
2dffc343
2e000000
2e013b7c
2e023b8c
2e033b9a
2e043ba8
2e053bb6
2e063bc4
2e073bd2
2e083be0
2e093bfc
2e0a3c0c
2e0b3c1a
2e0c3c28
2e0d3c36
2e0e3c44
2e0f3c52
2e103c60
2e113c7c
2e123c8c
2e133c9a
2e143ca8
2e153cb6
2e163cc4
2e173cd2
2e183ce0
2e193cfc
2e1a3d0c
2e1b3d1a
2e1c3d28
2e1d3d36
2e1e3d44
2e1f3d52
2e203d60
2e213d7c
2e223d8c
2e233d9a
2e243da8
2e253db6
2e263dc4
2e273dd2
2e283de0
2e293dfc
2e2a3e0c
2e2b3e1a
2e2c3e28
2e2d3e36
2e2e3e44
2e2f3e52
2e303e60
2e313e7c
2e323e8c
2e333e9a
2e343ea8
2e353eb6
2e363ec4
2e373ed2
2e383ee0
2e393efc
2e3a3f0c
2e3b3f1a
2e3c3f28
2e3d3f36
2e3e3f44
2e3f3f52
2e403f60
2e413f7c
2e423f8c
2e433f9a
2e443fa8
2e453fb6
2e463fc4
2e473fd2
2e483fe0
2e493ffc
2e4a400c
2e4b401a
2e4c4028
2e4d4036
2e4e4044
2e4f4052
2e504060
2e51407c
2e52408c
2e53409a
2e5440a8
2e5540b6
2e5640c4
2e5740d2
2e5840e0
2e5940fc
2e5a410c
2e5b411a
2e5c4128
2e5d4136
2e5e4144
2e5f4152
2e604160
2e61417c
2e62418c
2e63419a
2e6441a8
2e6541b6
2e6641c4
2e6741d2
2e6841e0
2e6941fc
2e6a420c
2e6b421a
2e6c4228
2e6d4236
2e6e4244
2e6f4252
2e704260
2e71427c
2e72428c
2e73429a
2e7442a8
2e7542b6
2e7642c4
2e7742d2
2e7842e0
2e7942fc
2e7a430c
2e7b431a
2e7c4328
2e7d4336
2e7e4344
2e7f4352
2e800000
2e81bb7c
2e82bb8c
2e83bb9a
2e84bba8
2e85bbb6
2e86bbc4
2e87bbd2
2e88bbe0
2e89bbfc
2e8abc0c
2e8bbc1a
2e8cbc28
2e8dbc36
2e8ebc44
2e8fbc52
2e90bc60
2e91bc7c
2e92bc8c
2e93bc9a
2e94bca8
2e95bcb6
2e96bcc4
2e97bcd2
2e98bce0
2e99bcfc
2e9abd0c
2e9bbd1a
2e9cbd28
2e9dbd36
2e9ebd44
2e9fbd52
2ea0bd60
2ea1bd7c
2ea2bd8c
2ea3bd9a
2ea4bda8
2ea5bdb6
2ea6bdc4
2ea7bdd2
2ea8bde0
2ea9bdfc
2eaabe0c
2eabbe1a
2eacbe28
2eadbe36
2eaebe44
2eafbe52
2eb0be60
2eb1be7c
2eb2be8c
2eb3be9a
2eb4bea8
2eb5beb6
2eb6bec4
2eb7bed2
2eb8bee0
2eb9befc
2ebabf0c
2ebbbf1a
2ebcbf28
2ebdbf36
2ebebf44
2ebfbf52
2ec0bf60
2ec1bf7c
2ec2bf8c
2ec3bf9a
2ec4bfa8
2ec5bfb6
2ec6bfc4
2ec7bfd2
2ec8bfe0
2ec9bffc
2ecac00c
2ecbc01a
2eccc028
2ecdc036
2ecec044
2ecfc052
2ed0c060
2ed1c07c
2ed2c08c
2ed3c09a
2ed4c0a8
2ed5c0b6
2ed6c0c4
2ed7c0d2
2ed8c0e0
2ed9c0fc
2edac10c
2edbc11a
2edcc128
2eddc136
2edec144
2edfc152
2ee0c160
2ee1c17c
2ee2c18c
2ee3c19a
2ee4c1a8
2ee5c1b6
2ee6c1c4
2ee7c1d2
2ee8c1e0
2ee9c1fc
2eeac20c
2eebc21a
2eecc228
2eedc236
2eeec244
2eefc252
2ef0c260
2ef1c27c
2ef2c28c
2ef3c29a
2ef4c2a8
2ef5c2b6
2ef6c2c4
2ef7c2d2
2ef8c2e0
2ef9c2fc
2efac30c
2efbc31a
2efcc328
2efdc336
2efec344
2effc352
2f000000
2f013b87
2f023b96
2f033ba5
2f043bb4
2f053bc3
2f063bd2
2f073be1
2f083bf0
2f093c07
2f0a3c16
2f0b3c25
2f0c3c34
2f0d3c43
2f0e3c52
2f0f3c61
2f103c70
2f113c87
2f123c96
2f133ca5
2f143cb4
2f153cc3
2f163cd2
2f173ce1
2f183cf0
2f193d07
2f1a3d16
2f1b3d25
2f1c3d34
2f1d3d43
2f1e3d52
2f1f3d61
2f203d70
2f213d87
2f223d96
2f233da5
2f243db4
2f253dc3
2f263dd2
2f273de1
2f283df0
2f293e07
2f2a3e16
2f2b3e25
2f2c3e34
2f2d3e43
2f2e3e52
2f2f3e61
2f303e70
2f313e87
2f323e96
2f333ea5
2f343eb4
2f353ec3
2f363ed2
2f373ee1
2f383ef0
2f393f07
2f3a3f16
2f3b3f25
2f3c3f34
2f3d3f43
2f3e3f52
2f3f3f61
2f403f70
2f413f87
2f423f96
2f433fa5
2f443fb4
2f453fc3
2f463fd2
2f473fe1
2f483ff0
2f494007
2f4a4016
2f4b4025
2f4c4034
2f4d4043
2f4e4052
2f4f4061
2f504070
2f514087
2f524096
2f5340a5
2f5440b4
2f5540c3
2f5640d2
2f5740e1
2f5840f0
2f594107
2f5a4116
2f5b4125
2f5c4134
2f5d4143
2f5e4152
2f5f4161
2f604170
2f614187
2f624196
2f6341a5
2f6441b4
2f6541c3
2f6641d2
2f6741e1
2f6841f0
2f694207
2f6a4216
2f6b4225
2f6c4234
2f6d4243
2f6e4252
2f6f4261
2f704270
2f714287
2f724296
2f7342a5
2f7442b4
2f7542c3
2f7642d2
2f7742e1
2f7842f0
2f794307
2f7a4316
2f7b4325
2f7c4334
2f7d4343
2f7e4352
2f7f4361
2f800000
2f81bb87
2f82bb96
2f83bba5
2f84bbb4
2f85bbc3
2f86bbd2
2f87bbe1
2f88bbf0
2f89bc07
2f8abc16
2f8bbc25
2f8cbc34
2f8dbc43
2f8ebc52
2f8fbc61
2f90bc70
2f91bc87
2f92bc96
2f93bca5
2f94bcb4
2f95bcc3
2f96bcd2
2f97bce1
2f98bcf0
2f99bd07
2f9abd16
2f9bbd25
2f9cbd34
2f9dbd43
2f9ebd52
2f9fbd61
2fa0bd70
2fa1bd87
2fa2bd96
2fa3bda5
2fa4bdb4
2fa5bdc3
2fa6bdd2
2fa7bde1
2fa8bdf0
2fa9be07
2faabe16
2fabbe25
2facbe34
2fadbe43
2faebe52
2fafbe61
2fb0be70
2fb1be87
2fb2be96
2fb3bea5
2fb4beb4
2fb5bec3
2fb6bed2
2fb7bee1
2fb8bef0
2fb9bf07
2fbabf16
2fbbbf25
2fbcbf34
2fbdbf43
2fbebf52
2fbfbf61
2fc0bf70
2fc1bf87
2fc2bf96
2fc3bfa5
2fc4bfb4
2fc5bfc3
2fc6bfd2
2fc7bfe1
2fc8bff0
2fc9c007
2fcac016
2fcbc025
2fccc034
2fcdc043
2fcec052
2fcfc061
2fd0c070
2fd1c087
2fd2c096
2fd3c0a5
2fd4c0b4
2fd5c0c3
2fd6c0d2
2fd7c0e1
2fd8c0f0
2fd9c107
2fdac116
2fdbc125
2fdcc134
2fddc143
2fdec152
2fdfc161
2fe0c170
2fe1c187
2fe2c196
2fe3c1a5
2fe4c1b4
2fe5c1c3
2fe6c1d2
2fe7c1e1
2fe8c1f0
2fe9c207
2feac216
2febc225
2fecc234
2fedc243
2feec252
2fefc261
2ff0c270
2ff1c287
2ff2c296
2ff3c2a5
2ff4c2b4
2ff5c2c3
2ff6c2d2
2ff7c2e1
2ff8c2f0
2ff9c307
2ffac316
2ffbc325
2ffcc334
2ffdc343
2ffec352
2fffc361
30000000
30013b90
30023ba0
30033bb0
30043bc0
30053bd0
30063be0
30073bf0
30083c00
30093c10
300a3c20
300b3c30
300c3c40
300d3c50
300e3c60
300f3c70
30103c80
30113c90
30123ca0
30133cb0
30143cc0
30153cd0
30163ce0
30173cf0
30183d00
30193d10
301a3d20
301b3d30
301c3d40
301d3d50
301e3d60
301f3d70
30203d80
30213d90
30223da0
30233db0
30243dc0
30253dd0
30263de0
30273df0
30283e00
30293e10
302a3e20
302b3e30
302c3e40
302d3e50
302e3e60
302f3e70
30303e80
30313e90
30323ea0
30333eb0
30343ec0
30353ed0
30363ee0
30373ef0
30383f00
30393f10
303a3f20
303b3f30
303c3f40
303d3f50
303e3f60
303f3f70
30403f80
30413f90
30423fa0
30433fb0
30443fc0
30453fd0
30463fe0
30473ff0
30484000
30494010
304a4020
304b4030
304c4040
304d4050
304e4060
304f4070
30504080
30514090
305240a0
305340b0
305440c0
305540d0
305640e0
305740f0
30584100
30594110
305a4120
305b4130
305c4140
305d4150
305e4160
305f4170
30604180
30614190
306241a0
306341b0
306441c0
306541d0
306641e0
306741f0
30684200
30694210
306a4220
306b4230
306c4240
306d4250
306e4260
306f4270
30704280
30714290
307242a0
307342b0
307442c0
307542d0
307642e0
307742f0
30784300
30794310
307a4320
307b4330
307c4340
307d4350
307e4360
307f4370
30800000
3081bb90
3082bba0
3083bbb0
3084bbc0
3085bbd0
3086bbe0
3087bbf0
3088bc00
3089bc10
308abc20
308bbc30
308cbc40
308dbc50
308ebc60
308fbc70
3090bc80
3091bc90
3092bca0
3093bcb0
3094bcc0
3095bcd0
3096bce0
3097bcf0
3098bd00
3099bd10
309abd20
309bbd30
309cbd40
309dbd50
309ebd60
309fbd70
30a0bd80
30a1bd90
30a2bda0
30a3bdb0
30a4bdc0
30a5bdd0
30a6bde0
30a7bdf0
30a8be00
30a9be10
30aabe20
30abbe30
30acbe40
30adbe50
30aebe60
30afbe70
30b0be80
30b1be90
30b2bea0
30b3beb0
30b4bec0
30b5bed0
30b6bee0
30b7bef0
30b8bf00
30b9bf10
30babf20
30bbbf30
30bcbf40
30bdbf50
30bebf60
30bfbf70
30c0bf80
30c1bf90
30c2bfa0
30c3bfb0
30c4bfc0
30c5bfd0
30c6bfe0
30c7bff0
30c8c000
30c9c010
30cac020
30cbc030
30ccc040
30cdc050
30cec060
30cfc070
30d0c080
30d1c090
30d2c0a0
30d3c0b0
30d4c0c0
30d5c0d0
30d6c0e0
30d7c0f0
30d8c100
30d9c110
30dac120
30dbc130
30dcc140
30ddc150
30dec160
30dfc170
30e0c180
30e1c190
30e2c1a0
30e3c1b0
30e4c1c0
30e5c1d0
30e6c1e0
30e7c1f0
30e8c200
30e9c210
30eac220
30ebc230
30ecc240
30edc250
30eec260
30efc270
30f0c280
30f1c290
30f2c2a0
30f3c2b0
30f4c2c0
30f5c2d0
30f6c2e0
30f7c2f0
30f8c300
30f9c310
30fac320
30fbc330
30fcc340
30fdc350
30fec360
30ffc370
31000000
31013ba2
31023bb4
31033bc6
31043bd8
31053bea
31063bfc
31073c07
31083c10
31093c22
310a3c34
310b3c46
310c3c58
310d3c6a
310e3c7c
310f3c87
31103c90
31113ca2
31123cb4
31133cc6
31143cd8
31153cea
31163cfc
31173d07
31183d10
31193d22
311a3d34
311b3d46
311c3d58
311d3d6a
311e3d7c
311f3d87
31203d90
31213da2
31223db4
31233dc6
31243dd8
31253dea
31263dfc
31273e07
31283e10
31293e22
312a3e34
312b3e46
312c3e58
312d3e6a
312e3e7c
312f3e87
31303e90
31313ea2
31323eb4
31333ec6
31343ed8
31353eea
31363efc
31373f07
31383f10
31393f22
313a3f34
313b3f46
313c3f58
313d3f6a
313e3f7c
313f3f87
31403f90
31413fa2
31423fb4
31433fc6
31443fd8
31453fea
31463ffc
31474007
31484010
31494022
314a4034
314b4046
314c4058
314d406a
314e407c
314f4087
31504090
315140a2
315240b4
315340c6
315440d8
315540ea
315640fc
31574107
31584110
31594122
315a4134
315b4146
315c4158
315d416a
315e417c
315f4187
31604190
316141a2
316241b4
316341c6
316441d8
316541ea
316641fc
31674207
31684210
31694222
316a4234
316b4246
316c4258
316d426a
316e427c
316f4287
31704290
317142a2
317242b4
317342c6
317442d8
317542ea
317642fc
31774307
31784310
31794322
317a4334
317b4346
317c4358
317d436a
317e437c
317f4387
31800000
3181bba2
3182bbb4
3183bbc6
3184bbd8
3185bbea
3186bbfc
3187bc07
3188bc10
3189bc22
318abc34
318bbc46
318cbc58
318dbc6a
318ebc7c
318fbc87
3190bc90
3191bca2
3192bcb4
3193bcc6
3194bcd8
3195bcea
3196bcfc
3197bd07
3198bd10
3199bd22
319abd34
319bbd46
319cbd58
319dbd6a
319ebd7c
319fbd87
31a0bd90
31a1bda2
31a2bdb4
31a3bdc6
31a4bdd8
31a5bdea
31a6bdfc
31a7be07
31a8be10
31a9be22
31aabe34
31abbe46
31acbe58
31adbe6a
31aebe7c
31afbe87
31b0be90
31b1bea2
31b2beb4
31b3bec6
31b4bed8
31b5beea
31b6befc
31b7bf07
31b8bf10
31b9bf22
31babf34
31bbbf46
31bcbf58
31bdbf6a
31bebf7c
31bfbf87
31c0bf90
31c1bfa2
31c2bfb4
31c3bfc6
31c4bfd8
31c5bfea
31c6bffc
31c7c007
31c8c010
31c9c022
31cac034
31cbc046
31ccc058
31cdc06a
31cec07c
31cfc087
31d0c090
31d1c0a2
31d2c0b4
31d3c0c6
31d4c0d8
31d5c0ea
31d6c0fc
31d7c107
31d8c110
31d9c122
31dac134
31dbc146
31dcc158
31ddc16a
31dec17c
31dfc187
31e0c190
31e1c1a2
31e2c1b4
31e3c1c6
31e4c1d8
31e5c1ea
31e6c1fc
31e7c207
31e8c210
31e9c222
31eac234
31ebc246
31ecc258
31edc26a
31eec27c
31efc287
31f0c290
31f1c2a2
31f2c2b4
31f3c2c6
31f4c2d8
31f5c2ea
31f6c2fc
31f7c307
31f8c310
31f9c322
31fac334
31fbc346
31fcc358
31fdc36a
31fec37c
31ffc387
32000000
32013bb4
32023bc8
32033bdc
32043bf0
32053c02
32063c0c
32073c16
32083c20
32093c34
320a3c48
320b3c5c
320c3c70
320d3c82
320e3c8c
320f3c96
32103ca0
32113cb4
32123cc8
32133cdc
32143cf0
32153d02
32163d0c
32173d16
32183d20
32193d34
321a3d48
321b3d5c
321c3d70
321d3d82
321e3d8c
321f3d96
32203da0
32213db4
32223dc8
32233ddc
32243df0
32253e02
32263e0c
32273e16
32283e20
32293e34
322a3e48
322b3e5c
322c3e70
322d3e82
322e3e8c
322f3e96
32303ea0
32313eb4
32323ec8
32333edc
32343ef0
32353f02
32363f0c
32373f16
32383f20
32393f34
323a3f48
323b3f5c
323c3f70
323d3f82
323e3f8c
323f3f96
32403fa0
32413fb4
32423fc8
32433fdc
32443ff0
32454002
3246400c
32474016
32484020
32494034
324a4048
324b405c
324c4070
324d4082
324e408c
324f4096
325040a0
325140b4
325240c8
325340dc
325440f0
32554102
3256410c
32574116
32584120
32594134
325a4148
325b415c
325c4170
325d4182
325e418c
325f4196
326041a0
326141b4
326241c8
326341dc
326441f0
32654202
3266420c
32674216
32684220
32694234
326a4248
326b425c
326c4270
326d4282
326e428c
326f4296
327042a0
327142b4
327242c8
327342dc
327442f0
32754302
3276430c
32774316
32784320
32794334
327a4348
327b435c
327c4370
327d4382
327e438c
327f4396
32800000
3281bbb4
3282bbc8
3283bbdc
3284bbf0
3285bc02
3286bc0c
3287bc16
3288bc20
3289bc34
328abc48
328bbc5c
328cbc70
328dbc82
328ebc8c
328fbc96
3290bca0
3291bcb4
3292bcc8
3293bcdc
3294bcf0
3295bd02
3296bd0c
3297bd16
3298bd20
3299bd34
329abd48
329bbd5c
329cbd70
329dbd82
329ebd8c
329fbd96
32a0bda0
32a1bdb4
32a2bdc8
32a3bddc
32a4bdf0
32a5be02
32a6be0c
32a7be16
32a8be20
32a9be34
32aabe48
32abbe5c
32acbe70
32adbe82
32aebe8c
32afbe96
32b0bea0
32b1beb4
32b2bec8
32b3bedc
32b4bef0
32b5bf02
32b6bf0c
32b7bf16
32b8bf20
32b9bf34
32babf48
32bbbf5c
32bcbf70
32bdbf82
32bebf8c
32bfbf96
32c0bfa0
32c1bfb4
32c2bfc8
32c3bfdc
32c4bff0
32c5c002
32c6c00c
32c7c016
32c8c020
32c9c034
32cac048
32cbc05c
32ccc070
32cdc082
32cec08c
32cfc096
32d0c0a0
32d1c0b4
32d2c0c8
32d3c0dc
32d4c0f0
32d5c102
32d6c10c
32d7c116
32d8c120
32d9c134
32dac148
32dbc15c
32dcc170
32ddc182
32dec18c
32dfc196
32e0c1a0
32e1c1b4
32e2c1c8
32e3c1dc
32e4c1f0
32e5c202
32e6c20c
32e7c216
32e8c220
32e9c234
32eac248
32ebc25c
32ecc270
32edc282
32eec28c
32efc296
32f0c2a0
32f1c2b4
32f2c2c8
32f3c2dc
32f4c2f0
32f5c302
32f6c30c
32f7c316
32f8c320
32f9c334
32fac348
32fbc35c
32fcc370
32fdc382
32fec38c
32ffc396
33000000
33013bc6
33023bdc
33033bf2
33043c04
33053c0f
33063c1a
33073c25
33083c30
33093c46
330a3c5c
330b3c72
330c3c84
330d3c8f
330e3c9a
330f3ca5
33103cb0
33113cc6
33123cdc
33133cf2
33143d04
33153d0f
33163d1a
33173d25
33183d30
33193d46
331a3d5c
331b3d72
331c3d84
331d3d8f
331e3d9a
331f3da5
33203db0
33213dc6
33223ddc
33233df2
33243e04
33253e0f
33263e1a
33273e25
33283e30
33293e46
332a3e5c
332b3e72
332c3e84
332d3e8f
332e3e9a
332f3ea5
33303eb0
33313ec6
33323edc
33333ef2
33343f04
33353f0f
33363f1a
33373f25
33383f30
33393f46
333a3f5c
333b3f72
333c3f84
333d3f8f
333e3f9a
333f3fa5
33403fb0
33413fc6
33423fdc
33433ff2
33444004
3345400f
3346401a
33474025
33484030
33494046
334a405c
334b4072
334c4084
334d408f
334e409a
334f40a5
335040b0
335140c6
335240dc
335340f2
33544104
3355410f
3356411a
33574125
33584130
33594146
335a415c
335b4172
335c4184
335d418f
335e419a
335f41a5
336041b0
336141c6
336241dc
336341f2
33644204
3365420f
3366421a
33674225
33684230
33694246
336a425c
336b4272
336c4284
336d428f
336e429a
336f42a5
337042b0
337142c6
337242dc
337342f2
33744304
3375430f
3376431a
33774325
33784330
33794346
337a435c
337b4372
337c4384
337d438f
337e439a
337f43a5
33800000
3381bbc6
3382bbdc
3383bbf2
3384bc04
3385bc0f
3386bc1a
3387bc25
3388bc30
3389bc46
338abc5c
338bbc72
338cbc84
338dbc8f
338ebc9a
338fbca5
3390bcb0
3391bcc6
3392bcdc
3393bcf2
3394bd04
3395bd0f
3396bd1a
3397bd25
3398bd30
3399bd46
339abd5c
339bbd72
339cbd84
339dbd8f
339ebd9a
339fbda5
33a0bdb0
33a1bdc6
33a2bddc
33a3bdf2
33a4be04
33a5be0f
33a6be1a
33a7be25
33a8be30
33a9be46
33aabe5c
33abbe72
33acbe84
33adbe8f
33aebe9a
33afbea5
33b0beb0
33b1bec6
33b2bedc
33b3bef2
33b4bf04
33b5bf0f
33b6bf1a
33b7bf25
33b8bf30
33b9bf46
33babf5c
33bbbf72
33bcbf84
33bdbf8f
33bebf9a
33bfbfa5
33c0bfb0
33c1bfc6
33c2bfdc
33c3bff2
33c4c004
33c5c00f
33c6c01a
33c7c025
33c8c030
33c9c046
33cac05c
33cbc072
33ccc084
33cdc08f
33cec09a
33cfc0a5
33d0c0b0
33d1c0c6
33d2c0dc
33d3c0f2
33d4c104
33d5c10f
33d6c11a
33d7c125
33d8c130
33d9c146
33dac15c
33dbc172
33dcc184
33ddc18f
33dec19a
33dfc1a5
33e0c1b0
33e1c1c6
33e2c1dc
33e3c1f2
33e4c204
33e5c20f
33e6c21a
33e7c225
33e8c230
33e9c246
33eac25c
33ebc272
33ecc284
33edc28f
33eec29a
33efc2a5
33f0c2b0
33f1c2c6
33f2c2dc
33f3c2f2
33f4c304
33f5c30f
33f6c31a
33f7c325
33f8c330
33f9c346
33fac35c
33fbc372
33fcc384
33fdc38f
33fec39a
33ffc3a5
34000000
34013bd8
34023bf0
34033c04
34043c10
34053c1c
34063c28
34073c34
34083c40
34093c58
340a3c70
340b3c84
340c3c90
340d3c9c
340e3ca8
340f3cb4
34103cc0
34113cd8
34123cf0
34133d04
34143d10
34153d1c
34163d28
34173d34
34183d40
34193d58
341a3d70
341b3d84
341c3d90
341d3d9c
341e3da8
341f3db4
34203dc0
34213dd8
34223df0
34233e04
34243e10
34253e1c
34263e28
34273e34
34283e40
34293e58
342a3e70
342b3e84
342c3e90
342d3e9c
342e3ea8
342f3eb4
34303ec0
34313ed8
34323ef0
34333f04
34343f10
34353f1c
34363f28
34373f34
34383f40
34393f58
343a3f70
343b3f84
343c3f90
343d3f9c
343e3fa8
343f3fb4
34403fc0
34413fd8
34423ff0
34434004
34444010
3445401c
34464028
34474034
34484040
34494058
344a4070
344b4084
344c4090
344d409c
344e40a8
344f40b4
345040c0
345140d8
345240f0
34534104
34544110
3455411c
34564128
34574134
34584140
34594158
345a4170
345b4184
345c4190
345d419c
345e41a8
345f41b4
346041c0
346141d8
346241f0
34634204
34644210
3465421c
34664228
34674234
34684240
34694258
346a4270
346b4284
346c4290
346d429c
346e42a8
346f42b4
347042c0
347142d8
347242f0
34734304
34744310
3475431c
34764328
34774334
34784340
34794358
347a4370
347b4384
347c4390
347d439c
347e43a8
347f43b4
34800000
3481bbd8
3482bbf0
3483bc04
3484bc10
3485bc1c
3486bc28
3487bc34
3488bc40
3489bc58
348abc70
348bbc84
348cbc90
348dbc9c
348ebca8
348fbcb4
3490bcc0
3491bcd8
3492bcf0
3493bd04
3494bd10
3495bd1c
3496bd28
3497bd34
3498bd40
3499bd58
349abd70
349bbd84
349cbd90
349dbd9c
349ebda8
349fbdb4
34a0bdc0
34a1bdd8
34a2bdf0
34a3be04
34a4be10
34a5be1c
34a6be28
34a7be34
34a8be40
34a9be58
34aabe70
34abbe84
34acbe90
34adbe9c
34aebea8
34afbeb4
34b0bec0
34b1bed8
34b2bef0
34b3bf04
34b4bf10
34b5bf1c
34b6bf28
34b7bf34
34b8bf40
34b9bf58
34babf70
34bbbf84
34bcbf90
34bdbf9c
34bebfa8
34bfbfb4
34c0bfc0
34c1bfd8
34c2bff0
34c3c004
34c4c010
34c5c01c
34c6c028
34c7c034
34c8c040
34c9c058
34cac070
34cbc084
34ccc090
34cdc09c
34cec0a8
34cfc0b4
34d0c0c0
34d1c0d8
34d2c0f0
34d3c104
34d4c110
34d5c11c
34d6c128
34d7c134
34d8c140
34d9c158
34dac170
34dbc184
34dcc190
34ddc19c
34dec1a8
34dfc1b4
34e0c1c0
34e1c1d8
34e2c1f0
34e3c204
34e4c210
34e5c21c
34e6c228
34e7c234
34e8c240
34e9c258
34eac270
34ebc284
34ecc290
34edc29c
34eec2a8
34efc2b4
34f0c2c0
34f1c2d8
34f2c2f0
34f3c304
34f4c310
34f5c31c
34f6c328
34f7c334
34f8c340
34f9c358
34fac370
34fbc384
34fcc390
34fdc39c
34fec3a8
34ffc3b4
35000000
35013bea
35023c02
35033c0f
35043c1c
35053c29
35063c36
35073c43
35083c50
35093c6a
350a3c82
350b3c8f
350c3c9c
350d3ca9
350e3cb6
350f3cc3
35103cd0
35113cea
35123d02
35133d0f
35143d1c
35153d29
35163d36
35173d43
35183d50
35193d6a
351a3d82
351b3d8f
351c3d9c
351d3da9
351e3db6
351f3dc3
35203dd0
35213dea
35223e02
35233e0f
35243e1c
35253e29
35263e36
35273e43
35283e50
35293e6a
352a3e82
352b3e8f
352c3e9c
352d3ea9
352e3eb6
352f3ec3
35303ed0
35313eea
35323f02
35333f0f
35343f1c
35353f29
35363f36
35373f43
35383f50
35393f6a
353a3f82
353b3f8f
353c3f9c
353d3fa9
353e3fb6
353f3fc3
35403fd0
35413fea
35424002
3543400f
3544401c
35454029
35464036
35474043
35484050
3549406a
354a4082
354b408f
354c409c
354d40a9
354e40b6
354f40c3
355040d0
355140ea
35524102
3553410f
3554411c
35554129
35564136
35574143
35584150
3559416a
355a4182
355b418f
355c419c
355d41a9
355e41b6
355f41c3
356041d0
356141ea
35624202
3563420f
3564421c
35654229
35664236
35674243
35684250
3569426a
356a4282
356b428f
356c429c
356d42a9
356e42b6
356f42c3
357042d0
357142ea
35724302
3573430f
3574431c
35754329
35764336
35774343
35784350
3579436a
357a4382
357b438f
357c439c
357d43a9
357e43b6
357f43c3
35800000
3581bbea
3582bc02
3583bc0f
3584bc1c
3585bc29
3586bc36
3587bc43
3588bc50
3589bc6a
358abc82
358bbc8f
358cbc9c
358dbca9
358ebcb6
358fbcc3
3590bcd0
3591bcea
3592bd02
3593bd0f
3594bd1c
3595bd29
3596bd36
3597bd43
3598bd50
3599bd6a
359abd82
359bbd8f
359cbd9c
359dbda9
359ebdb6
359fbdc3
35a0bdd0
35a1bdea
35a2be02
35a3be0f
35a4be1c
35a5be29
35a6be36
35a7be43
35a8be50
35a9be6a
35aabe82
35abbe8f
35acbe9c
35adbea9
35aebeb6
35afbec3
35b0bed0
35b1beea
35b2bf02
35b3bf0f
35b4bf1c
35b5bf29
35b6bf36
35b7bf43
35b8bf50
35b9bf6a
35babf82
35bbbf8f
35bcbf9c
35bdbfa9
35bebfb6
35bfbfc3
35c0bfd0
35c1bfea
35c2c002
35c3c00f
35c4c01c
35c5c029
35c6c036
35c7c043
35c8c050
35c9c06a
35cac082
35cbc08f
35ccc09c
35cdc0a9
35cec0b6
35cfc0c3
35d0c0d0
35d1c0ea
35d2c102
35d3c10f
35d4c11c
35d5c129
35d6c136
35d7c143
35d8c150
35d9c16a
35dac182
35dbc18f
35dcc19c
35ddc1a9
35dec1b6
35dfc1c3
35e0c1d0
35e1c1ea
35e2c202
35e3c20f
35e4c21c
35e5c229
35e6c236
35e7c243
35e8c250
35e9c26a
35eac282
35ebc28f
35ecc29c
35edc2a9
35eec2b6
35efc2c3
35f0c2d0
35f1c2ea
35f2c302
35f3c30f
35f4c31c
35f5c329
35f6c336
35f7c343
35f8c350
35f9c36a
35fac382
35fbc38f
35fcc39c
35fdc3a9
35fec3b6
35ffc3c3
36000000
36013bfc
36023c0c
36033c1a
36043c28
36053c36
36063c44
36073c52
36083c60
36093c7c
360a3c8c
360b3c9a
360c3ca8
360d3cb6
360e3cc4
360f3cd2
36103ce0
36113cfc
36123d0c
36133d1a
36143d28
36153d36
36163d44
36173d52
36183d60
36193d7c
361a3d8c
361b3d9a
361c3da8
361d3db6
361e3dc4
361f3dd2
36203de0
36213dfc
36223e0c
36233e1a
36243e28
36253e36
36263e44
36273e52
36283e60
36293e7c
362a3e8c
362b3e9a
362c3ea8
362d3eb6
362e3ec4
362f3ed2
36303ee0
36313efc
36323f0c
36333f1a
36343f28
36353f36
36363f44
36373f52
36383f60
36393f7c
363a3f8c
363b3f9a
363c3fa8
363d3fb6
363e3fc4
363f3fd2
36403fe0
36413ffc
3642400c
3643401a
36444028
36454036
36464044
36474052
36484060
3649407c
364a408c
364b409a
364c40a8
364d40b6
364e40c4
364f40d2
365040e0
365140fc
3652410c
3653411a
36544128
36554136
36564144
36574152
36584160
3659417c
365a418c
365b419a
365c41a8
365d41b6
365e41c4
365f41d2
366041e0
366141fc
3662420c
3663421a
36644228
36654236
36664244
36674252
36684260
3669427c
366a428c
366b429a
366c42a8
366d42b6
366e42c4
366f42d2
367042e0
367142fc
3672430c
3673431a
36744328
36754336
36764344
36774352
36784360
3679437c
367a438c
367b439a
367c43a8
367d43b6
367e43c4
367f43d2
36800000
3681bbfc
3682bc0c
3683bc1a
3684bc28
3685bc36
3686bc44
3687bc52
3688bc60
3689bc7c
368abc8c
368bbc9a
368cbca8
368dbcb6
368ebcc4
368fbcd2
3690bce0
3691bcfc
3692bd0c
3693bd1a
3694bd28
3695bd36
3696bd44
3697bd52
3698bd60
3699bd7c
369abd8c
369bbd9a
369cbda8
369dbdb6
369ebdc4
369fbdd2
36a0bde0
36a1bdfc
36a2be0c
36a3be1a
36a4be28
36a5be36
36a6be44
36a7be52
36a8be60
36a9be7c
36aabe8c
36abbe9a
36acbea8
36adbeb6
36aebec4
36afbed2
36b0bee0
36b1befc
36b2bf0c
36b3bf1a
36b4bf28
36b5bf36
36b6bf44
36b7bf52
36b8bf60
36b9bf7c
36babf8c
36bbbf9a
36bcbfa8
36bdbfb6
36bebfc4
36bfbfd2
36c0bfe0
36c1bffc
36c2c00c
36c3c01a
36c4c028
36c5c036
36c6c044
36c7c052
36c8c060
36c9c07c
36cac08c
36cbc09a
36ccc0a8
36cdc0b6
36cec0c4
36cfc0d2
36d0c0e0
36d1c0fc
36d2c10c
36d3c11a
36d4c128
36d5c136
36d6c144
36d7c152
36d8c160
36d9c17c
36dac18c
36dbc19a
36dcc1a8
36ddc1b6
36dec1c4
36dfc1d2
36e0c1e0
36e1c1fc
36e2c20c
36e3c21a
36e4c228
36e5c236
36e6c244
36e7c252
36e8c260
36e9c27c
36eac28c
36ebc29a
36ecc2a8
36edc2b6
36eec2c4
36efc2d2
36f0c2e0
36f1c2fc
36f2c30c
36f3c31a
36f4c328
36f5c336
36f6c344
36f7c352
36f8c360
36f9c37c
36fac38c
36fbc39a
36fcc3a8
36fdc3b6
36fec3c4
36ffc3d2
37000000
37013c07
37023c16
37033c25
37043c34
37053c43
37063c52
37073c61
37083c70
37093c87
370a3c96
370b3ca5
370c3cb4
370d3cc3
370e3cd2
370f3ce1
37103cf0
37113d07
37123d16
37133d25
37143d34
37153d43
37163d52
37173d61
37183d70
37193d87
371a3d96
371b3da5
371c3db4
371d3dc3
371e3dd2
371f3de1
37203df0
37213e07
37223e16
37233e25
37243e34
37253e43
37263e52
37273e61
37283e70
37293e87
372a3e96
372b3ea5
372c3eb4
372d3ec3
372e3ed2
372f3ee1
37303ef0
37313f07
37323f16
37333f25
37343f34
37353f43
37363f52
37373f61
37383f70
37393f87
373a3f96
373b3fa5
373c3fb4
373d3fc3
373e3fd2
373f3fe1
37403ff0
37414007
37424016
37434025
37444034
37454043
37464052
37474061
37484070
37494087
374a4096
374b40a5
374c40b4
374d40c3
374e40d2
374f40e1
375040f0
37514107
37524116
37534125
37544134
37554143
37564152
37574161
37584170
37594187
375a4196
375b41a5
375c41b4
375d41c3
375e41d2
375f41e1
376041f0
37614207
37624216
37634225
37644234
37654243
37664252
37674261
37684270
37694287
376a4296
376b42a5
376c42b4
376d42c3
376e42d2
376f42e1
377042f0
37714307
37724316
37734325
37744334
37754343
37764352
37774361
37784370
37794387
377a4396
377b43a5
377c43b4
377d43c3
377e43d2
377f43e1
37800000
3781bc07
3782bc16
3783bc25
3784bc34
3785bc43
3786bc52
3787bc61
3788bc70
3789bc87
378abc96
378bbca5
378cbcb4
378dbcc3
378ebcd2
378fbce1
3790bcf0
3791bd07
3792bd16
3793bd25
3794bd34
3795bd43
3796bd52
3797bd61
3798bd70
3799bd87
379abd96
379bbda5
379cbdb4
379dbdc3
379ebdd2
379fbde1
37a0bdf0
37a1be07
37a2be16
37a3be25
37a4be34
37a5be43
37a6be52
37a7be61
37a8be70
37a9be87
37aabe96
37abbea5
37acbeb4
37adbec3
37aebed2
37afbee1
37b0bef0
37b1bf07
37b2bf16
37b3bf25
37b4bf34
37b5bf43
37b6bf52
37b7bf61
37b8bf70
37b9bf87
37babf96
37bbbfa5
37bcbfb4
37bdbfc3
37bebfd2
37bfbfe1
37c0bff0
37c1c007
37c2c016
37c3c025
37c4c034
37c5c043
37c6c052
37c7c061
37c8c070
37c9c087
37cac096
37cbc0a5
37ccc0b4
37cdc0c3
37cec0d2
37cfc0e1
37d0c0f0
37d1c107
37d2c116
37d3c125
37d4c134
37d5c143
37d6c152
37d7c161
37d8c170
37d9c187
37dac196
37dbc1a5
37dcc1b4
37ddc1c3
37dec1d2
37dfc1e1
37e0c1f0
37e1c207
37e2c216
37e3c225
37e4c234
37e5c243
37e6c252
37e7c261
37e8c270
37e9c287
37eac296
37ebc2a5
37ecc2b4
37edc2c3
37eec2d2
37efc2e1
37f0c2f0
37f1c307
37f2c316
37f3c325
37f4c334
37f5c343
37f6c352
37f7c361
37f8c370
37f9c387
37fac396
37fbc3a5
37fcc3b4
37fdc3c3
37fec3d2
37ffc3e1
38000000
38013c10
38023c20
38033c30
38043c40
38053c50
38063c60
38073c70
38083c80
38093c90
380a3ca0
380b3cb0
380c3cc0
380d3cd0
380e3ce0
380f3cf0
38103d00
38113d10
38123d20
38133d30
38143d40
38153d50
38163d60
38173d70
38183d80
38193d90
381a3da0
381b3db0
381c3dc0
381d3dd0
381e3de0
381f3df0
38203e00
38213e10
38223e20
38233e30
38243e40
38253e50
38263e60
38273e70
38283e80
38293e90
382a3ea0
382b3eb0
382c3ec0
382d3ed0
382e3ee0
382f3ef0
38303f00
38313f10
38323f20
38333f30
38343f40
38353f50
38363f60
38373f70
38383f80
38393f90
383a3fa0
383b3fb0
383c3fc0
383d3fd0
383e3fe0
383f3ff0
38404000
38414010
38424020
38434030
38444040
38454050
38464060
38474070
38484080
38494090
384a40a0
384b40b0
384c40c0
384d40d0
384e40e0
384f40f0
38504100
38514110
38524120
38534130
38544140
38554150
38564160
38574170
38584180
38594190
385a41a0
385b41b0
385c41c0
385d41d0
385e41e0
385f41f0
38604200
38614210
38624220
38634230
38644240
38654250
38664260
38674270
38684280
38694290
386a42a0
386b42b0
386c42c0
386d42d0
386e42e0
386f42f0
38704300
38714310
38724320
38734330
38744340
38754350
38764360
38774370
38784380
38794390
387a43a0
387b43b0
387c43c0
387d43d0
387e43e0
387f43f0
38800000
3881bc10
3882bc20
3883bc30
3884bc40
3885bc50
3886bc60
3887bc70
3888bc80
3889bc90
388abca0
388bbcb0
388cbcc0
388dbcd0
388ebce0
388fbcf0
3890bd00
3891bd10
3892bd20
3893bd30
3894bd40
3895bd50
3896bd60
3897bd70
3898bd80
3899bd90
389abda0
389bbdb0
389cbdc0
389dbdd0
389ebde0
389fbdf0
38a0be00
38a1be10
38a2be20
38a3be30
38a4be40
38a5be50
38a6be60
38a7be70
38a8be80
38a9be90
38aabea0
38abbeb0
38acbec0
38adbed0
38aebee0
38afbef0
38b0bf00
38b1bf10
38b2bf20
38b3bf30
38b4bf40
38b5bf50
38b6bf60
38b7bf70
38b8bf80
38b9bf90
38babfa0
38bbbfb0
38bcbfc0
38bdbfd0
38bebfe0
38bfbff0
38c0c000
38c1c010
38c2c020
38c3c030
38c4c040
38c5c050
38c6c060
38c7c070
38c8c080
38c9c090
38cac0a0
38cbc0b0
38ccc0c0
38cdc0d0
38cec0e0
38cfc0f0
38d0c100
38d1c110
38d2c120
38d3c130
38d4c140
38d5c150
38d6c160
38d7c170
38d8c180
38d9c190
38dac1a0
38dbc1b0
38dcc1c0
38ddc1d0
38dec1e0
38dfc1f0
38e0c200
38e1c210
38e2c220
38e3c230
38e4c240
38e5c250
38e6c260
38e7c270
38e8c280
38e9c290
38eac2a0
38ebc2b0
38ecc2c0
38edc2d0
38eec2e0
38efc2f0
38f0c300
38f1c310
38f2c320
38f3c330
38f4c340
38f5c350
38f6c360
38f7c370
38f8c380
38f9c390
38fac3a0
38fbc3b0
38fcc3c0
38fdc3d0
38fec3e0
38ffc3f0
39000000
39013c22
39023c34
39033c46
39043c58
39053c6a
39063c7c
39073c87
39083c90
39093ca2
390a3cb4
390b3cc6
390c3cd8
390d3cea
390e3cfc
390f3d07
39103d10
39113d22
39123d34
39133d46
39143d58
39153d6a
39163d7c
39173d87
39183d90
39193da2
391a3db4
391b3dc6
391c3dd8
391d3dea
391e3dfc
391f3e07
39203e10
39213e22
39223e34
39233e46
39243e58
39253e6a
39263e7c
39273e87
39283e90
39293ea2
392a3eb4
392b3ec6
392c3ed8
392d3eea
392e3efc
392f3f07
39303f10
39313f22
39323f34
39333f46
39343f58
39353f6a
39363f7c
39373f87
39383f90
39393fa2
393a3fb4
393b3fc6
393c3fd8
393d3fea
393e3ffc
393f4007
39404010
39414022
39424034
39434046
39444058
3945406a
3946407c
39474087
39484090
394940a2
394a40b4
394b40c6
394c40d8
394d40ea
394e40fc
394f4107
39504110
39514122
39524134
39534146
39544158
3955416a
3956417c
39574187
39584190
395941a2
395a41b4
395b41c6
395c41d8
395d41ea
395e41fc
395f4207
39604210
39614222
39624234
39634246
39644258
3965426a
3966427c
39674287
39684290
396942a2
396a42b4
396b42c6
396c42d8
396d42ea
396e42fc
396f4307
39704310
39714322
39724334
39734346
39744358
3975436a
3976437c
39774387
39784390
397943a2
397a43b4
397b43c6
397c43d8
397d43ea
397e43fc
397f4407
39800000
3981bc22
3982bc34
3983bc46
3984bc58
3985bc6a
3986bc7c
3987bc87
3988bc90
3989bca2
398abcb4
398bbcc6
398cbcd8
398dbcea
398ebcfc
398fbd07
3990bd10
3991bd22
3992bd34
3993bd46
3994bd58
3995bd6a
3996bd7c
3997bd87
3998bd90
3999bda2
399abdb4
399bbdc6
399cbdd8
399dbdea
399ebdfc
399fbe07
39a0be10
39a1be22
39a2be34
39a3be46
39a4be58
39a5be6a
39a6be7c
39a7be87
39a8be90
39a9bea2
39aabeb4
39abbec6
39acbed8
39adbeea
39aebefc
39afbf07
39b0bf10
39b1bf22
39b2bf34
39b3bf46
39b4bf58
39b5bf6a
39b6bf7c
39b7bf87
39b8bf90
39b9bfa2
39babfb4
39bbbfc6
39bcbfd8
39bdbfea
39bebffc
39bfc007
39c0c010
39c1c022
39c2c034
39c3c046
39c4c058
39c5c06a
39c6c07c
39c7c087
39c8c090
39c9c0a2
39cac0b4
39cbc0c6
39ccc0d8
39cdc0ea
39cec0fc
39cfc107
39d0c110
39d1c122
39d2c134
39d3c146
39d4c158
39d5c16a
39d6c17c
39d7c187
39d8c190
39d9c1a2
39dac1b4
39dbc1c6
39dcc1d8
39ddc1ea
39dec1fc
39dfc207
39e0c210
39e1c222
39e2c234
39e3c246
39e4c258
39e5c26a
39e6c27c
39e7c287
39e8c290
39e9c2a2
39eac2b4
39ebc2c6
39ecc2d8
39edc2ea
39eec2fc
39efc307
39f0c310
39f1c322
39f2c334
39f3c346
39f4c358
39f5c36a
39f6c37c
39f7c387
39f8c390
39f9c3a2
39fac3b4
39fbc3c6
39fcc3d8
39fdc3ea
39fec3fc
39ffc407
3a000000
3a013c34
3a023c48
3a033c5c
3a043c70
3a053c82
3a063c8c
3a073c96
3a083ca0
3a093cb4
3a0a3cc8
3a0b3cdc
3a0c3cf0
3a0d3d02
3a0e3d0c
3a0f3d16
3a103d20
3a113d34
3a123d48
3a133d5c
3a143d70
3a153d82
3a163d8c
3a173d96
3a183da0
3a193db4
3a1a3dc8
3a1b3ddc
3a1c3df0
3a1d3e02
3a1e3e0c
3a1f3e16
3a203e20
3a213e34
3a223e48
3a233e5c
3a243e70
3a253e82
3a263e8c
3a273e96
3a283ea0
3a293eb4
3a2a3ec8
3a2b3edc
3a2c3ef0
3a2d3f02
3a2e3f0c
3a2f3f16
3a303f20
3a313f34
3a323f48
3a333f5c
3a343f70
3a353f82
3a363f8c
3a373f96
3a383fa0
3a393fb4
3a3a3fc8
3a3b3fdc
3a3c3ff0
3a3d4002
3a3e400c
3a3f4016
3a404020
3a414034
3a424048
3a43405c
3a444070
3a454082
3a46408c
3a474096
3a4840a0
3a4940b4
3a4a40c8
3a4b40dc
3a4c40f0
3a4d4102
3a4e410c
3a4f4116
3a504120
3a514134
3a524148
3a53415c
3a544170
3a554182
3a56418c
3a574196
3a5841a0
3a5941b4
3a5a41c8
3a5b41dc
3a5c41f0
3a5d4202
3a5e420c
3a5f4216
3a604220
3a614234
3a624248
3a63425c
3a644270
3a654282
3a66428c
3a674296
3a6842a0
3a6942b4
3a6a42c8
3a6b42dc
3a6c42f0
3a6d4302
3a6e430c
3a6f4316
3a704320
3a714334
3a724348
3a73435c
3a744370
3a754382
3a76438c
3a774396
3a7843a0
3a7943b4
3a7a43c8
3a7b43dc
3a7c43f0
3a7d4402
3a7e440c
3a7f4416
3a800000
3a81bc34
3a82bc48
3a83bc5c
3a84bc70
3a85bc82
3a86bc8c
3a87bc96
3a88bca0
3a89bcb4
3a8abcc8
3a8bbcdc
3a8cbcf0
3a8dbd02
3a8ebd0c
3a8fbd16
3a90bd20
3a91bd34
3a92bd48
3a93bd5c
3a94bd70
3a95bd82
3a96bd8c
3a97bd96
3a98bda0
3a99bdb4
3a9abdc8
3a9bbddc
3a9cbdf0
3a9dbe02
3a9ebe0c
3a9fbe16
3aa0be20
3aa1be34
3aa2be48
3aa3be5c
3aa4be70
3aa5be82
3aa6be8c
3aa7be96
3aa8bea0
3aa9beb4
3aaabec8
3aabbedc
3aacbef0
3aadbf02
3aaebf0c
3aafbf16
3ab0bf20
3ab1bf34
3ab2bf48
3ab3bf5c
3ab4bf70
3ab5bf82
3ab6bf8c
3ab7bf96
3ab8bfa0
3ab9bfb4
3ababfc8
3abbbfdc
3abcbff0
3abdc002
3abec00c
3abfc016
3ac0c020
3ac1c034
3ac2c048
3ac3c05c
3ac4c070
3ac5c082
3ac6c08c
3ac7c096
3ac8c0a0
3ac9c0b4
3acac0c8
3acbc0dc
3accc0f0
3acdc102
3acec10c
3acfc116
3ad0c120
3ad1c134
3ad2c148
3ad3c15c
3ad4c170
3ad5c182
3ad6c18c
3ad7c196
3ad8c1a0
3ad9c1b4
3adac1c8
3adbc1dc
3adcc1f0
3addc202
3adec20c
3adfc216
3ae0c220
3ae1c234
3ae2c248
3ae3c25c
3ae4c270
3ae5c282
3ae6c28c
3ae7c296
3ae8c2a0
3ae9c2b4
3aeac2c8
3aebc2dc
3aecc2f0
3aedc302
3aeec30c
3aefc316
3af0c320
3af1c334
3af2c348
3af3c35c
3af4c370
3af5c382
3af6c38c
3af7c396
3af8c3a0
3af9c3b4
3afac3c8
3afbc3dc
3afcc3f0
3afdc402
3afec40c
3affc416
3b000000
3b013c46
3b023c5c
3b033c72
3b043c84
3b053c8f
3b063c9a
3b073ca5
3b083cb0
3b093cc6
3b0a3cdc
3b0b3cf2
3b0c3d04
3b0d3d0f
3b0e3d1a
3b0f3d25
3b103d30
3b113d46
3b123d5c
3b133d72
3b143d84
3b153d8f
3b163d9a
3b173da5
3b183db0
3b193dc6
3b1a3ddc
3b1b3df2
3b1c3e04
3b1d3e0f
3b1e3e1a
3b1f3e25
3b203e30
3b213e46
3b223e5c
3b233e72
3b243e84
3b253e8f
3b263e9a
3b273ea5
3b283eb0
3b293ec6
3b2a3edc
3b2b3ef2
3b2c3f04
3b2d3f0f
3b2e3f1a
3b2f3f25
3b303f30
3b313f46
3b323f5c
3b333f72
3b343f84
3b353f8f
3b363f9a
3b373fa5
3b383fb0
3b393fc6
3b3a3fdc
3b3b3ff2
3b3c4004
3b3d400f
3b3e401a
3b3f4025
3b404030
3b414046
3b42405c
3b434072
3b444084
3b45408f
3b46409a
3b4740a5
3b4840b0
3b4940c6
3b4a40dc
3b4b40f2
3b4c4104
3b4d410f
3b4e411a
3b4f4125
3b504130
3b514146
3b52415c
3b534172
3b544184
3b55418f
3b56419a
3b5741a5
3b5841b0
3b5941c6
3b5a41dc
3b5b41f2
3b5c4204
3b5d420f
3b5e421a
3b5f4225
3b604230
3b614246
3b62425c
3b634272
3b644284
3b65428f
3b66429a
3b6742a5
3b6842b0
3b6942c6
3b6a42dc
3b6b42f2
3b6c4304
3b6d430f
3b6e431a
3b6f4325
3b704330
3b714346
3b72435c
3b734372
3b744384
3b75438f
3b76439a
3b7743a5
3b7843b0
3b7943c6
3b7a43dc
3b7b43f2
3b7c4404
3b7d440f
3b7e441a
3b7f4425
3b800000
3b81bc46
3b82bc5c
3b83bc72
3b84bc84
3b85bc8f
3b86bc9a
3b87bca5
3b88bcb0
3b89bcc6
3b8abcdc
3b8bbcf2
3b8cbd04
3b8dbd0f
3b8ebd1a
3b8fbd25
3b90bd30
3b91bd46
3b92bd5c
3b93bd72
3b94bd84
3b95bd8f
3b96bd9a
3b97bda5
3b98bdb0
3b99bdc6
3b9abddc
3b9bbdf2
3b9cbe04
3b9dbe0f
3b9ebe1a
3b9fbe25
3ba0be30
3ba1be46
3ba2be5c
3ba3be72
3ba4be84
3ba5be8f
3ba6be9a
3ba7bea5
3ba8beb0
3ba9bec6
3baabedc
3babbef2
3bacbf04
3badbf0f
3baebf1a
3bafbf25
3bb0bf30
3bb1bf46
3bb2bf5c
3bb3bf72
3bb4bf84
3bb5bf8f
3bb6bf9a
3bb7bfa5
3bb8bfb0
3bb9bfc6
3bbabfdc
3bbbbff2
3bbcc004
3bbdc00f
3bbec01a
3bbfc025
3bc0c030
3bc1c046
3bc2c05c
3bc3c072
3bc4c084
3bc5c08f
3bc6c09a
3bc7c0a5
3bc8c0b0
3bc9c0c6
3bcac0dc
3bcbc0f2
3bccc104
3bcdc10f
3bcec11a
3bcfc125
3bd0c130
3bd1c146
3bd2c15c
3bd3c172
3bd4c184
3bd5c18f
3bd6c19a
3bd7c1a5
3bd8c1b0
3bd9c1c6
3bdac1dc
3bdbc1f2
3bdcc204
3bddc20f
3bdec21a
3bdfc225
3be0c230
3be1c246
3be2c25c
3be3c272
3be4c284
3be5c28f
3be6c29a
3be7c2a5
3be8c2b0
3be9c2c6
3beac2dc
3bebc2f2
3becc304
3bedc30f
3beec31a
3befc325
3bf0c330
3bf1c346
3bf2c35c
3bf3c372
3bf4c384
3bf5c38f
3bf6c39a
3bf7c3a5
3bf8c3b0
3bf9c3c6
3bfac3dc
3bfbc3f2
3bfcc404
3bfdc40f
3bfec41a
3bffc425
3c000000
3c013c58
3c023c70
3c033c84
3c043c90
3c053c9c
3c063ca8
3c073cb4
3c083cc0
3c093cd8
3c0a3cf0
3c0b3d04
3c0c3d10
3c0d3d1c
3c0e3d28
3c0f3d34
3c103d40
3c113d58
3c123d70
3c133d84
3c143d90
3c153d9c
3c163da8
3c173db4
3c183dc0
3c193dd8
3c1a3df0
3c1b3e04
3c1c3e10
3c1d3e1c
3c1e3e28
3c1f3e34
3c203e40
3c213e58
3c223e70
3c233e84
3c243e90
3c253e9c
3c263ea8
3c273eb4
3c283ec0
3c293ed8
3c2a3ef0
3c2b3f04
3c2c3f10
3c2d3f1c
3c2e3f28
3c2f3f34
3c303f40
3c313f58
3c323f70
3c333f84
3c343f90
3c353f9c
3c363fa8
3c373fb4
3c383fc0
3c393fd8
3c3a3ff0
3c3b4004
3c3c4010
3c3d401c
3c3e4028
3c3f4034
3c404040
3c414058
3c424070
3c434084
3c444090
3c45409c
3c4640a8
3c4740b4
3c4840c0
3c4940d8
3c4a40f0
3c4b4104
3c4c4110
3c4d411c
3c4e4128
3c4f4134
3c504140
3c514158
3c524170
3c534184
3c544190
3c55419c
3c5641a8
3c5741b4
3c5841c0
3c5941d8
3c5a41f0
3c5b4204
3c5c4210
3c5d421c
3c5e4228
3c5f4234
3c604240
3c614258
3c624270
3c634284
3c644290
3c65429c
3c6642a8
3c6742b4
3c6842c0
3c6942d8
3c6a42f0
3c6b4304
3c6c4310
3c6d431c
3c6e4328
3c6f4334
3c704340
3c714358
3c724370
3c734384
3c744390
3c75439c
3c7643a8
3c7743b4
3c7843c0
3c7943d8
3c7a43f0
3c7b4404
3c7c4410
3c7d441c
3c7e4428
3c7f4434
3c800000
3c81bc58
3c82bc70
3c83bc84
3c84bc90
3c85bc9c
3c86bca8
3c87bcb4
3c88bcc0
3c89bcd8
3c8abcf0
3c8bbd04
3c8cbd10
3c8dbd1c
3c8ebd28
3c8fbd34
3c90bd40
3c91bd58
3c92bd70
3c93bd84
3c94bd90
3c95bd9c
3c96bda8
3c97bdb4
3c98bdc0
3c99bdd8
3c9abdf0
3c9bbe04
3c9cbe10
3c9dbe1c
3c9ebe28
3c9fbe34
3ca0be40
3ca1be58
3ca2be70
3ca3be84
3ca4be90
3ca5be9c
3ca6bea8
3ca7beb4
3ca8bec0
3ca9bed8
3caabef0
3cabbf04
3cacbf10
3cadbf1c
3caebf28
3cafbf34
3cb0bf40
3cb1bf58
3cb2bf70
3cb3bf84
3cb4bf90
3cb5bf9c
3cb6bfa8
3cb7bfb4
3cb8bfc0
3cb9bfd8
3cbabff0
3cbbc004
3cbcc010
3cbdc01c
3cbec028
3cbfc034
3cc0c040
3cc1c058
3cc2c070
3cc3c084
3cc4c090
3cc5c09c
3cc6c0a8
3cc7c0b4
3cc8c0c0
3cc9c0d8
3ccac0f0
3ccbc104
3cccc110
3ccdc11c
3ccec128
3ccfc134
3cd0c140
3cd1c158
3cd2c170
3cd3c184
3cd4c190
3cd5c19c
3cd6c1a8
3cd7c1b4
3cd8c1c0
3cd9c1d8
3cdac1f0
3cdbc204
3cdcc210
3cddc21c
3cdec228
3cdfc234
3ce0c240
3ce1c258
3ce2c270
3ce3c284
3ce4c290
3ce5c29c
3ce6c2a8
3ce7c2b4
3ce8c2c0
3ce9c2d8
3ceac2f0
3cebc304
3cecc310
3cedc31c
3ceec328
3cefc334
3cf0c340
3cf1c358
3cf2c370
3cf3c384
3cf4c390
3cf5c39c
3cf6c3a8
3cf7c3b4
3cf8c3c0
3cf9c3d8
3cfac3f0
3cfbc404
3cfcc410
3cfdc41c
3cfec428
3cffc434
3d000000
3d013c6a
3d023c82
3d033c8f
3d043c9c
3d053ca9
3d063cb6
3d073cc3
3d083cd0
3d093cea
3d0a3d02
3d0b3d0f
3d0c3d1c
3d0d3d29
3d0e3d36
3d0f3d43
3d103d50
3d113d6a
3d123d82
3d133d8f
3d143d9c
3d153da9
3d163db6
3d173dc3
3d183dd0
3d193dea
3d1a3e02
3d1b3e0f
3d1c3e1c
3d1d3e29
3d1e3e36
3d1f3e43
3d203e50
3d213e6a
3d223e82
3d233e8f
3d243e9c
3d253ea9
3d263eb6
3d273ec3
3d283ed0
3d293eea
3d2a3f02
3d2b3f0f
3d2c3f1c
3d2d3f29
3d2e3f36
3d2f3f43
3d303f50
3d313f6a
3d323f82
3d333f8f
3d343f9c
3d353fa9
3d363fb6
3d373fc3
3d383fd0
3d393fea
3d3a4002
3d3b400f
3d3c401c
3d3d4029
3d3e4036
3d3f4043
3d404050
3d41406a
3d424082
3d43408f
3d44409c
3d4540a9
3d4640b6
3d4740c3
3d4840d0
3d4940ea
3d4a4102
3d4b410f
3d4c411c
3d4d4129
3d4e4136
3d4f4143
3d504150
3d51416a
3d524182
3d53418f
3d54419c
3d5541a9
3d5641b6
3d5741c3
3d5841d0
3d5941ea
3d5a4202
3d5b420f
3d5c421c
3d5d4229
3d5e4236
3d5f4243
3d604250
3d61426a
3d624282
3d63428f
3d64429c
3d6542a9
3d6642b6
3d6742c3
3d6842d0
3d6942ea
3d6a4302
3d6b430f
3d6c431c
3d6d4329
3d6e4336
3d6f4343
3d704350
3d71436a
3d724382
3d73438f
3d74439c
3d7543a9
3d7643b6
3d7743c3
3d7843d0
3d7943ea
3d7a4402
3d7b440f
3d7c441c
3d7d4429
3d7e4436
3d7f4443
3d800000
3d81bc6a
3d82bc82
3d83bc8f
3d84bc9c
3d85bca9
3d86bcb6
3d87bcc3
3d88bcd0
3d89bcea
3d8abd02
3d8bbd0f
3d8cbd1c
3d8dbd29
3d8ebd36
3d8fbd43
3d90bd50
3d91bd6a
3d92bd82
3d93bd8f
3d94bd9c
3d95bda9
3d96bdb6
3d97bdc3
3d98bdd0
3d99bdea
3d9abe02
3d9bbe0f
3d9cbe1c
3d9dbe29
3d9ebe36
3d9fbe43
3da0be50
3da1be6a
3da2be82
3da3be8f
3da4be9c
3da5bea9
3da6beb6
3da7bec3
3da8bed0
3da9beea
3daabf02
3dabbf0f
3dacbf1c
3dadbf29
3daebf36
3dafbf43
3db0bf50
3db1bf6a
3db2bf82
3db3bf8f
3db4bf9c
3db5bfa9
3db6bfb6
3db7bfc3
3db8bfd0
3db9bfea
3dbac002
3dbbc00f
3dbcc01c
3dbdc029
3dbec036
3dbfc043
3dc0c050
3dc1c06a
3dc2c082
3dc3c08f
3dc4c09c
3dc5c0a9
3dc6c0b6
3dc7c0c3
3dc8c0d0
3dc9c0ea
3dcac102
3dcbc10f
3dccc11c
3dcdc129
3dcec136
3dcfc143
3dd0c150
3dd1c16a
3dd2c182
3dd3c18f
3dd4c19c
3dd5c1a9
3dd6c1b6
3dd7c1c3
3dd8c1d0
3dd9c1ea
3ddac202
3ddbc20f
3ddcc21c
3dddc229
3ddec236
3ddfc243
3de0c250
3de1c26a
3de2c282
3de3c28f
3de4c29c
3de5c2a9
3de6c2b6
3de7c2c3
3de8c2d0
3de9c2ea
3deac302
3debc30f
3decc31c
3dedc329
3deec336
3defc343
3df0c350
3df1c36a
3df2c382
3df3c38f
3df4c39c
3df5c3a9
3df6c3b6
3df7c3c3
3df8c3d0
3df9c3ea
3dfac402
3dfbc40f
3dfcc41c
3dfdc429
3dfec436
3dffc443
3e000000
3e013c7c
3e023c8c
3e033c9a
3e043ca8
3e053cb6
3e063cc4
3e073cd2
3e083ce0
3e093cfc
3e0a3d0c
3e0b3d1a
3e0c3d28
3e0d3d36
3e0e3d44
3e0f3d52
3e103d60
3e113d7c
3e123d8c
3e133d9a
3e143da8
3e153db6
3e163dc4
3e173dd2
3e183de0
3e193dfc
3e1a3e0c
3e1b3e1a
3e1c3e28
3e1d3e36
3e1e3e44
3e1f3e52
3e203e60
3e213e7c
3e223e8c
3e233e9a
3e243ea8
3e253eb6
3e263ec4
3e273ed2
3e283ee0
3e293efc
3e2a3f0c
3e2b3f1a
3e2c3f28
3e2d3f36
3e2e3f44
3e2f3f52
3e303f60
3e313f7c
3e323f8c
3e333f9a
3e343fa8
3e353fb6
3e363fc4
3e373fd2
3e383fe0
3e393ffc
3e3a400c
3e3b401a
3e3c4028
3e3d4036
3e3e4044
3e3f4052
3e404060
3e41407c
3e42408c
3e43409a
3e4440a8
3e4540b6
3e4640c4
3e4740d2
3e4840e0
3e4940fc
3e4a410c
3e4b411a
3e4c4128
3e4d4136
3e4e4144
3e4f4152
3e504160
3e51417c
3e52418c
3e53419a
3e5441a8
3e5541b6
3e5641c4
3e5741d2
3e5841e0
3e5941fc
3e5a420c
3e5b421a
3e5c4228
3e5d4236
3e5e4244
3e5f4252
3e604260
3e61427c
3e62428c
3e63429a
3e6442a8
3e6542b6
3e6642c4
3e6742d2
3e6842e0
3e6942fc
3e6a430c
3e6b431a
3e6c4328
3e6d4336
3e6e4344
3e6f4352
3e704360
3e71437c
3e72438c
3e73439a
3e7443a8
3e7543b6
3e7643c4
3e7743d2
3e7843e0
3e7943fc
3e7a440c
3e7b441a
3e7c4428
3e7d4436
3e7e4444
3e7f4452
3e800000
3e81bc7c
3e82bc8c
3e83bc9a
3e84bca8
3e85bcb6
3e86bcc4
3e87bcd2
3e88bce0
3e89bcfc
3e8abd0c
3e8bbd1a
3e8cbd28
3e8dbd36
3e8ebd44
3e8fbd52
3e90bd60
3e91bd7c
3e92bd8c
3e93bd9a
3e94bda8
3e95bdb6
3e96bdc4
3e97bdd2
3e98bde0
3e99bdfc
3e9abe0c
3e9bbe1a
3e9cbe28
3e9dbe36
3e9ebe44
3e9fbe52
3ea0be60
3ea1be7c
3ea2be8c
3ea3be9a
3ea4bea8
3ea5beb6
3ea6bec4
3ea7bed2
3ea8bee0
3ea9befc
3eaabf0c
3eabbf1a
3eacbf28
3eadbf36
3eaebf44
3eafbf52
3eb0bf60
3eb1bf7c
3eb2bf8c
3eb3bf9a
3eb4bfa8
3eb5bfb6
3eb6bfc4
3eb7bfd2
3eb8bfe0
3eb9bffc
3ebac00c
3ebbc01a
3ebcc028
3ebdc036
3ebec044
3ebfc052
3ec0c060
3ec1c07c
3ec2c08c
3ec3c09a
3ec4c0a8
3ec5c0b6
3ec6c0c4
3ec7c0d2
3ec8c0e0
3ec9c0fc
3ecac10c
3ecbc11a
3eccc128
3ecdc136
3ecec144
3ecfc152
3ed0c160
3ed1c17c
3ed2c18c
3ed3c19a
3ed4c1a8
3ed5c1b6
3ed6c1c4
3ed7c1d2
3ed8c1e0
3ed9c1fc
3edac20c
3edbc21a
3edcc228
3eddc236
3edec244
3edfc252
3ee0c260
3ee1c27c
3ee2c28c
3ee3c29a
3ee4c2a8
3ee5c2b6
3ee6c2c4
3ee7c2d2
3ee8c2e0
3ee9c2fc
3eeac30c
3eebc31a
3eecc328
3eedc336
3eeec344
3eefc352
3ef0c360
3ef1c37c
3ef2c38c
3ef3c39a
3ef4c3a8
3ef5c3b6
3ef6c3c4
3ef7c3d2
3ef8c3e0
3ef9c3fc
3efac40c
3efbc41a
3efcc428
3efdc436
3efec444
3effc452
3f000000
3f013c87
3f023c96
3f033ca5
3f043cb4
3f053cc3
3f063cd2
3f073ce1
3f083cf0
3f093d07
3f0a3d16
3f0b3d25
3f0c3d34
3f0d3d43
3f0e3d52
3f0f3d61
3f103d70
3f113d87
3f123d96
3f133da5
3f143db4
3f153dc3
3f163dd2
3f173de1
3f183df0
3f193e07
3f1a3e16
3f1b3e25
3f1c3e34
3f1d3e43
3f1e3e52
3f1f3e61
3f203e70
3f213e87
3f223e96
3f233ea5
3f243eb4
3f253ec3
3f263ed2
3f273ee1
3f283ef0
3f293f07
3f2a3f16
3f2b3f25
3f2c3f34
3f2d3f43
3f2e3f52
3f2f3f61
3f303f70
3f313f87
3f323f96
3f333fa5
3f343fb4
3f353fc3
3f363fd2
3f373fe1
3f383ff0
3f394007
3f3a4016
3f3b4025
3f3c4034
3f3d4043
3f3e4052
3f3f4061
3f404070
3f414087
3f424096
3f4340a5
3f4440b4
3f4540c3
3f4640d2
3f4740e1
3f4840f0
3f494107
3f4a4116
3f4b4125
3f4c4134
3f4d4143
3f4e4152
3f4f4161
3f504170
3f514187
3f524196
3f5341a5
3f5441b4
3f5541c3
3f5641d2
3f5741e1
3f5841f0
3f594207
3f5a4216
3f5b4225
3f5c4234
3f5d4243
3f5e4252
3f5f4261
3f604270
3f614287
3f624296
3f6342a5
3f6442b4
3f6542c3
3f6642d2
3f6742e1
3f6842f0
3f694307
3f6a4316
3f6b4325
3f6c4334
3f6d4343
3f6e4352
3f6f4361
3f704370
3f714387
3f724396
3f7343a5
3f7443b4
3f7543c3
3f7643d2
3f7743e1
3f7843f0
3f794407
3f7a4416
3f7b4425
3f7c4434
3f7d4443
3f7e4452
3f7f4461
3f800000
3f81bc87
3f82bc96
3f83bca5
3f84bcb4
3f85bcc3
3f86bcd2
3f87bce1
3f88bcf0
3f89bd07
3f8abd16
3f8bbd25
3f8cbd34
3f8dbd43
3f8ebd52
3f8fbd61
3f90bd70
3f91bd87
3f92bd96
3f93bda5
3f94bdb4
3f95bdc3
3f96bdd2
3f97bde1
3f98bdf0
3f99be07
3f9abe16
3f9bbe25
3f9cbe34
3f9dbe43
3f9ebe52
3f9fbe61
3fa0be70
3fa1be87
3fa2be96
3fa3bea5
3fa4beb4
3fa5bec3
3fa6bed2
3fa7bee1
3fa8bef0
3fa9bf07
3faabf16
3fabbf25
3facbf34
3fadbf43
3faebf52
3fafbf61
3fb0bf70
3fb1bf87
3fb2bf96
3fb3bfa5
3fb4bfb4
3fb5bfc3
3fb6bfd2
3fb7bfe1
3fb8bff0
3fb9c007
3fbac016
3fbbc025
3fbcc034
3fbdc043
3fbec052
3fbfc061
3fc0c070
3fc1c087
3fc2c096
3fc3c0a5
3fc4c0b4
3fc5c0c3
3fc6c0d2
3fc7c0e1
3fc8c0f0
3fc9c107
3fcac116
3fcbc125
3fccc134
3fcdc143
3fcec152
3fcfc161
3fd0c170
3fd1c187
3fd2c196
3fd3c1a5
3fd4c1b4
3fd5c1c3
3fd6c1d2
3fd7c1e1
3fd8c1f0
3fd9c207
3fdac216
3fdbc225
3fdcc234
3fddc243
3fdec252
3fdfc261
3fe0c270
3fe1c287
3fe2c296
3fe3c2a5
3fe4c2b4
3fe5c2c3
3fe6c2d2
3fe7c2e1
3fe8c2f0
3fe9c307
3feac316
3febc325
3fecc334
3fedc343
3feec352
3fefc361
3ff0c370
3ff1c387
3ff2c396
3ff3c3a5
3ff4c3b4
3ff5c3c3
3ff6c3d2
3ff7c3e1
3ff8c3f0
3ff9c407
3ffac416
3ffbc425
3ffcc434
3ffdc443
3ffec452
3fffc461
40000000
40013c90
40023ca0
40033cb0
40043cc0
40053cd0
40063ce0
40073cf0
40083d00
40093d10
400a3d20
400b3d30
400c3d40
400d3d50
400e3d60
400f3d70
40103d80
40113d90
40123da0
40133db0
40143dc0
40153dd0
40163de0
40173df0
40183e00
40193e10
401a3e20
401b3e30
401c3e40
401d3e50
401e3e60
401f3e70
40203e80
40213e90
40223ea0
40233eb0
40243ec0
40253ed0
40263ee0
40273ef0
40283f00
40293f10
402a3f20
402b3f30
402c3f40
402d3f50
402e3f60
402f3f70
40303f80
40313f90
40323fa0
40333fb0
40343fc0
40353fd0
40363fe0
40373ff0
40384000
40394010
403a4020
403b4030
403c4040
403d4050
403e4060
403f4070
40404080
40414090
404240a0
404340b0
404440c0
404540d0
404640e0
404740f0
40484100
40494110
404a4120
404b4130
404c4140
404d4150
404e4160
404f4170
40504180
40514190
405241a0
405341b0
405441c0
405541d0
405641e0
405741f0
40584200
40594210
405a4220
405b4230
405c4240
405d4250
405e4260
405f4270
40604280
40614290
406242a0
406342b0
406442c0
406542d0
406642e0
406742f0
40684300
40694310
406a4320
406b4330
406c4340
406d4350
406e4360
406f4370
40704380
40714390
407243a0
407343b0
407443c0
407543d0
407643e0
407743f0
40784400
40794410
407a4420
407b4430
407c4440
407d4450
407e4460
407f4470
40800000
4081bc90
4082bca0
4083bcb0
4084bcc0
4085bcd0
4086bce0
4087bcf0
4088bd00
4089bd10
408abd20
408bbd30
408cbd40
408dbd50
408ebd60
408fbd70
4090bd80
4091bd90
4092bda0
4093bdb0
4094bdc0
4095bdd0
4096bde0
4097bdf0
4098be00
4099be10
409abe20
409bbe30
409cbe40
409dbe50
409ebe60
409fbe70
40a0be80
40a1be90
40a2bea0
40a3beb0
40a4bec0
40a5bed0
40a6bee0
40a7bef0
40a8bf00
40a9bf10
40aabf20
40abbf30
40acbf40
40adbf50
40aebf60
40afbf70
40b0bf80
40b1bf90
40b2bfa0
40b3bfb0
40b4bfc0
40b5bfd0
40b6bfe0
40b7bff0
40b8c000
40b9c010
40bac020
40bbc030
40bcc040
40bdc050
40bec060
40bfc070
40c0c080
40c1c090
40c2c0a0
40c3c0b0
40c4c0c0
40c5c0d0
40c6c0e0
40c7c0f0
40c8c100
40c9c110
40cac120
40cbc130
40ccc140
40cdc150
40cec160
40cfc170
40d0c180
40d1c190
40d2c1a0
40d3c1b0
40d4c1c0
40d5c1d0
40d6c1e0
40d7c1f0
40d8c200
40d9c210
40dac220
40dbc230
40dcc240
40ddc250
40dec260
40dfc270
40e0c280
40e1c290
40e2c2a0
40e3c2b0
40e4c2c0
40e5c2d0
40e6c2e0
40e7c2f0
40e8c300
40e9c310
40eac320
40ebc330
40ecc340
40edc350
40eec360
40efc370
40f0c380
40f1c390
40f2c3a0
40f3c3b0
40f4c3c0
40f5c3d0
40f6c3e0
40f7c3f0
40f8c400
40f9c410
40fac420
40fbc430
40fcc440
40fdc450
40fec460
40ffc470
41000000
41013ca2
41023cb4
41033cc6
41043cd8
41053cea
41063cfc
41073d07
41083d10
41093d22
410a3d34
410b3d46
410c3d58
410d3d6a
410e3d7c
410f3d87
41103d90
41113da2
41123db4
41133dc6
41143dd8
41153dea
41163dfc
41173e07
41183e10
41193e22
411a3e34
411b3e46
411c3e58
411d3e6a
411e3e7c
411f3e87
41203e90
41213ea2
41223eb4
41233ec6
41243ed8
41253eea
41263efc
41273f07
41283f10
41293f22
412a3f34
412b3f46
412c3f58
412d3f6a
412e3f7c
412f3f87
41303f90
41313fa2
41323fb4
41333fc6
41343fd8
41353fea
41363ffc
41374007
41384010
41394022
413a4034
413b4046
413c4058
413d406a
413e407c
413f4087
41404090
414140a2
414240b4
414340c6
414440d8
414540ea
414640fc
41474107
41484110
41494122
414a4134
414b4146
414c4158
414d416a
414e417c
414f4187
41504190
415141a2
415241b4
415341c6
415441d8
415541ea
415641fc
41574207
41584210
41594222
415a4234
415b4246
415c4258
415d426a
415e427c
415f4287
41604290
416142a2
416242b4
416342c6
416442d8
416542ea
416642fc
41674307
41684310
41694322
416a4334
416b4346
416c4358
416d436a
416e437c
416f4387
41704390
417143a2
417243b4
417343c6
417443d8
417543ea
417643fc
41774407
41784410
41794422
417a4434
417b4446
417c4458
417d446a
417e447c
417f4487
41800000
4181bca2
4182bcb4
4183bcc6
4184bcd8
4185bcea
4186bcfc
4187bd07
4188bd10
4189bd22
418abd34
418bbd46
418cbd58
418dbd6a
418ebd7c
418fbd87
4190bd90
4191bda2
4192bdb4
4193bdc6
4194bdd8
4195bdea
4196bdfc
4197be07
4198be10
4199be22
419abe34
419bbe46
419cbe58
419dbe6a
419ebe7c
419fbe87
41a0be90
41a1bea2
41a2beb4
41a3bec6
41a4bed8
41a5beea
41a6befc
41a7bf07
41a8bf10
41a9bf22
41aabf34
41abbf46
41acbf58
41adbf6a
41aebf7c
41afbf87
41b0bf90
41b1bfa2
41b2bfb4
41b3bfc6
41b4bfd8
41b5bfea
41b6bffc
41b7c007
41b8c010
41b9c022
41bac034
41bbc046
41bcc058
41bdc06a
41bec07c
41bfc087
41c0c090
41c1c0a2
41c2c0b4
41c3c0c6
41c4c0d8
41c5c0ea
41c6c0fc
41c7c107
41c8c110
41c9c122
41cac134
41cbc146
41ccc158
41cdc16a
41cec17c
41cfc187
41d0c190
41d1c1a2
41d2c1b4
41d3c1c6
41d4c1d8
41d5c1ea
41d6c1fc
41d7c207
41d8c210
41d9c222
41dac234
41dbc246
41dcc258
41ddc26a
41dec27c
41dfc287
41e0c290
41e1c2a2
41e2c2b4
41e3c2c6
41e4c2d8
41e5c2ea
41e6c2fc
41e7c307
41e8c310
41e9c322
41eac334
41ebc346
41ecc358
41edc36a
41eec37c
41efc387
41f0c390
41f1c3a2
41f2c3b4
41f3c3c6
41f4c3d8
41f5c3ea
41f6c3fc
41f7c407
41f8c410
41f9c422
41fac434
41fbc446
41fcc458
41fdc46a
41fec47c
41ffc487
42000000
42013cb4
42023cc8
42033cdc
42043cf0
42053d02
42063d0c
42073d16
42083d20
42093d34
420a3d48
420b3d5c
420c3d70
420d3d82
420e3d8c
420f3d96
42103da0
42113db4
42123dc8
42133ddc
42143df0
42153e02
42163e0c
42173e16
42183e20
42193e34
421a3e48
421b3e5c
421c3e70
421d3e82
421e3e8c
421f3e96
42203ea0
42213eb4
42223ec8
42233edc
42243ef0
42253f02
42263f0c
42273f16
42283f20
42293f34
422a3f48
422b3f5c
422c3f70
422d3f82
422e3f8c
422f3f96
42303fa0
42313fb4
42323fc8
42333fdc
42343ff0
42354002
4236400c
42374016
42384020
42394034
423a4048
423b405c
423c4070
423d4082
423e408c
423f4096
424040a0
424140b4
424240c8
424340dc
424440f0
42454102
4246410c
42474116
42484120
42494134
424a4148
424b415c
424c4170
424d4182
424e418c
424f4196
425041a0
425141b4
425241c8
425341dc
425441f0
42554202
4256420c
42574216
42584220
42594234
425a4248
425b425c
425c4270
425d4282
425e428c
425f4296
426042a0
426142b4
426242c8
426342dc
426442f0
42654302
4266430c
42674316
42684320
42694334
426a4348
426b435c
426c4370
426d4382
426e438c
426f4396
427043a0
427143b4
427243c8
427343dc
427443f0
42754402
4276440c
42774416
42784420
42794434
427a4448
427b445c
427c4470
427d4482
427e448c
427f4496
42800000
4281bcb4
4282bcc8
4283bcdc
4284bcf0
4285bd02
4286bd0c
4287bd16
4288bd20
4289bd34
428abd48
428bbd5c
428cbd70
428dbd82
428ebd8c
428fbd96
4290bda0
4291bdb4
4292bdc8
4293bddc
4294bdf0
4295be02
4296be0c
4297be16
4298be20
4299be34
429abe48
429bbe5c
429cbe70
429dbe82
429ebe8c
429fbe96
42a0bea0
42a1beb4
42a2bec8
42a3bedc
42a4bef0
42a5bf02
42a6bf0c
42a7bf16
42a8bf20
42a9bf34
42aabf48
42abbf5c
42acbf70
42adbf82
42aebf8c
42afbf96
42b0bfa0
42b1bfb4
42b2bfc8
42b3bfdc
42b4bff0
42b5c002
42b6c00c
42b7c016
42b8c020
42b9c034
42bac048
42bbc05c
42bcc070
42bdc082
42bec08c
42bfc096
42c0c0a0
42c1c0b4
42c2c0c8
42c3c0dc
42c4c0f0
42c5c102
42c6c10c
42c7c116
42c8c120
42c9c134
42cac148
42cbc15c
42ccc170
42cdc182
42cec18c
42cfc196
42d0c1a0
42d1c1b4
42d2c1c8
42d3c1dc
42d4c1f0
42d5c202
42d6c20c
42d7c216
42d8c220
42d9c234
42dac248
42dbc25c
42dcc270
42ddc282
42dec28c
42dfc296
42e0c2a0
42e1c2b4
42e2c2c8
42e3c2dc
42e4c2f0
42e5c302
42e6c30c
42e7c316
42e8c320
42e9c334
42eac348
42ebc35c
42ecc370
42edc382
42eec38c
42efc396
42f0c3a0
42f1c3b4
42f2c3c8
42f3c3dc
42f4c3f0
42f5c402
42f6c40c
42f7c416
42f8c420
42f9c434
42fac448
42fbc45c
42fcc470
42fdc482
42fec48c
42ffc496
43000000
43013cc6
43023cdc
43033cf2
43043d04
43053d0f
43063d1a
43073d25
43083d30
43093d46
430a3d5c
430b3d72
430c3d84
430d3d8f
430e3d9a
430f3da5
43103db0
43113dc6
43123ddc
43133df2
43143e04
43153e0f
43163e1a
43173e25
43183e30
43193e46
431a3e5c
431b3e72
431c3e84
431d3e8f
431e3e9a
431f3ea5
43203eb0
43213ec6
43223edc
43233ef2
43243f04
43253f0f
43263f1a
43273f25
43283f30
43293f46
432a3f5c
432b3f72
432c3f84
432d3f8f
432e3f9a
432f3fa5
43303fb0
43313fc6
43323fdc
43333ff2
43344004
4335400f
4336401a
43374025
43384030
43394046
433a405c
433b4072
433c4084
433d408f
433e409a
433f40a5
434040b0
434140c6
434240dc
434340f2
43444104
4345410f
4346411a
43474125
43484130
43494146
434a415c
434b4172
434c4184
434d418f
434e419a
434f41a5
435041b0
435141c6
435241dc
435341f2
43544204
4355420f
4356421a
43574225
43584230
43594246
435a425c
435b4272
435c4284
435d428f
435e429a
435f42a5
436042b0
436142c6
436242dc
436342f2
43644304
4365430f
4366431a
43674325
43684330
43694346
436a435c
436b4372
436c4384
436d438f
436e439a
436f43a5
437043b0
437143c6
437243dc
437343f2
43744404
4375440f
4376441a
43774425
43784430
43794446
437a445c
437b4472
437c4484
437d448f
437e449a
437f44a5
43800000
4381bcc6
4382bcdc
4383bcf2
4384bd04
4385bd0f
4386bd1a
4387bd25
4388bd30
4389bd46
438abd5c
438bbd72
438cbd84
438dbd8f
438ebd9a
438fbda5
4390bdb0
4391bdc6
4392bddc
4393bdf2
4394be04
4395be0f
4396be1a
4397be25
4398be30
4399be46
439abe5c
439bbe72
439cbe84
439dbe8f
439ebe9a
439fbea5
43a0beb0
43a1bec6
43a2bedc
43a3bef2
43a4bf04
43a5bf0f
43a6bf1a
43a7bf25
43a8bf30
43a9bf46
43aabf5c
43abbf72
43acbf84
43adbf8f
43aebf9a
43afbfa5
43b0bfb0
43b1bfc6
43b2bfdc
43b3bff2
43b4c004
43b5c00f
43b6c01a
43b7c025
43b8c030
43b9c046
43bac05c
43bbc072
43bcc084
43bdc08f
43bec09a
43bfc0a5
43c0c0b0
43c1c0c6
43c2c0dc
43c3c0f2
43c4c104
43c5c10f
43c6c11a
43c7c125
43c8c130
43c9c146
43cac15c
43cbc172
43ccc184
43cdc18f
43cec19a
43cfc1a5
43d0c1b0
43d1c1c6
43d2c1dc
43d3c1f2
43d4c204
43d5c20f
43d6c21a
43d7c225
43d8c230
43d9c246
43dac25c
43dbc272
43dcc284
43ddc28f
43dec29a
43dfc2a5
43e0c2b0
43e1c2c6
43e2c2dc
43e3c2f2
43e4c304
43e5c30f
43e6c31a
43e7c325
43e8c330
43e9c346
43eac35c
43ebc372
43ecc384
43edc38f
43eec39a
43efc3a5
43f0c3b0
43f1c3c6
43f2c3dc
43f3c3f2
43f4c404
43f5c40f
43f6c41a
43f7c425
43f8c430
43f9c446
43fac45c
43fbc472
43fcc484
43fdc48f
43fec49a
43ffc4a5
44000000
44013cd8
44023cf0
44033d04
44043d10
44053d1c
44063d28
44073d34
44083d40
44093d58
440a3d70
440b3d84
440c3d90
440d3d9c
440e3da8
440f3db4
44103dc0
44113dd8
44123df0
44133e04
44143e10
44153e1c
44163e28
44173e34
44183e40
44193e58
441a3e70
441b3e84
441c3e90
441d3e9c
441e3ea8
441f3eb4
44203ec0
44213ed8
44223ef0
44233f04
44243f10
44253f1c
44263f28
44273f34
44283f40
44293f58
442a3f70
442b3f84
442c3f90
442d3f9c
442e3fa8
442f3fb4
44303fc0
44313fd8
44323ff0
44334004
44344010
4435401c
44364028
44374034
44384040
44394058
443a4070
443b4084
443c4090
443d409c
443e40a8
443f40b4
444040c0
444140d8
444240f0
44434104
44444110
4445411c
44464128
44474134
44484140
44494158
444a4170
444b4184
444c4190
444d419c
444e41a8
444f41b4
445041c0
445141d8
445241f0
44534204
44544210
4455421c
44564228
44574234
44584240
44594258
445a4270
445b4284
445c4290
445d429c
445e42a8
445f42b4
446042c0
446142d8
446242f0
44634304
44644310
4465431c
44664328
44674334
44684340
44694358
446a4370
446b4384
446c4390
446d439c
446e43a8
446f43b4
447043c0
447143d8
447243f0
44734404
44744410
4475441c
44764428
44774434
44784440
44794458
447a4470
447b4484
447c4490
447d449c
447e44a8
447f44b4
44800000
4481bcd8
4482bcf0
4483bd04
4484bd10
4485bd1c
4486bd28
4487bd34
4488bd40
4489bd58
448abd70
448bbd84
448cbd90
448dbd9c
448ebda8
448fbdb4
4490bdc0
4491bdd8
4492bdf0
4493be04
4494be10
4495be1c
4496be28
4497be34
4498be40
4499be58
449abe70
449bbe84
449cbe90
449dbe9c
449ebea8
449fbeb4
44a0bec0
44a1bed8
44a2bef0
44a3bf04
44a4bf10
44a5bf1c
44a6bf28
44a7bf34
44a8bf40
44a9bf58
44aabf70
44abbf84
44acbf90
44adbf9c
44aebfa8
44afbfb4
44b0bfc0
44b1bfd8
44b2bff0
44b3c004
44b4c010
44b5c01c
44b6c028
44b7c034
44b8c040
44b9c058
44bac070
44bbc084
44bcc090
44bdc09c
44bec0a8
44bfc0b4
44c0c0c0
44c1c0d8
44c2c0f0
44c3c104
44c4c110
44c5c11c
44c6c128
44c7c134
44c8c140
44c9c158
44cac170
44cbc184
44ccc190
44cdc19c
44cec1a8
44cfc1b4
44d0c1c0
44d1c1d8
44d2c1f0
44d3c204
44d4c210
44d5c21c
44d6c228
44d7c234
44d8c240
44d9c258
44dac270
44dbc284
44dcc290
44ddc29c
44dec2a8
44dfc2b4
44e0c2c0
44e1c2d8
44e2c2f0
44e3c304
44e4c310
44e5c31c
44e6c328
44e7c334
44e8c340
44e9c358
44eac370
44ebc384
44ecc390
44edc39c
44eec3a8
44efc3b4
44f0c3c0
44f1c3d8
44f2c3f0
44f3c404
44f4c410
44f5c41c
44f6c428
44f7c434
44f8c440
44f9c458
44fac470
44fbc484
44fcc490
44fdc49c
44fec4a8
44ffc4b4
45000000
45013cea
45023d02
45033d0f
45043d1c
45053d29
45063d36
45073d43
45083d50
45093d6a
450a3d82
450b3d8f
450c3d9c
450d3da9
450e3db6
450f3dc3
45103dd0
45113dea
45123e02
45133e0f
45143e1c
45153e29
45163e36
45173e43
45183e50
45193e6a
451a3e82
451b3e8f
451c3e9c
451d3ea9
451e3eb6
451f3ec3
45203ed0
45213eea
45223f02
45233f0f
45243f1c
45253f29
45263f36
45273f43
45283f50
45293f6a
452a3f82
452b3f8f
452c3f9c
452d3fa9
452e3fb6
452f3fc3
45303fd0
45313fea
45324002
4533400f
4534401c
45354029
45364036
45374043
45384050
4539406a
453a4082
453b408f
453c409c
453d40a9
453e40b6
453f40c3
454040d0
454140ea
45424102
4543410f
4544411c
45454129
45464136
45474143
45484150
4549416a
454a4182
454b418f
454c419c
454d41a9
454e41b6
454f41c3
455041d0
455141ea
45524202
4553420f
4554421c
45554229
45564236
45574243
45584250
4559426a
455a4282
455b428f
455c429c
455d42a9
455e42b6
455f42c3
456042d0
456142ea
45624302
4563430f
4564431c
45654329
45664336
45674343
45684350
4569436a
456a4382
456b438f
456c439c
456d43a9
456e43b6
456f43c3
457043d0
457143ea
45724402
4573440f
4574441c
45754429
45764436
45774443
45784450
4579446a
457a4482
457b448f
457c449c
457d44a9
457e44b6
457f44c3
45800000
4581bcea
4582bd02
4583bd0f
4584bd1c
4585bd29
4586bd36
4587bd43
4588bd50
4589bd6a
458abd82
458bbd8f
458cbd9c
458dbda9
458ebdb6
458fbdc3
4590bdd0
4591bdea
4592be02
4593be0f
4594be1c
4595be29
4596be36
4597be43
4598be50
4599be6a
459abe82
459bbe8f
459cbe9c
459dbea9
459ebeb6
459fbec3
45a0bed0
45a1beea
45a2bf02
45a3bf0f
45a4bf1c
45a5bf29
45a6bf36
45a7bf43
45a8bf50
45a9bf6a
45aabf82
45abbf8f
45acbf9c
45adbfa9
45aebfb6
45afbfc3
45b0bfd0
45b1bfea
45b2c002
45b3c00f
45b4c01c
45b5c029
45b6c036
45b7c043
45b8c050
45b9c06a
45bac082
45bbc08f
45bcc09c
45bdc0a9
45bec0b6
45bfc0c3
45c0c0d0
45c1c0ea
45c2c102
45c3c10f
45c4c11c
45c5c129
45c6c136
45c7c143
45c8c150
45c9c16a
45cac182
45cbc18f
45ccc19c
45cdc1a9
45cec1b6
45cfc1c3
45d0c1d0
45d1c1ea
45d2c202
45d3c20f
45d4c21c
45d5c229
45d6c236
45d7c243
45d8c250
45d9c26a
45dac282
45dbc28f
45dcc29c
45ddc2a9
45dec2b6
45dfc2c3
45e0c2d0
45e1c2ea
45e2c302
45e3c30f
45e4c31c
45e5c329
45e6c336
45e7c343
45e8c350
45e9c36a
45eac382
45ebc38f
45ecc39c
45edc3a9
45eec3b6
45efc3c3
45f0c3d0
45f1c3ea
45f2c402
45f3c40f
45f4c41c
45f5c429
45f6c436
45f7c443
45f8c450
45f9c46a
45fac482
45fbc48f
45fcc49c
45fdc4a9
45fec4b6
45ffc4c3
46000000
46013cfc
46023d0c
46033d1a
46043d28
46053d36
46063d44
46073d52
46083d60
46093d7c
460a3d8c
460b3d9a
460c3da8
460d3db6
460e3dc4
460f3dd2
46103de0
46113dfc
46123e0c
46133e1a
46143e28
46153e36
46163e44
46173e52
46183e60
46193e7c
461a3e8c
461b3e9a
461c3ea8
461d3eb6
461e3ec4
461f3ed2
46203ee0
46213efc
46223f0c
46233f1a
46243f28
46253f36
46263f44
46273f52
46283f60
46293f7c
462a3f8c
462b3f9a
462c3fa8
462d3fb6
462e3fc4
462f3fd2
46303fe0
46313ffc
4632400c
4633401a
46344028
46354036
46364044
46374052
46384060
4639407c
463a408c
463b409a
463c40a8
463d40b6
463e40c4
463f40d2
464040e0
464140fc
4642410c
4643411a
46444128
46454136
46464144
46474152
46484160
4649417c
464a418c
464b419a
464c41a8
464d41b6
464e41c4
464f41d2
465041e0
465141fc
4652420c
4653421a
46544228
46554236
46564244
46574252
46584260
4659427c
465a428c
465b429a
465c42a8
465d42b6
465e42c4
465f42d2
466042e0
466142fc
4662430c
4663431a
46644328
46654336
46664344
46674352
46684360
4669437c
466a438c
466b439a
466c43a8
466d43b6
466e43c4
466f43d2
467043e0
467143fc
4672440c
4673441a
46744428
46754436
46764444
46774452
46784460
4679447c
467a448c
467b449a
467c44a8
467d44b6
467e44c4
467f44d2
46800000
4681bcfc
4682bd0c
4683bd1a
4684bd28
4685bd36
4686bd44
4687bd52
4688bd60
4689bd7c
468abd8c
468bbd9a
468cbda8
468dbdb6
468ebdc4
468fbdd2
4690bde0
4691bdfc
4692be0c
4693be1a
4694be28
4695be36
4696be44
4697be52
4698be60
4699be7c
469abe8c
469bbe9a
469cbea8
469dbeb6
469ebec4
469fbed2
46a0bee0
46a1befc
46a2bf0c
46a3bf1a
46a4bf28
46a5bf36
46a6bf44
46a7bf52
46a8bf60
46a9bf7c
46aabf8c
46abbf9a
46acbfa8
46adbfb6
46aebfc4
46afbfd2
46b0bfe0
46b1bffc
46b2c00c
46b3c01a
46b4c028
46b5c036
46b6c044
46b7c052
46b8c060
46b9c07c
46bac08c
46bbc09a
46bcc0a8
46bdc0b6
46bec0c4
46bfc0d2
46c0c0e0
46c1c0fc
46c2c10c
46c3c11a
46c4c128
46c5c136
46c6c144
46c7c152
46c8c160
46c9c17c
46cac18c
46cbc19a
46ccc1a8
46cdc1b6
46cec1c4
46cfc1d2
46d0c1e0
46d1c1fc
46d2c20c
46d3c21a
46d4c228
46d5c236
46d6c244
46d7c252
46d8c260
46d9c27c
46dac28c
46dbc29a
46dcc2a8
46ddc2b6
46dec2c4
46dfc2d2
46e0c2e0
46e1c2fc
46e2c30c
46e3c31a
46e4c328
46e5c336
46e6c344
46e7c352
46e8c360
46e9c37c
46eac38c
46ebc39a
46ecc3a8
46edc3b6
46eec3c4
46efc3d2
46f0c3e0
46f1c3fc
46f2c40c
46f3c41a
46f4c428
46f5c436
46f6c444
46f7c452
46f8c460
46f9c47c
46fac48c
46fbc49a
46fcc4a8
46fdc4b6
46fec4c4
46ffc4d2
47000000
47013d07
47023d16
47033d25
47043d34
47053d43
47063d52
47073d61
47083d70
47093d87
470a3d96
470b3da5
470c3db4
470d3dc3
470e3dd2
470f3de1
47103df0
47113e07
47123e16
47133e25
47143e34
47153e43
47163e52
47173e61
47183e70
47193e87
471a3e96
471b3ea5
471c3eb4
471d3ec3
471e3ed2
471f3ee1
47203ef0
47213f07
47223f16
47233f25
47243f34
47253f43
47263f52
47273f61
47283f70
47293f87
472a3f96
472b3fa5
472c3fb4
472d3fc3
472e3fd2
472f3fe1
47303ff0
47314007
47324016
47334025
47344034
47354043
47364052
47374061
47384070
47394087
473a4096
473b40a5
473c40b4
473d40c3
473e40d2
473f40e1
474040f0
47414107
47424116
47434125
47444134
47454143
47464152
47474161
47484170
47494187
474a4196
474b41a5
474c41b4
474d41c3
474e41d2
474f41e1
475041f0
47514207
47524216
47534225
47544234
47554243
47564252
47574261
47584270
47594287
475a4296
475b42a5
475c42b4
475d42c3
475e42d2
475f42e1
476042f0
47614307
47624316
47634325
47644334
47654343
47664352
47674361
47684370
47694387
476a4396
476b43a5
476c43b4
476d43c3
476e43d2
476f43e1
477043f0
47714407
47724416
47734425
47744434
47754443
47764452
47774461
47784470
47794487
477a4496
477b44a5
477c44b4
477d44c3
477e44d2
477f44e1
47800000
4781bd07
4782bd16
4783bd25
4784bd34
4785bd43
4786bd52
4787bd61
4788bd70
4789bd87
478abd96
478bbda5
478cbdb4
478dbdc3
478ebdd2
478fbde1
4790bdf0
4791be07
4792be16
4793be25
4794be34
4795be43
4796be52
4797be61
4798be70
4799be87
479abe96
479bbea5
479cbeb4
479dbec3
479ebed2
479fbee1
47a0bef0
47a1bf07
47a2bf16
47a3bf25
47a4bf34
47a5bf43
47a6bf52
47a7bf61
47a8bf70
47a9bf87
47aabf96
47abbfa5
47acbfb4
47adbfc3
47aebfd2
47afbfe1
47b0bff0
47b1c007
47b2c016
47b3c025
47b4c034
47b5c043
47b6c052
47b7c061
47b8c070
47b9c087
47bac096
47bbc0a5
47bcc0b4
47bdc0c3
47bec0d2
47bfc0e1
47c0c0f0
47c1c107
47c2c116
47c3c125
47c4c134
47c5c143
47c6c152
47c7c161
47c8c170
47c9c187
47cac196
47cbc1a5
47ccc1b4
47cdc1c3
47cec1d2
47cfc1e1
47d0c1f0
47d1c207
47d2c216
47d3c225
47d4c234
47d5c243
47d6c252
47d7c261
47d8c270
47d9c287
47dac296
47dbc2a5
47dcc2b4
47ddc2c3
47dec2d2
47dfc2e1
47e0c2f0
47e1c307
47e2c316
47e3c325
47e4c334
47e5c343
47e6c352
47e7c361
47e8c370
47e9c387
47eac396
47ebc3a5
47ecc3b4
47edc3c3
47eec3d2
47efc3e1
47f0c3f0
47f1c407
47f2c416
47f3c425
47f4c434
47f5c443
47f6c452
47f7c461
47f8c470
47f9c487
47fac496
47fbc4a5
47fcc4b4
47fdc4c3
47fec4d2
47ffc4e1
48000000
48013d10
48023d20
48033d30
48043d40
48053d50
48063d60
48073d70
48083d80
48093d90
480a3da0
480b3db0
480c3dc0
480d3dd0
480e3de0
480f3df0
48103e00
48113e10
48123e20
48133e30
48143e40
48153e50
48163e60
48173e70
48183e80
48193e90
481a3ea0
481b3eb0
481c3ec0
481d3ed0
481e3ee0
481f3ef0
48203f00
48213f10
48223f20
48233f30
48243f40
48253f50
48263f60
48273f70
48283f80
48293f90
482a3fa0
482b3fb0
482c3fc0
482d3fd0
482e3fe0
482f3ff0
48304000
48314010
48324020
48334030
48344040
48354050
48364060
48374070
48384080
48394090
483a40a0
483b40b0
483c40c0
483d40d0
483e40e0
483f40f0
48404100
48414110
48424120
48434130
48444140
48454150
48464160
48474170
48484180
48494190
484a41a0
484b41b0
484c41c0
484d41d0
484e41e0
484f41f0
48504200
48514210
48524220
48534230
48544240
48554250
48564260
48574270
48584280
48594290
485a42a0
485b42b0
485c42c0
485d42d0
485e42e0
485f42f0
48604300
48614310
48624320
48634330
48644340
48654350
48664360
48674370
48684380
48694390
486a43a0
486b43b0
486c43c0
486d43d0
486e43e0
486f43f0
48704400
48714410
48724420
48734430
48744440
48754450
48764460
48774470
48784480
48794490
487a44a0
487b44b0
487c44c0
487d44d0
487e44e0
487f44f0
48800000
4881bd10
4882bd20
4883bd30
4884bd40
4885bd50
4886bd60
4887bd70
4888bd80
4889bd90
488abda0
488bbdb0
488cbdc0
488dbdd0
488ebde0
488fbdf0
4890be00
4891be10
4892be20
4893be30
4894be40
4895be50
4896be60
4897be70
4898be80
4899be90
489abea0
489bbeb0
489cbec0
489dbed0
489ebee0
489fbef0
48a0bf00
48a1bf10
48a2bf20
48a3bf30
48a4bf40
48a5bf50
48a6bf60
48a7bf70
48a8bf80
48a9bf90
48aabfa0
48abbfb0
48acbfc0
48adbfd0
48aebfe0
48afbff0
48b0c000
48b1c010
48b2c020
48b3c030
48b4c040
48b5c050
48b6c060
48b7c070
48b8c080
48b9c090
48bac0a0
48bbc0b0
48bcc0c0
48bdc0d0
48bec0e0
48bfc0f0
48c0c100
48c1c110
48c2c120
48c3c130
48c4c140
48c5c150
48c6c160
48c7c170
48c8c180
48c9c190
48cac1a0
48cbc1b0
48ccc1c0
48cdc1d0
48cec1e0
48cfc1f0
48d0c200
48d1c210
48d2c220
48d3c230
48d4c240
48d5c250
48d6c260
48d7c270
48d8c280
48d9c290
48dac2a0
48dbc2b0
48dcc2c0
48ddc2d0
48dec2e0
48dfc2f0
48e0c300
48e1c310
48e2c320
48e3c330
48e4c340
48e5c350
48e6c360
48e7c370
48e8c380
48e9c390
48eac3a0
48ebc3b0
48ecc3c0
48edc3d0
48eec3e0
48efc3f0
48f0c400
48f1c410
48f2c420
48f3c430
48f4c440
48f5c450
48f6c460
48f7c470
48f8c480
48f9c490
48fac4a0
48fbc4b0
48fcc4c0
48fdc4d0
48fec4e0
48ffc4f0
49000000
49013d22
49023d34
49033d46
49043d58
49053d6a
49063d7c
49073d87
49083d90
49093da2
490a3db4
490b3dc6
490c3dd8
490d3dea
490e3dfc
490f3e07
49103e10
49113e22
49123e34
49133e46
49143e58
49153e6a
49163e7c
49173e87
49183e90
49193ea2
491a3eb4
491b3ec6
491c3ed8
491d3eea
491e3efc
491f3f07
49203f10
49213f22
49223f34
49233f46
49243f58
49253f6a
49263f7c
49273f87
49283f90
49293fa2
492a3fb4
492b3fc6
492c3fd8
492d3fea
492e3ffc
492f4007
49304010
49314022
49324034
49334046
49344058
4935406a
4936407c
49374087
49384090
493940a2
493a40b4
493b40c6
493c40d8
493d40ea
493e40fc
493f4107
49404110
49414122
49424134
49434146
49444158
4945416a
4946417c
49474187
49484190
494941a2
494a41b4
494b41c6
494c41d8
494d41ea
494e41fc
494f4207
49504210
49514222
49524234
49534246
49544258
4955426a
4956427c
49574287
49584290
495942a2
495a42b4
495b42c6
495c42d8
495d42ea
495e42fc
495f4307
49604310
49614322
49624334
49634346
49644358
4965436a
4966437c
49674387
49684390
496943a2
496a43b4
496b43c6
496c43d8
496d43ea
496e43fc
496f4407
49704410
49714422
49724434
49734446
49744458
4975446a
4976447c
49774487
49784490
497944a2
497a44b4
497b44c6
497c44d8
497d44ea
497e44fc
497f4507
49800000
4981bd22
4982bd34
4983bd46
4984bd58
4985bd6a
4986bd7c
4987bd87
4988bd90
4989bda2
498abdb4
498bbdc6
498cbdd8
498dbdea
498ebdfc
498fbe07
4990be10
4991be22
4992be34
4993be46
4994be58
4995be6a
4996be7c
4997be87
4998be90
4999bea2
499abeb4
499bbec6
499cbed8
499dbeea
499ebefc
499fbf07
49a0bf10
49a1bf22
49a2bf34
49a3bf46
49a4bf58
49a5bf6a
49a6bf7c
49a7bf87
49a8bf90
49a9bfa2
49aabfb4
49abbfc6
49acbfd8
49adbfea
49aebffc
49afc007
49b0c010
49b1c022
49b2c034
49b3c046
49b4c058
49b5c06a
49b6c07c
49b7c087
49b8c090
49b9c0a2
49bac0b4
49bbc0c6
49bcc0d8
49bdc0ea
49bec0fc
49bfc107
49c0c110
49c1c122
49c2c134
49c3c146
49c4c158
49c5c16a
49c6c17c
49c7c187
49c8c190
49c9c1a2
49cac1b4
49cbc1c6
49ccc1d8
49cdc1ea
49cec1fc
49cfc207
49d0c210
49d1c222
49d2c234
49d3c246
49d4c258
49d5c26a
49d6c27c
49d7c287
49d8c290
49d9c2a2
49dac2b4
49dbc2c6
49dcc2d8
49ddc2ea
49dec2fc
49dfc307
49e0c310
49e1c322
49e2c334
49e3c346
49e4c358
49e5c36a
49e6c37c
49e7c387
49e8c390
49e9c3a2
49eac3b4
49ebc3c6
49ecc3d8
49edc3ea
49eec3fc
49efc407
49f0c410
49f1c422
49f2c434
49f3c446
49f4c458
49f5c46a
49f6c47c
49f7c487
49f8c490
49f9c4a2
49fac4b4
49fbc4c6
49fcc4d8
49fdc4ea
49fec4fc
49ffc507
4a000000
4a013d34
4a023d48
4a033d5c
4a043d70
4a053d82
4a063d8c
4a073d96
4a083da0
4a093db4
4a0a3dc8
4a0b3ddc
4a0c3df0
4a0d3e02
4a0e3e0c
4a0f3e16
4a103e20
4a113e34
4a123e48
4a133e5c
4a143e70
4a153e82
4a163e8c
4a173e96
4a183ea0
4a193eb4
4a1a3ec8
4a1b3edc
4a1c3ef0
4a1d3f02
4a1e3f0c
4a1f3f16
4a203f20
4a213f34
4a223f48
4a233f5c
4a243f70
4a253f82
4a263f8c
4a273f96
4a283fa0
4a293fb4
4a2a3fc8
4a2b3fdc
4a2c3ff0
4a2d4002
4a2e400c
4a2f4016
4a304020
4a314034
4a324048
4a33405c
4a344070
4a354082
4a36408c
4a374096
4a3840a0
4a3940b4
4a3a40c8
4a3b40dc
4a3c40f0
4a3d4102
4a3e410c
4a3f4116
4a404120
4a414134
4a424148
4a43415c
4a444170
4a454182
4a46418c
4a474196
4a4841a0
4a4941b4
4a4a41c8
4a4b41dc
4a4c41f0
4a4d4202
4a4e420c
4a4f4216
4a504220
4a514234
4a524248
4a53425c
4a544270
4a554282
4a56428c
4a574296
4a5842a0
4a5942b4
4a5a42c8
4a5b42dc
4a5c42f0
4a5d4302
4a5e430c
4a5f4316
4a604320
4a614334
4a624348
4a63435c
4a644370
4a654382
4a66438c
4a674396
4a6843a0
4a6943b4
4a6a43c8
4a6b43dc
4a6c43f0
4a6d4402
4a6e440c
4a6f4416
4a704420
4a714434
4a724448
4a73445c
4a744470
4a754482
4a76448c
4a774496
4a7844a0
4a7944b4
4a7a44c8
4a7b44dc
4a7c44f0
4a7d4502
4a7e450c
4a7f4516
4a800000
4a81bd34
4a82bd48
4a83bd5c
4a84bd70
4a85bd82
4a86bd8c
4a87bd96
4a88bda0
4a89bdb4
4a8abdc8
4a8bbddc
4a8cbdf0
4a8dbe02
4a8ebe0c
4a8fbe16
4a90be20
4a91be34
4a92be48
4a93be5c
4a94be70
4a95be82
4a96be8c
4a97be96
4a98bea0
4a99beb4
4a9abec8
4a9bbedc
4a9cbef0
4a9dbf02
4a9ebf0c
4a9fbf16
4aa0bf20
4aa1bf34
4aa2bf48
4aa3bf5c
4aa4bf70
4aa5bf82
4aa6bf8c
4aa7bf96
4aa8bfa0
4aa9bfb4
4aaabfc8
4aabbfdc
4aacbff0
4aadc002
4aaec00c
4aafc016
4ab0c020
4ab1c034
4ab2c048
4ab3c05c
4ab4c070
4ab5c082
4ab6c08c
4ab7c096
4ab8c0a0
4ab9c0b4
4abac0c8
4abbc0dc
4abcc0f0
4abdc102
4abec10c
4abfc116
4ac0c120
4ac1c134
4ac2c148
4ac3c15c
4ac4c170
4ac5c182
4ac6c18c
4ac7c196
4ac8c1a0
4ac9c1b4
4acac1c8
4acbc1dc
4accc1f0
4acdc202
4acec20c
4acfc216
4ad0c220
4ad1c234
4ad2c248
4ad3c25c
4ad4c270
4ad5c282
4ad6c28c
4ad7c296
4ad8c2a0
4ad9c2b4
4adac2c8
4adbc2dc
4adcc2f0
4addc302
4adec30c
4adfc316
4ae0c320
4ae1c334
4ae2c348
4ae3c35c
4ae4c370
4ae5c382
4ae6c38c
4ae7c396
4ae8c3a0
4ae9c3b4
4aeac3c8
4aebc3dc
4aecc3f0
4aedc402
4aeec40c
4aefc416
4af0c420
4af1c434
4af2c448
4af3c45c
4af4c470
4af5c482
4af6c48c
4af7c496
4af8c4a0
4af9c4b4
4afac4c8
4afbc4dc
4afcc4f0
4afdc502
4afec50c
4affc516
4b000000
4b013d46
4b023d5c
4b033d72
4b043d84
4b053d8f
4b063d9a
4b073da5
4b083db0
4b093dc6
4b0a3ddc
4b0b3df2
4b0c3e04
4b0d3e0f
4b0e3e1a
4b0f3e25
4b103e30
4b113e46
4b123e5c
4b133e72
4b143e84
4b153e8f
4b163e9a
4b173ea5
4b183eb0
4b193ec6
4b1a3edc
4b1b3ef2
4b1c3f04
4b1d3f0f
4b1e3f1a
4b1f3f25
4b203f30
4b213f46
4b223f5c
4b233f72
4b243f84
4b253f8f
4b263f9a
4b273fa5
4b283fb0
4b293fc6
4b2a3fdc
4b2b3ff2
4b2c4004
4b2d400f
4b2e401a
4b2f4025
4b304030
4b314046
4b32405c
4b334072
4b344084
4b35408f
4b36409a
4b3740a5
4b3840b0
4b3940c6
4b3a40dc
4b3b40f2
4b3c4104
4b3d410f
4b3e411a
4b3f4125
4b404130
4b414146
4b42415c
4b434172
4b444184
4b45418f
4b46419a
4b4741a5
4b4841b0
4b4941c6
4b4a41dc
4b4b41f2
4b4c4204
4b4d420f
4b4e421a
4b4f4225
4b504230
4b514246
4b52425c
4b534272
4b544284
4b55428f
4b56429a
4b5742a5
4b5842b0
4b5942c6
4b5a42dc
4b5b42f2
4b5c4304
4b5d430f
4b5e431a
4b5f4325
4b604330
4b614346
4b62435c
4b634372
4b644384
4b65438f
4b66439a
4b6743a5
4b6843b0
4b6943c6
4b6a43dc
4b6b43f2
4b6c4404
4b6d440f
4b6e441a
4b6f4425
4b704430
4b714446
4b72445c
4b734472
4b744484
4b75448f
4b76449a
4b7744a5
4b7844b0
4b7944c6
4b7a44dc
4b7b44f2
4b7c4504
4b7d450f
4b7e451a
4b7f4525
4b800000
4b81bd46
4b82bd5c
4b83bd72
4b84bd84
4b85bd8f
4b86bd9a
4b87bda5
4b88bdb0
4b89bdc6
4b8abddc
4b8bbdf2
4b8cbe04
4b8dbe0f
4b8ebe1a
4b8fbe25
4b90be30
4b91be46
4b92be5c
4b93be72
4b94be84
4b95be8f
4b96be9a
4b97bea5
4b98beb0
4b99bec6
4b9abedc
4b9bbef2
4b9cbf04
4b9dbf0f
4b9ebf1a
4b9fbf25
4ba0bf30
4ba1bf46
4ba2bf5c
4ba3bf72
4ba4bf84
4ba5bf8f
4ba6bf9a
4ba7bfa5
4ba8bfb0
4ba9bfc6
4baabfdc
4babbff2
4bacc004
4badc00f
4baec01a
4bafc025
4bb0c030
4bb1c046
4bb2c05c
4bb3c072
4bb4c084
4bb5c08f
4bb6c09a
4bb7c0a5
4bb8c0b0
4bb9c0c6
4bbac0dc
4bbbc0f2
4bbcc104
4bbdc10f
4bbec11a
4bbfc125
4bc0c130
4bc1c146
4bc2c15c
4bc3c172
4bc4c184
4bc5c18f
4bc6c19a
4bc7c1a5
4bc8c1b0
4bc9c1c6
4bcac1dc
4bcbc1f2
4bccc204
4bcdc20f
4bcec21a
4bcfc225
4bd0c230
4bd1c246
4bd2c25c
4bd3c272
4bd4c284
4bd5c28f
4bd6c29a
4bd7c2a5
4bd8c2b0
4bd9c2c6
4bdac2dc
4bdbc2f2
4bdcc304
4bddc30f
4bdec31a
4bdfc325
4be0c330
4be1c346
4be2c35c
4be3c372
4be4c384
4be5c38f
4be6c39a
4be7c3a5
4be8c3b0
4be9c3c6
4beac3dc
4bebc3f2
4becc404
4bedc40f
4beec41a
4befc425
4bf0c430
4bf1c446
4bf2c45c
4bf3c472
4bf4c484
4bf5c48f
4bf6c49a
4bf7c4a5
4bf8c4b0
4bf9c4c6
4bfac4dc
4bfbc4f2
4bfcc504
4bfdc50f
4bfec51a
4bffc525
4c000000
4c013d58
4c023d70
4c033d84
4c043d90
4c053d9c
4c063da8
4c073db4
4c083dc0
4c093dd8
4c0a3df0
4c0b3e04
4c0c3e10
4c0d3e1c
4c0e3e28
4c0f3e34
4c103e40
4c113e58
4c123e70
4c133e84
4c143e90
4c153e9c
4c163ea8
4c173eb4
4c183ec0
4c193ed8
4c1a3ef0
4c1b3f04
4c1c3f10
4c1d3f1c
4c1e3f28
4c1f3f34
4c203f40
4c213f58
4c223f70
4c233f84
4c243f90
4c253f9c
4c263fa8
4c273fb4
4c283fc0
4c293fd8
4c2a3ff0
4c2b4004
4c2c4010
4c2d401c
4c2e4028
4c2f4034
4c304040
4c314058
4c324070
4c334084
4c344090
4c35409c
4c3640a8
4c3740b4
4c3840c0
4c3940d8
4c3a40f0
4c3b4104
4c3c4110
4c3d411c
4c3e4128
4c3f4134
4c404140
4c414158
4c424170
4c434184
4c444190
4c45419c
4c4641a8
4c4741b4
4c4841c0
4c4941d8
4c4a41f0
4c4b4204
4c4c4210
4c4d421c
4c4e4228
4c4f4234
4c504240
4c514258
4c524270
4c534284
4c544290
4c55429c
4c5642a8
4c5742b4
4c5842c0
4c5942d8
4c5a42f0
4c5b4304
4c5c4310
4c5d431c
4c5e4328
4c5f4334
4c604340
4c614358
4c624370
4c634384
4c644390
4c65439c
4c6643a8
4c6743b4
4c6843c0
4c6943d8
4c6a43f0
4c6b4404
4c6c4410
4c6d441c
4c6e4428
4c6f4434
4c704440
4c714458
4c724470
4c734484
4c744490
4c75449c
4c7644a8
4c7744b4
4c7844c0
4c7944d8
4c7a44f0
4c7b4504
4c7c4510
4c7d451c
4c7e4528
4c7f4534
4c800000
4c81bd58
4c82bd70
4c83bd84
4c84bd90
4c85bd9c
4c86bda8
4c87bdb4
4c88bdc0
4c89bdd8
4c8abdf0
4c8bbe04
4c8cbe10
4c8dbe1c
4c8ebe28
4c8fbe34
4c90be40
4c91be58
4c92be70
4c93be84
4c94be90
4c95be9c
4c96bea8
4c97beb4
4c98bec0
4c99bed8
4c9abef0
4c9bbf04
4c9cbf10
4c9dbf1c
4c9ebf28
4c9fbf34
4ca0bf40
4ca1bf58
4ca2bf70
4ca3bf84
4ca4bf90
4ca5bf9c
4ca6bfa8
4ca7bfb4
4ca8bfc0
4ca9bfd8
4caabff0
4cabc004
4cacc010
4cadc01c
4caec028
4cafc034
4cb0c040
4cb1c058
4cb2c070
4cb3c084
4cb4c090
4cb5c09c
4cb6c0a8
4cb7c0b4
4cb8c0c0
4cb9c0d8
4cbac0f0
4cbbc104
4cbcc110
4cbdc11c
4cbec128
4cbfc134
4cc0c140
4cc1c158
4cc2c170
4cc3c184
4cc4c190
4cc5c19c
4cc6c1a8
4cc7c1b4
4cc8c1c0
4cc9c1d8
4ccac1f0
4ccbc204
4cccc210
4ccdc21c
4ccec228
4ccfc234
4cd0c240
4cd1c258
4cd2c270
4cd3c284
4cd4c290
4cd5c29c
4cd6c2a8
4cd7c2b4
4cd8c2c0
4cd9c2d8
4cdac2f0
4cdbc304
4cdcc310
4cddc31c
4cdec328
4cdfc334
4ce0c340
4ce1c358
4ce2c370
4ce3c384
4ce4c390
4ce5c39c
4ce6c3a8
4ce7c3b4
4ce8c3c0
4ce9c3d8
4ceac3f0
4cebc404
4cecc410
4cedc41c
4ceec428
4cefc434
4cf0c440
4cf1c458
4cf2c470
4cf3c484
4cf4c490
4cf5c49c
4cf6c4a8
4cf7c4b4
4cf8c4c0
4cf9c4d8
4cfac4f0
4cfbc504
4cfcc510
4cfdc51c
4cfec528
4cffc534
4d000000
4d013d6a
4d023d82
4d033d8f
4d043d9c
4d053da9
4d063db6
4d073dc3
4d083dd0
4d093dea
4d0a3e02
4d0b3e0f
4d0c3e1c
4d0d3e29
4d0e3e36
4d0f3e43
4d103e50
4d113e6a
4d123e82
4d133e8f
4d143e9c
4d153ea9
4d163eb6
4d173ec3
4d183ed0
4d193eea
4d1a3f02
4d1b3f0f
4d1c3f1c
4d1d3f29
4d1e3f36
4d1f3f43
4d203f50
4d213f6a
4d223f82
4d233f8f
4d243f9c
4d253fa9
4d263fb6
4d273fc3
4d283fd0
4d293fea
4d2a4002
4d2b400f
4d2c401c
4d2d4029
4d2e4036
4d2f4043
4d304050
4d31406a
4d324082
4d33408f
4d34409c
4d3540a9
4d3640b6
4d3740c3
4d3840d0
4d3940ea
4d3a4102
4d3b410f
4d3c411c
4d3d4129
4d3e4136
4d3f4143
4d404150
4d41416a
4d424182
4d43418f
4d44419c
4d4541a9
4d4641b6
4d4741c3
4d4841d0
4d4941ea
4d4a4202
4d4b420f
4d4c421c
4d4d4229
4d4e4236
4d4f4243
4d504250
4d51426a
4d524282
4d53428f
4d54429c
4d5542a9
4d5642b6
4d5742c3
4d5842d0
4d5942ea
4d5a4302
4d5b430f
4d5c431c
4d5d4329
4d5e4336
4d5f4343
4d604350
4d61436a
4d624382
4d63438f
4d64439c
4d6543a9
4d6643b6
4d6743c3
4d6843d0
4d6943ea
4d6a4402
4d6b440f
4d6c441c
4d6d4429
4d6e4436
4d6f4443
4d704450
4d71446a
4d724482
4d73448f
4d74449c
4d7544a9
4d7644b6
4d7744c3
4d7844d0
4d7944ea
4d7a4502
4d7b450f
4d7c451c
4d7d4529
4d7e4536
4d7f4543
4d800000
4d81bd6a
4d82bd82
4d83bd8f
4d84bd9c
4d85bda9
4d86bdb6
4d87bdc3
4d88bdd0
4d89bdea
4d8abe02
4d8bbe0f
4d8cbe1c
4d8dbe29
4d8ebe36
4d8fbe43
4d90be50
4d91be6a
4d92be82
4d93be8f
4d94be9c
4d95bea9
4d96beb6
4d97bec3
4d98bed0
4d99beea
4d9abf02
4d9bbf0f
4d9cbf1c
4d9dbf29
4d9ebf36
4d9fbf43
4da0bf50
4da1bf6a
4da2bf82
4da3bf8f
4da4bf9c
4da5bfa9
4da6bfb6
4da7bfc3
4da8bfd0
4da9bfea
4daac002
4dabc00f
4dacc01c
4dadc029
4daec036
4dafc043
4db0c050
4db1c06a
4db2c082
4db3c08f
4db4c09c
4db5c0a9
4db6c0b6
4db7c0c3
4db8c0d0
4db9c0ea
4dbac102
4dbbc10f
4dbcc11c
4dbdc129
4dbec136
4dbfc143
4dc0c150
4dc1c16a
4dc2c182
4dc3c18f
4dc4c19c
4dc5c1a9
4dc6c1b6
4dc7c1c3
4dc8c1d0
4dc9c1ea
4dcac202
4dcbc20f
4dccc21c
4dcdc229
4dcec236
4dcfc243
4dd0c250
4dd1c26a
4dd2c282
4dd3c28f
4dd4c29c
4dd5c2a9
4dd6c2b6
4dd7c2c3
4dd8c2d0
4dd9c2ea
4ddac302
4ddbc30f
4ddcc31c
4dddc329
4ddec336
4ddfc343
4de0c350
4de1c36a
4de2c382
4de3c38f
4de4c39c
4de5c3a9
4de6c3b6
4de7c3c3
4de8c3d0
4de9c3ea
4deac402
4debc40f
4decc41c
4dedc429
4deec436
4defc443
4df0c450
4df1c46a
4df2c482
4df3c48f
4df4c49c
4df5c4a9
4df6c4b6
4df7c4c3
4df8c4d0
4df9c4ea
4dfac502
4dfbc50f
4dfcc51c
4dfdc529
4dfec536
4dffc543
4e000000
4e013d7c
4e023d8c
4e033d9a
4e043da8
4e053db6
4e063dc4
4e073dd2
4e083de0
4e093dfc
4e0a3e0c
4e0b3e1a
4e0c3e28
4e0d3e36
4e0e3e44
4e0f3e52
4e103e60
4e113e7c
4e123e8c
4e133e9a
4e143ea8
4e153eb6
4e163ec4
4e173ed2
4e183ee0
4e193efc
4e1a3f0c
4e1b3f1a
4e1c3f28
4e1d3f36
4e1e3f44
4e1f3f52
4e203f60
4e213f7c
4e223f8c
4e233f9a
4e243fa8
4e253fb6
4e263fc4
4e273fd2
4e283fe0
4e293ffc
4e2a400c
4e2b401a
4e2c4028
4e2d4036
4e2e4044
4e2f4052
4e304060
4e31407c
4e32408c
4e33409a
4e3440a8
4e3540b6
4e3640c4
4e3740d2
4e3840e0
4e3940fc
4e3a410c
4e3b411a
4e3c4128
4e3d4136
4e3e4144
4e3f4152
4e404160
4e41417c
4e42418c
4e43419a
4e4441a8
4e4541b6
4e4641c4
4e4741d2
4e4841e0
4e4941fc
4e4a420c
4e4b421a
4e4c4228
4e4d4236
4e4e4244
4e4f4252
4e504260
4e51427c
4e52428c
4e53429a
4e5442a8
4e5542b6
4e5642c4
4e5742d2
4e5842e0
4e5942fc
4e5a430c
4e5b431a
4e5c4328
4e5d4336
4e5e4344
4e5f4352
4e604360
4e61437c
4e62438c
4e63439a
4e6443a8
4e6543b6
4e6643c4
4e6743d2
4e6843e0
4e6943fc
4e6a440c
4e6b441a
4e6c4428
4e6d4436
4e6e4444
4e6f4452
4e704460
4e71447c
4e72448c
4e73449a
4e7444a8
4e7544b6
4e7644c4
4e7744d2
4e7844e0
4e7944fc
4e7a450c
4e7b451a
4e7c4528
4e7d4536
4e7e4544
4e7f4552
4e800000
4e81bd7c
4e82bd8c
4e83bd9a
4e84bda8
4e85bdb6
4e86bdc4
4e87bdd2
4e88bde0
4e89bdfc
4e8abe0c
4e8bbe1a
4e8cbe28
4e8dbe36
4e8ebe44
4e8fbe52
4e90be60
4e91be7c
4e92be8c
4e93be9a
4e94bea8
4e95beb6
4e96bec4
4e97bed2
4e98bee0
4e99befc
4e9abf0c
4e9bbf1a
4e9cbf28
4e9dbf36
4e9ebf44
4e9fbf52
4ea0bf60
4ea1bf7c
4ea2bf8c
4ea3bf9a
4ea4bfa8
4ea5bfb6
4ea6bfc4
4ea7bfd2
4ea8bfe0
4ea9bffc
4eaac00c
4eabc01a
4eacc028
4eadc036
4eaec044
4eafc052
4eb0c060
4eb1c07c
4eb2c08c
4eb3c09a
4eb4c0a8
4eb5c0b6
4eb6c0c4
4eb7c0d2
4eb8c0e0
4eb9c0fc
4ebac10c
4ebbc11a
4ebcc128
4ebdc136
4ebec144
4ebfc152
4ec0c160
4ec1c17c
4ec2c18c
4ec3c19a
4ec4c1a8
4ec5c1b6
4ec6c1c4
4ec7c1d2
4ec8c1e0
4ec9c1fc
4ecac20c
4ecbc21a
4eccc228
4ecdc236
4ecec244
4ecfc252
4ed0c260
4ed1c27c
4ed2c28c
4ed3c29a
4ed4c2a8
4ed5c2b6
4ed6c2c4
4ed7c2d2
4ed8c2e0
4ed9c2fc
4edac30c
4edbc31a
4edcc328
4eddc336
4edec344
4edfc352
4ee0c360
4ee1c37c
4ee2c38c
4ee3c39a
4ee4c3a8
4ee5c3b6
4ee6c3c4
4ee7c3d2
4ee8c3e0
4ee9c3fc
4eeac40c
4eebc41a
4eecc428
4eedc436
4eeec444
4eefc452
4ef0c460
4ef1c47c
4ef2c48c
4ef3c49a
4ef4c4a8
4ef5c4b6
4ef6c4c4
4ef7c4d2
4ef8c4e0
4ef9c4fc
4efac50c
4efbc51a
4efcc528
4efdc536
4efec544
4effc552
4f000000
4f013d87
4f023d96
4f033da5
4f043db4
4f053dc3
4f063dd2
4f073de1
4f083df0
4f093e07
4f0a3e16
4f0b3e25
4f0c3e34
4f0d3e43
4f0e3e52
4f0f3e61
4f103e70
4f113e87
4f123e96
4f133ea5
4f143eb4
4f153ec3
4f163ed2
4f173ee1
4f183ef0
4f193f07
4f1a3f16
4f1b3f25
4f1c3f34
4f1d3f43
4f1e3f52
4f1f3f61
4f203f70
4f213f87
4f223f96
4f233fa5
4f243fb4
4f253fc3
4f263fd2
4f273fe1
4f283ff0
4f294007
4f2a4016
4f2b4025
4f2c4034
4f2d4043
4f2e4052
4f2f4061
4f304070
4f314087
4f324096
4f3340a5
4f3440b4
4f3540c3
4f3640d2
4f3740e1
4f3840f0
4f394107
4f3a4116
4f3b4125
4f3c4134
4f3d4143
4f3e4152
4f3f4161
4f404170
4f414187
4f424196
4f4341a5
4f4441b4
4f4541c3
4f4641d2
4f4741e1
4f4841f0
4f494207
4f4a4216
4f4b4225
4f4c4234
4f4d4243
4f4e4252
4f4f4261
4f504270
4f514287
4f524296
4f5342a5
4f5442b4
4f5542c3
4f5642d2
4f5742e1
4f5842f0
4f594307
4f5a4316
4f5b4325
4f5c4334
4f5d4343
4f5e4352
4f5f4361
4f604370
4f614387
4f624396
4f6343a5
4f6443b4
4f6543c3
4f6643d2
4f6743e1
4f6843f0
4f694407
4f6a4416
4f6b4425
4f6c4434
4f6d4443
4f6e4452
4f6f4461
4f704470
4f714487
4f724496
4f7344a5
4f7444b4
4f7544c3
4f7644d2
4f7744e1
4f7844f0
4f794507
4f7a4516
4f7b4525
4f7c4534
4f7d4543
4f7e4552
4f7f4561
4f800000
4f81bd87
4f82bd96
4f83bda5
4f84bdb4
4f85bdc3
4f86bdd2
4f87bde1
4f88bdf0
4f89be07
4f8abe16
4f8bbe25
4f8cbe34
4f8dbe43
4f8ebe52
4f8fbe61
4f90be70
4f91be87
4f92be96
4f93bea5
4f94beb4
4f95bec3
4f96bed2
4f97bee1
4f98bef0
4f99bf07
4f9abf16
4f9bbf25
4f9cbf34
4f9dbf43
4f9ebf52
4f9fbf61
4fa0bf70
4fa1bf87
4fa2bf96
4fa3bfa5
4fa4bfb4
4fa5bfc3
4fa6bfd2
4fa7bfe1
4fa8bff0
4fa9c007
4faac016
4fabc025
4facc034
4fadc043
4faec052
4fafc061
4fb0c070
4fb1c087
4fb2c096
4fb3c0a5
4fb4c0b4
4fb5c0c3
4fb6c0d2
4fb7c0e1
4fb8c0f0
4fb9c107
4fbac116
4fbbc125
4fbcc134
4fbdc143
4fbec152
4fbfc161
4fc0c170
4fc1c187
4fc2c196
4fc3c1a5
4fc4c1b4
4fc5c1c3
4fc6c1d2
4fc7c1e1
4fc8c1f0
4fc9c207
4fcac216
4fcbc225
4fccc234
4fcdc243
4fcec252
4fcfc261
4fd0c270
4fd1c287
4fd2c296
4fd3c2a5
4fd4c2b4
4fd5c2c3
4fd6c2d2
4fd7c2e1
4fd8c2f0
4fd9c307
4fdac316
4fdbc325
4fdcc334
4fddc343
4fdec352
4fdfc361
4fe0c370
4fe1c387
4fe2c396
4fe3c3a5
4fe4c3b4
4fe5c3c3
4fe6c3d2
4fe7c3e1
4fe8c3f0
4fe9c407
4feac416
4febc425
4fecc434
4fedc443
4feec452
4fefc461
4ff0c470
4ff1c487
4ff2c496
4ff3c4a5
4ff4c4b4
4ff5c4c3
4ff6c4d2
4ff7c4e1
4ff8c4f0
4ff9c507
4ffac516
4ffbc525
4ffcc534
4ffdc543
4ffec552
4fffc561
50000000
50013d90
50023da0
50033db0
50043dc0
50053dd0
50063de0
50073df0
50083e00
50093e10
500a3e20
500b3e30
500c3e40
500d3e50
500e3e60
500f3e70
50103e80
50113e90
50123ea0
50133eb0
50143ec0
50153ed0
50163ee0
50173ef0
50183f00
50193f10
501a3f20
501b3f30
501c3f40
501d3f50
501e3f60
501f3f70
50203f80
50213f90
50223fa0
50233fb0
50243fc0
50253fd0
50263fe0
50273ff0
50284000
50294010
502a4020
502b4030
502c4040
502d4050
502e4060
502f4070
50304080
50314090
503240a0
503340b0
503440c0
503540d0
503640e0
503740f0
50384100
50394110
503a4120
503b4130
503c4140
503d4150
503e4160
503f4170
50404180
50414190
504241a0
504341b0
504441c0
504541d0
504641e0
504741f0
50484200
50494210
504a4220
504b4230
504c4240
504d4250
504e4260
504f4270
50504280
50514290
505242a0
505342b0
505442c0
505542d0
505642e0
505742f0
50584300
50594310
505a4320
505b4330
505c4340
505d4350
505e4360
505f4370
50604380
50614390
506243a0
506343b0
506443c0
506543d0
506643e0
506743f0
50684400
50694410
506a4420
506b4430
506c4440
506d4450
506e4460
506f4470
50704480
50714490
507244a0
507344b0
507444c0
507544d0
507644e0
507744f0
50784500
50794510
507a4520
507b4530
507c4540
507d4550
507e4560
507f4570
50800000
5081bd90
5082bda0
5083bdb0
5084bdc0
5085bdd0
5086bde0
5087bdf0
5088be00
5089be10
508abe20
508bbe30
508cbe40
508dbe50
508ebe60
508fbe70
5090be80
5091be90
5092bea0
5093beb0
5094bec0
5095bed0
5096bee0
5097bef0
5098bf00
5099bf10
509abf20
509bbf30
509cbf40
509dbf50
509ebf60
509fbf70
50a0bf80
50a1bf90
50a2bfa0
50a3bfb0
50a4bfc0
50a5bfd0
50a6bfe0
50a7bff0
50a8c000
50a9c010
50aac020
50abc030
50acc040
50adc050
50aec060
50afc070
50b0c080
50b1c090
50b2c0a0
50b3c0b0
50b4c0c0
50b5c0d0
50b6c0e0
50b7c0f0
50b8c100
50b9c110
50bac120
50bbc130
50bcc140
50bdc150
50bec160
50bfc170
50c0c180
50c1c190
50c2c1a0
50c3c1b0
50c4c1c0
50c5c1d0
50c6c1e0
50c7c1f0
50c8c200
50c9c210
50cac220
50cbc230
50ccc240
50cdc250
50cec260
50cfc270
50d0c280
50d1c290
50d2c2a0
50d3c2b0
50d4c2c0
50d5c2d0
50d6c2e0
50d7c2f0
50d8c300
50d9c310
50dac320
50dbc330
50dcc340
50ddc350
50dec360
50dfc370
50e0c380
50e1c390
50e2c3a0
50e3c3b0
50e4c3c0
50e5c3d0
50e6c3e0
50e7c3f0
50e8c400
50e9c410
50eac420
50ebc430
50ecc440
50edc450
50eec460
50efc470
50f0c480
50f1c490
50f2c4a0
50f3c4b0
50f4c4c0
50f5c4d0
50f6c4e0
50f7c4f0
50f8c500
50f9c510
50fac520
50fbc530
50fcc540
50fdc550
50fec560
50ffc570
51000000
51013da2
51023db4
51033dc6
51043dd8
51053dea
51063dfc
51073e07
51083e10
51093e22
510a3e34
510b3e46
510c3e58
510d3e6a
510e3e7c
510f3e87
51103e90
51113ea2
51123eb4
51133ec6
51143ed8
51153eea
51163efc
51173f07
51183f10
51193f22
511a3f34
511b3f46
511c3f58
511d3f6a
511e3f7c
511f3f87
51203f90
51213fa2
51223fb4
51233fc6
51243fd8
51253fea
51263ffc
51274007
51284010
51294022
512a4034
512b4046
512c4058
512d406a
512e407c
512f4087
51304090
513140a2
513240b4
513340c6
513440d8
513540ea
513640fc
51374107
51384110
51394122
513a4134
513b4146
513c4158
513d416a
513e417c
513f4187
51404190
514141a2
514241b4
514341c6
514441d8
514541ea
514641fc
51474207
51484210
51494222
514a4234
514b4246
514c4258
514d426a
514e427c
514f4287
51504290
515142a2
515242b4
515342c6
515442d8
515542ea
515642fc
51574307
51584310
51594322
515a4334
515b4346
515c4358
515d436a
515e437c
515f4387
51604390
516143a2
516243b4
516343c6
516443d8
516543ea
516643fc
51674407
51684410
51694422
516a4434
516b4446
516c4458
516d446a
516e447c
516f4487
51704490
517144a2
517244b4
517344c6
517444d8
517544ea
517644fc
51774507
51784510
51794522
517a4534
517b4546
517c4558
517d456a
517e457c
517f4587
51800000
5181bda2
5182bdb4
5183bdc6
5184bdd8
5185bdea
5186bdfc
5187be07
5188be10
5189be22
518abe34
518bbe46
518cbe58
518dbe6a
518ebe7c
518fbe87
5190be90
5191bea2
5192beb4
5193bec6
5194bed8
5195beea
5196befc
5197bf07
5198bf10
5199bf22
519abf34
519bbf46
519cbf58
519dbf6a
519ebf7c
519fbf87
51a0bf90
51a1bfa2
51a2bfb4
51a3bfc6
51a4bfd8
51a5bfea
51a6bffc
51a7c007
51a8c010
51a9c022
51aac034
51abc046
51acc058
51adc06a
51aec07c
51afc087
51b0c090
51b1c0a2
51b2c0b4
51b3c0c6
51b4c0d8
51b5c0ea
51b6c0fc
51b7c107
51b8c110
51b9c122
51bac134
51bbc146
51bcc158
51bdc16a
51bec17c
51bfc187
51c0c190
51c1c1a2
51c2c1b4
51c3c1c6
51c4c1d8
51c5c1ea
51c6c1fc
51c7c207
51c8c210
51c9c222
51cac234
51cbc246
51ccc258
51cdc26a
51cec27c
51cfc287
51d0c290
51d1c2a2
51d2c2b4
51d3c2c6
51d4c2d8
51d5c2ea
51d6c2fc
51d7c307
51d8c310
51d9c322
51dac334
51dbc346
51dcc358
51ddc36a
51dec37c
51dfc387
51e0c390
51e1c3a2
51e2c3b4
51e3c3c6
51e4c3d8
51e5c3ea
51e6c3fc
51e7c407
51e8c410
51e9c422
51eac434
51ebc446
51ecc458
51edc46a
51eec47c
51efc487
51f0c490
51f1c4a2
51f2c4b4
51f3c4c6
51f4c4d8
51f5c4ea
51f6c4fc
51f7c507
51f8c510
51f9c522
51fac534
51fbc546
51fcc558
51fdc56a
51fec57c
51ffc587
52000000
52013db4
52023dc8
52033ddc
52043df0
52053e02
52063e0c
52073e16
52083e20
52093e34
520a3e48
520b3e5c
520c3e70
520d3e82
520e3e8c
520f3e96
52103ea0
52113eb4
52123ec8
52133edc
52143ef0
52153f02
52163f0c
52173f16
52183f20
52193f34
521a3f48
521b3f5c
521c3f70
521d3f82
521e3f8c
521f3f96
52203fa0
52213fb4
52223fc8
52233fdc
52243ff0
52254002
5226400c
52274016
52284020
52294034
522a4048
522b405c
522c4070
522d4082
522e408c
522f4096
523040a0
523140b4
523240c8
523340dc
523440f0
52354102
5236410c
52374116
52384120
52394134
523a4148
523b415c
523c4170
523d4182
523e418c
523f4196
524041a0
524141b4
524241c8
524341dc
524441f0
52454202
5246420c
52474216
52484220
52494234
524a4248
524b425c
524c4270
524d4282
524e428c
524f4296
525042a0
525142b4
525242c8
525342dc
525442f0
52554302
5256430c
52574316
52584320
52594334
525a4348
525b435c
525c4370
525d4382
525e438c
525f4396
526043a0
526143b4
526243c8
526343dc
526443f0
52654402
5266440c
52674416
52684420
52694434
526a4448
526b445c
526c4470
526d4482
526e448c
526f4496
527044a0
527144b4
527244c8
527344dc
527444f0
52754502
5276450c
52774516
52784520
52794534
527a4548
527b455c
527c4570
527d4582
527e458c
527f4596
52800000
5281bdb4
5282bdc8
5283bddc
5284bdf0
5285be02
5286be0c
5287be16
5288be20
5289be34
528abe48
528bbe5c
528cbe70
528dbe82
528ebe8c
528fbe96
5290bea0
5291beb4
5292bec8
5293bedc
5294bef0
5295bf02
5296bf0c
5297bf16
5298bf20
5299bf34
529abf48
529bbf5c
529cbf70
529dbf82
529ebf8c
529fbf96
52a0bfa0
52a1bfb4
52a2bfc8
52a3bfdc
52a4bff0
52a5c002
52a6c00c
52a7c016
52a8c020
52a9c034
52aac048
52abc05c
52acc070
52adc082
52aec08c
52afc096
52b0c0a0
52b1c0b4
52b2c0c8
52b3c0dc
52b4c0f0
52b5c102
52b6c10c
52b7c116
52b8c120
52b9c134
52bac148
52bbc15c
52bcc170
52bdc182
52bec18c
52bfc196
52c0c1a0
52c1c1b4
52c2c1c8
52c3c1dc
52c4c1f0
52c5c202
52c6c20c
52c7c216
52c8c220
52c9c234
52cac248
52cbc25c
52ccc270
52cdc282
52cec28c
52cfc296
52d0c2a0
52d1c2b4
52d2c2c8
52d3c2dc
52d4c2f0
52d5c302
52d6c30c
52d7c316
52d8c320
52d9c334
52dac348
52dbc35c
52dcc370
52ddc382
52dec38c
52dfc396
52e0c3a0
52e1c3b4
52e2c3c8
52e3c3dc
52e4c3f0
52e5c402
52e6c40c
52e7c416
52e8c420
52e9c434
52eac448
52ebc45c
52ecc470
52edc482
52eec48c
52efc496
52f0c4a0
52f1c4b4
52f2c4c8
52f3c4dc
52f4c4f0
52f5c502
52f6c50c
52f7c516
52f8c520
52f9c534
52fac548
52fbc55c
52fcc570
52fdc582
52fec58c
52ffc596
53000000
53013dc6
53023ddc
53033df2
53043e04
53053e0f
53063e1a
53073e25
53083e30
53093e46
530a3e5c
530b3e72
530c3e84
530d3e8f
530e3e9a
530f3ea5
53103eb0
53113ec6
53123edc
53133ef2
53143f04
53153f0f
53163f1a
53173f25
53183f30
53193f46
531a3f5c
531b3f72
531c3f84
531d3f8f
531e3f9a
531f3fa5
53203fb0
53213fc6
53223fdc
53233ff2
53244004
5325400f
5326401a
53274025
53284030
53294046
532a405c
532b4072
532c4084
532d408f
532e409a
532f40a5
533040b0
533140c6
533240dc
533340f2
53344104
5335410f
5336411a
53374125
53384130
53394146
533a415c
533b4172
533c4184
533d418f
533e419a
533f41a5
534041b0
534141c6
534241dc
534341f2
53444204
5345420f
5346421a
53474225
53484230
53494246
534a425c
534b4272
534c4284
534d428f
534e429a
534f42a5
535042b0
535142c6
535242dc
535342f2
53544304
5355430f
5356431a
53574325
53584330
53594346
535a435c
535b4372
535c4384
535d438f
535e439a
535f43a5
536043b0
536143c6
536243dc
536343f2
53644404
5365440f
5366441a
53674425
53684430
53694446
536a445c
536b4472
536c4484
536d448f
536e449a
536f44a5
537044b0
537144c6
537244dc
537344f2
53744504
5375450f
5376451a
53774525
53784530
53794546
537a455c
537b4572
537c4584
537d458f
537e459a
537f45a5
53800000
5381bdc6
5382bddc
5383bdf2
5384be04
5385be0f
5386be1a
5387be25
5388be30
5389be46
538abe5c
538bbe72
538cbe84
538dbe8f
538ebe9a
538fbea5
5390beb0
5391bec6
5392bedc
5393bef2
5394bf04
5395bf0f
5396bf1a
5397bf25
5398bf30
5399bf46
539abf5c
539bbf72
539cbf84
539dbf8f
539ebf9a
539fbfa5
53a0bfb0
53a1bfc6
53a2bfdc
53a3bff2
53a4c004
53a5c00f
53a6c01a
53a7c025
53a8c030
53a9c046
53aac05c
53abc072
53acc084
53adc08f
53aec09a
53afc0a5
53b0c0b0
53b1c0c6
53b2c0dc
53b3c0f2
53b4c104
53b5c10f
53b6c11a
53b7c125
53b8c130
53b9c146
53bac15c
53bbc172
53bcc184
53bdc18f
53bec19a
53bfc1a5
53c0c1b0
53c1c1c6
53c2c1dc
53c3c1f2
53c4c204
53c5c20f
53c6c21a
53c7c225
53c8c230
53c9c246
53cac25c
53cbc272
53ccc284
53cdc28f
53cec29a
53cfc2a5
53d0c2b0
53d1c2c6
53d2c2dc
53d3c2f2
53d4c304
53d5c30f
53d6c31a
53d7c325
53d8c330
53d9c346
53dac35c
53dbc372
53dcc384
53ddc38f
53dec39a
53dfc3a5
53e0c3b0
53e1c3c6
53e2c3dc
53e3c3f2
53e4c404
53e5c40f
53e6c41a
53e7c425
53e8c430
53e9c446
53eac45c
53ebc472
53ecc484
53edc48f
53eec49a
53efc4a5
53f0c4b0
53f1c4c6
53f2c4dc
53f3c4f2
53f4c504
53f5c50f
53f6c51a
53f7c525
53f8c530
53f9c546
53fac55c
53fbc572
53fcc584
53fdc58f
53fec59a
53ffc5a5
54000000
54013dd8
54023df0
54033e04
54043e10
54053e1c
54063e28
54073e34
54083e40
54093e58
540a3e70
540b3e84
540c3e90
540d3e9c
540e3ea8
540f3eb4
54103ec0
54113ed8
54123ef0
54133f04
54143f10
54153f1c
54163f28
54173f34
54183f40
54193f58
541a3f70
541b3f84
541c3f90
541d3f9c
541e3fa8
541f3fb4
54203fc0
54213fd8
54223ff0
54234004
54244010
5425401c
54264028
54274034
54284040
54294058
542a4070
542b4084
542c4090
542d409c
542e40a8
542f40b4
543040c0
543140d8
543240f0
54334104
54344110
5435411c
54364128
54374134
54384140
54394158
543a4170
543b4184
543c4190
543d419c
543e41a8
543f41b4
544041c0
544141d8
544241f0
54434204
54444210
5445421c
54464228
54474234
54484240
54494258
544a4270
544b4284
544c4290
544d429c
544e42a8
544f42b4
545042c0
545142d8
545242f0
54534304
54544310
5455431c
54564328
54574334
54584340
54594358
545a4370
545b4384
545c4390
545d439c
545e43a8
545f43b4
546043c0
546143d8
546243f0
54634404
54644410
5465441c
54664428
54674434
54684440
54694458
546a4470
546b4484
546c4490
546d449c
546e44a8
546f44b4
547044c0
547144d8
547244f0
54734504
54744510
5475451c
54764528
54774534
54784540
54794558
547a4570
547b4584
547c4590
547d459c
547e45a8
547f45b4
54800000
5481bdd8
5482bdf0
5483be04
5484be10
5485be1c
5486be28
5487be34
5488be40
5489be58
548abe70
548bbe84
548cbe90
548dbe9c
548ebea8
548fbeb4
5490bec0
5491bed8
5492bef0
5493bf04
5494bf10
5495bf1c
5496bf28
5497bf34
5498bf40
5499bf58
549abf70
549bbf84
549cbf90
549dbf9c
549ebfa8
549fbfb4
54a0bfc0
54a1bfd8
54a2bff0
54a3c004
54a4c010
54a5c01c
54a6c028
54a7c034
54a8c040
54a9c058
54aac070
54abc084
54acc090
54adc09c
54aec0a8
54afc0b4
54b0c0c0
54b1c0d8
54b2c0f0
54b3c104
54b4c110
54b5c11c
54b6c128
54b7c134
54b8c140
54b9c158
54bac170
54bbc184
54bcc190
54bdc19c
54bec1a8
54bfc1b4
54c0c1c0
54c1c1d8
54c2c1f0
54c3c204
54c4c210
54c5c21c
54c6c228
54c7c234
54c8c240
54c9c258
54cac270
54cbc284
54ccc290
54cdc29c
54cec2a8
54cfc2b4
54d0c2c0
54d1c2d8
54d2c2f0
54d3c304
54d4c310
54d5c31c
54d6c328
54d7c334
54d8c340
54d9c358
54dac370
54dbc384
54dcc390
54ddc39c
54dec3a8
54dfc3b4
54e0c3c0
54e1c3d8
54e2c3f0
54e3c404
54e4c410
54e5c41c
54e6c428
54e7c434
54e8c440
54e9c458
54eac470
54ebc484
54ecc490
54edc49c
54eec4a8
54efc4b4
54f0c4c0
54f1c4d8
54f2c4f0
54f3c504
54f4c510
54f5c51c
54f6c528
54f7c534
54f8c540
54f9c558
54fac570
54fbc584
54fcc590
54fdc59c
54fec5a8
54ffc5b4
55000000
55013dea
55023e02
55033e0f
55043e1c
55053e29
55063e36
55073e43
55083e50
55093e6a
550a3e82
550b3e8f
550c3e9c
550d3ea9
550e3eb6
550f3ec3
55103ed0
55113eea
55123f02
55133f0f
55143f1c
55153f29
55163f36
55173f43
55183f50
55193f6a
551a3f82
551b3f8f
551c3f9c
551d3fa9
551e3fb6
551f3fc3
55203fd0
55213fea
55224002
5523400f
5524401c
55254029
55264036
55274043
55284050
5529406a
552a4082
552b408f
552c409c
552d40a9
552e40b6
552f40c3
553040d0
553140ea
55324102
5533410f
5534411c
55354129
55364136
55374143
55384150
5539416a
553a4182
553b418f
553c419c
553d41a9
553e41b6
553f41c3
554041d0
554141ea
55424202
5543420f
5544421c
55454229
55464236
55474243
55484250
5549426a
554a4282
554b428f
554c429c
554d42a9
554e42b6
554f42c3
555042d0
555142ea
55524302
5553430f
5554431c
55554329
55564336
55574343
55584350
5559436a
555a4382
555b438f
555c439c
555d43a9
555e43b6
555f43c3
556043d0
556143ea
55624402
5563440f
5564441c
55654429
55664436
55674443
55684450
5569446a
556a4482
556b448f
556c449c
556d44a9
556e44b6
556f44c3
557044d0
557144ea
55724502
5573450f
5574451c
55754529
55764536
55774543
55784550
5579456a
557a4582
557b458f
557c459c
557d45a9
557e45b6
557f45c3
55800000
5581bdea
5582be02
5583be0f
5584be1c
5585be29
5586be36
5587be43
5588be50
5589be6a
558abe82
558bbe8f
558cbe9c
558dbea9
558ebeb6
558fbec3
5590bed0
5591beea
5592bf02
5593bf0f
5594bf1c
5595bf29
5596bf36
5597bf43
5598bf50
5599bf6a
559abf82
559bbf8f
559cbf9c
559dbfa9
559ebfb6
559fbfc3
55a0bfd0
55a1bfea
55a2c002
55a3c00f
55a4c01c
55a5c029
55a6c036
55a7c043
55a8c050
55a9c06a
55aac082
55abc08f
55acc09c
55adc0a9
55aec0b6
55afc0c3
55b0c0d0
55b1c0ea
55b2c102
55b3c10f
55b4c11c
55b5c129
55b6c136
55b7c143
55b8c150
55b9c16a
55bac182
55bbc18f
55bcc19c
55bdc1a9
55bec1b6
55bfc1c3
55c0c1d0
55c1c1ea
55c2c202
55c3c20f
55c4c21c
55c5c229
55c6c236
55c7c243
55c8c250
55c9c26a
55cac282
55cbc28f
55ccc29c
55cdc2a9
55cec2b6
55cfc2c3
55d0c2d0
55d1c2ea
55d2c302
55d3c30f
55d4c31c
55d5c329
55d6c336
55d7c343
55d8c350
55d9c36a
55dac382
55dbc38f
55dcc39c
55ddc3a9
55dec3b6
55dfc3c3
55e0c3d0
55e1c3ea
55e2c402
55e3c40f
55e4c41c
55e5c429
55e6c436
55e7c443
55e8c450
55e9c46a
55eac482
55ebc48f
55ecc49c
55edc4a9
55eec4b6
55efc4c3
55f0c4d0
55f1c4ea
55f2c502
55f3c50f
55f4c51c
55f5c529
55f6c536
55f7c543
55f8c550
55f9c56a
55fac582
55fbc58f
55fcc59c
55fdc5a9
55fec5b6
55ffc5c3
56000000
56013dfc
56023e0c
56033e1a
56043e28
56053e36
56063e44
56073e52
56083e60
56093e7c
560a3e8c
560b3e9a
560c3ea8
560d3eb6
560e3ec4
560f3ed2
56103ee0
56113efc
56123f0c
56133f1a
56143f28
56153f36
56163f44
56173f52
56183f60
56193f7c
561a3f8c
561b3f9a
561c3fa8
561d3fb6
561e3fc4
561f3fd2
56203fe0
56213ffc
5622400c
5623401a
56244028
56254036
56264044
56274052
56284060
5629407c
562a408c
562b409a
562c40a8
562d40b6
562e40c4
562f40d2
563040e0
563140fc
5632410c
5633411a
56344128
56354136
56364144
56374152
56384160
5639417c
563a418c
563b419a
563c41a8
563d41b6
563e41c4
563f41d2
564041e0
564141fc
5642420c
5643421a
56444228
56454236
56464244
56474252
56484260
5649427c
564a428c
564b429a
564c42a8
564d42b6
564e42c4
564f42d2
565042e0
565142fc
5652430c
5653431a
56544328
56554336
56564344
56574352
56584360
5659437c
565a438c
565b439a
565c43a8
565d43b6
565e43c4
565f43d2
566043e0
566143fc
5662440c
5663441a
56644428
56654436
56664444
56674452
56684460
5669447c
566a448c
566b449a
566c44a8
566d44b6
566e44c4
566f44d2
567044e0
567144fc
5672450c
5673451a
56744528
56754536
56764544
56774552
56784560
5679457c
567a458c
567b459a
567c45a8
567d45b6
567e45c4
567f45d2
56800000
5681bdfc
5682be0c
5683be1a
5684be28
5685be36
5686be44
5687be52
5688be60
5689be7c
568abe8c
568bbe9a
568cbea8
568dbeb6
568ebec4
568fbed2
5690bee0
5691befc
5692bf0c
5693bf1a
5694bf28
5695bf36
5696bf44
5697bf52
5698bf60
5699bf7c
569abf8c
569bbf9a
569cbfa8
569dbfb6
569ebfc4
569fbfd2
56a0bfe0
56a1bffc
56a2c00c
56a3c01a
56a4c028
56a5c036
56a6c044
56a7c052
56a8c060
56a9c07c
56aac08c
56abc09a
56acc0a8
56adc0b6
56aec0c4
56afc0d2
56b0c0e0
56b1c0fc
56b2c10c
56b3c11a
56b4c128
56b5c136
56b6c144
56b7c152
56b8c160
56b9c17c
56bac18c
56bbc19a
56bcc1a8
56bdc1b6
56bec1c4
56bfc1d2
56c0c1e0
56c1c1fc
56c2c20c
56c3c21a
56c4c228
56c5c236
56c6c244
56c7c252
56c8c260
56c9c27c
56cac28c
56cbc29a
56ccc2a8
56cdc2b6
56cec2c4
56cfc2d2
56d0c2e0
56d1c2fc
56d2c30c
56d3c31a
56d4c328
56d5c336
56d6c344
56d7c352
56d8c360
56d9c37c
56dac38c
56dbc39a
56dcc3a8
56ddc3b6
56dec3c4
56dfc3d2
56e0c3e0
56e1c3fc
56e2c40c
56e3c41a
56e4c428
56e5c436
56e6c444
56e7c452
56e8c460
56e9c47c
56eac48c
56ebc49a
56ecc4a8
56edc4b6
56eec4c4
56efc4d2
56f0c4e0
56f1c4fc
56f2c50c
56f3c51a
56f4c528
56f5c536
56f6c544
56f7c552
56f8c560
56f9c57c
56fac58c
56fbc59a
56fcc5a8
56fdc5b6
56fec5c4
56ffc5d2
57000000
57013e07
57023e16
57033e25
57043e34
57053e43
57063e52
57073e61
57083e70
57093e87
570a3e96
570b3ea5
570c3eb4
570d3ec3
570e3ed2
570f3ee1
57103ef0
57113f07
57123f16
57133f25
57143f34
57153f43
57163f52
57173f61
57183f70
57193f87
571a3f96
571b3fa5
571c3fb4
571d3fc3
571e3fd2
571f3fe1
57203ff0
57214007
57224016
57234025
57244034
57254043
57264052
57274061
57284070
57294087
572a4096
572b40a5
572c40b4
572d40c3
572e40d2
572f40e1
573040f0
57314107
57324116
57334125
57344134
57354143
57364152
57374161
57384170
57394187
573a4196
573b41a5
573c41b4
573d41c3
573e41d2
573f41e1
574041f0
57414207
57424216
57434225
57444234
57454243
57464252
57474261
57484270
57494287
574a4296
574b42a5
574c42b4
574d42c3
574e42d2
574f42e1
575042f0
57514307
57524316
57534325
57544334
57554343
57564352
57574361
57584370
57594387
575a4396
575b43a5
575c43b4
575d43c3
575e43d2
575f43e1
576043f0
57614407
57624416
57634425
57644434
57654443
57664452
57674461
57684470
57694487
576a4496
576b44a5
576c44b4
576d44c3
576e44d2
576f44e1
577044f0
57714507
57724516
57734525
57744534
57754543
57764552
57774561
57784570
57794587
577a4596
577b45a5
577c45b4
577d45c3
577e45d2
577f45e1
57800000
5781be07
5782be16
5783be25
5784be34
5785be43
5786be52
5787be61
5788be70
5789be87
578abe96
578bbea5
578cbeb4
578dbec3
578ebed2
578fbee1
5790bef0
5791bf07
5792bf16
5793bf25
5794bf34
5795bf43
5796bf52
5797bf61
5798bf70
5799bf87
579abf96
579bbfa5
579cbfb4
579dbfc3
579ebfd2
579fbfe1
57a0bff0
57a1c007
57a2c016
57a3c025
57a4c034
57a5c043
57a6c052
57a7c061
57a8c070
57a9c087
57aac096
57abc0a5
57acc0b4
57adc0c3
57aec0d2
57afc0e1
57b0c0f0
57b1c107
57b2c116
57b3c125
57b4c134
57b5c143
57b6c152
57b7c161
57b8c170
57b9c187
57bac196
57bbc1a5
57bcc1b4
57bdc1c3
57bec1d2
57bfc1e1
57c0c1f0
57c1c207
57c2c216
57c3c225
57c4c234
57c5c243
57c6c252
57c7c261
57c8c270
57c9c287
57cac296
57cbc2a5
57ccc2b4
57cdc2c3
57cec2d2
57cfc2e1
57d0c2f0
57d1c307
57d2c316
57d3c325
57d4c334
57d5c343
57d6c352
57d7c361
57d8c370
57d9c387
57dac396
57dbc3a5
57dcc3b4
57ddc3c3
57dec3d2
57dfc3e1
57e0c3f0
57e1c407
57e2c416
57e3c425
57e4c434
57e5c443
57e6c452
57e7c461
57e8c470
57e9c487
57eac496
57ebc4a5
57ecc4b4
57edc4c3
57eec4d2
57efc4e1
57f0c4f0
57f1c507
57f2c516
57f3c525
57f4c534
57f5c543
57f6c552
57f7c561
57f8c570
57f9c587
57fac596
57fbc5a5
57fcc5b4
57fdc5c3
57fec5d2
57ffc5e1
58000000
58013e10
58023e20
58033e30
58043e40
58053e50
58063e60
58073e70
58083e80
58093e90
580a3ea0
580b3eb0
580c3ec0
580d3ed0
580e3ee0
580f3ef0
58103f00
58113f10
58123f20
58133f30
58143f40
58153f50
58163f60
58173f70
58183f80
58193f90
581a3fa0
581b3fb0
581c3fc0
581d3fd0
581e3fe0
581f3ff0
58204000
58214010
58224020
58234030
58244040
58254050
58264060
58274070
58284080
58294090
582a40a0
582b40b0
582c40c0
582d40d0
582e40e0
582f40f0
58304100
58314110
58324120
58334130
58344140
58354150
58364160
58374170
58384180
58394190
583a41a0
583b41b0
583c41c0
583d41d0
583e41e0
583f41f0
58404200
58414210
58424220
58434230
58444240
58454250
58464260
58474270
58484280
58494290
584a42a0
584b42b0
584c42c0
584d42d0
584e42e0
584f42f0
58504300
58514310
58524320
58534330
58544340
58554350
58564360
58574370
58584380
58594390
585a43a0
585b43b0
585c43c0
585d43d0
585e43e0
585f43f0
58604400
58614410
58624420
58634430
58644440
58654450
58664460
58674470
58684480
58694490
586a44a0
586b44b0
586c44c0
586d44d0
586e44e0
586f44f0
58704500
58714510
58724520
58734530
58744540
58754550
58764560
58774570
58784580
58794590
587a45a0
587b45b0
587c45c0
587d45d0
587e45e0
587f45f0
58800000
5881be10
5882be20
5883be30
5884be40
5885be50
5886be60
5887be70
5888be80
5889be90
588abea0
588bbeb0
588cbec0
588dbed0
588ebee0
588fbef0
5890bf00
5891bf10
5892bf20
5893bf30
5894bf40
5895bf50
5896bf60
5897bf70
5898bf80
5899bf90
589abfa0
589bbfb0
589cbfc0
589dbfd0
589ebfe0
589fbff0
58a0c000
58a1c010
58a2c020
58a3c030
58a4c040
58a5c050
58a6c060
58a7c070
58a8c080
58a9c090
58aac0a0
58abc0b0
58acc0c0
58adc0d0
58aec0e0
58afc0f0
58b0c100
58b1c110
58b2c120
58b3c130
58b4c140
58b5c150
58b6c160
58b7c170
58b8c180
58b9c190
58bac1a0
58bbc1b0
58bcc1c0
58bdc1d0
58bec1e0
58bfc1f0
58c0c200
58c1c210
58c2c220
58c3c230
58c4c240
58c5c250
58c6c260
58c7c270
58c8c280
58c9c290
58cac2a0
58cbc2b0
58ccc2c0
58cdc2d0
58cec2e0
58cfc2f0
58d0c300
58d1c310
58d2c320
58d3c330
58d4c340
58d5c350
58d6c360
58d7c370
58d8c380
58d9c390
58dac3a0
58dbc3b0
58dcc3c0
58ddc3d0
58dec3e0
58dfc3f0
58e0c400
58e1c410
58e2c420
58e3c430
58e4c440
58e5c450
58e6c460
58e7c470
58e8c480
58e9c490
58eac4a0
58ebc4b0
58ecc4c0
58edc4d0
58eec4e0
58efc4f0
58f0c500
58f1c510
58f2c520
58f3c530
58f4c540
58f5c550
58f6c560
58f7c570
58f8c580
58f9c590
58fac5a0
58fbc5b0
58fcc5c0
58fdc5d0
58fec5e0
58ffc5f0
59000000
59013e22
59023e34
59033e46
59043e58
59053e6a
59063e7c
59073e87
59083e90
59093ea2
590a3eb4
590b3ec6
590c3ed8
590d3eea
590e3efc
590f3f07
59103f10
59113f22
59123f34
59133f46
59143f58
59153f6a
59163f7c
59173f87
59183f90
59193fa2
591a3fb4
591b3fc6
591c3fd8
591d3fea
591e3ffc
591f4007
59204010
59214022
59224034
59234046
59244058
5925406a
5926407c
59274087
59284090
592940a2
592a40b4
592b40c6
592c40d8
592d40ea
592e40fc
592f4107
59304110
59314122
59324134
59334146
59344158
5935416a
5936417c
59374187
59384190
593941a2
593a41b4
593b41c6
593c41d8
593d41ea
593e41fc
593f4207
59404210
59414222
59424234
59434246
59444258
5945426a
5946427c
59474287
59484290
594942a2
594a42b4
594b42c6
594c42d8
594d42ea
594e42fc
594f4307
59504310
59514322
59524334
59534346
59544358
5955436a
5956437c
59574387
59584390
595943a2
595a43b4
595b43c6
595c43d8
595d43ea
595e43fc
595f4407
59604410
59614422
59624434
59634446
59644458
5965446a
5966447c
59674487
59684490
596944a2
596a44b4
596b44c6
596c44d8
596d44ea
596e44fc
596f4507
59704510
59714522
59724534
59734546
59744558
5975456a
5976457c
59774587
59784590
597945a2
597a45b4
597b45c6
597c45d8
597d45ea
597e45fc
597f4607
59800000
5981be22
5982be34
5983be46
5984be58
5985be6a
5986be7c
5987be87
5988be90
5989bea2
598abeb4
598bbec6
598cbed8
598dbeea
598ebefc
598fbf07
5990bf10
5991bf22
5992bf34
5993bf46
5994bf58
5995bf6a
5996bf7c
5997bf87
5998bf90
5999bfa2
599abfb4
599bbfc6
599cbfd8
599dbfea
599ebffc
599fc007
59a0c010
59a1c022
59a2c034
59a3c046
59a4c058
59a5c06a
59a6c07c
59a7c087
59a8c090
59a9c0a2
59aac0b4
59abc0c6
59acc0d8
59adc0ea
59aec0fc
59afc107
59b0c110
59b1c122
59b2c134
59b3c146
59b4c158
59b5c16a
59b6c17c
59b7c187
59b8c190
59b9c1a2
59bac1b4
59bbc1c6
59bcc1d8
59bdc1ea
59bec1fc
59bfc207
59c0c210
59c1c222
59c2c234
59c3c246
59c4c258
59c5c26a
59c6c27c
59c7c287
59c8c290
59c9c2a2
59cac2b4
59cbc2c6
59ccc2d8
59cdc2ea
59cec2fc
59cfc307
59d0c310
59d1c322
59d2c334
59d3c346
59d4c358
59d5c36a
59d6c37c
59d7c387
59d8c390
59d9c3a2
59dac3b4
59dbc3c6
59dcc3d8
59ddc3ea
59dec3fc
59dfc407
59e0c410
59e1c422
59e2c434
59e3c446
59e4c458
59e5c46a
59e6c47c
59e7c487
59e8c490
59e9c4a2
59eac4b4
59ebc4c6
59ecc4d8
59edc4ea
59eec4fc
59efc507
59f0c510
59f1c522
59f2c534
59f3c546
59f4c558
59f5c56a
59f6c57c
59f7c587
59f8c590
59f9c5a2
59fac5b4
59fbc5c6
59fcc5d8
59fdc5ea
59fec5fc
59ffc607
5a000000
5a013e34
5a023e48
5a033e5c
5a043e70
5a053e82
5a063e8c
5a073e96
5a083ea0
5a093eb4
5a0a3ec8
5a0b3edc
5a0c3ef0
5a0d3f02
5a0e3f0c
5a0f3f16
5a103f20
5a113f34
5a123f48
5a133f5c
5a143f70
5a153f82
5a163f8c
5a173f96
5a183fa0
5a193fb4
5a1a3fc8
5a1b3fdc
5a1c3ff0
5a1d4002
5a1e400c
5a1f4016
5a204020
5a214034
5a224048
5a23405c
5a244070
5a254082
5a26408c
5a274096
5a2840a0
5a2940b4
5a2a40c8
5a2b40dc
5a2c40f0
5a2d4102
5a2e410c
5a2f4116
5a304120
5a314134
5a324148
5a33415c
5a344170
5a354182
5a36418c
5a374196
5a3841a0
5a3941b4
5a3a41c8
5a3b41dc
5a3c41f0
5a3d4202
5a3e420c
5a3f4216
5a404220
5a414234
5a424248
5a43425c
5a444270
5a454282
5a46428c
5a474296
5a4842a0
5a4942b4
5a4a42c8
5a4b42dc
5a4c42f0
5a4d4302
5a4e430c
5a4f4316
5a504320
5a514334
5a524348
5a53435c
5a544370
5a554382
5a56438c
5a574396
5a5843a0
5a5943b4
5a5a43c8
5a5b43dc
5a5c43f0
5a5d4402
5a5e440c
5a5f4416
5a604420
5a614434
5a624448
5a63445c
5a644470
5a654482
5a66448c
5a674496
5a6844a0
5a6944b4
5a6a44c8
5a6b44dc
5a6c44f0
5a6d4502
5a6e450c
5a6f4516
5a704520
5a714534
5a724548
5a73455c
5a744570
5a754582
5a76458c
5a774596
5a7845a0
5a7945b4
5a7a45c8
5a7b45dc
5a7c45f0
5a7d4602
5a7e460c
5a7f4616
5a800000
5a81be34
5a82be48
5a83be5c
5a84be70
5a85be82
5a86be8c
5a87be96
5a88bea0
5a89beb4
5a8abec8
5a8bbedc
5a8cbef0
5a8dbf02
5a8ebf0c
5a8fbf16
5a90bf20
5a91bf34
5a92bf48
5a93bf5c
5a94bf70
5a95bf82
5a96bf8c
5a97bf96
5a98bfa0
5a99bfb4
5a9abfc8
5a9bbfdc
5a9cbff0
5a9dc002
5a9ec00c
5a9fc016
5aa0c020
5aa1c034
5aa2c048
5aa3c05c
5aa4c070
5aa5c082
5aa6c08c
5aa7c096
5aa8c0a0
5aa9c0b4
5aaac0c8
5aabc0dc
5aacc0f0
5aadc102
5aaec10c
5aafc116
5ab0c120
5ab1c134
5ab2c148
5ab3c15c
5ab4c170
5ab5c182
5ab6c18c
5ab7c196
5ab8c1a0
5ab9c1b4
5abac1c8
5abbc1dc
5abcc1f0
5abdc202
5abec20c
5abfc216
5ac0c220
5ac1c234
5ac2c248
5ac3c25c
5ac4c270
5ac5c282
5ac6c28c
5ac7c296
5ac8c2a0
5ac9c2b4
5acac2c8
5acbc2dc
5accc2f0
5acdc302
5acec30c
5acfc316
5ad0c320
5ad1c334
5ad2c348
5ad3c35c
5ad4c370
5ad5c382
5ad6c38c
5ad7c396
5ad8c3a0
5ad9c3b4
5adac3c8
5adbc3dc
5adcc3f0
5addc402
5adec40c
5adfc416
5ae0c420
5ae1c434
5ae2c448
5ae3c45c
5ae4c470
5ae5c482
5ae6c48c
5ae7c496
5ae8c4a0
5ae9c4b4
5aeac4c8
5aebc4dc
5aecc4f0
5aedc502
5aeec50c
5aefc516
5af0c520
5af1c534
5af2c548
5af3c55c
5af4c570
5af5c582
5af6c58c
5af7c596
5af8c5a0
5af9c5b4
5afac5c8
5afbc5dc
5afcc5f0
5afdc602
5afec60c
5affc616
5b000000
5b013e46
5b023e5c
5b033e72
5b043e84
5b053e8f
5b063e9a
5b073ea5
5b083eb0
5b093ec6
5b0a3edc
5b0b3ef2
5b0c3f04
5b0d3f0f
5b0e3f1a
5b0f3f25
5b103f30
5b113f46
5b123f5c
5b133f72
5b143f84
5b153f8f
5b163f9a
5b173fa5
5b183fb0
5b193fc6
5b1a3fdc
5b1b3ff2
5b1c4004
5b1d400f
5b1e401a
5b1f4025
5b204030
5b214046
5b22405c
5b234072
5b244084
5b25408f
5b26409a
5b2740a5
5b2840b0
5b2940c6
5b2a40dc
5b2b40f2
5b2c4104
5b2d410f
5b2e411a
5b2f4125
5b304130
5b314146
5b32415c
5b334172
5b344184
5b35418f
5b36419a
5b3741a5
5b3841b0
5b3941c6
5b3a41dc
5b3b41f2
5b3c4204
5b3d420f
5b3e421a
5b3f4225
5b404230
5b414246
5b42425c
5b434272
5b444284
5b45428f
5b46429a
5b4742a5
5b4842b0
5b4942c6
5b4a42dc
5b4b42f2
5b4c4304
5b4d430f
5b4e431a
5b4f4325
5b504330
5b514346
5b52435c
5b534372
5b544384
5b55438f
5b56439a
5b5743a5
5b5843b0
5b5943c6
5b5a43dc
5b5b43f2
5b5c4404
5b5d440f
5b5e441a
5b5f4425
5b604430
5b614446
5b62445c
5b634472
5b644484
5b65448f
5b66449a
5b6744a5
5b6844b0
5b6944c6
5b6a44dc
5b6b44f2
5b6c4504
5b6d450f
5b6e451a
5b6f4525
5b704530
5b714546
5b72455c
5b734572
5b744584
5b75458f
5b76459a
5b7745a5
5b7845b0
5b7945c6
5b7a45dc
5b7b45f2
5b7c4604
5b7d460f
5b7e461a
5b7f4625
5b800000
5b81be46
5b82be5c
5b83be72
5b84be84
5b85be8f
5b86be9a
5b87bea5
5b88beb0
5b89bec6
5b8abedc
5b8bbef2
5b8cbf04
5b8dbf0f
5b8ebf1a
5b8fbf25
5b90bf30
5b91bf46
5b92bf5c
5b93bf72
5b94bf84
5b95bf8f
5b96bf9a
5b97bfa5
5b98bfb0
5b99bfc6
5b9abfdc
5b9bbff2
5b9cc004
5b9dc00f
5b9ec01a
5b9fc025
5ba0c030
5ba1c046
5ba2c05c
5ba3c072
5ba4c084
5ba5c08f
5ba6c09a
5ba7c0a5
5ba8c0b0
5ba9c0c6
5baac0dc
5babc0f2
5bacc104
5badc10f
5baec11a
5bafc125
5bb0c130
5bb1c146
5bb2c15c
5bb3c172
5bb4c184
5bb5c18f
5bb6c19a
5bb7c1a5
5bb8c1b0
5bb9c1c6
5bbac1dc
5bbbc1f2
5bbcc204
5bbdc20f
5bbec21a
5bbfc225
5bc0c230
5bc1c246
5bc2c25c
5bc3c272
5bc4c284
5bc5c28f
5bc6c29a
5bc7c2a5
5bc8c2b0
5bc9c2c6
5bcac2dc
5bcbc2f2
5bccc304
5bcdc30f
5bcec31a
5bcfc325
5bd0c330
5bd1c346
5bd2c35c
5bd3c372
5bd4c384
5bd5c38f
5bd6c39a
5bd7c3a5
5bd8c3b0
5bd9c3c6
5bdac3dc
5bdbc3f2
5bdcc404
5bddc40f
5bdec41a
5bdfc425
5be0c430
5be1c446
5be2c45c
5be3c472
5be4c484
5be5c48f
5be6c49a
5be7c4a5
5be8c4b0
5be9c4c6
5beac4dc
5bebc4f2
5becc504
5bedc50f
5beec51a
5befc525
5bf0c530
5bf1c546
5bf2c55c
5bf3c572
5bf4c584
5bf5c58f
5bf6c59a
5bf7c5a5
5bf8c5b0
5bf9c5c6
5bfac5dc
5bfbc5f2
5bfcc604
5bfdc60f
5bfec61a
5bffc625
5c000000
5c013e58
5c023e70
5c033e84
5c043e90
5c053e9c
5c063ea8
5c073eb4
5c083ec0
5c093ed8
5c0a3ef0
5c0b3f04
5c0c3f10
5c0d3f1c
5c0e3f28
5c0f3f34
5c103f40
5c113f58
5c123f70
5c133f84
5c143f90
5c153f9c
5c163fa8
5c173fb4
5c183fc0
5c193fd8
5c1a3ff0
5c1b4004
5c1c4010
5c1d401c
5c1e4028
5c1f4034
5c204040
5c214058
5c224070
5c234084
5c244090
5c25409c
5c2640a8
5c2740b4
5c2840c0
5c2940d8
5c2a40f0
5c2b4104
5c2c4110
5c2d411c
5c2e4128
5c2f4134
5c304140
5c314158
5c324170
5c334184
5c344190
5c35419c
5c3641a8
5c3741b4
5c3841c0
5c3941d8
5c3a41f0
5c3b4204
5c3c4210
5c3d421c
5c3e4228
5c3f4234
5c404240
5c414258
5c424270
5c434284
5c444290
5c45429c
5c4642a8
5c4742b4
5c4842c0
5c4942d8
5c4a42f0
5c4b4304
5c4c4310
5c4d431c
5c4e4328
5c4f4334
5c504340
5c514358
5c524370
5c534384
5c544390
5c55439c
5c5643a8
5c5743b4
5c5843c0
5c5943d8
5c5a43f0
5c5b4404
5c5c4410
5c5d441c
5c5e4428
5c5f4434
5c604440
5c614458
5c624470
5c634484
5c644490
5c65449c
5c6644a8
5c6744b4
5c6844c0
5c6944d8
5c6a44f0
5c6b4504
5c6c4510
5c6d451c
5c6e4528
5c6f4534
5c704540
5c714558
5c724570
5c734584
5c744590
5c75459c
5c7645a8
5c7745b4
5c7845c0
5c7945d8
5c7a45f0
5c7b4604
5c7c4610
5c7d461c
5c7e4628
5c7f4634
5c800000
5c81be58
5c82be70
5c83be84
5c84be90
5c85be9c
5c86bea8
5c87beb4
5c88bec0
5c89bed8
5c8abef0
5c8bbf04
5c8cbf10
5c8dbf1c
5c8ebf28
5c8fbf34
5c90bf40
5c91bf58
5c92bf70
5c93bf84
5c94bf90
5c95bf9c
5c96bfa8
5c97bfb4
5c98bfc0
5c99bfd8
5c9abff0
5c9bc004
5c9cc010
5c9dc01c
5c9ec028
5c9fc034
5ca0c040
5ca1c058
5ca2c070
5ca3c084
5ca4c090
5ca5c09c
5ca6c0a8
5ca7c0b4
5ca8c0c0
5ca9c0d8
5caac0f0
5cabc104
5cacc110
5cadc11c
5caec128
5cafc134
5cb0c140
5cb1c158
5cb2c170
5cb3c184
5cb4c190
5cb5c19c
5cb6c1a8
5cb7c1b4
5cb8c1c0
5cb9c1d8
5cbac1f0
5cbbc204
5cbcc210
5cbdc21c
5cbec228
5cbfc234
5cc0c240
5cc1c258
5cc2c270
5cc3c284
5cc4c290
5cc5c29c
5cc6c2a8
5cc7c2b4
5cc8c2c0
5cc9c2d8
5ccac2f0
5ccbc304
5cccc310
5ccdc31c
5ccec328
5ccfc334
5cd0c340
5cd1c358
5cd2c370
5cd3c384
5cd4c390
5cd5c39c
5cd6c3a8
5cd7c3b4
5cd8c3c0
5cd9c3d8
5cdac3f0
5cdbc404
5cdcc410
5cddc41c
5cdec428
5cdfc434
5ce0c440
5ce1c458
5ce2c470
5ce3c484
5ce4c490
5ce5c49c
5ce6c4a8
5ce7c4b4
5ce8c4c0
5ce9c4d8
5ceac4f0
5cebc504
5cecc510
5cedc51c
5ceec528
5cefc534
5cf0c540
5cf1c558
5cf2c570
5cf3c584
5cf4c590
5cf5c59c
5cf6c5a8
5cf7c5b4
5cf8c5c0
5cf9c5d8
5cfac5f0
5cfbc604
5cfcc610
5cfdc61c
5cfec628
5cffc634
5d000000
5d013e6a
5d023e82
5d033e8f
5d043e9c
5d053ea9
5d063eb6
5d073ec3
5d083ed0
5d093eea
5d0a3f02
5d0b3f0f
5d0c3f1c
5d0d3f29
5d0e3f36
5d0f3f43
5d103f50
5d113f6a
5d123f82
5d133f8f
5d143f9c
5d153fa9
5d163fb6
5d173fc3
5d183fd0
5d193fea
5d1a4002
5d1b400f
5d1c401c
5d1d4029
5d1e4036
5d1f4043
5d204050
5d21406a
5d224082
5d23408f
5d24409c
5d2540a9
5d2640b6
5d2740c3
5d2840d0
5d2940ea
5d2a4102
5d2b410f
5d2c411c
5d2d4129
5d2e4136
5d2f4143
5d304150
5d31416a
5d324182
5d33418f
5d34419c
5d3541a9
5d3641b6
5d3741c3
5d3841d0
5d3941ea
5d3a4202
5d3b420f
5d3c421c
5d3d4229
5d3e4236
5d3f4243
5d404250
5d41426a
5d424282
5d43428f
5d44429c
5d4542a9
5d4642b6
5d4742c3
5d4842d0
5d4942ea
5d4a4302
5d4b430f
5d4c431c
5d4d4329
5d4e4336
5d4f4343
5d504350
5d51436a
5d524382
5d53438f
5d54439c
5d5543a9
5d5643b6
5d5743c3
5d5843d0
5d5943ea
5d5a4402
5d5b440f
5d5c441c
5d5d4429
5d5e4436
5d5f4443
5d604450
5d61446a
5d624482
5d63448f
5d64449c
5d6544a9
5d6644b6
5d6744c3
5d6844d0
5d6944ea
5d6a4502
5d6b450f
5d6c451c
5d6d4529
5d6e4536
5d6f4543
5d704550
5d71456a
5d724582
5d73458f
5d74459c
5d7545a9
5d7645b6
5d7745c3
5d7845d0
5d7945ea
5d7a4602
5d7b460f
5d7c461c
5d7d4629
5d7e4636
5d7f4643
5d800000
5d81be6a
5d82be82
5d83be8f
5d84be9c
5d85bea9
5d86beb6
5d87bec3
5d88bed0
5d89beea
5d8abf02
5d8bbf0f
5d8cbf1c
5d8dbf29
5d8ebf36
5d8fbf43
5d90bf50
5d91bf6a
5d92bf82
5d93bf8f
5d94bf9c
5d95bfa9
5d96bfb6
5d97bfc3
5d98bfd0
5d99bfea
5d9ac002
5d9bc00f
5d9cc01c
5d9dc029
5d9ec036
5d9fc043
5da0c050
5da1c06a
5da2c082
5da3c08f
5da4c09c
5da5c0a9
5da6c0b6
5da7c0c3
5da8c0d0
5da9c0ea
5daac102
5dabc10f
5dacc11c
5dadc129
5daec136
5dafc143
5db0c150
5db1c16a
5db2c182
5db3c18f
5db4c19c
5db5c1a9
5db6c1b6
5db7c1c3
5db8c1d0
5db9c1ea
5dbac202
5dbbc20f
5dbcc21c
5dbdc229
5dbec236
5dbfc243
5dc0c250
5dc1c26a
5dc2c282
5dc3c28f
5dc4c29c
5dc5c2a9
5dc6c2b6
5dc7c2c3
5dc8c2d0
5dc9c2ea
5dcac302
5dcbc30f
5dccc31c
5dcdc329
5dcec336
5dcfc343
5dd0c350
5dd1c36a
5dd2c382
5dd3c38f
5dd4c39c
5dd5c3a9
5dd6c3b6
5dd7c3c3
5dd8c3d0
5dd9c3ea
5ddac402
5ddbc40f
5ddcc41c
5dddc429
5ddec436
5ddfc443
5de0c450
5de1c46a
5de2c482
5de3c48f
5de4c49c
5de5c4a9
5de6c4b6
5de7c4c3
5de8c4d0
5de9c4ea
5deac502
5debc50f
5decc51c
5dedc529
5deec536
5defc543
5df0c550
5df1c56a
5df2c582
5df3c58f
5df4c59c
5df5c5a9
5df6c5b6
5df7c5c3
5df8c5d0
5df9c5ea
5dfac602
5dfbc60f
5dfcc61c
5dfdc629
5dfec636
5dffc643
5e000000
5e013e7c
5e023e8c
5e033e9a
5e043ea8
5e053eb6
5e063ec4
5e073ed2
5e083ee0
5e093efc
5e0a3f0c
5e0b3f1a
5e0c3f28
5e0d3f36
5e0e3f44
5e0f3f52
5e103f60
5e113f7c
5e123f8c
5e133f9a
5e143fa8
5e153fb6
5e163fc4
5e173fd2
5e183fe0
5e193ffc
5e1a400c
5e1b401a
5e1c4028
5e1d4036
5e1e4044
5e1f4052
5e204060
5e21407c
5e22408c
5e23409a
5e2440a8
5e2540b6
5e2640c4
5e2740d2
5e2840e0
5e2940fc
5e2a410c
5e2b411a
5e2c4128
5e2d4136
5e2e4144
5e2f4152
5e304160
5e31417c
5e32418c
5e33419a
5e3441a8
5e3541b6
5e3641c4
5e3741d2
5e3841e0
5e3941fc
5e3a420c
5e3b421a
5e3c4228
5e3d4236
5e3e4244
5e3f4252
5e404260
5e41427c
5e42428c
5e43429a
5e4442a8
5e4542b6
5e4642c4
5e4742d2
5e4842e0
5e4942fc
5e4a430c
5e4b431a
5e4c4328
5e4d4336
5e4e4344
5e4f4352
5e504360
5e51437c
5e52438c
5e53439a
5e5443a8
5e5543b6
5e5643c4
5e5743d2
5e5843e0
5e5943fc
5e5a440c
5e5b441a
5e5c4428
5e5d4436
5e5e4444
5e5f4452
5e604460
5e61447c
5e62448c
5e63449a
5e6444a8
5e6544b6
5e6644c4
5e6744d2
5e6844e0
5e6944fc
5e6a450c
5e6b451a
5e6c4528
5e6d4536
5e6e4544
5e6f4552
5e704560
5e71457c
5e72458c
5e73459a
5e7445a8
5e7545b6
5e7645c4
5e7745d2
5e7845e0
5e7945fc
5e7a460c
5e7b461a
5e7c4628
5e7d4636
5e7e4644
5e7f4652
5e800000
5e81be7c
5e82be8c
5e83be9a
5e84bea8
5e85beb6
5e86bec4
5e87bed2
5e88bee0
5e89befc
5e8abf0c
5e8bbf1a
5e8cbf28
5e8dbf36
5e8ebf44
5e8fbf52
5e90bf60
5e91bf7c
5e92bf8c
5e93bf9a
5e94bfa8
5e95bfb6
5e96bfc4
5e97bfd2
5e98bfe0
5e99bffc
5e9ac00c
5e9bc01a
5e9cc028
5e9dc036
5e9ec044
5e9fc052
5ea0c060
5ea1c07c
5ea2c08c
5ea3c09a
5ea4c0a8
5ea5c0b6
5ea6c0c4
5ea7c0d2
5ea8c0e0
5ea9c0fc
5eaac10c
5eabc11a
5eacc128
5eadc136
5eaec144
5eafc152
5eb0c160
5eb1c17c
5eb2c18c
5eb3c19a
5eb4c1a8
5eb5c1b6
5eb6c1c4
5eb7c1d2
5eb8c1e0
5eb9c1fc
5ebac20c
5ebbc21a
5ebcc228
5ebdc236
5ebec244
5ebfc252
5ec0c260
5ec1c27c
5ec2c28c
5ec3c29a
5ec4c2a8
5ec5c2b6
5ec6c2c4
5ec7c2d2
5ec8c2e0
5ec9c2fc
5ecac30c
5ecbc31a
5eccc328
5ecdc336
5ecec344
5ecfc352
5ed0c360
5ed1c37c
5ed2c38c
5ed3c39a
5ed4c3a8
5ed5c3b6
5ed6c3c4
5ed7c3d2
5ed8c3e0
5ed9c3fc
5edac40c
5edbc41a
5edcc428
5eddc436
5edec444
5edfc452
5ee0c460
5ee1c47c
5ee2c48c
5ee3c49a
5ee4c4a8
5ee5c4b6
5ee6c4c4
5ee7c4d2
5ee8c4e0
5ee9c4fc
5eeac50c
5eebc51a
5eecc528
5eedc536
5eeec544
5eefc552
5ef0c560
5ef1c57c
5ef2c58c
5ef3c59a
5ef4c5a8
5ef5c5b6
5ef6c5c4
5ef7c5d2
5ef8c5e0
5ef9c5fc
5efac60c
5efbc61a
5efcc628
5efdc636
5efec644
5effc652
5f000000
5f013e87
5f023e96
5f033ea5
5f043eb4
5f053ec3
5f063ed2
5f073ee1
5f083ef0
5f093f07
5f0a3f16
5f0b3f25
5f0c3f34
5f0d3f43
5f0e3f52
5f0f3f61
5f103f70
5f113f87
5f123f96
5f133fa5
5f143fb4
5f153fc3
5f163fd2
5f173fe1
5f183ff0
5f194007
5f1a4016
5f1b4025
5f1c4034
5f1d4043
5f1e4052
5f1f4061
5f204070
5f214087
5f224096
5f2340a5
5f2440b4
5f2540c3
5f2640d2
5f2740e1
5f2840f0
5f294107
5f2a4116
5f2b4125
5f2c4134
5f2d4143
5f2e4152
5f2f4161
5f304170
5f314187
5f324196
5f3341a5
5f3441b4
5f3541c3
5f3641d2
5f3741e1
5f3841f0
5f394207
5f3a4216
5f3b4225
5f3c4234
5f3d4243
5f3e4252
5f3f4261
5f404270
5f414287
5f424296
5f4342a5
5f4442b4
5f4542c3
5f4642d2
5f4742e1
5f4842f0
5f494307
5f4a4316
5f4b4325
5f4c4334
5f4d4343
5f4e4352
5f4f4361
5f504370
5f514387
5f524396
5f5343a5
5f5443b4
5f5543c3
5f5643d2
5f5743e1
5f5843f0
5f594407
5f5a4416
5f5b4425
5f5c4434
5f5d4443
5f5e4452
5f5f4461
5f604470
5f614487
5f624496
5f6344a5
5f6444b4
5f6544c3
5f6644d2
5f6744e1
5f6844f0
5f694507
5f6a4516
5f6b4525
5f6c4534
5f6d4543
5f6e4552
5f6f4561
5f704570
5f714587
5f724596
5f7345a5
5f7445b4
5f7545c3
5f7645d2
5f7745e1
5f7845f0
5f794607
5f7a4616
5f7b4625
5f7c4634
5f7d4643
5f7e4652
5f7f4661
5f800000
5f81be87
5f82be96
5f83bea5
5f84beb4
5f85bec3
5f86bed2
5f87bee1
5f88bef0
5f89bf07
5f8abf16
5f8bbf25
5f8cbf34
5f8dbf43
5f8ebf52
5f8fbf61
5f90bf70
5f91bf87
5f92bf96
5f93bfa5
5f94bfb4
5f95bfc3
5f96bfd2
5f97bfe1
5f98bff0
5f99c007
5f9ac016
5f9bc025
5f9cc034
5f9dc043
5f9ec052
5f9fc061
5fa0c070
5fa1c087
5fa2c096
5fa3c0a5
5fa4c0b4
5fa5c0c3
5fa6c0d2
5fa7c0e1
5fa8c0f0
5fa9c107
5faac116
5fabc125
5facc134
5fadc143
5faec152
5fafc161
5fb0c170
5fb1c187
5fb2c196
5fb3c1a5
5fb4c1b4
5fb5c1c3
5fb6c1d2
5fb7c1e1
5fb8c1f0
5fb9c207
5fbac216
5fbbc225
5fbcc234
5fbdc243
5fbec252
5fbfc261
5fc0c270
5fc1c287
5fc2c296
5fc3c2a5
5fc4c2b4
5fc5c2c3
5fc6c2d2
5fc7c2e1
5fc8c2f0
5fc9c307
5fcac316
5fcbc325
5fccc334
5fcdc343
5fcec352
5fcfc361
5fd0c370
5fd1c387
5fd2c396
5fd3c3a5
5fd4c3b4
5fd5c3c3
5fd6c3d2
5fd7c3e1
5fd8c3f0
5fd9c407
5fdac416
5fdbc425
5fdcc434
5fddc443
5fdec452
5fdfc461
5fe0c470
5fe1c487
5fe2c496
5fe3c4a5
5fe4c4b4
5fe5c4c3
5fe6c4d2
5fe7c4e1
5fe8c4f0
5fe9c507
5feac516
5febc525
5fecc534
5fedc543
5feec552
5fefc561
5ff0c570
5ff1c587
5ff2c596
5ff3c5a5
5ff4c5b4
5ff5c5c3
5ff6c5d2
5ff7c5e1
5ff8c5f0
5ff9c607
5ffac616
5ffbc625
5ffcc634
5ffdc643
5ffec652
5fffc661
60000000
60013e90
60023ea0
60033eb0
60043ec0
60053ed0
60063ee0
60073ef0
60083f00
60093f10
600a3f20
600b3f30
600c3f40
600d3f50
600e3f60
600f3f70
60103f80
60113f90
60123fa0
60133fb0
60143fc0
60153fd0
60163fe0
60173ff0
60184000
60194010
601a4020
601b4030
601c4040
601d4050
601e4060
601f4070
60204080
60214090
602240a0
602340b0
602440c0
602540d0
602640e0
602740f0
60284100
60294110
602a4120
602b4130
602c4140
602d4150
602e4160
602f4170
60304180
60314190
603241a0
603341b0
603441c0
603541d0
603641e0
603741f0
60384200
60394210
603a4220
603b4230
603c4240
603d4250
603e4260
603f4270
60404280
60414290
604242a0
604342b0
604442c0
604542d0
604642e0
604742f0
60484300
60494310
604a4320
604b4330
604c4340
604d4350
604e4360
604f4370
60504380
60514390
605243a0
605343b0
605443c0
605543d0
605643e0
605743f0
60584400
60594410
605a4420
605b4430
605c4440
605d4450
605e4460
605f4470
60604480
60614490
606244a0
606344b0
606444c0
606544d0
606644e0
606744f0
60684500
60694510
606a4520
606b4530
606c4540
606d4550
606e4560
606f4570
60704580
60714590
607245a0
607345b0
607445c0
607545d0
607645e0
607745f0
60784600
60794610
607a4620
607b4630
607c4640
607d4650
607e4660
607f4670
60800000
6081be90
6082bea0
6083beb0
6084bec0
6085bed0
6086bee0
6087bef0
6088bf00
6089bf10
608abf20
608bbf30
608cbf40
608dbf50
608ebf60
608fbf70
6090bf80
6091bf90
6092bfa0
6093bfb0
6094bfc0
6095bfd0
6096bfe0
6097bff0
6098c000
6099c010
609ac020
609bc030
609cc040
609dc050
609ec060
609fc070
60a0c080
60a1c090
60a2c0a0
60a3c0b0
60a4c0c0
60a5c0d0
60a6c0e0
60a7c0f0
60a8c100
60a9c110
60aac120
60abc130
60acc140
60adc150
60aec160
60afc170
60b0c180
60b1c190
60b2c1a0
60b3c1b0
60b4c1c0
60b5c1d0
60b6c1e0
60b7c1f0
60b8c200
60b9c210
60bac220
60bbc230
60bcc240
60bdc250
60bec260
60bfc270
60c0c280
60c1c290
60c2c2a0
60c3c2b0
60c4c2c0
60c5c2d0
60c6c2e0
60c7c2f0
60c8c300
60c9c310
60cac320
60cbc330
60ccc340
60cdc350
60cec360
60cfc370
60d0c380
60d1c390
60d2c3a0
60d3c3b0
60d4c3c0
60d5c3d0
60d6c3e0
60d7c3f0
60d8c400
60d9c410
60dac420
60dbc430
60dcc440
60ddc450
60dec460
60dfc470
60e0c480
60e1c490
60e2c4a0
60e3c4b0
60e4c4c0
60e5c4d0
60e6c4e0
60e7c4f0
60e8c500
60e9c510
60eac520
60ebc530
60ecc540
60edc550
60eec560
60efc570
60f0c580
60f1c590
60f2c5a0
60f3c5b0
60f4c5c0
60f5c5d0
60f6c5e0
60f7c5f0
60f8c600
60f9c610
60fac620
60fbc630
60fcc640
60fdc650
60fec660
60ffc670
61000000
61013ea2
61023eb4
61033ec6
61043ed8
61053eea
61063efc
61073f07
61083f10
61093f22
610a3f34
610b3f46
610c3f58
610d3f6a
610e3f7c
610f3f87
61103f90
61113fa2
61123fb4
61133fc6
61143fd8
61153fea
61163ffc
61174007
61184010
61194022
611a4034
611b4046
611c4058
611d406a
611e407c
611f4087
61204090
612140a2
612240b4
612340c6
612440d8
612540ea
612640fc
61274107
61284110
61294122
612a4134
612b4146
612c4158
612d416a
612e417c
612f4187
61304190
613141a2
613241b4
613341c6
613441d8
613541ea
613641fc
61374207
61384210
61394222
613a4234
613b4246
613c4258
613d426a
613e427c
613f4287
61404290
614142a2
614242b4
614342c6
614442d8
614542ea
614642fc
61474307
61484310
61494322
614a4334
614b4346
614c4358
614d436a
614e437c
614f4387
61504390
615143a2
615243b4
615343c6
615443d8
615543ea
615643fc
61574407
61584410
61594422
615a4434
615b4446
615c4458
615d446a
615e447c
615f4487
61604490
616144a2
616244b4
616344c6
616444d8
616544ea
616644fc
61674507
61684510
61694522
616a4534
616b4546
616c4558
616d456a
616e457c
616f4587
61704590
617145a2
617245b4
617345c6
617445d8
617545ea
617645fc
61774607
61784610
61794622
617a4634
617b4646
617c4658
617d466a
617e467c
617f4687
61800000
6181bea2
6182beb4
6183bec6
6184bed8
6185beea
6186befc
6187bf07
6188bf10
6189bf22
618abf34
618bbf46
618cbf58
618dbf6a
618ebf7c
618fbf87
6190bf90
6191bfa2
6192bfb4
6193bfc6
6194bfd8
6195bfea
6196bffc
6197c007
6198c010
6199c022
619ac034
619bc046
619cc058
619dc06a
619ec07c
619fc087
61a0c090
61a1c0a2
61a2c0b4
61a3c0c6
61a4c0d8
61a5c0ea
61a6c0fc
61a7c107
61a8c110
61a9c122
61aac134
61abc146
61acc158
61adc16a
61aec17c
61afc187
61b0c190
61b1c1a2
61b2c1b4
61b3c1c6
61b4c1d8
61b5c1ea
61b6c1fc
61b7c207
61b8c210
61b9c222
61bac234
61bbc246
61bcc258
61bdc26a
61bec27c
61bfc287
61c0c290
61c1c2a2
61c2c2b4
61c3c2c6
61c4c2d8
61c5c2ea
61c6c2fc
61c7c307
61c8c310
61c9c322
61cac334
61cbc346
61ccc358
61cdc36a
61cec37c
61cfc387
61d0c390
61d1c3a2
61d2c3b4
61d3c3c6
61d4c3d8
61d5c3ea
61d6c3fc
61d7c407
61d8c410
61d9c422
61dac434
61dbc446
61dcc458
61ddc46a
61dec47c
61dfc487
61e0c490
61e1c4a2
61e2c4b4
61e3c4c6
61e4c4d8
61e5c4ea
61e6c4fc
61e7c507
61e8c510
61e9c522
61eac534
61ebc546
61ecc558
61edc56a
61eec57c
61efc587
61f0c590
61f1c5a2
61f2c5b4
61f3c5c6
61f4c5d8
61f5c5ea
61f6c5fc
61f7c607
61f8c610
61f9c622
61fac634
61fbc646
61fcc658
61fdc66a
61fec67c
61ffc687
62000000
62013eb4
62023ec8
62033edc
62043ef0
62053f02
62063f0c
62073f16
62083f20
62093f34
620a3f48
620b3f5c
620c3f70
620d3f82
620e3f8c
620f3f96
62103fa0
62113fb4
62123fc8
62133fdc
62143ff0
62154002
6216400c
62174016
62184020
62194034
621a4048
621b405c
621c4070
621d4082
621e408c
621f4096
622040a0
622140b4
622240c8
622340dc
622440f0
62254102
6226410c
62274116
62284120
62294134
622a4148
622b415c
622c4170
622d4182
622e418c
622f4196
623041a0
623141b4
623241c8
623341dc
623441f0
62354202
6236420c
62374216
62384220
62394234
623a4248
623b425c
623c4270
623d4282
623e428c
623f4296
624042a0
624142b4
624242c8
624342dc
624442f0
62454302
6246430c
62474316
62484320
62494334
624a4348
624b435c
624c4370
624d4382
624e438c
624f4396
625043a0
625143b4
625243c8
625343dc
625443f0
62554402
6256440c
62574416
62584420
62594434
625a4448
625b445c
625c4470
625d4482
625e448c
625f4496
626044a0
626144b4
626244c8
626344dc
626444f0
62654502
6266450c
62674516
62684520
62694534
626a4548
626b455c
626c4570
626d4582
626e458c
626f4596
627045a0
627145b4
627245c8
627345dc
627445f0
62754602
6276460c
62774616
62784620
62794634
627a4648
627b465c
627c4670
627d4682
627e468c
627f4696
62800000
6281beb4
6282bec8
6283bedc
6284bef0
6285bf02
6286bf0c
6287bf16
6288bf20
6289bf34
628abf48
628bbf5c
628cbf70
628dbf82
628ebf8c
628fbf96
6290bfa0
6291bfb4
6292bfc8
6293bfdc
6294bff0
6295c002
6296c00c
6297c016
6298c020
6299c034
629ac048
629bc05c
629cc070
629dc082
629ec08c
629fc096
62a0c0a0
62a1c0b4
62a2c0c8
62a3c0dc
62a4c0f0
62a5c102
62a6c10c
62a7c116
62a8c120
62a9c134
62aac148
62abc15c
62acc170
62adc182
62aec18c
62afc196
62b0c1a0
62b1c1b4
62b2c1c8
62b3c1dc
62b4c1f0
62b5c202
62b6c20c
62b7c216
62b8c220
62b9c234
62bac248
62bbc25c
62bcc270
62bdc282
62bec28c
62bfc296
62c0c2a0
62c1c2b4
62c2c2c8
62c3c2dc
62c4c2f0
62c5c302
62c6c30c
62c7c316
62c8c320
62c9c334
62cac348
62cbc35c
62ccc370
62cdc382
62cec38c
62cfc396
62d0c3a0
62d1c3b4
62d2c3c8
62d3c3dc
62d4c3f0
62d5c402
62d6c40c
62d7c416
62d8c420
62d9c434
62dac448
62dbc45c
62dcc470
62ddc482
62dec48c
62dfc496
62e0c4a0
62e1c4b4
62e2c4c8
62e3c4dc
62e4c4f0
62e5c502
62e6c50c
62e7c516
62e8c520
62e9c534
62eac548
62ebc55c
62ecc570
62edc582
62eec58c
62efc596
62f0c5a0
62f1c5b4
62f2c5c8
62f3c5dc
62f4c5f0
62f5c602
62f6c60c
62f7c616
62f8c620
62f9c634
62fac648
62fbc65c
62fcc670
62fdc682
62fec68c
62ffc696
63000000
63013ec6
63023edc
63033ef2
63043f04
63053f0f
63063f1a
63073f25
63083f30
63093f46
630a3f5c
630b3f72
630c3f84
630d3f8f
630e3f9a
630f3fa5
63103fb0
63113fc6
63123fdc
63133ff2
63144004
6315400f
6316401a
63174025
63184030
63194046
631a405c
631b4072
631c4084
631d408f
631e409a
631f40a5
632040b0
632140c6
632240dc
632340f2
63244104
6325410f
6326411a
63274125
63284130
63294146
632a415c
632b4172
632c4184
632d418f
632e419a
632f41a5
633041b0
633141c6
633241dc
633341f2
63344204
6335420f
6336421a
63374225
63384230
63394246
633a425c
633b4272
633c4284
633d428f
633e429a
633f42a5
634042b0
634142c6
634242dc
634342f2
63444304
6345430f
6346431a
63474325
63484330
63494346
634a435c
634b4372
634c4384
634d438f
634e439a
634f43a5
635043b0
635143c6
635243dc
635343f2
63544404
6355440f
6356441a
63574425
63584430
63594446
635a445c
635b4472
635c4484
635d448f
635e449a
635f44a5
636044b0
636144c6
636244dc
636344f2
63644504
6365450f
6366451a
63674525
63684530
63694546
636a455c
636b4572
636c4584
636d458f
636e459a
636f45a5
637045b0
637145c6
637245dc
637345f2
63744604
6375460f
6376461a
63774625
63784630
63794646
637a465c
637b4672
637c4684
637d468f
637e469a
637f46a5
63800000
6381bec6
6382bedc
6383bef2
6384bf04
6385bf0f
6386bf1a
6387bf25
6388bf30
6389bf46
638abf5c
638bbf72
638cbf84
638dbf8f
638ebf9a
638fbfa5
6390bfb0
6391bfc6
6392bfdc
6393bff2
6394c004
6395c00f
6396c01a
6397c025
6398c030
6399c046
639ac05c
639bc072
639cc084
639dc08f
639ec09a
639fc0a5
63a0c0b0
63a1c0c6
63a2c0dc
63a3c0f2
63a4c104
63a5c10f
63a6c11a
63a7c125
63a8c130
63a9c146
63aac15c
63abc172
63acc184
63adc18f
63aec19a
63afc1a5
63b0c1b0
63b1c1c6
63b2c1dc
63b3c1f2
63b4c204
63b5c20f
63b6c21a
63b7c225
63b8c230
63b9c246
63bac25c
63bbc272
63bcc284
63bdc28f
63bec29a
63bfc2a5
63c0c2b0
63c1c2c6
63c2c2dc
63c3c2f2
63c4c304
63c5c30f
63c6c31a
63c7c325
63c8c330
63c9c346
63cac35c
63cbc372
63ccc384
63cdc38f
63cec39a
63cfc3a5
63d0c3b0
63d1c3c6
63d2c3dc
63d3c3f2
63d4c404
63d5c40f
63d6c41a
63d7c425
63d8c430
63d9c446
63dac45c
63dbc472
63dcc484
63ddc48f
63dec49a
63dfc4a5
63e0c4b0
63e1c4c6
63e2c4dc
63e3c4f2
63e4c504
63e5c50f
63e6c51a
63e7c525
63e8c530
63e9c546
63eac55c
63ebc572
63ecc584
63edc58f
63eec59a
63efc5a5
63f0c5b0
63f1c5c6
63f2c5dc
63f3c5f2
63f4c604
63f5c60f
63f6c61a
63f7c625
63f8c630
63f9c646
63fac65c
63fbc672
63fcc684
63fdc68f
63fec69a
63ffc6a5
64000000
64013ed8
64023ef0
64033f04
64043f10
64053f1c
64063f28
64073f34
64083f40
64093f58
640a3f70
640b3f84
640c3f90
640d3f9c
640e3fa8
640f3fb4
64103fc0
64113fd8
64123ff0
64134004
64144010
6415401c
64164028
64174034
64184040
64194058
641a4070
641b4084
641c4090
641d409c
641e40a8
641f40b4
642040c0
642140d8
642240f0
64234104
64244110
6425411c
64264128
64274134
64284140
64294158
642a4170
642b4184
642c4190
642d419c
642e41a8
642f41b4
643041c0
643141d8
643241f0
64334204
64344210
6435421c
64364228
64374234
64384240
64394258
643a4270
643b4284
643c4290
643d429c
643e42a8
643f42b4
644042c0
644142d8
644242f0
64434304
64444310
6445431c
64464328
64474334
64484340
64494358
644a4370
644b4384
644c4390
644d439c
644e43a8
644f43b4
645043c0
645143d8
645243f0
64534404
64544410
6455441c
64564428
64574434
64584440
64594458
645a4470
645b4484
645c4490
645d449c
645e44a8
645f44b4
646044c0
646144d8
646244f0
64634504
64644510
6465451c
64664528
64674534
64684540
64694558
646a4570
646b4584
646c4590
646d459c
646e45a8
646f45b4
647045c0
647145d8
647245f0
64734604
64744610
6475461c
64764628
64774634
64784640
64794658
647a4670
647b4684
647c4690
647d469c
647e46a8
647f46b4
64800000
6481bed8
6482bef0
6483bf04
6484bf10
6485bf1c
6486bf28
6487bf34
6488bf40
6489bf58
648abf70
648bbf84
648cbf90
648dbf9c
648ebfa8
648fbfb4
6490bfc0
6491bfd8
6492bff0
6493c004
6494c010
6495c01c
6496c028
6497c034
6498c040
6499c058
649ac070
649bc084
649cc090
649dc09c
649ec0a8
649fc0b4
64a0c0c0
64a1c0d8
64a2c0f0
64a3c104
64a4c110
64a5c11c
64a6c128
64a7c134
64a8c140
64a9c158
64aac170
64abc184
64acc190
64adc19c
64aec1a8
64afc1b4
64b0c1c0
64b1c1d8
64b2c1f0
64b3c204
64b4c210
64b5c21c
64b6c228
64b7c234
64b8c240
64b9c258
64bac270
64bbc284
64bcc290
64bdc29c
64bec2a8
64bfc2b4
64c0c2c0
64c1c2d8
64c2c2f0
64c3c304
64c4c310
64c5c31c
64c6c328
64c7c334
64c8c340
64c9c358
64cac370
64cbc384
64ccc390
64cdc39c
64cec3a8
64cfc3b4
64d0c3c0
64d1c3d8
64d2c3f0
64d3c404
64d4c410
64d5c41c
64d6c428
64d7c434
64d8c440
64d9c458
64dac470
64dbc484
64dcc490
64ddc49c
64dec4a8
64dfc4b4
64e0c4c0
64e1c4d8
64e2c4f0
64e3c504
64e4c510
64e5c51c
64e6c528
64e7c534
64e8c540
64e9c558
64eac570
64ebc584
64ecc590
64edc59c
64eec5a8
64efc5b4
64f0c5c0
64f1c5d8
64f2c5f0
64f3c604
64f4c610
64f5c61c
64f6c628
64f7c634
64f8c640
64f9c658
64fac670
64fbc684
64fcc690
64fdc69c
64fec6a8
64ffc6b4
65000000
65013eea
65023f02
65033f0f
65043f1c
65053f29
65063f36
65073f43
65083f50
65093f6a
650a3f82
650b3f8f
650c3f9c
650d3fa9
650e3fb6
650f3fc3
65103fd0
65113fea
65124002
6513400f
6514401c
65154029
65164036
65174043
65184050
6519406a
651a4082
651b408f
651c409c
651d40a9
651e40b6
651f40c3
652040d0
652140ea
65224102
6523410f
6524411c
65254129
65264136
65274143
65284150
6529416a
652a4182
652b418f
652c419c
652d41a9
652e41b6
652f41c3
653041d0
653141ea
65324202
6533420f
6534421c
65354229
65364236
65374243
65384250
6539426a
653a4282
653b428f
653c429c
653d42a9
653e42b6
653f42c3
654042d0
654142ea
65424302
6543430f
6544431c
65454329
65464336
65474343
65484350
6549436a
654a4382
654b438f
654c439c
654d43a9
654e43b6
654f43c3
655043d0
655143ea
65524402
6553440f
6554441c
65554429
65564436
65574443
65584450
6559446a
655a4482
655b448f
655c449c
655d44a9
655e44b6
655f44c3
656044d0
656144ea
65624502
6563450f
6564451c
65654529
65664536
65674543
65684550
6569456a
656a4582
656b458f
656c459c
656d45a9
656e45b6
656f45c3
657045d0
657145ea
65724602
6573460f
6574461c
65754629
65764636
65774643
65784650
6579466a
657a4682
657b468f
657c469c
657d46a9
657e46b6
657f46c3
65800000
6581beea
6582bf02
6583bf0f
6584bf1c
6585bf29
6586bf36
6587bf43
6588bf50
6589bf6a
658abf82
658bbf8f
658cbf9c
658dbfa9
658ebfb6
658fbfc3
6590bfd0
6591bfea
6592c002
6593c00f
6594c01c
6595c029
6596c036
6597c043
6598c050
6599c06a
659ac082
659bc08f
659cc09c
659dc0a9
659ec0b6
659fc0c3
65a0c0d0
65a1c0ea
65a2c102
65a3c10f
65a4c11c
65a5c129
65a6c136
65a7c143
65a8c150
65a9c16a
65aac182
65abc18f
65acc19c
65adc1a9
65aec1b6
65afc1c3
65b0c1d0
65b1c1ea
65b2c202
65b3c20f
65b4c21c
65b5c229
65b6c236
65b7c243
65b8c250
65b9c26a
65bac282
65bbc28f
65bcc29c
65bdc2a9
65bec2b6
65bfc2c3
65c0c2d0
65c1c2ea
65c2c302
65c3c30f
65c4c31c
65c5c329
65c6c336
65c7c343
65c8c350
65c9c36a
65cac382
65cbc38f
65ccc39c
65cdc3a9
65cec3b6
65cfc3c3
65d0c3d0
65d1c3ea
65d2c402
65d3c40f
65d4c41c
65d5c429
65d6c436
65d7c443
65d8c450
65d9c46a
65dac482
65dbc48f
65dcc49c
65ddc4a9
65dec4b6
65dfc4c3
65e0c4d0
65e1c4ea
65e2c502
65e3c50f
65e4c51c
65e5c529
65e6c536
65e7c543
65e8c550
65e9c56a
65eac582
65ebc58f
65ecc59c
65edc5a9
65eec5b6
65efc5c3
65f0c5d0
65f1c5ea
65f2c602
65f3c60f
65f4c61c
65f5c629
65f6c636
65f7c643
65f8c650
65f9c66a
65fac682
65fbc68f
65fcc69c
65fdc6a9
65fec6b6
65ffc6c3
66000000
66013efc
66023f0c
66033f1a
66043f28
66053f36
66063f44
66073f52
66083f60
66093f7c
660a3f8c
660b3f9a
660c3fa8
660d3fb6
660e3fc4
660f3fd2
66103fe0
66113ffc
6612400c
6613401a
66144028
66154036
66164044
66174052
66184060
6619407c
661a408c
661b409a
661c40a8
661d40b6
661e40c4
661f40d2
662040e0
662140fc
6622410c
6623411a
66244128
66254136
66264144
66274152
66284160
6629417c
662a418c
662b419a
662c41a8
662d41b6
662e41c4
662f41d2
663041e0
663141fc
6632420c
6633421a
66344228
66354236
66364244
66374252
66384260
6639427c
663a428c
663b429a
663c42a8
663d42b6
663e42c4
663f42d2
664042e0
664142fc
6642430c
6643431a
66444328
66454336
66464344
66474352
66484360
6649437c
664a438c
664b439a
664c43a8
664d43b6
664e43c4
664f43d2
665043e0
665143fc
6652440c
6653441a
66544428
66554436
66564444
66574452
66584460
6659447c
665a448c
665b449a
665c44a8
665d44b6
665e44c4
665f44d2
666044e0
666144fc
6662450c
6663451a
66644528
66654536
66664544
66674552
66684560
6669457c
666a458c
666b459a
666c45a8
666d45b6
666e45c4
666f45d2
667045e0
667145fc
6672460c
6673461a
66744628
66754636
66764644
66774652
66784660
6679467c
667a468c
667b469a
667c46a8
667d46b6
667e46c4
667f46d2
66800000
6681befc
6682bf0c
6683bf1a
6684bf28
6685bf36
6686bf44
6687bf52
6688bf60
6689bf7c
668abf8c
668bbf9a
668cbfa8
668dbfb6
668ebfc4
668fbfd2
6690bfe0
6691bffc
6692c00c
6693c01a
6694c028
6695c036
6696c044
6697c052
6698c060
6699c07c
669ac08c
669bc09a
669cc0a8
669dc0b6
669ec0c4
669fc0d2
66a0c0e0
66a1c0fc
66a2c10c
66a3c11a
66a4c128
66a5c136
66a6c144
66a7c152
66a8c160
66a9c17c
66aac18c
66abc19a
66acc1a8
66adc1b6
66aec1c4
66afc1d2
66b0c1e0
66b1c1fc
66b2c20c
66b3c21a
66b4c228
66b5c236
66b6c244
66b7c252
66b8c260
66b9c27c
66bac28c
66bbc29a
66bcc2a8
66bdc2b6
66bec2c4
66bfc2d2
66c0c2e0
66c1c2fc
66c2c30c
66c3c31a
66c4c328
66c5c336
66c6c344
66c7c352
66c8c360
66c9c37c
66cac38c
66cbc39a
66ccc3a8
66cdc3b6
66cec3c4
66cfc3d2
66d0c3e0
66d1c3fc
66d2c40c
66d3c41a
66d4c428
66d5c436
66d6c444
66d7c452
66d8c460
66d9c47c
66dac48c
66dbc49a
66dcc4a8
66ddc4b6
66dec4c4
66dfc4d2
66e0c4e0
66e1c4fc
66e2c50c
66e3c51a
66e4c528
66e5c536
66e6c544
66e7c552
66e8c560
66e9c57c
66eac58c
66ebc59a
66ecc5a8
66edc5b6
66eec5c4
66efc5d2
66f0c5e0
66f1c5fc
66f2c60c
66f3c61a
66f4c628
66f5c636
66f6c644
66f7c652
66f8c660
66f9c67c
66fac68c
66fbc69a
66fcc6a8
66fdc6b6
66fec6c4
66ffc6d2
67000000
67013f07
67023f16
67033f25
67043f34
67053f43
67063f52
67073f61
67083f70
67093f87
670a3f96
670b3fa5
670c3fb4
670d3fc3
670e3fd2
670f3fe1
67103ff0
67114007
67124016
67134025
67144034
67154043
67164052
67174061
67184070
67194087
671a4096
671b40a5
671c40b4
671d40c3
671e40d2
671f40e1
672040f0
67214107
67224116
67234125
67244134
67254143
67264152
67274161
67284170
67294187
672a4196
672b41a5
672c41b4
672d41c3
672e41d2
672f41e1
673041f0
67314207
67324216
67334225
67344234
67354243
67364252
67374261
67384270
67394287
673a4296
673b42a5
673c42b4
673d42c3
673e42d2
673f42e1
674042f0
67414307
67424316
67434325
67444334
67454343
67464352
67474361
67484370
67494387
674a4396
674b43a5
674c43b4
674d43c3
674e43d2
674f43e1
675043f0
67514407
67524416
67534425
67544434
67554443
67564452
67574461
67584470
67594487
675a4496
675b44a5
675c44b4
675d44c3
675e44d2
675f44e1
676044f0
67614507
67624516
67634525
67644534
67654543
67664552
67674561
67684570
67694587
676a4596
676b45a5
676c45b4
676d45c3
676e45d2
676f45e1
677045f0
67714607
67724616
67734625
67744634
67754643
67764652
67774661
67784670
67794687
677a4696
677b46a5
677c46b4
677d46c3
677e46d2
677f46e1
67800000
6781bf07
6782bf16
6783bf25
6784bf34
6785bf43
6786bf52
6787bf61
6788bf70
6789bf87
678abf96
678bbfa5
678cbfb4
678dbfc3
678ebfd2
678fbfe1
6790bff0
6791c007
6792c016
6793c025
6794c034
6795c043
6796c052
6797c061
6798c070
6799c087
679ac096
679bc0a5
679cc0b4
679dc0c3
679ec0d2
679fc0e1
67a0c0f0
67a1c107
67a2c116
67a3c125
67a4c134
67a5c143
67a6c152
67a7c161
67a8c170
67a9c187
67aac196
67abc1a5
67acc1b4
67adc1c3
67aec1d2
67afc1e1
67b0c1f0
67b1c207
67b2c216
67b3c225
67b4c234
67b5c243
67b6c252
67b7c261
67b8c270
67b9c287
67bac296
67bbc2a5
67bcc2b4
67bdc2c3
67bec2d2
67bfc2e1
67c0c2f0
67c1c307
67c2c316
67c3c325
67c4c334
67c5c343
67c6c352
67c7c361
67c8c370
67c9c387
67cac396
67cbc3a5
67ccc3b4
67cdc3c3
67cec3d2
67cfc3e1
67d0c3f0
67d1c407
67d2c416
67d3c425
67d4c434
67d5c443
67d6c452
67d7c461
67d8c470
67d9c487
67dac496
67dbc4a5
67dcc4b4
67ddc4c3
67dec4d2
67dfc4e1
67e0c4f0
67e1c507
67e2c516
67e3c525
67e4c534
67e5c543
67e6c552
67e7c561
67e8c570
67e9c587
67eac596
67ebc5a5
67ecc5b4
67edc5c3
67eec5d2
67efc5e1
67f0c5f0
67f1c607
67f2c616
67f3c625
67f4c634
67f5c643
67f6c652
67f7c661
67f8c670
67f9c687
67fac696
67fbc6a5
67fcc6b4
67fdc6c3
67fec6d2
67ffc6e1
68000000
68013f10
68023f20
68033f30
68043f40
68053f50
68063f60
68073f70
68083f80
68093f90
680a3fa0
680b3fb0
680c3fc0
680d3fd0
680e3fe0
680f3ff0
68104000
68114010
68124020
68134030
68144040
68154050
68164060
68174070
68184080
68194090
681a40a0
681b40b0
681c40c0
681d40d0
681e40e0
681f40f0
68204100
68214110
68224120
68234130
68244140
68254150
68264160
68274170
68284180
68294190
682a41a0
682b41b0
682c41c0
682d41d0
682e41e0
682f41f0
68304200
68314210
68324220
68334230
68344240
68354250
68364260
68374270
68384280
68394290
683a42a0
683b42b0
683c42c0
683d42d0
683e42e0
683f42f0
68404300
68414310
68424320
68434330
68444340
68454350
68464360
68474370
68484380
68494390
684a43a0
684b43b0
684c43c0
684d43d0
684e43e0
684f43f0
68504400
68514410
68524420
68534430
68544440
68554450
68564460
68574470
68584480
68594490
685a44a0
685b44b0
685c44c0
685d44d0
685e44e0
685f44f0
68604500
68614510
68624520
68634530
68644540
68654550
68664560
68674570
68684580
68694590
686a45a0
686b45b0
686c45c0
686d45d0
686e45e0
686f45f0
68704600
68714610
68724620
68734630
68744640
68754650
68764660
68774670
68784680
68794690
687a46a0
687b46b0
687c46c0
687d46d0
687e46e0
687f46f0
68800000
6881bf10
6882bf20
6883bf30
6884bf40
6885bf50
6886bf60
6887bf70
6888bf80
6889bf90
688abfa0
688bbfb0
688cbfc0
688dbfd0
688ebfe0
688fbff0
6890c000
6891c010
6892c020
6893c030
6894c040
6895c050
6896c060
6897c070
6898c080
6899c090
689ac0a0
689bc0b0
689cc0c0
689dc0d0
689ec0e0
689fc0f0
68a0c100
68a1c110
68a2c120
68a3c130
68a4c140
68a5c150
68a6c160
68a7c170
68a8c180
68a9c190
68aac1a0
68abc1b0
68acc1c0
68adc1d0
68aec1e0
68afc1f0
68b0c200
68b1c210
68b2c220
68b3c230
68b4c240
68b5c250
68b6c260
68b7c270
68b8c280
68b9c290
68bac2a0
68bbc2b0
68bcc2c0
68bdc2d0
68bec2e0
68bfc2f0
68c0c300
68c1c310
68c2c320
68c3c330
68c4c340
68c5c350
68c6c360
68c7c370
68c8c380
68c9c390
68cac3a0
68cbc3b0
68ccc3c0
68cdc3d0
68cec3e0
68cfc3f0
68d0c400
68d1c410
68d2c420
68d3c430
68d4c440
68d5c450
68d6c460
68d7c470
68d8c480
68d9c490
68dac4a0
68dbc4b0
68dcc4c0
68ddc4d0
68dec4e0
68dfc4f0
68e0c500
68e1c510
68e2c520
68e3c530
68e4c540
68e5c550
68e6c560
68e7c570
68e8c580
68e9c590
68eac5a0
68ebc5b0
68ecc5c0
68edc5d0
68eec5e0
68efc5f0
68f0c600
68f1c610
68f2c620
68f3c630
68f4c640
68f5c650
68f6c660
68f7c670
68f8c680
68f9c690
68fac6a0
68fbc6b0
68fcc6c0
68fdc6d0
68fec6e0
68ffc6f0
69000000
69013f22
69023f34
69033f46
69043f58
69053f6a
69063f7c
69073f87
69083f90
69093fa2
690a3fb4
690b3fc6
690c3fd8
690d3fea
690e3ffc
690f4007
69104010
69114022
69124034
69134046
69144058
6915406a
6916407c
69174087
69184090
691940a2
691a40b4
691b40c6
691c40d8
691d40ea
691e40fc
691f4107
69204110
69214122
69224134
69234146
69244158
6925416a
6926417c
69274187
69284190
692941a2
692a41b4
692b41c6
692c41d8
692d41ea
692e41fc
692f4207
69304210
69314222
69324234
69334246
69344258
6935426a
6936427c
69374287
69384290
693942a2
693a42b4
693b42c6
693c42d8
693d42ea
693e42fc
693f4307
69404310
69414322
69424334
69434346
69444358
6945436a
6946437c
69474387
69484390
694943a2
694a43b4
694b43c6
694c43d8
694d43ea
694e43fc
694f4407
69504410
69514422
69524434
69534446
69544458
6955446a
6956447c
69574487
69584490
695944a2
695a44b4
695b44c6
695c44d8
695d44ea
695e44fc
695f4507
69604510
69614522
69624534
69634546
69644558
6965456a
6966457c
69674587
69684590
696945a2
696a45b4
696b45c6
696c45d8
696d45ea
696e45fc
696f4607
69704610
69714622
69724634
69734646
69744658
6975466a
6976467c
69774687
69784690
697946a2
697a46b4
697b46c6
697c46d8
697d46ea
697e46fc
697f4707
69800000
6981bf22
6982bf34
6983bf46
6984bf58
6985bf6a
6986bf7c
6987bf87
6988bf90
6989bfa2
698abfb4
698bbfc6
698cbfd8
698dbfea
698ebffc
698fc007
6990c010
6991c022
6992c034
6993c046
6994c058
6995c06a
6996c07c
6997c087
6998c090
6999c0a2
699ac0b4
699bc0c6
699cc0d8
699dc0ea
699ec0fc
699fc107
69a0c110
69a1c122
69a2c134
69a3c146
69a4c158
69a5c16a
69a6c17c
69a7c187
69a8c190
69a9c1a2
69aac1b4
69abc1c6
69acc1d8
69adc1ea
69aec1fc
69afc207
69b0c210
69b1c222
69b2c234
69b3c246
69b4c258
69b5c26a
69b6c27c
69b7c287
69b8c290
69b9c2a2
69bac2b4
69bbc2c6
69bcc2d8
69bdc2ea
69bec2fc
69bfc307
69c0c310
69c1c322
69c2c334
69c3c346
69c4c358
69c5c36a
69c6c37c
69c7c387
69c8c390
69c9c3a2
69cac3b4
69cbc3c6
69ccc3d8
69cdc3ea
69cec3fc
69cfc407
69d0c410
69d1c422
69d2c434
69d3c446
69d4c458
69d5c46a
69d6c47c
69d7c487
69d8c490
69d9c4a2
69dac4b4
69dbc4c6
69dcc4d8
69ddc4ea
69dec4fc
69dfc507
69e0c510
69e1c522
69e2c534
69e3c546
69e4c558
69e5c56a
69e6c57c
69e7c587
69e8c590
69e9c5a2
69eac5b4
69ebc5c6
69ecc5d8
69edc5ea
69eec5fc
69efc607
69f0c610
69f1c622
69f2c634
69f3c646
69f4c658
69f5c66a
69f6c67c
69f7c687
69f8c690
69f9c6a2
69fac6b4
69fbc6c6
69fcc6d8
69fdc6ea
69fec6fc
69ffc707
6a000000
6a013f34
6a023f48
6a033f5c
6a043f70
6a053f82
6a063f8c
6a073f96
6a083fa0
6a093fb4
6a0a3fc8
6a0b3fdc
6a0c3ff0
6a0d4002
6a0e400c
6a0f4016
6a104020
6a114034
6a124048
6a13405c
6a144070
6a154082
6a16408c
6a174096
6a1840a0
6a1940b4
6a1a40c8
6a1b40dc
6a1c40f0
6a1d4102
6a1e410c
6a1f4116
6a204120
6a214134
6a224148
6a23415c
6a244170
6a254182
6a26418c
6a274196
6a2841a0
6a2941b4
6a2a41c8
6a2b41dc
6a2c41f0
6a2d4202
6a2e420c
6a2f4216
6a304220
6a314234
6a324248
6a33425c
6a344270
6a354282
6a36428c
6a374296
6a3842a0
6a3942b4
6a3a42c8
6a3b42dc
6a3c42f0
6a3d4302
6a3e430c
6a3f4316
6a404320
6a414334
6a424348
6a43435c
6a444370
6a454382
6a46438c
6a474396
6a4843a0
6a4943b4
6a4a43c8
6a4b43dc
6a4c43f0
6a4d4402
6a4e440c
6a4f4416
6a504420
6a514434
6a524448
6a53445c
6a544470
6a554482
6a56448c
6a574496
6a5844a0
6a5944b4
6a5a44c8
6a5b44dc
6a5c44f0
6a5d4502
6a5e450c
6a5f4516
6a604520
6a614534
6a624548
6a63455c
6a644570
6a654582
6a66458c
6a674596
6a6845a0
6a6945b4
6a6a45c8
6a6b45dc
6a6c45f0
6a6d4602
6a6e460c
6a6f4616
6a704620
6a714634
6a724648
6a73465c
6a744670
6a754682
6a76468c
6a774696
6a7846a0
6a7946b4
6a7a46c8
6a7b46dc
6a7c46f0
6a7d4702
6a7e470c
6a7f4716
6a800000
6a81bf34
6a82bf48
6a83bf5c
6a84bf70
6a85bf82
6a86bf8c
6a87bf96
6a88bfa0
6a89bfb4
6a8abfc8
6a8bbfdc
6a8cbff0
6a8dc002
6a8ec00c
6a8fc016
6a90c020
6a91c034
6a92c048
6a93c05c
6a94c070
6a95c082
6a96c08c
6a97c096
6a98c0a0
6a99c0b4
6a9ac0c8
6a9bc0dc
6a9cc0f0
6a9dc102
6a9ec10c
6a9fc116
6aa0c120
6aa1c134
6aa2c148
6aa3c15c
6aa4c170
6aa5c182
6aa6c18c
6aa7c196
6aa8c1a0
6aa9c1b4
6aaac1c8
6aabc1dc
6aacc1f0
6aadc202
6aaec20c
6aafc216
6ab0c220
6ab1c234
6ab2c248
6ab3c25c
6ab4c270
6ab5c282
6ab6c28c
6ab7c296
6ab8c2a0
6ab9c2b4
6abac2c8
6abbc2dc
6abcc2f0
6abdc302
6abec30c
6abfc316
6ac0c320
6ac1c334
6ac2c348
6ac3c35c
6ac4c370
6ac5c382
6ac6c38c
6ac7c396
6ac8c3a0
6ac9c3b4
6acac3c8
6acbc3dc
6accc3f0
6acdc402
6acec40c
6acfc416
6ad0c420
6ad1c434
6ad2c448
6ad3c45c
6ad4c470
6ad5c482
6ad6c48c
6ad7c496
6ad8c4a0
6ad9c4b4
6adac4c8
6adbc4dc
6adcc4f0
6addc502
6adec50c
6adfc516
6ae0c520
6ae1c534
6ae2c548
6ae3c55c
6ae4c570
6ae5c582
6ae6c58c
6ae7c596
6ae8c5a0
6ae9c5b4
6aeac5c8
6aebc5dc
6aecc5f0
6aedc602
6aeec60c
6aefc616
6af0c620
6af1c634
6af2c648
6af3c65c
6af4c670
6af5c682
6af6c68c
6af7c696
6af8c6a0
6af9c6b4
6afac6c8
6afbc6dc
6afcc6f0
6afdc702
6afec70c
6affc716
6b000000
6b013f46
6b023f5c
6b033f72
6b043f84
6b053f8f
6b063f9a
6b073fa5
6b083fb0
6b093fc6
6b0a3fdc
6b0b3ff2
6b0c4004
6b0d400f
6b0e401a
6b0f4025
6b104030
6b114046
6b12405c
6b134072
6b144084
6b15408f
6b16409a
6b1740a5
6b1840b0
6b1940c6
6b1a40dc
6b1b40f2
6b1c4104
6b1d410f
6b1e411a
6b1f4125
6b204130
6b214146
6b22415c
6b234172
6b244184
6b25418f
6b26419a
6b2741a5
6b2841b0
6b2941c6
6b2a41dc
6b2b41f2
6b2c4204
6b2d420f
6b2e421a
6b2f4225
6b304230
6b314246
6b32425c
6b334272
6b344284
6b35428f
6b36429a
6b3742a5
6b3842b0
6b3942c6
6b3a42dc
6b3b42f2
6b3c4304
6b3d430f
6b3e431a
6b3f4325
6b404330
6b414346
6b42435c
6b434372
6b444384
6b45438f
6b46439a
6b4743a5
6b4843b0
6b4943c6
6b4a43dc
6b4b43f2
6b4c4404
6b4d440f
6b4e441a
6b4f4425
6b504430
6b514446
6b52445c
6b534472
6b544484
6b55448f
6b56449a
6b5744a5
6b5844b0
6b5944c6
6b5a44dc
6b5b44f2
6b5c4504
6b5d450f
6b5e451a
6b5f4525
6b604530
6b614546
6b62455c
6b634572
6b644584
6b65458f
6b66459a
6b6745a5
6b6845b0
6b6945c6
6b6a45dc
6b6b45f2
6b6c4604
6b6d460f
6b6e461a
6b6f4625
6b704630
6b714646
6b72465c
6b734672
6b744684
6b75468f
6b76469a
6b7746a5
6b7846b0
6b7946c6
6b7a46dc
6b7b46f2
6b7c4704
6b7d470f
6b7e471a
6b7f4725
6b800000
6b81bf46
6b82bf5c
6b83bf72
6b84bf84
6b85bf8f
6b86bf9a
6b87bfa5
6b88bfb0
6b89bfc6
6b8abfdc
6b8bbff2
6b8cc004
6b8dc00f
6b8ec01a
6b8fc025
6b90c030
6b91c046
6b92c05c
6b93c072
6b94c084
6b95c08f
6b96c09a
6b97c0a5
6b98c0b0
6b99c0c6
6b9ac0dc
6b9bc0f2
6b9cc104
6b9dc10f
6b9ec11a
6b9fc125
6ba0c130
6ba1c146
6ba2c15c
6ba3c172
6ba4c184
6ba5c18f
6ba6c19a
6ba7c1a5
6ba8c1b0
6ba9c1c6
6baac1dc
6babc1f2
6bacc204
6badc20f
6baec21a
6bafc225
6bb0c230
6bb1c246
6bb2c25c
6bb3c272
6bb4c284
6bb5c28f
6bb6c29a
6bb7c2a5
6bb8c2b0
6bb9c2c6
6bbac2dc
6bbbc2f2
6bbcc304
6bbdc30f
6bbec31a
6bbfc325
6bc0c330
6bc1c346
6bc2c35c
6bc3c372
6bc4c384
6bc5c38f
6bc6c39a
6bc7c3a5
6bc8c3b0
6bc9c3c6
6bcac3dc
6bcbc3f2
6bccc404
6bcdc40f
6bcec41a
6bcfc425
6bd0c430
6bd1c446
6bd2c45c
6bd3c472
6bd4c484
6bd5c48f
6bd6c49a
6bd7c4a5
6bd8c4b0
6bd9c4c6
6bdac4dc
6bdbc4f2
6bdcc504
6bddc50f
6bdec51a
6bdfc525
6be0c530
6be1c546
6be2c55c
6be3c572
6be4c584
6be5c58f
6be6c59a
6be7c5a5
6be8c5b0
6be9c5c6
6beac5dc
6bebc5f2
6becc604
6bedc60f
6beec61a
6befc625
6bf0c630
6bf1c646
6bf2c65c
6bf3c672
6bf4c684
6bf5c68f
6bf6c69a
6bf7c6a5
6bf8c6b0
6bf9c6c6
6bfac6dc
6bfbc6f2
6bfcc704
6bfdc70f
6bfec71a
6bffc725
6c000000
6c013f58
6c023f70
6c033f84
6c043f90
6c053f9c
6c063fa8
6c073fb4
6c083fc0
6c093fd8
6c0a3ff0
6c0b4004
6c0c4010
6c0d401c
6c0e4028
6c0f4034
6c104040
6c114058
6c124070
6c134084
6c144090
6c15409c
6c1640a8
6c1740b4
6c1840c0
6c1940d8
6c1a40f0
6c1b4104
6c1c4110
6c1d411c
6c1e4128
6c1f4134
6c204140
6c214158
6c224170
6c234184
6c244190
6c25419c
6c2641a8
6c2741b4
6c2841c0
6c2941d8
6c2a41f0
6c2b4204
6c2c4210
6c2d421c
6c2e4228
6c2f4234
6c304240
6c314258
6c324270
6c334284
6c344290
6c35429c
6c3642a8
6c3742b4
6c3842c0
6c3942d8
6c3a42f0
6c3b4304
6c3c4310
6c3d431c
6c3e4328
6c3f4334
6c404340
6c414358
6c424370
6c434384
6c444390
6c45439c
6c4643a8
6c4743b4
6c4843c0
6c4943d8
6c4a43f0
6c4b4404
6c4c4410
6c4d441c
6c4e4428
6c4f4434
6c504440
6c514458
6c524470
6c534484
6c544490
6c55449c
6c5644a8
6c5744b4
6c5844c0
6c5944d8
6c5a44f0
6c5b4504
6c5c4510
6c5d451c
6c5e4528
6c5f4534
6c604540
6c614558
6c624570
6c634584
6c644590
6c65459c
6c6645a8
6c6745b4
6c6845c0
6c6945d8
6c6a45f0
6c6b4604
6c6c4610
6c6d461c
6c6e4628
6c6f4634
6c704640
6c714658
6c724670
6c734684
6c744690
6c75469c
6c7646a8
6c7746b4
6c7846c0
6c7946d8
6c7a46f0
6c7b4704
6c7c4710
6c7d471c
6c7e4728
6c7f4734
6c800000
6c81bf58
6c82bf70
6c83bf84
6c84bf90
6c85bf9c
6c86bfa8
6c87bfb4
6c88bfc0
6c89bfd8
6c8abff0
6c8bc004
6c8cc010
6c8dc01c
6c8ec028
6c8fc034
6c90c040
6c91c058
6c92c070
6c93c084
6c94c090
6c95c09c
6c96c0a8
6c97c0b4
6c98c0c0
6c99c0d8
6c9ac0f0
6c9bc104
6c9cc110
6c9dc11c
6c9ec128
6c9fc134
6ca0c140
6ca1c158
6ca2c170
6ca3c184
6ca4c190
6ca5c19c
6ca6c1a8
6ca7c1b4
6ca8c1c0
6ca9c1d8
6caac1f0
6cabc204
6cacc210
6cadc21c
6caec228
6cafc234
6cb0c240
6cb1c258
6cb2c270
6cb3c284
6cb4c290
6cb5c29c
6cb6c2a8
6cb7c2b4
6cb8c2c0
6cb9c2d8
6cbac2f0
6cbbc304
6cbcc310
6cbdc31c
6cbec328
6cbfc334
6cc0c340
6cc1c358
6cc2c370
6cc3c384
6cc4c390
6cc5c39c
6cc6c3a8
6cc7c3b4
6cc8c3c0
6cc9c3d8
6ccac3f0
6ccbc404
6cccc410
6ccdc41c
6ccec428
6ccfc434
6cd0c440
6cd1c458
6cd2c470
6cd3c484
6cd4c490
6cd5c49c
6cd6c4a8
6cd7c4b4
6cd8c4c0
6cd9c4d8
6cdac4f0
6cdbc504
6cdcc510
6cddc51c
6cdec528
6cdfc534
6ce0c540
6ce1c558
6ce2c570
6ce3c584
6ce4c590
6ce5c59c
6ce6c5a8
6ce7c5b4
6ce8c5c0
6ce9c5d8
6ceac5f0
6cebc604
6cecc610
6cedc61c
6ceec628
6cefc634
6cf0c640
6cf1c658
6cf2c670
6cf3c684
6cf4c690
6cf5c69c
6cf6c6a8
6cf7c6b4
6cf8c6c0
6cf9c6d8
6cfac6f0
6cfbc704
6cfcc710
6cfdc71c
6cfec728
6cffc734
6d000000
6d013f6a
6d023f82
6d033f8f
6d043f9c
6d053fa9
6d063fb6
6d073fc3
6d083fd0
6d093fea
6d0a4002
6d0b400f
6d0c401c
6d0d4029
6d0e4036
6d0f4043
6d104050
6d11406a
6d124082
6d13408f
6d14409c
6d1540a9
6d1640b6
6d1740c3
6d1840d0
6d1940ea
6d1a4102
6d1b410f
6d1c411c
6d1d4129
6d1e4136
6d1f4143
6d204150
6d21416a
6d224182
6d23418f
6d24419c
6d2541a9
6d2641b6
6d2741c3
6d2841d0
6d2941ea
6d2a4202
6d2b420f
6d2c421c
6d2d4229
6d2e4236
6d2f4243
6d304250
6d31426a
6d324282
6d33428f
6d34429c
6d3542a9
6d3642b6
6d3742c3
6d3842d0
6d3942ea
6d3a4302
6d3b430f
6d3c431c
6d3d4329
6d3e4336
6d3f4343
6d404350
6d41436a
6d424382
6d43438f
6d44439c
6d4543a9
6d4643b6
6d4743c3
6d4843d0
6d4943ea
6d4a4402
6d4b440f
6d4c441c
6d4d4429
6d4e4436
6d4f4443
6d504450
6d51446a
6d524482
6d53448f
6d54449c
6d5544a9
6d5644b6
6d5744c3
6d5844d0
6d5944ea
6d5a4502
6d5b450f
6d5c451c
6d5d4529
6d5e4536
6d5f4543
6d604550
6d61456a
6d624582
6d63458f
6d64459c
6d6545a9
6d6645b6
6d6745c3
6d6845d0
6d6945ea
6d6a4602
6d6b460f
6d6c461c
6d6d4629
6d6e4636
6d6f4643
6d704650
6d71466a
6d724682
6d73468f
6d74469c
6d7546a9
6d7646b6
6d7746c3
6d7846d0
6d7946ea
6d7a4702
6d7b470f
6d7c471c
6d7d4729
6d7e4736
6d7f4743
6d800000
6d81bf6a
6d82bf82
6d83bf8f
6d84bf9c
6d85bfa9
6d86bfb6
6d87bfc3
6d88bfd0
6d89bfea
6d8ac002
6d8bc00f
6d8cc01c
6d8dc029
6d8ec036
6d8fc043
6d90c050
6d91c06a
6d92c082
6d93c08f
6d94c09c
6d95c0a9
6d96c0b6
6d97c0c3
6d98c0d0
6d99c0ea
6d9ac102
6d9bc10f
6d9cc11c
6d9dc129
6d9ec136
6d9fc143
6da0c150
6da1c16a
6da2c182
6da3c18f
6da4c19c
6da5c1a9
6da6c1b6
6da7c1c3
6da8c1d0
6da9c1ea
6daac202
6dabc20f
6dacc21c
6dadc229
6daec236
6dafc243
6db0c250
6db1c26a
6db2c282
6db3c28f
6db4c29c
6db5c2a9
6db6c2b6
6db7c2c3
6db8c2d0
6db9c2ea
6dbac302
6dbbc30f
6dbcc31c
6dbdc329
6dbec336
6dbfc343
6dc0c350
6dc1c36a
6dc2c382
6dc3c38f
6dc4c39c
6dc5c3a9
6dc6c3b6
6dc7c3c3
6dc8c3d0
6dc9c3ea
6dcac402
6dcbc40f
6dccc41c
6dcdc429
6dcec436
6dcfc443
6dd0c450
6dd1c46a
6dd2c482
6dd3c48f
6dd4c49c
6dd5c4a9
6dd6c4b6
6dd7c4c3
6dd8c4d0
6dd9c4ea
6ddac502
6ddbc50f
6ddcc51c
6dddc529
6ddec536
6ddfc543
6de0c550
6de1c56a
6de2c582
6de3c58f
6de4c59c
6de5c5a9
6de6c5b6
6de7c5c3
6de8c5d0
6de9c5ea
6deac602
6debc60f
6decc61c
6dedc629
6deec636
6defc643
6df0c650
6df1c66a
6df2c682
6df3c68f
6df4c69c
6df5c6a9
6df6c6b6
6df7c6c3
6df8c6d0
6df9c6ea
6dfac702
6dfbc70f
6dfcc71c
6dfdc729
6dfec736
6dffc743
6e000000
6e013f7c
6e023f8c
6e033f9a
6e043fa8
6e053fb6
6e063fc4
6e073fd2
6e083fe0
6e093ffc
6e0a400c
6e0b401a
6e0c4028
6e0d4036
6e0e4044
6e0f4052
6e104060
6e11407c
6e12408c
6e13409a
6e1440a8
6e1540b6
6e1640c4
6e1740d2
6e1840e0
6e1940fc
6e1a410c
6e1b411a
6e1c4128
6e1d4136
6e1e4144
6e1f4152
6e204160
6e21417c
6e22418c
6e23419a
6e2441a8
6e2541b6
6e2641c4
6e2741d2
6e2841e0
6e2941fc
6e2a420c
6e2b421a
6e2c4228
6e2d4236
6e2e4244
6e2f4252
6e304260
6e31427c
6e32428c
6e33429a
6e3442a8
6e3542b6
6e3642c4
6e3742d2
6e3842e0
6e3942fc
6e3a430c
6e3b431a
6e3c4328
6e3d4336
6e3e4344
6e3f4352
6e404360
6e41437c
6e42438c
6e43439a
6e4443a8
6e4543b6
6e4643c4
6e4743d2
6e4843e0
6e4943fc
6e4a440c
6e4b441a
6e4c4428
6e4d4436
6e4e4444
6e4f4452
6e504460
6e51447c
6e52448c
6e53449a
6e5444a8
6e5544b6
6e5644c4
6e5744d2
6e5844e0
6e5944fc
6e5a450c
6e5b451a
6e5c4528
6e5d4536
6e5e4544
6e5f4552
6e604560
6e61457c
6e62458c
6e63459a
6e6445a8
6e6545b6
6e6645c4
6e6745d2
6e6845e0
6e6945fc
6e6a460c
6e6b461a
6e6c4628
6e6d4636
6e6e4644
6e6f4652
6e704660
6e71467c
6e72468c
6e73469a
6e7446a8
6e7546b6
6e7646c4
6e7746d2
6e7846e0
6e7946fc
6e7a470c
6e7b471a
6e7c4728
6e7d4736
6e7e4744
6e7f4752
6e800000
6e81bf7c
6e82bf8c
6e83bf9a
6e84bfa8
6e85bfb6
6e86bfc4
6e87bfd2
6e88bfe0
6e89bffc
6e8ac00c
6e8bc01a
6e8cc028
6e8dc036
6e8ec044
6e8fc052
6e90c060
6e91c07c
6e92c08c
6e93c09a
6e94c0a8
6e95c0b6
6e96c0c4
6e97c0d2
6e98c0e0
6e99c0fc
6e9ac10c
6e9bc11a
6e9cc128
6e9dc136
6e9ec144
6e9fc152
6ea0c160
6ea1c17c
6ea2c18c
6ea3c19a
6ea4c1a8
6ea5c1b6
6ea6c1c4
6ea7c1d2
6ea8c1e0
6ea9c1fc
6eaac20c
6eabc21a
6eacc228
6eadc236
6eaec244
6eafc252
6eb0c260
6eb1c27c
6eb2c28c
6eb3c29a
6eb4c2a8
6eb5c2b6
6eb6c2c4
6eb7c2d2
6eb8c2e0
6eb9c2fc
6ebac30c
6ebbc31a
6ebcc328
6ebdc336
6ebec344
6ebfc352
6ec0c360
6ec1c37c
6ec2c38c
6ec3c39a
6ec4c3a8
6ec5c3b6
6ec6c3c4
6ec7c3d2
6ec8c3e0
6ec9c3fc
6ecac40c
6ecbc41a
6eccc428
6ecdc436
6ecec444
6ecfc452
6ed0c460
6ed1c47c
6ed2c48c
6ed3c49a
6ed4c4a8
6ed5c4b6
6ed6c4c4
6ed7c4d2
6ed8c4e0
6ed9c4fc
6edac50c
6edbc51a
6edcc528
6eddc536
6edec544
6edfc552
6ee0c560
6ee1c57c
6ee2c58c
6ee3c59a
6ee4c5a8
6ee5c5b6
6ee6c5c4
6ee7c5d2
6ee8c5e0
6ee9c5fc
6eeac60c
6eebc61a
6eecc628
6eedc636
6eeec644
6eefc652
6ef0c660
6ef1c67c
6ef2c68c
6ef3c69a
6ef4c6a8
6ef5c6b6
6ef6c6c4
6ef7c6d2
6ef8c6e0
6ef9c6fc
6efac70c
6efbc71a
6efcc728
6efdc736
6efec744
6effc752
6f000000
6f013f87
6f023f96
6f033fa5
6f043fb4
6f053fc3
6f063fd2
6f073fe1
6f083ff0
6f094007
6f0a4016
6f0b4025
6f0c4034
6f0d4043
6f0e4052
6f0f4061
6f104070
6f114087
6f124096
6f1340a5
6f1440b4
6f1540c3
6f1640d2
6f1740e1
6f1840f0
6f194107
6f1a4116
6f1b4125
6f1c4134
6f1d4143
6f1e4152
6f1f4161
6f204170
6f214187
6f224196
6f2341a5
6f2441b4
6f2541c3
6f2641d2
6f2741e1
6f2841f0
6f294207
6f2a4216
6f2b4225
6f2c4234
6f2d4243
6f2e4252
6f2f4261
6f304270
6f314287
6f324296
6f3342a5
6f3442b4
6f3542c3
6f3642d2
6f3742e1
6f3842f0
6f394307
6f3a4316
6f3b4325
6f3c4334
6f3d4343
6f3e4352
6f3f4361
6f404370
6f414387
6f424396
6f4343a5
6f4443b4
6f4543c3
6f4643d2
6f4743e1
6f4843f0
6f494407
6f4a4416
6f4b4425
6f4c4434
6f4d4443
6f4e4452
6f4f4461
6f504470
6f514487
6f524496
6f5344a5
6f5444b4
6f5544c3
6f5644d2
6f5744e1
6f5844f0
6f594507
6f5a4516
6f5b4525
6f5c4534
6f5d4543
6f5e4552
6f5f4561
6f604570
6f614587
6f624596
6f6345a5
6f6445b4
6f6545c3
6f6645d2
6f6745e1
6f6845f0
6f694607
6f6a4616
6f6b4625
6f6c4634
6f6d4643
6f6e4652
6f6f4661
6f704670
6f714687
6f724696
6f7346a5
6f7446b4
6f7546c3
6f7646d2
6f7746e1
6f7846f0
6f794707
6f7a4716
6f7b4725
6f7c4734
6f7d4743
6f7e4752
6f7f4761
6f800000
6f81bf87
6f82bf96
6f83bfa5
6f84bfb4
6f85bfc3
6f86bfd2
6f87bfe1
6f88bff0
6f89c007
6f8ac016
6f8bc025
6f8cc034
6f8dc043
6f8ec052
6f8fc061
6f90c070
6f91c087
6f92c096
6f93c0a5
6f94c0b4
6f95c0c3
6f96c0d2
6f97c0e1
6f98c0f0
6f99c107
6f9ac116
6f9bc125
6f9cc134
6f9dc143
6f9ec152
6f9fc161
6fa0c170
6fa1c187
6fa2c196
6fa3c1a5
6fa4c1b4
6fa5c1c3
6fa6c1d2
6fa7c1e1
6fa8c1f0
6fa9c207
6faac216
6fabc225
6facc234
6fadc243
6faec252
6fafc261
6fb0c270
6fb1c287
6fb2c296
6fb3c2a5
6fb4c2b4
6fb5c2c3
6fb6c2d2
6fb7c2e1
6fb8c2f0
6fb9c307
6fbac316
6fbbc325
6fbcc334
6fbdc343
6fbec352
6fbfc361
6fc0c370
6fc1c387
6fc2c396
6fc3c3a5
6fc4c3b4
6fc5c3c3
6fc6c3d2
6fc7c3e1
6fc8c3f0
6fc9c407
6fcac416
6fcbc425
6fccc434
6fcdc443
6fcec452
6fcfc461
6fd0c470
6fd1c487
6fd2c496
6fd3c4a5
6fd4c4b4
6fd5c4c3
6fd6c4d2
6fd7c4e1
6fd8c4f0
6fd9c507
6fdac516
6fdbc525
6fdcc534
6fddc543
6fdec552
6fdfc561
6fe0c570
6fe1c587
6fe2c596
6fe3c5a5
6fe4c5b4
6fe5c5c3
6fe6c5d2
6fe7c5e1
6fe8c5f0
6fe9c607
6feac616
6febc625
6fecc634
6fedc643
6feec652
6fefc661
6ff0c670
6ff1c687
6ff2c696
6ff3c6a5
6ff4c6b4
6ff5c6c3
6ff6c6d2
6ff7c6e1
6ff8c6f0
6ff9c707
6ffac716
6ffbc725
6ffcc734
6ffdc743
6ffec752
6fffc761
70000000
70013f90
70023fa0
70033fb0
70043fc0
70053fd0
70063fe0
70073ff0
70084000
70094010
700a4020
700b4030
700c4040
700d4050
700e4060
700f4070
70104080
70114090
701240a0
701340b0
701440c0
701540d0
701640e0
701740f0
70184100
70194110
701a4120
701b4130
701c4140
701d4150
701e4160
701f4170
70204180
70214190
702241a0
702341b0
702441c0
702541d0
702641e0
702741f0
70284200
70294210
702a4220
702b4230
702c4240
702d4250
702e4260
702f4270
70304280
70314290
703242a0
703342b0
703442c0
703542d0
703642e0
703742f0
70384300
70394310
703a4320
703b4330
703c4340
703d4350
703e4360
703f4370
70404380
70414390
704243a0
704343b0
704443c0
704543d0
704643e0
704743f0
70484400
70494410
704a4420
704b4430
704c4440
704d4450
704e4460
704f4470
70504480
70514490
705244a0
705344b0
705444c0
705544d0
705644e0
705744f0
70584500
70594510
705a4520
705b4530
705c4540
705d4550
705e4560
705f4570
70604580
70614590
706245a0
706345b0
706445c0
706545d0
706645e0
706745f0
70684600
70694610
706a4620
706b4630
706c4640
706d4650
706e4660
706f4670
70704680
70714690
707246a0
707346b0
707446c0
707546d0
707646e0
707746f0
70784700
70794710
707a4720
707b4730
707c4740
707d4750
707e4760
707f4770
70800000
7081bf90
7082bfa0
7083bfb0
7084bfc0
7085bfd0
7086bfe0
7087bff0
7088c000
7089c010
708ac020
708bc030
708cc040
708dc050
708ec060
708fc070
7090c080
7091c090
7092c0a0
7093c0b0
7094c0c0
7095c0d0
7096c0e0
7097c0f0
7098c100
7099c110
709ac120
709bc130
709cc140
709dc150
709ec160
709fc170
70a0c180
70a1c190
70a2c1a0
70a3c1b0
70a4c1c0
70a5c1d0
70a6c1e0
70a7c1f0
70a8c200
70a9c210
70aac220
70abc230
70acc240
70adc250
70aec260
70afc270
70b0c280
70b1c290
70b2c2a0
70b3c2b0
70b4c2c0
70b5c2d0
70b6c2e0
70b7c2f0
70b8c300
70b9c310
70bac320
70bbc330
70bcc340
70bdc350
70bec360
70bfc370
70c0c380
70c1c390
70c2c3a0
70c3c3b0
70c4c3c0
70c5c3d0
70c6c3e0
70c7c3f0
70c8c400
70c9c410
70cac420
70cbc430
70ccc440
70cdc450
70cec460
70cfc470
70d0c480
70d1c490
70d2c4a0
70d3c4b0
70d4c4c0
70d5c4d0
70d6c4e0
70d7c4f0
70d8c500
70d9c510
70dac520
70dbc530
70dcc540
70ddc550
70dec560
70dfc570
70e0c580
70e1c590
70e2c5a0
70e3c5b0
70e4c5c0
70e5c5d0
70e6c5e0
70e7c5f0
70e8c600
70e9c610
70eac620
70ebc630
70ecc640
70edc650
70eec660
70efc670
70f0c680
70f1c690
70f2c6a0
70f3c6b0
70f4c6c0
70f5c6d0
70f6c6e0
70f7c6f0
70f8c700
70f9c710
70fac720
70fbc730
70fcc740
70fdc750
70fec760
70ffc770
71000000
71013fa2
71023fb4
71033fc6
71043fd8
71053fea
71063ffc
71074007
71084010
71094022
710a4034
710b4046
710c4058
710d406a
710e407c
710f4087
71104090
711140a2
711240b4
711340c6
711440d8
711540ea
711640fc
71174107
71184110
71194122
711a4134
711b4146
711c4158
711d416a
711e417c
711f4187
71204190
712141a2
712241b4
712341c6
712441d8
712541ea
712641fc
71274207
71284210
71294222
712a4234
712b4246
712c4258
712d426a
712e427c
712f4287
71304290
713142a2
713242b4
713342c6
713442d8
713542ea
713642fc
71374307
71384310
71394322
713a4334
713b4346
713c4358
713d436a
713e437c
713f4387
71404390
714143a2
714243b4
714343c6
714443d8
714543ea
714643fc
71474407
71484410
71494422
714a4434
714b4446
714c4458
714d446a
714e447c
714f4487
71504490
715144a2
715244b4
715344c6
715444d8
715544ea
715644fc
71574507
71584510
71594522
715a4534
715b4546
715c4558
715d456a
715e457c
715f4587
71604590
716145a2
716245b4
716345c6
716445d8
716545ea
716645fc
71674607
71684610
71694622
716a4634
716b4646
716c4658
716d466a
716e467c
716f4687
71704690
717146a2
717246b4
717346c6
717446d8
717546ea
717646fc
71774707
71784710
71794722
717a4734
717b4746
717c4758
717d476a
717e477c
717f4787
71800000
7181bfa2
7182bfb4
7183bfc6
7184bfd8
7185bfea
7186bffc
7187c007
7188c010
7189c022
718ac034
718bc046
718cc058
718dc06a
718ec07c
718fc087
7190c090
7191c0a2
7192c0b4
7193c0c6
7194c0d8
7195c0ea
7196c0fc
7197c107
7198c110
7199c122
719ac134
719bc146
719cc158
719dc16a
719ec17c
719fc187
71a0c190
71a1c1a2
71a2c1b4
71a3c1c6
71a4c1d8
71a5c1ea
71a6c1fc
71a7c207
71a8c210
71a9c222
71aac234
71abc246
71acc258
71adc26a
71aec27c
71afc287
71b0c290
71b1c2a2
71b2c2b4
71b3c2c6
71b4c2d8
71b5c2ea
71b6c2fc
71b7c307
71b8c310
71b9c322
71bac334
71bbc346
71bcc358
71bdc36a
71bec37c
71bfc387
71c0c390
71c1c3a2
71c2c3b4
71c3c3c6
71c4c3d8
71c5c3ea
71c6c3fc
71c7c407
71c8c410
71c9c422
71cac434
71cbc446
71ccc458
71cdc46a
71cec47c
71cfc487
71d0c490
71d1c4a2
71d2c4b4
71d3c4c6
71d4c4d8
71d5c4ea
71d6c4fc
71d7c507
71d8c510
71d9c522
71dac534
71dbc546
71dcc558
71ddc56a
71dec57c
71dfc587
71e0c590
71e1c5a2
71e2c5b4
71e3c5c6
71e4c5d8
71e5c5ea
71e6c5fc
71e7c607
71e8c610
71e9c622
71eac634
71ebc646
71ecc658
71edc66a
71eec67c
71efc687
71f0c690
71f1c6a2
71f2c6b4
71f3c6c6
71f4c6d8
71f5c6ea
71f6c6fc
71f7c707
71f8c710
71f9c722
71fac734
71fbc746
71fcc758
71fdc76a
71fec77c
71ffc787
72000000
72013fb4
72023fc8
72033fdc
72043ff0
72054002
7206400c
72074016
72084020
72094034
720a4048
720b405c
720c4070
720d4082
720e408c
720f4096
721040a0
721140b4
721240c8
721340dc
721440f0
72154102
7216410c
72174116
72184120
72194134
721a4148
721b415c
721c4170
721d4182
721e418c
721f4196
722041a0
722141b4
722241c8
722341dc
722441f0
72254202
7226420c
72274216
72284220
72294234
722a4248
722b425c
722c4270
722d4282
722e428c
722f4296
723042a0
723142b4
723242c8
723342dc
723442f0
72354302
7236430c
72374316
72384320
72394334
723a4348
723b435c
723c4370
723d4382
723e438c
723f4396
724043a0
724143b4
724243c8
724343dc
724443f0
72454402
7246440c
72474416
72484420
72494434
724a4448
724b445c
724c4470
724d4482
724e448c
724f4496
725044a0
725144b4
725244c8
725344dc
725444f0
72554502
7256450c
72574516
72584520
72594534
725a4548
725b455c
725c4570
725d4582
725e458c
725f4596
726045a0
726145b4
726245c8
726345dc
726445f0
72654602
7266460c
72674616
72684620
72694634
726a4648
726b465c
726c4670
726d4682
726e468c
726f4696
727046a0
727146b4
727246c8
727346dc
727446f0
72754702
7276470c
72774716
72784720
72794734
727a4748
727b475c
727c4770
727d4782
727e478c
727f4796
72800000
7281bfb4
7282bfc8
7283bfdc
7284bff0
7285c002
7286c00c
7287c016
7288c020
7289c034
728ac048
728bc05c
728cc070
728dc082
728ec08c
728fc096
7290c0a0
7291c0b4
7292c0c8
7293c0dc
7294c0f0
7295c102
7296c10c
7297c116
7298c120
7299c134
729ac148
729bc15c
729cc170
729dc182
729ec18c
729fc196
72a0c1a0
72a1c1b4
72a2c1c8
72a3c1dc
72a4c1f0
72a5c202
72a6c20c
72a7c216
72a8c220
72a9c234
72aac248
72abc25c
72acc270
72adc282
72aec28c
72afc296
72b0c2a0
72b1c2b4
72b2c2c8
72b3c2dc
72b4c2f0
72b5c302
72b6c30c
72b7c316
72b8c320
72b9c334
72bac348
72bbc35c
72bcc370
72bdc382
72bec38c
72bfc396
72c0c3a0
72c1c3b4
72c2c3c8
72c3c3dc
72c4c3f0
72c5c402
72c6c40c
72c7c416
72c8c420
72c9c434
72cac448
72cbc45c
72ccc470
72cdc482
72cec48c
72cfc496
72d0c4a0
72d1c4b4
72d2c4c8
72d3c4dc
72d4c4f0
72d5c502
72d6c50c
72d7c516
72d8c520
72d9c534
72dac548
72dbc55c
72dcc570
72ddc582
72dec58c
72dfc596
72e0c5a0
72e1c5b4
72e2c5c8
72e3c5dc
72e4c5f0
72e5c602
72e6c60c
72e7c616
72e8c620
72e9c634
72eac648
72ebc65c
72ecc670
72edc682
72eec68c
72efc696
72f0c6a0
72f1c6b4
72f2c6c8
72f3c6dc
72f4c6f0
72f5c702
72f6c70c
72f7c716
72f8c720
72f9c734
72fac748
72fbc75c
72fcc770
72fdc782
72fec78c
72ffc796
73000000
73013fc6
73023fdc
73033ff2
73044004
7305400f
7306401a
73074025
73084030
73094046
730a405c
730b4072
730c4084
730d408f
730e409a
730f40a5
731040b0
731140c6
731240dc
731340f2
73144104
7315410f
7316411a
73174125
73184130
73194146
731a415c
731b4172
731c4184
731d418f
731e419a
731f41a5
732041b0
732141c6
732241dc
732341f2
73244204
7325420f
7326421a
73274225
73284230
73294246
732a425c
732b4272
732c4284
732d428f
732e429a
732f42a5
733042b0
733142c6
733242dc
733342f2
73344304
7335430f
7336431a
73374325
73384330
73394346
733a435c
733b4372
733c4384
733d438f
733e439a
733f43a5
734043b0
734143c6
734243dc
734343f2
73444404
7345440f
7346441a
73474425
73484430
73494446
734a445c
734b4472
734c4484
734d448f
734e449a
734f44a5
735044b0
735144c6
735244dc
735344f2
73544504
7355450f
7356451a
73574525
73584530
73594546
735a455c
735b4572
735c4584
735d458f
735e459a
735f45a5
736045b0
736145c6
736245dc
736345f2
73644604
7365460f
7366461a
73674625
73684630
73694646
736a465c
736b4672
736c4684
736d468f
736e469a
736f46a5
737046b0
737146c6
737246dc
737346f2
73744704
7375470f
7376471a
73774725
73784730
73794746
737a475c
737b4772
737c4784
737d478f
737e479a
737f47a5
73800000
7381bfc6
7382bfdc
7383bff2
7384c004
7385c00f
7386c01a
7387c025
7388c030
7389c046
738ac05c
738bc072
738cc084
738dc08f
738ec09a
738fc0a5
7390c0b0
7391c0c6
7392c0dc
7393c0f2
7394c104
7395c10f
7396c11a
7397c125
7398c130
7399c146
739ac15c
739bc172
739cc184
739dc18f
739ec19a
739fc1a5
73a0c1b0
73a1c1c6
73a2c1dc
73a3c1f2
73a4c204
73a5c20f
73a6c21a
73a7c225
73a8c230
73a9c246
73aac25c
73abc272
73acc284
73adc28f
73aec29a
73afc2a5
73b0c2b0
73b1c2c6
73b2c2dc
73b3c2f2
73b4c304
73b5c30f
73b6c31a
73b7c325
73b8c330
73b9c346
73bac35c
73bbc372
73bcc384
73bdc38f
73bec39a
73bfc3a5
73c0c3b0
73c1c3c6
73c2c3dc
73c3c3f2
73c4c404
73c5c40f
73c6c41a
73c7c425
73c8c430
73c9c446
73cac45c
73cbc472
73ccc484
73cdc48f
73cec49a
73cfc4a5
73d0c4b0
73d1c4c6
73d2c4dc
73d3c4f2
73d4c504
73d5c50f
73d6c51a
73d7c525
73d8c530
73d9c546
73dac55c
73dbc572
73dcc584
73ddc58f
73dec59a
73dfc5a5
73e0c5b0
73e1c5c6
73e2c5dc
73e3c5f2
73e4c604
73e5c60f
73e6c61a
73e7c625
73e8c630
73e9c646
73eac65c
73ebc672
73ecc684
73edc68f
73eec69a
73efc6a5
73f0c6b0
73f1c6c6
73f2c6dc
73f3c6f2
73f4c704
73f5c70f
73f6c71a
73f7c725
73f8c730
73f9c746
73fac75c
73fbc772
73fcc784
73fdc78f
73fec79a
73ffc7a5
74000000
74013fd8
74023ff0
74034004
74044010
7405401c
74064028
74074034
74084040
74094058
740a4070
740b4084
740c4090
740d409c
740e40a8
740f40b4
741040c0
741140d8
741240f0
74134104
74144110
7415411c
74164128
74174134
74184140
74194158
741a4170
741b4184
741c4190
741d419c
741e41a8
741f41b4
742041c0
742141d8
742241f0
74234204
74244210
7425421c
74264228
74274234
74284240
74294258
742a4270
742b4284
742c4290
742d429c
742e42a8
742f42b4
743042c0
743142d8
743242f0
74334304
74344310
7435431c
74364328
74374334
74384340
74394358
743a4370
743b4384
743c4390
743d439c
743e43a8
743f43b4
744043c0
744143d8
744243f0
74434404
74444410
7445441c
74464428
74474434
74484440
74494458
744a4470
744b4484
744c4490
744d449c
744e44a8
744f44b4
745044c0
745144d8
745244f0
74534504
74544510
7455451c
74564528
74574534
74584540
74594558
745a4570
745b4584
745c4590
745d459c
745e45a8
745f45b4
746045c0
746145d8
746245f0
74634604
74644610
7465461c
74664628
74674634
74684640
74694658
746a4670
746b4684
746c4690
746d469c
746e46a8
746f46b4
747046c0
747146d8
747246f0
74734704
74744710
7475471c
74764728
74774734
74784740
74794758
747a4770
747b4784
747c4790
747d479c
747e47a8
747f47b4
74800000
7481bfd8
7482bff0
7483c004
7484c010
7485c01c
7486c028
7487c034
7488c040
7489c058
748ac070
748bc084
748cc090
748dc09c
748ec0a8
748fc0b4
7490c0c0
7491c0d8
7492c0f0
7493c104
7494c110
7495c11c
7496c128
7497c134
7498c140
7499c158
749ac170
749bc184
749cc190
749dc19c
749ec1a8
749fc1b4
74a0c1c0
74a1c1d8
74a2c1f0
74a3c204
74a4c210
74a5c21c
74a6c228
74a7c234
74a8c240
74a9c258
74aac270
74abc284
74acc290
74adc29c
74aec2a8
74afc2b4
74b0c2c0
74b1c2d8
74b2c2f0
74b3c304
74b4c310
74b5c31c
74b6c328
74b7c334
74b8c340
74b9c358
74bac370
74bbc384
74bcc390
74bdc39c
74bec3a8
74bfc3b4
74c0c3c0
74c1c3d8
74c2c3f0
74c3c404
74c4c410
74c5c41c
74c6c428
74c7c434
74c8c440
74c9c458
74cac470
74cbc484
74ccc490
74cdc49c
74cec4a8
74cfc4b4
74d0c4c0
74d1c4d8
74d2c4f0
74d3c504
74d4c510
74d5c51c
74d6c528
74d7c534
74d8c540
74d9c558
74dac570
74dbc584
74dcc590
74ddc59c
74dec5a8
74dfc5b4
74e0c5c0
74e1c5d8
74e2c5f0
74e3c604
74e4c610
74e5c61c
74e6c628
74e7c634
74e8c640
74e9c658
74eac670
74ebc684
74ecc690
74edc69c
74eec6a8
74efc6b4
74f0c6c0
74f1c6d8
74f2c6f0
74f3c704
74f4c710
74f5c71c
74f6c728
74f7c734
74f8c740
74f9c758
74fac770
74fbc784
74fcc790
74fdc79c
74fec7a8
74ffc7b4
75000000
75013fea
75024002
7503400f
7504401c
75054029
75064036
75074043
75084050
7509406a
750a4082
750b408f
750c409c
750d40a9
750e40b6
750f40c3
751040d0
751140ea
75124102
7513410f
7514411c
75154129
75164136
75174143
75184150
7519416a
751a4182
751b418f
751c419c
751d41a9
751e41b6
751f41c3
752041d0
752141ea
75224202
7523420f
7524421c
75254229
75264236
75274243
75284250
7529426a
752a4282
752b428f
752c429c
752d42a9
752e42b6
752f42c3
753042d0
753142ea
75324302
7533430f
7534431c
75354329
75364336
75374343
75384350
7539436a
753a4382
753b438f
753c439c
753d43a9
753e43b6
753f43c3
754043d0
754143ea
75424402
7543440f
7544441c
75454429
75464436
75474443
75484450
7549446a
754a4482
754b448f
754c449c
754d44a9
754e44b6
754f44c3
755044d0
755144ea
75524502
7553450f
7554451c
75554529
75564536
75574543
75584550
7559456a
755a4582
755b458f
755c459c
755d45a9
755e45b6
755f45c3
756045d0
756145ea
75624602
7563460f
7564461c
75654629
75664636
75674643
75684650
7569466a
756a4682
756b468f
756c469c
756d46a9
756e46b6
756f46c3
757046d0
757146ea
75724702
7573470f
7574471c
75754729
75764736
75774743
75784750
7579476a
757a4782
757b478f
757c479c
757d47a9
757e47b6
757f47c3
75800000
7581bfea
7582c002
7583c00f
7584c01c
7585c029
7586c036
7587c043
7588c050
7589c06a
758ac082
758bc08f
758cc09c
758dc0a9
758ec0b6
758fc0c3
7590c0d0
7591c0ea
7592c102
7593c10f
7594c11c
7595c129
7596c136
7597c143
7598c150
7599c16a
759ac182
759bc18f
759cc19c
759dc1a9
759ec1b6
759fc1c3
75a0c1d0
75a1c1ea
75a2c202
75a3c20f
75a4c21c
75a5c229
75a6c236
75a7c243
75a8c250
75a9c26a
75aac282
75abc28f
75acc29c
75adc2a9
75aec2b6
75afc2c3
75b0c2d0
75b1c2ea
75b2c302
75b3c30f
75b4c31c
75b5c329
75b6c336
75b7c343
75b8c350
75b9c36a
75bac382
75bbc38f
75bcc39c
75bdc3a9
75bec3b6
75bfc3c3
75c0c3d0
75c1c3ea
75c2c402
75c3c40f
75c4c41c
75c5c429
75c6c436
75c7c443
75c8c450
75c9c46a
75cac482
75cbc48f
75ccc49c
75cdc4a9
75cec4b6
75cfc4c3
75d0c4d0
75d1c4ea
75d2c502
75d3c50f
75d4c51c
75d5c529
75d6c536
75d7c543
75d8c550
75d9c56a
75dac582
75dbc58f
75dcc59c
75ddc5a9
75dec5b6
75dfc5c3
75e0c5d0
75e1c5ea
75e2c602
75e3c60f
75e4c61c
75e5c629
75e6c636
75e7c643
75e8c650
75e9c66a
75eac682
75ebc68f
75ecc69c
75edc6a9
75eec6b6
75efc6c3
75f0c6d0
75f1c6ea
75f2c702
75f3c70f
75f4c71c
75f5c729
75f6c736
75f7c743
75f8c750
75f9c76a
75fac782
75fbc78f
75fcc79c
75fdc7a9
75fec7b6
75ffc7c3
76000000
76013ffc
7602400c
7603401a
76044028
76054036
76064044
76074052
76084060
7609407c
760a408c
760b409a
760c40a8
760d40b6
760e40c4
760f40d2
761040e0
761140fc
7612410c
7613411a
76144128
76154136
76164144
76174152
76184160
7619417c
761a418c
761b419a
761c41a8
761d41b6
761e41c4
761f41d2
762041e0
762141fc
7622420c
7623421a
76244228
76254236
76264244
76274252
76284260
7629427c
762a428c
762b429a
762c42a8
762d42b6
762e42c4
762f42d2
763042e0
763142fc
7632430c
7633431a
76344328
76354336
76364344
76374352
76384360
7639437c
763a438c
763b439a
763c43a8
763d43b6
763e43c4
763f43d2
764043e0
764143fc
7642440c
7643441a
76444428
76454436
76464444
76474452
76484460
7649447c
764a448c
764b449a
764c44a8
764d44b6
764e44c4
764f44d2
765044e0
765144fc
7652450c
7653451a
76544528
76554536
76564544
76574552
76584560
7659457c
765a458c
765b459a
765c45a8
765d45b6
765e45c4
765f45d2
766045e0
766145fc
7662460c
7663461a
76644628
76654636
76664644
76674652
76684660
7669467c
766a468c
766b469a
766c46a8
766d46b6
766e46c4
766f46d2
767046e0
767146fc
7672470c
7673471a
76744728
76754736
76764744
76774752
76784760
7679477c
767a478c
767b479a
767c47a8
767d47b6
767e47c4
767f47d2
76800000
7681bffc
7682c00c
7683c01a
7684c028
7685c036
7686c044
7687c052
7688c060
7689c07c
768ac08c
768bc09a
768cc0a8
768dc0b6
768ec0c4
768fc0d2
7690c0e0
7691c0fc
7692c10c
7693c11a
7694c128
7695c136
7696c144
7697c152
7698c160
7699c17c
769ac18c
769bc19a
769cc1a8
769dc1b6
769ec1c4
769fc1d2
76a0c1e0
76a1c1fc
76a2c20c
76a3c21a
76a4c228
76a5c236
76a6c244
76a7c252
76a8c260
76a9c27c
76aac28c
76abc29a
76acc2a8
76adc2b6
76aec2c4
76afc2d2
76b0c2e0
76b1c2fc
76b2c30c
76b3c31a
76b4c328
76b5c336
76b6c344
76b7c352
76b8c360
76b9c37c
76bac38c
76bbc39a
76bcc3a8
76bdc3b6
76bec3c4
76bfc3d2
76c0c3e0
76c1c3fc
76c2c40c
76c3c41a
76c4c428
76c5c436
76c6c444
76c7c452
76c8c460
76c9c47c
76cac48c
76cbc49a
76ccc4a8
76cdc4b6
76cec4c4
76cfc4d2
76d0c4e0
76d1c4fc
76d2c50c
76d3c51a
76d4c528
76d5c536
76d6c544
76d7c552
76d8c560
76d9c57c
76dac58c
76dbc59a
76dcc5a8
76ddc5b6
76dec5c4
76dfc5d2
76e0c5e0
76e1c5fc
76e2c60c
76e3c61a
76e4c628
76e5c636
76e6c644
76e7c652
76e8c660
76e9c67c
76eac68c
76ebc69a
76ecc6a8
76edc6b6
76eec6c4
76efc6d2
76f0c6e0
76f1c6fc
76f2c70c
76f3c71a
76f4c728
76f5c736
76f6c744
76f7c752
76f8c760
76f9c77c
76fac78c
76fbc79a
76fcc7a8
76fdc7b6
76fec7c4
76ffc7d2
77000000
77014007
77024016
77034025
77044034
77054043
77064052
77074061
77084070
77094087
770a4096
770b40a5
770c40b4
770d40c3
770e40d2
770f40e1
771040f0
77114107
77124116
77134125
77144134
77154143
77164152
77174161
77184170
77194187
771a4196
771b41a5
771c41b4
771d41c3
771e41d2
771f41e1
772041f0
77214207
77224216
77234225
77244234
77254243
77264252
77274261
77284270
77294287
772a4296
772b42a5
772c42b4
772d42c3
772e42d2
772f42e1
773042f0
77314307
77324316
77334325
77344334
77354343
77364352
77374361
77384370
77394387
773a4396
773b43a5
773c43b4
773d43c3
773e43d2
773f43e1
774043f0
77414407
77424416
77434425
77444434
77454443
77464452
77474461
77484470
77494487
774a4496
774b44a5
774c44b4
774d44c3
774e44d2
774f44e1
775044f0
77514507
77524516
77534525
77544534
77554543
77564552
77574561
77584570
77594587
775a4596
775b45a5
775c45b4
775d45c3
775e45d2
775f45e1
776045f0
77614607
77624616
77634625
77644634
77654643
77664652
77674661
77684670
77694687
776a4696
776b46a5
776c46b4
776d46c3
776e46d2
776f46e1
777046f0
77714707
77724716
77734725
77744734
77754743
77764752
77774761
77784770
77794787
777a4796
777b47a5
777c47b4
777d47c3
777e47d2
777f47e1
77800000
7781c007
7782c016
7783c025
7784c034
7785c043
7786c052
7787c061
7788c070
7789c087
778ac096
778bc0a5
778cc0b4
778dc0c3
778ec0d2
778fc0e1
7790c0f0
7791c107
7792c116
7793c125
7794c134
7795c143
7796c152
7797c161
7798c170
7799c187
779ac196
779bc1a5
779cc1b4
779dc1c3
779ec1d2
779fc1e1
77a0c1f0
77a1c207
77a2c216
77a3c225
77a4c234
77a5c243
77a6c252
77a7c261
77a8c270
77a9c287
77aac296
77abc2a5
77acc2b4
77adc2c3
77aec2d2
77afc2e1
77b0c2f0
77b1c307
77b2c316
77b3c325
77b4c334
77b5c343
77b6c352
77b7c361
77b8c370
77b9c387
77bac396
77bbc3a5
77bcc3b4
77bdc3c3
77bec3d2
77bfc3e1
77c0c3f0
77c1c407
77c2c416
77c3c425
77c4c434
77c5c443
77c6c452
77c7c461
77c8c470
77c9c487
77cac496
77cbc4a5
77ccc4b4
77cdc4c3
77cec4d2
77cfc4e1
77d0c4f0
77d1c507
77d2c516
77d3c525
77d4c534
77d5c543
77d6c552
77d7c561
77d8c570
77d9c587
77dac596
77dbc5a5
77dcc5b4
77ddc5c3
77dec5d2
77dfc5e1
77e0c5f0
77e1c607
77e2c616
77e3c625
77e4c634
77e5c643
77e6c652
77e7c661
77e8c670
77e9c687
77eac696
77ebc6a5
77ecc6b4
77edc6c3
77eec6d2
77efc6e1
77f0c6f0
77f1c707
77f2c716
77f3c725
77f4c734
77f5c743
77f6c752
77f7c761
77f8c770
77f9c787
77fac796
77fbc7a5
77fcc7b4
77fdc7c3
77fec7d2
77ffc7e1
78000000
78014010
78024020
78034030
78044040
78054050
78064060
78074070
78084080
78094090
780a40a0
780b40b0
780c40c0
780d40d0
780e40e0
780f40f0
78104100
78114110
78124120
78134130
78144140
78154150
78164160
78174170
78184180
78194190
781a41a0
781b41b0
781c41c0
781d41d0
781e41e0
781f41f0
78204200
78214210
78224220
78234230
78244240
78254250
78264260
78274270
78284280
78294290
782a42a0
782b42b0
782c42c0
782d42d0
782e42e0
782f42f0
78304300
78314310
78324320
78334330
78344340
78354350
78364360
78374370
78384380
78394390
783a43a0
783b43b0
783c43c0
783d43d0
783e43e0
783f43f0
78404400
78414410
78424420
78434430
78444440
78454450
78464460
78474470
78484480
78494490
784a44a0
784b44b0
784c44c0
784d44d0
784e44e0
784f44f0
78504500
78514510
78524520
78534530
78544540
78554550
78564560
78574570
78584580
78594590
785a45a0
785b45b0
785c45c0
785d45d0
785e45e0
785f45f0
78604600
78614610
78624620
78634630
78644640
78654650
78664660
78674670
78684680
78694690
786a46a0
786b46b0
786c46c0
786d46d0
786e46e0
786f46f0
78704700
78714710
78724720
78734730
78744740
78754750
78764760
78774770
78784780
78794790
787a47a0
787b47b0
787c47c0
787d47d0
787e47e0
787f47f0
78800000
7881c010
7882c020
7883c030
7884c040
7885c050
7886c060
7887c070
7888c080
7889c090
788ac0a0
788bc0b0
788cc0c0
788dc0d0
788ec0e0
788fc0f0
7890c100
7891c110
7892c120
7893c130
7894c140
7895c150
7896c160
7897c170
7898c180
7899c190
789ac1a0
789bc1b0
789cc1c0
789dc1d0
789ec1e0
789fc1f0
78a0c200
78a1c210
78a2c220
78a3c230
78a4c240
78a5c250
78a6c260
78a7c270
78a8c280
78a9c290
78aac2a0
78abc2b0
78acc2c0
78adc2d0
78aec2e0
78afc2f0
78b0c300
78b1c310
78b2c320
78b3c330
78b4c340
78b5c350
78b6c360
78b7c370
78b8c380
78b9c390
78bac3a0
78bbc3b0
78bcc3c0
78bdc3d0
78bec3e0
78bfc3f0
78c0c400
78c1c410
78c2c420
78c3c430
78c4c440
78c5c450
78c6c460
78c7c470
78c8c480
78c9c490
78cac4a0
78cbc4b0
78ccc4c0
78cdc4d0
78cec4e0
78cfc4f0
78d0c500
78d1c510
78d2c520
78d3c530
78d4c540
78d5c550
78d6c560
78d7c570
78d8c580
78d9c590
78dac5a0
78dbc5b0
78dcc5c0
78ddc5d0
78dec5e0
78dfc5f0
78e0c600
78e1c610
78e2c620
78e3c630
78e4c640
78e5c650
78e6c660
78e7c670
78e8c680
78e9c690
78eac6a0
78ebc6b0
78ecc6c0
78edc6d0
78eec6e0
78efc6f0
78f0c700
78f1c710
78f2c720
78f3c730
78f4c740
78f5c750
78f6c760
78f7c770
78f8c780
78f9c790
78fac7a0
78fbc7b0
78fcc7c0
78fdc7d0
78fec7e0
78ffc7f0
79000000
79014022
79024034
79034046
79044058
7905406a
7906407c
79074087
79084090
790940a2
790a40b4
790b40c6
790c40d8
790d40ea
790e40fc
790f4107
79104110
79114122
79124134
79134146
79144158
7915416a
7916417c
79174187
79184190
791941a2
791a41b4
791b41c6
791c41d8
791d41ea
791e41fc
791f4207
79204210
79214222
79224234
79234246
79244258
7925426a
7926427c
79274287
79284290
792942a2
792a42b4
792b42c6
792c42d8
792d42ea
792e42fc
792f4307
79304310
79314322
79324334
79334346
79344358
7935436a
7936437c
79374387
79384390
793943a2
793a43b4
793b43c6
793c43d8
793d43ea
793e43fc
793f4407
79404410
79414422
79424434
79434446
79444458
7945446a
7946447c
79474487
79484490
794944a2
794a44b4
794b44c6
794c44d8
794d44ea
794e44fc
794f4507
79504510
79514522
79524534
79534546
79544558
7955456a
7956457c
79574587
79584590
795945a2
795a45b4
795b45c6
795c45d8
795d45ea
795e45fc
795f4607
79604610
79614622
79624634
79634646
79644658
7965466a
7966467c
79674687
79684690
796946a2
796a46b4
796b46c6
796c46d8
796d46ea
796e46fc
796f4707
79704710
79714722
79724734
79734746
79744758
7975476a
7976477c
79774787
79784790
797947a2
797a47b4
797b47c6
797c47d8
797d47ea
797e47fc
797f4807
79800000
7981c022
7982c034
7983c046
7984c058
7985c06a
7986c07c
7987c087
7988c090
7989c0a2
798ac0b4
798bc0c6
798cc0d8
798dc0ea
798ec0fc
798fc107
7990c110
7991c122
7992c134
7993c146
7994c158
7995c16a
7996c17c
7997c187
7998c190
7999c1a2
799ac1b4
799bc1c6
799cc1d8
799dc1ea
799ec1fc
799fc207
79a0c210
79a1c222
79a2c234
79a3c246
79a4c258
79a5c26a
79a6c27c
79a7c287
79a8c290
79a9c2a2
79aac2b4
79abc2c6
79acc2d8
79adc2ea
79aec2fc
79afc307
79b0c310
79b1c322
79b2c334
79b3c346
79b4c358
79b5c36a
79b6c37c
79b7c387
79b8c390
79b9c3a2
79bac3b4
79bbc3c6
79bcc3d8
79bdc3ea
79bec3fc
79bfc407
79c0c410
79c1c422
79c2c434
79c3c446
79c4c458
79c5c46a
79c6c47c
79c7c487
79c8c490
79c9c4a2
79cac4b4
79cbc4c6
79ccc4d8
79cdc4ea
79cec4fc
79cfc507
79d0c510
79d1c522
79d2c534
79d3c546
79d4c558
79d5c56a
79d6c57c
79d7c587
79d8c590
79d9c5a2
79dac5b4
79dbc5c6
79dcc5d8
79ddc5ea
79dec5fc
79dfc607
79e0c610
79e1c622
79e2c634
79e3c646
79e4c658
79e5c66a
79e6c67c
79e7c687
79e8c690
79e9c6a2
79eac6b4
79ebc6c6
79ecc6d8
79edc6ea
79eec6fc
79efc707
79f0c710
79f1c722
79f2c734
79f3c746
79f4c758
79f5c76a
79f6c77c
79f7c787
79f8c790
79f9c7a2
79fac7b4
79fbc7c6
79fcc7d8
79fdc7ea
79fec7fc
79ffc807
7a000000
7a014034
7a024048
7a03405c
7a044070
7a054082
7a06408c
7a074096
7a0840a0
7a0940b4
7a0a40c8
7a0b40dc
7a0c40f0
7a0d4102
7a0e410c
7a0f4116
7a104120
7a114134
7a124148
7a13415c
7a144170
7a154182
7a16418c
7a174196
7a1841a0
7a1941b4
7a1a41c8
7a1b41dc
7a1c41f0
7a1d4202
7a1e420c
7a1f4216
7a204220
7a214234
7a224248
7a23425c
7a244270
7a254282
7a26428c
7a274296
7a2842a0
7a2942b4
7a2a42c8
7a2b42dc
7a2c42f0
7a2d4302
7a2e430c
7a2f4316
7a304320
7a314334
7a324348
7a33435c
7a344370
7a354382
7a36438c
7a374396
7a3843a0
7a3943b4
7a3a43c8
7a3b43dc
7a3c43f0
7a3d4402
7a3e440c
7a3f4416
7a404420
7a414434
7a424448
7a43445c
7a444470
7a454482
7a46448c
7a474496
7a4844a0
7a4944b4
7a4a44c8
7a4b44dc
7a4c44f0
7a4d4502
7a4e450c
7a4f4516
7a504520
7a514534
7a524548
7a53455c
7a544570
7a554582
7a56458c
7a574596
7a5845a0
7a5945b4
7a5a45c8
7a5b45dc
7a5c45f0
7a5d4602
7a5e460c
7a5f4616
7a604620
7a614634
7a624648
7a63465c
7a644670
7a654682
7a66468c
7a674696
7a6846a0
7a6946b4
7a6a46c8
7a6b46dc
7a6c46f0
7a6d4702
7a6e470c
7a6f4716
7a704720
7a714734
7a724748
7a73475c
7a744770
7a754782
7a76478c
7a774796
7a7847a0
7a7947b4
7a7a47c8
7a7b47dc
7a7c47f0
7a7d4802
7a7e480c
7a7f4816
7a800000
7a81c034
7a82c048
7a83c05c
7a84c070
7a85c082
7a86c08c
7a87c096
7a88c0a0
7a89c0b4
7a8ac0c8
7a8bc0dc
7a8cc0f0
7a8dc102
7a8ec10c
7a8fc116
7a90c120
7a91c134
7a92c148
7a93c15c
7a94c170
7a95c182
7a96c18c
7a97c196
7a98c1a0
7a99c1b4
7a9ac1c8
7a9bc1dc
7a9cc1f0
7a9dc202
7a9ec20c
7a9fc216
7aa0c220
7aa1c234
7aa2c248
7aa3c25c
7aa4c270
7aa5c282
7aa6c28c
7aa7c296
7aa8c2a0
7aa9c2b4
7aaac2c8
7aabc2dc
7aacc2f0
7aadc302
7aaec30c
7aafc316
7ab0c320
7ab1c334
7ab2c348
7ab3c35c
7ab4c370
7ab5c382
7ab6c38c
7ab7c396
7ab8c3a0
7ab9c3b4
7abac3c8
7abbc3dc
7abcc3f0
7abdc402
7abec40c
7abfc416
7ac0c420
7ac1c434
7ac2c448
7ac3c45c
7ac4c470
7ac5c482
7ac6c48c
7ac7c496
7ac8c4a0
7ac9c4b4
7acac4c8
7acbc4dc
7accc4f0
7acdc502
7acec50c
7acfc516
7ad0c520
7ad1c534
7ad2c548
7ad3c55c
7ad4c570
7ad5c582
7ad6c58c
7ad7c596
7ad8c5a0
7ad9c5b4
7adac5c8
7adbc5dc
7adcc5f0
7addc602
7adec60c
7adfc616
7ae0c620
7ae1c634
7ae2c648
7ae3c65c
7ae4c670
7ae5c682
7ae6c68c
7ae7c696
7ae8c6a0
7ae9c6b4
7aeac6c8
7aebc6dc
7aecc6f0
7aedc702
7aeec70c
7aefc716
7af0c720
7af1c734
7af2c748
7af3c75c
7af4c770
7af5c782
7af6c78c
7af7c796
7af8c7a0
7af9c7b4
7afac7c8
7afbc7dc
7afcc7f0
7afdc802
7afec80c
7affc816
7b000000
7b014046
7b02405c
7b034072
7b044084
7b05408f
7b06409a
7b0740a5
7b0840b0
7b0940c6
7b0a40dc
7b0b40f2
7b0c4104
7b0d410f
7b0e411a
7b0f4125
7b104130
7b114146
7b12415c
7b134172
7b144184
7b15418f
7b16419a
7b1741a5
7b1841b0
7b1941c6
7b1a41dc
7b1b41f2
7b1c4204
7b1d420f
7b1e421a
7b1f4225
7b204230
7b214246
7b22425c
7b234272
7b244284
7b25428f
7b26429a
7b2742a5
7b2842b0
7b2942c6
7b2a42dc
7b2b42f2
7b2c4304
7b2d430f
7b2e431a
7b2f4325
7b304330
7b314346
7b32435c
7b334372
7b344384
7b35438f
7b36439a
7b3743a5
7b3843b0
7b3943c6
7b3a43dc
7b3b43f2
7b3c4404
7b3d440f
7b3e441a
7b3f4425
7b404430
7b414446
7b42445c
7b434472
7b444484
7b45448f
7b46449a
7b4744a5
7b4844b0
7b4944c6
7b4a44dc
7b4b44f2
7b4c4504
7b4d450f
7b4e451a
7b4f4525
7b504530
7b514546
7b52455c
7b534572
7b544584
7b55458f
7b56459a
7b5745a5
7b5845b0
7b5945c6
7b5a45dc
7b5b45f2
7b5c4604
7b5d460f
7b5e461a
7b5f4625
7b604630
7b614646
7b62465c
7b634672
7b644684
7b65468f
7b66469a
7b6746a5
7b6846b0
7b6946c6
7b6a46dc
7b6b46f2
7b6c4704
7b6d470f
7b6e471a
7b6f4725
7b704730
7b714746
7b72475c
7b734772
7b744784
7b75478f
7b76479a
7b7747a5
7b7847b0
7b7947c6
7b7a47dc
7b7b47f2
7b7c4804
7b7d480f
7b7e481a
7b7f4825
7b800000
7b81c046
7b82c05c
7b83c072
7b84c084
7b85c08f
7b86c09a
7b87c0a5
7b88c0b0
7b89c0c6
7b8ac0dc
7b8bc0f2
7b8cc104
7b8dc10f
7b8ec11a
7b8fc125
7b90c130
7b91c146
7b92c15c
7b93c172
7b94c184
7b95c18f
7b96c19a
7b97c1a5
7b98c1b0
7b99c1c6
7b9ac1dc
7b9bc1f2
7b9cc204
7b9dc20f
7b9ec21a
7b9fc225
7ba0c230
7ba1c246
7ba2c25c
7ba3c272
7ba4c284
7ba5c28f
7ba6c29a
7ba7c2a5
7ba8c2b0
7ba9c2c6
7baac2dc
7babc2f2
7bacc304
7badc30f
7baec31a
7bafc325
7bb0c330
7bb1c346
7bb2c35c
7bb3c372
7bb4c384
7bb5c38f
7bb6c39a
7bb7c3a5
7bb8c3b0
7bb9c3c6
7bbac3dc
7bbbc3f2
7bbcc404
7bbdc40f
7bbec41a
7bbfc425
7bc0c430
7bc1c446
7bc2c45c
7bc3c472
7bc4c484
7bc5c48f
7bc6c49a
7bc7c4a5
7bc8c4b0
7bc9c4c6
7bcac4dc
7bcbc4f2
7bccc504
7bcdc50f
7bcec51a
7bcfc525
7bd0c530
7bd1c546
7bd2c55c
7bd3c572
7bd4c584
7bd5c58f
7bd6c59a
7bd7c5a5
7bd8c5b0
7bd9c5c6
7bdac5dc
7bdbc5f2
7bdcc604
7bddc60f
7bdec61a
7bdfc625
7be0c630
7be1c646
7be2c65c
7be3c672
7be4c684
7be5c68f
7be6c69a
7be7c6a5
7be8c6b0
7be9c6c6
7beac6dc
7bebc6f2
7becc704
7bedc70f
7beec71a
7befc725
7bf0c730
7bf1c746
7bf2c75c
7bf3c772
7bf4c784
7bf5c78f
7bf6c79a
7bf7c7a5
7bf8c7b0
7bf9c7c6
7bfac7dc
7bfbc7f2
7bfcc804
7bfdc80f
7bfec81a
7bffc825
7c000000
7c014058
7c024070
7c034084
7c044090
7c05409c
7c0640a8
7c0740b4
7c0840c0
7c0940d8
7c0a40f0
7c0b4104
7c0c4110
7c0d411c
7c0e4128
7c0f4134
7c104140
7c114158
7c124170
7c134184
7c144190
7c15419c
7c1641a8
7c1741b4
7c1841c0
7c1941d8
7c1a41f0
7c1b4204
7c1c4210
7c1d421c
7c1e4228
7c1f4234
7c204240
7c214258
7c224270
7c234284
7c244290
7c25429c
7c2642a8
7c2742b4
7c2842c0
7c2942d8
7c2a42f0
7c2b4304
7c2c4310
7c2d431c
7c2e4328
7c2f4334
7c304340
7c314358
7c324370
7c334384
7c344390
7c35439c
7c3643a8
7c3743b4
7c3843c0
7c3943d8
7c3a43f0
7c3b4404
7c3c4410
7c3d441c
7c3e4428
7c3f4434
7c404440
7c414458
7c424470
7c434484
7c444490
7c45449c
7c4644a8
7c4744b4
7c4844c0
7c4944d8
7c4a44f0
7c4b4504
7c4c4510
7c4d451c
7c4e4528
7c4f4534
7c504540
7c514558
7c524570
7c534584
7c544590
7c55459c
7c5645a8
7c5745b4
7c5845c0
7c5945d8
7c5a45f0
7c5b4604
7c5c4610
7c5d461c
7c5e4628
7c5f4634
7c604640
7c614658
7c624670
7c634684
7c644690
7c65469c
7c6646a8
7c6746b4
7c6846c0
7c6946d8
7c6a46f0
7c6b4704
7c6c4710
7c6d471c
7c6e4728
7c6f4734
7c704740
7c714758
7c724770
7c734784
7c744790
7c75479c
7c7647a8
7c7747b4
7c7847c0
7c7947d8
7c7a47f0
7c7b4804
7c7c4810
7c7d481c
7c7e4828
7c7f4834
7c800000
7c81c058
7c82c070
7c83c084
7c84c090
7c85c09c
7c86c0a8
7c87c0b4
7c88c0c0
7c89c0d8
7c8ac0f0
7c8bc104
7c8cc110
7c8dc11c
7c8ec128
7c8fc134
7c90c140
7c91c158
7c92c170
7c93c184
7c94c190
7c95c19c
7c96c1a8
7c97c1b4
7c98c1c0
7c99c1d8
7c9ac1f0
7c9bc204
7c9cc210
7c9dc21c
7c9ec228
7c9fc234
7ca0c240
7ca1c258
7ca2c270
7ca3c284
7ca4c290
7ca5c29c
7ca6c2a8
7ca7c2b4
7ca8c2c0
7ca9c2d8
7caac2f0
7cabc304
7cacc310
7cadc31c
7caec328
7cafc334
7cb0c340
7cb1c358
7cb2c370
7cb3c384
7cb4c390
7cb5c39c
7cb6c3a8
7cb7c3b4
7cb8c3c0
7cb9c3d8
7cbac3f0
7cbbc404
7cbcc410
7cbdc41c
7cbec428
7cbfc434
7cc0c440
7cc1c458
7cc2c470
7cc3c484
7cc4c490
7cc5c49c
7cc6c4a8
7cc7c4b4
7cc8c4c0
7cc9c4d8
7ccac4f0
7ccbc504
7cccc510
7ccdc51c
7ccec528
7ccfc534
7cd0c540
7cd1c558
7cd2c570
7cd3c584
7cd4c590
7cd5c59c
7cd6c5a8
7cd7c5b4
7cd8c5c0
7cd9c5d8
7cdac5f0
7cdbc604
7cdcc610
7cddc61c
7cdec628
7cdfc634
7ce0c640
7ce1c658
7ce2c670
7ce3c684
7ce4c690
7ce5c69c
7ce6c6a8
7ce7c6b4
7ce8c6c0
7ce9c6d8
7ceac6f0
7cebc704
7cecc710
7cedc71c
7ceec728
7cefc734
7cf0c740
7cf1c758
7cf2c770
7cf3c784
7cf4c790
7cf5c79c
7cf6c7a8
7cf7c7b4
7cf8c7c0
7cf9c7d8
7cfac7f0
7cfbc804
7cfcc810
7cfdc81c
7cfec828
7cffc834
7d000000
7d01406a
7d024082
7d03408f
7d04409c
7d0540a9
7d0640b6
7d0740c3
7d0840d0
7d0940ea
7d0a4102
7d0b410f
7d0c411c
7d0d4129
7d0e4136
7d0f4143
7d104150
7d11416a
7d124182
7d13418f
7d14419c
7d1541a9
7d1641b6
7d1741c3
7d1841d0
7d1941ea
7d1a4202
7d1b420f
7d1c421c
7d1d4229
7d1e4236
7d1f4243
7d204250
7d21426a
7d224282
7d23428f
7d24429c
7d2542a9
7d2642b6
7d2742c3
7d2842d0
7d2942ea
7d2a4302
7d2b430f
7d2c431c
7d2d4329
7d2e4336
7d2f4343
7d304350
7d31436a
7d324382
7d33438f
7d34439c
7d3543a9
7d3643b6
7d3743c3
7d3843d0
7d3943ea
7d3a4402
7d3b440f
7d3c441c
7d3d4429
7d3e4436
7d3f4443
7d404450
7d41446a
7d424482
7d43448f
7d44449c
7d4544a9
7d4644b6
7d4744c3
7d4844d0
7d4944ea
7d4a4502
7d4b450f
7d4c451c
7d4d4529
7d4e4536
7d4f4543
7d504550
7d51456a
7d524582
7d53458f
7d54459c
7d5545a9
7d5645b6
7d5745c3
7d5845d0
7d5945ea
7d5a4602
7d5b460f
7d5c461c
7d5d4629
7d5e4636
7d5f4643
7d604650
7d61466a
7d624682
7d63468f
7d64469c
7d6546a9
7d6646b6
7d6746c3
7d6846d0
7d6946ea
7d6a4702
7d6b470f
7d6c471c
7d6d4729
7d6e4736
7d6f4743
7d704750
7d71476a
7d724782
7d73478f
7d74479c
7d7547a9
7d7647b6
7d7747c3
7d7847d0
7d7947ea
7d7a4802
7d7b480f
7d7c481c
7d7d4829
7d7e4836
7d7f4843
7d800000
7d81c06a
7d82c082
7d83c08f
7d84c09c
7d85c0a9
7d86c0b6
7d87c0c3
7d88c0d0
7d89c0ea
7d8ac102
7d8bc10f
7d8cc11c
7d8dc129
7d8ec136
7d8fc143
7d90c150
7d91c16a
7d92c182
7d93c18f
7d94c19c
7d95c1a9
7d96c1b6
7d97c1c3
7d98c1d0
7d99c1ea
7d9ac202
7d9bc20f
7d9cc21c
7d9dc229
7d9ec236
7d9fc243
7da0c250
7da1c26a
7da2c282
7da3c28f
7da4c29c
7da5c2a9
7da6c2b6
7da7c2c3
7da8c2d0
7da9c2ea
7daac302
7dabc30f
7dacc31c
7dadc329
7daec336
7dafc343
7db0c350
7db1c36a
7db2c382
7db3c38f
7db4c39c
7db5c3a9
7db6c3b6
7db7c3c3
7db8c3d0
7db9c3ea
7dbac402
7dbbc40f
7dbcc41c
7dbdc429
7dbec436
7dbfc443
7dc0c450
7dc1c46a
7dc2c482
7dc3c48f
7dc4c49c
7dc5c4a9
7dc6c4b6
7dc7c4c3
7dc8c4d0
7dc9c4ea
7dcac502
7dcbc50f
7dccc51c
7dcdc529
7dcec536
7dcfc543
7dd0c550
7dd1c56a
7dd2c582
7dd3c58f
7dd4c59c
7dd5c5a9
7dd6c5b6
7dd7c5c3
7dd8c5d0
7dd9c5ea
7ddac602
7ddbc60f
7ddcc61c
7dddc629
7ddec636
7ddfc643
7de0c650
7de1c66a
7de2c682
7de3c68f
7de4c69c
7de5c6a9
7de6c6b6
7de7c6c3
7de8c6d0
7de9c6ea
7deac702
7debc70f
7decc71c
7dedc729
7deec736
7defc743
7df0c750
7df1c76a
7df2c782
7df3c78f
7df4c79c
7df5c7a9
7df6c7b6
7df7c7c3
7df8c7d0
7df9c7ea
7dfac802
7dfbc80f
7dfcc81c
7dfdc829
7dfec836
7dffc843
7e000000
7e01407c
7e02408c
7e03409a
7e0440a8
7e0540b6
7e0640c4
7e0740d2
7e0840e0
7e0940fc
7e0a410c
7e0b411a
7e0c4128
7e0d4136
7e0e4144
7e0f4152
7e104160
7e11417c
7e12418c
7e13419a
7e1441a8
7e1541b6
7e1641c4
7e1741d2
7e1841e0
7e1941fc
7e1a420c
7e1b421a
7e1c4228
7e1d4236
7e1e4244
7e1f4252
7e204260
7e21427c
7e22428c
7e23429a
7e2442a8
7e2542b6
7e2642c4
7e2742d2
7e2842e0
7e2942fc
7e2a430c
7e2b431a
7e2c4328
7e2d4336
7e2e4344
7e2f4352
7e304360
7e31437c
7e32438c
7e33439a
7e3443a8
7e3543b6
7e3643c4
7e3743d2
7e3843e0
7e3943fc
7e3a440c
7e3b441a
7e3c4428
7e3d4436
7e3e4444
7e3f4452
7e404460
7e41447c
7e42448c
7e43449a
7e4444a8
7e4544b6
7e4644c4
7e4744d2
7e4844e0
7e4944fc
7e4a450c
7e4b451a
7e4c4528
7e4d4536
7e4e4544
7e4f4552
7e504560
7e51457c
7e52458c
7e53459a
7e5445a8
7e5545b6
7e5645c4
7e5745d2
7e5845e0
7e5945fc
7e5a460c
7e5b461a
7e5c4628
7e5d4636
7e5e4644
7e5f4652
7e604660
7e61467c
7e62468c
7e63469a
7e6446a8
7e6546b6
7e6646c4
7e6746d2
7e6846e0
7e6946fc
7e6a470c
7e6b471a
7e6c4728
7e6d4736
7e6e4744
7e6f4752
7e704760
7e71477c
7e72478c
7e73479a
7e7447a8
7e7547b6
7e7647c4
7e7747d2
7e7847e0
7e7947fc
7e7a480c
7e7b481a
7e7c4828
7e7d4836
7e7e4844
7e7f4852
7e800000
7e81c07c
7e82c08c
7e83c09a
7e84c0a8
7e85c0b6
7e86c0c4
7e87c0d2
7e88c0e0
7e89c0fc
7e8ac10c
7e8bc11a
7e8cc128
7e8dc136
7e8ec144
7e8fc152
7e90c160
7e91c17c
7e92c18c
7e93c19a
7e94c1a8
7e95c1b6
7e96c1c4
7e97c1d2
7e98c1e0
7e99c1fc
7e9ac20c
7e9bc21a
7e9cc228
7e9dc236
7e9ec244
7e9fc252
7ea0c260
7ea1c27c
7ea2c28c
7ea3c29a
7ea4c2a8
7ea5c2b6
7ea6c2c4
7ea7c2d2
7ea8c2e0
7ea9c2fc
7eaac30c
7eabc31a
7eacc328
7eadc336
7eaec344
7eafc352
7eb0c360
7eb1c37c
7eb2c38c
7eb3c39a
7eb4c3a8
7eb5c3b6
7eb6c3c4
7eb7c3d2
7eb8c3e0
7eb9c3fc
7ebac40c
7ebbc41a
7ebcc428
7ebdc436
7ebec444
7ebfc452
7ec0c460
7ec1c47c
7ec2c48c
7ec3c49a
7ec4c4a8
7ec5c4b6
7ec6c4c4
7ec7c4d2
7ec8c4e0
7ec9c4fc
7ecac50c
7ecbc51a
7eccc528
7ecdc536
7ecec544
7ecfc552
7ed0c560
7ed1c57c
7ed2c58c
7ed3c59a
7ed4c5a8
7ed5c5b6
7ed6c5c4
7ed7c5d2
7ed8c5e0
7ed9c5fc
7edac60c
7edbc61a
7edcc628
7eddc636
7edec644
7edfc652
7ee0c660
7ee1c67c
7ee2c68c
7ee3c69a
7ee4c6a8
7ee5c6b6
7ee6c6c4
7ee7c6d2
7ee8c6e0
7ee9c6fc
7eeac70c
7eebc71a
7eecc728
7eedc736
7eeec744
7eefc752
7ef0c760
7ef1c77c
7ef2c78c
7ef3c79a
7ef4c7a8
7ef5c7b6
7ef6c7c4
7ef7c7d2
7ef8c7e0
7ef9c7fc
7efac80c
7efbc81a
7efcc828
7efdc836
7efec844
7effc852
7f000000
7f014087
7f024096
7f0340a5
7f0440b4
7f0540c3
7f0640d2
7f0740e1
7f0840f0
7f094107
7f0a4116
7f0b4125
7f0c4134
7f0d4143
7f0e4152
7f0f4161
7f104170
7f114187
7f124196
7f1341a5
7f1441b4
7f1541c3
7f1641d2
7f1741e1
7f1841f0
7f194207
7f1a4216
7f1b4225
7f1c4234
7f1d4243
7f1e4252
7f1f4261
7f204270
7f214287
7f224296
7f2342a5
7f2442b4
7f2542c3
7f2642d2
7f2742e1
7f2842f0
7f294307
7f2a4316
7f2b4325
7f2c4334
7f2d4343
7f2e4352
7f2f4361
7f304370
7f314387
7f324396
7f3343a5
7f3443b4
7f3543c3
7f3643d2
7f3743e1
7f3843f0
7f394407
7f3a4416
7f3b4425
7f3c4434
7f3d4443
7f3e4452
7f3f4461
7f404470
7f414487
7f424496
7f4344a5
7f4444b4
7f4544c3
7f4644d2
7f4744e1
7f4844f0
7f494507
7f4a4516
7f4b4525
7f4c4534
7f4d4543
7f4e4552
7f4f4561
7f504570
7f514587
7f524596
7f5345a5
7f5445b4
7f5545c3
7f5645d2
7f5745e1
7f5845f0
7f594607
7f5a4616
7f5b4625
7f5c4634
7f5d4643
7f5e4652
7f5f4661
7f604670
7f614687
7f624696
7f6346a5
7f6446b4
7f6546c3
7f6646d2
7f6746e1
7f6846f0
7f694707
7f6a4716
7f6b4725
7f6c4734
7f6d4743
7f6e4752
7f6f4761
7f704770
7f714787
7f724796
7f7347a5
7f7447b4
7f7547c3
7f7647d2
7f7747e1
7f7847f0
7f794807
7f7a4816
7f7b4825
7f7c4834
7f7d4843
7f7e4852
7f7f4861
7f800000
7f81c087
7f82c096
7f83c0a5
7f84c0b4
7f85c0c3
7f86c0d2
7f87c0e1
7f88c0f0
7f89c107
7f8ac116
7f8bc125
7f8cc134
7f8dc143
7f8ec152
7f8fc161
7f90c170
7f91c187
7f92c196
7f93c1a5
7f94c1b4
7f95c1c3
7f96c1d2
7f97c1e1
7f98c1f0
7f99c207
7f9ac216
7f9bc225
7f9cc234
7f9dc243
7f9ec252
7f9fc261
7fa0c270
7fa1c287
7fa2c296
7fa3c2a5
7fa4c2b4
7fa5c2c3
7fa6c2d2
7fa7c2e1
7fa8c2f0
7fa9c307
7faac316
7fabc325
7facc334
7fadc343
7faec352
7fafc361
7fb0c370
7fb1c387
7fb2c396
7fb3c3a5
7fb4c3b4
7fb5c3c3
7fb6c3d2
7fb7c3e1
7fb8c3f0
7fb9c407
7fbac416
7fbbc425
7fbcc434
7fbdc443
7fbec452
7fbfc461
7fc0c470
7fc1c487
7fc2c496
7fc3c4a5
7fc4c4b4
7fc5c4c3
7fc6c4d2
7fc7c4e1
7fc8c4f0
7fc9c507
7fcac516
7fcbc525
7fccc534
7fcdc543
7fcec552
7fcfc561
7fd0c570
7fd1c587
7fd2c596
7fd3c5a5
7fd4c5b4
7fd5c5c3
7fd6c5d2
7fd7c5e1
7fd8c5f0
7fd9c607
7fdac616
7fdbc625
7fdcc634
7fddc643
7fdec652
7fdfc661
7fe0c670
7fe1c687
7fe2c696
7fe3c6a5
7fe4c6b4
7fe5c6c3
7fe6c6d2
7fe7c6e1
7fe8c6f0
7fe9c707
7feac716
7febc725
7fecc734
7fedc743
7feec752
7fefc761
7ff0c770
7ff1c787
7ff2c796
7ff3c7a5
7ff4c7b4
7ff5c7c3
7ff6c7d2
7ff7c7e1
7ff8c7f0
7ff9c807
7ffac816
7ffbc825
7ffcc834
7ffdc843
7ffec852
7fffc861
80000000
80010000
80020000
80030000
80040000
80050000
80060000
80070000
80080000
80090000
800a0000
800b0000
800c0000
800d0000
800e0000
800f0000
80100000
80110000
80120000
80130000
80140000
80150000
80160000
80170000
80180000
80190000
801a0000
801b0000
801c0000
801d0000
801e0000
801f0000
80200000
80210000
80220000
80230000
80240000
80250000
80260000
80270000
80280000
80290000
802a0000
802b0000
802c0000
802d0000
802e0000
802f0000
80300000
80310000
80320000
80330000
80340000
80350000
80360000
80370000
80380000
80390000
803a0000
803b0000
803c0000
803d0000
803e0000
803f0000
80400000
80410000
80420000
80430000
80440000
80450000
80460000
80470000
80480000
80490000
804a0000
804b0000
804c0000
804d0000
804e0000
804f0000
80500000
80510000
80520000
80530000
80540000
80550000
80560000
80570000
80580000
80590000
805a0000
805b0000
805c0000
805d0000
805e0000
805f0000
80600000
80610000
80620000
80630000
80640000
80650000
80660000
80670000
80680000
80690000
806a0000
806b0000
806c0000
806d0000
806e0000
806f0000
80700000
80710000
80720000
80730000
80740000
80750000
80760000
80770000
80780000
80790000
807a0000
807b0000
807c0000
807d0000
807e0000
807f0000
80800000
80810000
80820000
80830000
80840000
80850000
80860000
80870000
80880000
80890000
808a0000
808b0000
808c0000
808d0000
808e0000
808f0000
80900000
80910000
80920000
80930000
80940000
80950000
80960000
80970000
80980000
80990000
809a0000
809b0000
809c0000
809d0000
809e0000
809f0000
80a00000
80a10000
80a20000
80a30000
80a40000
80a50000
80a60000
80a70000
80a80000
80a90000
80aa0000
80ab0000
80ac0000
80ad0000
80ae0000
80af0000
80b00000
80b10000
80b20000
80b30000
80b40000
80b50000
80b60000
80b70000
80b80000
80b90000
80ba0000
80bb0000
80bc0000
80bd0000
80be0000
80bf0000
80c00000
80c10000
80c20000
80c30000
80c40000
80c50000
80c60000
80c70000
80c80000
80c90000
80ca0000
80cb0000
80cc0000
80cd0000
80ce0000
80cf0000
80d00000
80d10000
80d20000
80d30000
80d40000
80d50000
80d60000
80d70000
80d80000
80d90000
80da0000
80db0000
80dc0000
80dd0000
80de0000
80df0000
80e00000
80e10000
80e20000
80e30000
80e40000
80e50000
80e60000
80e70000
80e80000
80e90000
80ea0000
80eb0000
80ec0000
80ed0000
80ee0000
80ef0000
80f00000
80f10000
80f20000
80f30000
80f40000
80f50000
80f60000
80f70000
80f80000
80f90000
80fa0000
80fb0000
80fc0000
80fd0000
80fe0000
80ff0000
81000000
8101b8a2
8102b8b4
8103b8c6
8104b8d8
8105b8ea
8106b8fc
8107b907
8108b910
8109b922
810ab934
810bb946
810cb958
810db96a
810eb97c
810fb987
8110b990
8111b9a2
8112b9b4
8113b9c6
8114b9d8
8115b9ea
8116b9fc
8117ba07
8118ba10
8119ba22
811aba34
811bba46
811cba58
811dba6a
811eba7c
811fba87
8120ba90
8121baa2
8122bab4
8123bac6
8124bad8
8125baea
8126bafc
8127bb07
8128bb10
8129bb22
812abb34
812bbb46
812cbb58
812dbb6a
812ebb7c
812fbb87
8130bb90
8131bba2
8132bbb4
8133bbc6
8134bbd8
8135bbea
8136bbfc
8137bc07
8138bc10
8139bc22
813abc34
813bbc46
813cbc58
813dbc6a
813ebc7c
813fbc87
8140bc90
8141bca2
8142bcb4
8143bcc6
8144bcd8
8145bcea
8146bcfc
8147bd07
8148bd10
8149bd22
814abd34
814bbd46
814cbd58
814dbd6a
814ebd7c
814fbd87
8150bd90
8151bda2
8152bdb4
8153bdc6
8154bdd8
8155bdea
8156bdfc
8157be07
8158be10
8159be22
815abe34
815bbe46
815cbe58
815dbe6a
815ebe7c
815fbe87
8160be90
8161bea2
8162beb4
8163bec6
8164bed8
8165beea
8166befc
8167bf07
8168bf10
8169bf22
816abf34
816bbf46
816cbf58
816dbf6a
816ebf7c
816fbf87
8170bf90
8171bfa2
8172bfb4
8173bfc6
8174bfd8
8175bfea
8176bffc
8177c007
8178c010
8179c022
817ac034
817bc046
817cc058
817dc06a
817ec07c
817fc087
81800000
818138a2
818238b4
818338c6
818438d8
818538ea
818638fc
81873907
81883910
81893922
818a3934
818b3946
818c3958
818d396a
818e397c
818f3987
81903990
819139a2
819239b4
819339c6
819439d8
819539ea
819639fc
81973a07
81983a10
81993a22
819a3a34
819b3a46
819c3a58
819d3a6a
819e3a7c
819f3a87
81a03a90
81a13aa2
81a23ab4
81a33ac6
81a43ad8
81a53aea
81a63afc
81a73b07
81a83b10
81a93b22
81aa3b34
81ab3b46
81ac3b58
81ad3b6a
81ae3b7c
81af3b87
81b03b90
81b13ba2
81b23bb4
81b33bc6
81b43bd8
81b53bea
81b63bfc
81b73c07
81b83c10
81b93c22
81ba3c34
81bb3c46
81bc3c58
81bd3c6a
81be3c7c
81bf3c87
81c03c90
81c13ca2
81c23cb4
81c33cc6
81c43cd8
81c53cea
81c63cfc
81c73d07
81c83d10
81c93d22
81ca3d34
81cb3d46
81cc3d58
81cd3d6a
81ce3d7c
81cf3d87
81d03d90
81d13da2
81d23db4
81d33dc6
81d43dd8
81d53dea
81d63dfc
81d73e07
81d83e10
81d93e22
81da3e34
81db3e46
81dc3e58
81dd3e6a
81de3e7c
81df3e87
81e03e90
81e13ea2
81e23eb4
81e33ec6
81e43ed8
81e53eea
81e63efc
81e73f07
81e83f10
81e93f22
81ea3f34
81eb3f46
81ec3f58
81ed3f6a
81ee3f7c
81ef3f87
81f03f90
81f13fa2
81f23fb4
81f33fc6
81f43fd8
81f53fea
81f63ffc
81f74007
81f84010
81f94022
81fa4034
81fb4046
81fc4058
81fd406a
81fe407c
81ff4087
82000000
8201b8b4
8202b8c8
8203b8dc
8204b8f0
8205b902
8206b90c
8207b916
8208b920
8209b934
820ab948
820bb95c
820cb970
820db982
820eb98c
820fb996
8210b9a0
8211b9b4
8212b9c8
8213b9dc
8214b9f0
8215ba02
8216ba0c
8217ba16
8218ba20
8219ba34
821aba48
821bba5c
821cba70
821dba82
821eba8c
821fba96
8220baa0
8221bab4
8222bac8
8223badc
8224baf0
8225bb02
8226bb0c
8227bb16
8228bb20
8229bb34
822abb48
822bbb5c
822cbb70
822dbb82
822ebb8c
822fbb96
8230bba0
8231bbb4
8232bbc8
8233bbdc
8234bbf0
8235bc02
8236bc0c
8237bc16
8238bc20
8239bc34
823abc48
823bbc5c
823cbc70
823dbc82
823ebc8c
823fbc96
8240bca0
8241bcb4
8242bcc8
8243bcdc
8244bcf0
8245bd02
8246bd0c
8247bd16
8248bd20
8249bd34
824abd48
824bbd5c
824cbd70
824dbd82
824ebd8c
824fbd96
8250bda0
8251bdb4
8252bdc8
8253bddc
8254bdf0
8255be02
8256be0c
8257be16
8258be20
8259be34
825abe48
825bbe5c
825cbe70
825dbe82
825ebe8c
825fbe96
8260bea0
8261beb4
8262bec8
8263bedc
8264bef0
8265bf02
8266bf0c
8267bf16
8268bf20
8269bf34
826abf48
826bbf5c
826cbf70
826dbf82
826ebf8c
826fbf96
8270bfa0
8271bfb4
8272bfc8
8273bfdc
8274bff0
8275c002
8276c00c
8277c016
8278c020
8279c034
827ac048
827bc05c
827cc070
827dc082
827ec08c
827fc096
82800000
828138b4
828238c8
828338dc
828438f0
82853902
8286390c
82873916
82883920
82893934
828a3948
828b395c
828c3970
828d3982
828e398c
828f3996
829039a0
829139b4
829239c8
829339dc
829439f0
82953a02
82963a0c
82973a16
82983a20
82993a34
829a3a48
829b3a5c
829c3a70
829d3a82
829e3a8c
829f3a96
82a03aa0
82a13ab4
82a23ac8
82a33adc
82a43af0
82a53b02
82a63b0c
82a73b16
82a83b20
82a93b34
82aa3b48
82ab3b5c
82ac3b70
82ad3b82
82ae3b8c
82af3b96
82b03ba0
82b13bb4
82b23bc8
82b33bdc
82b43bf0
82b53c02
82b63c0c
82b73c16
82b83c20
82b93c34
82ba3c48
82bb3c5c
82bc3c70
82bd3c82
82be3c8c
82bf3c96
82c03ca0
82c13cb4
82c23cc8
82c33cdc
82c43cf0
82c53d02
82c63d0c
82c73d16
82c83d20
82c93d34
82ca3d48
82cb3d5c
82cc3d70
82cd3d82
82ce3d8c
82cf3d96
82d03da0
82d13db4
82d23dc8
82d33ddc
82d43df0
82d53e02
82d63e0c
82d73e16
82d83e20
82d93e34
82da3e48
82db3e5c
82dc3e70
82dd3e82
82de3e8c
82df3e96
82e03ea0
82e13eb4
82e23ec8
82e33edc
82e43ef0
82e53f02
82e63f0c
82e73f16
82e83f20
82e93f34
82ea3f48
82eb3f5c
82ec3f70
82ed3f82
82ee3f8c
82ef3f96
82f03fa0
82f13fb4
82f23fc8
82f33fdc
82f43ff0
82f54002
82f6400c
82f74016
82f84020
82f94034
82fa4048
82fb405c
82fc4070
82fd4082
82fe408c
82ff4096
83000000
8301b8c6
8302b8dc
8303b8f2
8304b904
8305b90f
8306b91a
8307b925
8308b930
8309b946
830ab95c
830bb972
830cb984
830db98f
830eb99a
830fb9a5
8310b9b0
8311b9c6
8312b9dc
8313b9f2
8314ba04
8315ba0f
8316ba1a
8317ba25
8318ba30
8319ba46
831aba5c
831bba72
831cba84
831dba8f
831eba9a
831fbaa5
8320bab0
8321bac6
8322badc
8323baf2
8324bb04
8325bb0f
8326bb1a
8327bb25
8328bb30
8329bb46
832abb5c
832bbb72
832cbb84
832dbb8f
832ebb9a
832fbba5
8330bbb0
8331bbc6
8332bbdc
8333bbf2
8334bc04
8335bc0f
8336bc1a
8337bc25
8338bc30
8339bc46
833abc5c
833bbc72
833cbc84
833dbc8f
833ebc9a
833fbca5
8340bcb0
8341bcc6
8342bcdc
8343bcf2
8344bd04
8345bd0f
8346bd1a
8347bd25
8348bd30
8349bd46
834abd5c
834bbd72
834cbd84
834dbd8f
834ebd9a
834fbda5
8350bdb0
8351bdc6
8352bddc
8353bdf2
8354be04
8355be0f
8356be1a
8357be25
8358be30
8359be46
835abe5c
835bbe72
835cbe84
835dbe8f
835ebe9a
835fbea5
8360beb0
8361bec6
8362bedc
8363bef2
8364bf04
8365bf0f
8366bf1a
8367bf25
8368bf30
8369bf46
836abf5c
836bbf72
836cbf84
836dbf8f
836ebf9a
836fbfa5
8370bfb0
8371bfc6
8372bfdc
8373bff2
8374c004
8375c00f
8376c01a
8377c025
8378c030
8379c046
837ac05c
837bc072
837cc084
837dc08f
837ec09a
837fc0a5
83800000
838138c6
838238dc
838338f2
83843904
8385390f
8386391a
83873925
83883930
83893946
838a395c
838b3972
838c3984
838d398f
838e399a
838f39a5
839039b0
839139c6
839239dc
839339f2
83943a04
83953a0f
83963a1a
83973a25
83983a30
83993a46
839a3a5c
839b3a72
839c3a84
839d3a8f
839e3a9a
839f3aa5
83a03ab0
83a13ac6
83a23adc
83a33af2
83a43b04
83a53b0f
83a63b1a
83a73b25
83a83b30
83a93b46
83aa3b5c
83ab3b72
83ac3b84
83ad3b8f
83ae3b9a
83af3ba5
83b03bb0
83b13bc6
83b23bdc
83b33bf2
83b43c04
83b53c0f
83b63c1a
83b73c25
83b83c30
83b93c46
83ba3c5c
83bb3c72
83bc3c84
83bd3c8f
83be3c9a
83bf3ca5
83c03cb0
83c13cc6
83c23cdc
83c33cf2
83c43d04
83c53d0f
83c63d1a
83c73d25
83c83d30
83c93d46
83ca3d5c
83cb3d72
83cc3d84
83cd3d8f
83ce3d9a
83cf3da5
83d03db0
83d13dc6
83d23ddc
83d33df2
83d43e04
83d53e0f
83d63e1a
83d73e25
83d83e30
83d93e46
83da3e5c
83db3e72
83dc3e84
83dd3e8f
83de3e9a
83df3ea5
83e03eb0
83e13ec6
83e23edc
83e33ef2
83e43f04
83e53f0f
83e63f1a
83e73f25
83e83f30
83e93f46
83ea3f5c
83eb3f72
83ec3f84
83ed3f8f
83ee3f9a
83ef3fa5
83f03fb0
83f13fc6
83f23fdc
83f33ff2
83f44004
83f5400f
83f6401a
83f74025
83f84030
83f94046
83fa405c
83fb4072
83fc4084
83fd408f
83fe409a
83ff40a5
84000000
8401b8d8
8402b8f0
8403b904
8404b910
8405b91c
8406b928
8407b934
8408b940
8409b958
840ab970
840bb984
840cb990
840db99c
840eb9a8
840fb9b4
8410b9c0
8411b9d8
8412b9f0
8413ba04
8414ba10
8415ba1c
8416ba28
8417ba34
8418ba40
8419ba58
841aba70
841bba84
841cba90
841dba9c
841ebaa8
841fbab4
8420bac0
8421bad8
8422baf0
8423bb04
8424bb10
8425bb1c
8426bb28
8427bb34
8428bb40
8429bb58
842abb70
842bbb84
842cbb90
842dbb9c
842ebba8
842fbbb4
8430bbc0
8431bbd8
8432bbf0
8433bc04
8434bc10
8435bc1c
8436bc28
8437bc34
8438bc40
8439bc58
843abc70
843bbc84
843cbc90
843dbc9c
843ebca8
843fbcb4
8440bcc0
8441bcd8
8442bcf0
8443bd04
8444bd10
8445bd1c
8446bd28
8447bd34
8448bd40
8449bd58
844abd70
844bbd84
844cbd90
844dbd9c
844ebda8
844fbdb4
8450bdc0
8451bdd8
8452bdf0
8453be04
8454be10
8455be1c
8456be28
8457be34
8458be40
8459be58
845abe70
845bbe84
845cbe90
845dbe9c
845ebea8
845fbeb4
8460bec0
8461bed8
8462bef0
8463bf04
8464bf10
8465bf1c
8466bf28
8467bf34
8468bf40
8469bf58
846abf70
846bbf84
846cbf90
846dbf9c
846ebfa8
846fbfb4
8470bfc0
8471bfd8
8472bff0
8473c004
8474c010
8475c01c
8476c028
8477c034
8478c040
8479c058
847ac070
847bc084
847cc090
847dc09c
847ec0a8
847fc0b4
84800000
848138d8
848238f0
84833904
84843910
8485391c
84863928
84873934
84883940
84893958
848a3970
848b3984
848c3990
848d399c
848e39a8
848f39b4
849039c0
849139d8
849239f0
84933a04
84943a10
84953a1c
84963a28
84973a34
84983a40
84993a58
849a3a70
849b3a84
849c3a90
849d3a9c
849e3aa8
849f3ab4
84a03ac0
84a13ad8
84a23af0
84a33b04
84a43b10
84a53b1c
84a63b28
84a73b34
84a83b40
84a93b58
84aa3b70
84ab3b84
84ac3b90
84ad3b9c
84ae3ba8
84af3bb4
84b03bc0
84b13bd8
84b23bf0
84b33c04
84b43c10
84b53c1c
84b63c28
84b73c34
84b83c40
84b93c58
84ba3c70
84bb3c84
84bc3c90
84bd3c9c
84be3ca8
84bf3cb4
84c03cc0
84c13cd8
84c23cf0
84c33d04
84c43d10
84c53d1c
84c63d28
84c73d34
84c83d40
84c93d58
84ca3d70
84cb3d84
84cc3d90
84cd3d9c
84ce3da8
84cf3db4
84d03dc0
84d13dd8
84d23df0
84d33e04
84d43e10
84d53e1c
84d63e28
84d73e34
84d83e40
84d93e58
84da3e70
84db3e84
84dc3e90
84dd3e9c
84de3ea8
84df3eb4
84e03ec0
84e13ed8
84e23ef0
84e33f04
84e43f10
84e53f1c
84e63f28
84e73f34
84e83f40
84e93f58
84ea3f70
84eb3f84
84ec3f90
84ed3f9c
84ee3fa8
84ef3fb4
84f03fc0
84f13fd8
84f23ff0
84f34004
84f44010
84f5401c
84f64028
84f74034
84f84040
84f94058
84fa4070
84fb4084
84fc4090
84fd409c
84fe40a8
84ff40b4
85000000
8501b8ea
8502b902
8503b90f
8504b91c
8505b929
8506b936
8507b943
8508b950
8509b96a
850ab982
850bb98f
850cb99c
850db9a9
850eb9b6
850fb9c3
8510b9d0
8511b9ea
8512ba02
8513ba0f
8514ba1c
8515ba29
8516ba36
8517ba43
8518ba50
8519ba6a
851aba82
851bba8f
851cba9c
851dbaa9
851ebab6
851fbac3
8520bad0
8521baea
8522bb02
8523bb0f
8524bb1c
8525bb29
8526bb36
8527bb43
8528bb50
8529bb6a
852abb82
852bbb8f
852cbb9c
852dbba9
852ebbb6
852fbbc3
8530bbd0
8531bbea
8532bc02
8533bc0f
8534bc1c
8535bc29
8536bc36
8537bc43
8538bc50
8539bc6a
853abc82
853bbc8f
853cbc9c
853dbca9
853ebcb6
853fbcc3
8540bcd0
8541bcea
8542bd02
8543bd0f
8544bd1c
8545bd29
8546bd36
8547bd43
8548bd50
8549bd6a
854abd82
854bbd8f
854cbd9c
854dbda9
854ebdb6
854fbdc3
8550bdd0
8551bdea
8552be02
8553be0f
8554be1c
8555be29
8556be36
8557be43
8558be50
8559be6a
855abe82
855bbe8f
855cbe9c
855dbea9
855ebeb6
855fbec3
8560bed0
8561beea
8562bf02
8563bf0f
8564bf1c
8565bf29
8566bf36
8567bf43
8568bf50
8569bf6a
856abf82
856bbf8f
856cbf9c
856dbfa9
856ebfb6
856fbfc3
8570bfd0
8571bfea
8572c002
8573c00f
8574c01c
8575c029
8576c036
8577c043
8578c050
8579c06a
857ac082
857bc08f
857cc09c
857dc0a9
857ec0b6
857fc0c3
85800000
858138ea
85823902
8583390f
8584391c
85853929
85863936
85873943
85883950
8589396a
858a3982
858b398f
858c399c
858d39a9
858e39b6
858f39c3
859039d0
859139ea
85923a02
85933a0f
85943a1c
85953a29
85963a36
85973a43
85983a50
85993a6a
859a3a82
859b3a8f
859c3a9c
859d3aa9
859e3ab6
859f3ac3
85a03ad0
85a13aea
85a23b02
85a33b0f
85a43b1c
85a53b29
85a63b36
85a73b43
85a83b50
85a93b6a
85aa3b82
85ab3b8f
85ac3b9c
85ad3ba9
85ae3bb6
85af3bc3
85b03bd0
85b13bea
85b23c02
85b33c0f
85b43c1c
85b53c29
85b63c36
85b73c43
85b83c50
85b93c6a
85ba3c82
85bb3c8f
85bc3c9c
85bd3ca9
85be3cb6
85bf3cc3
85c03cd0
85c13cea
85c23d02
85c33d0f
85c43d1c
85c53d29
85c63d36
85c73d43
85c83d50
85c93d6a
85ca3d82
85cb3d8f
85cc3d9c
85cd3da9
85ce3db6
85cf3dc3
85d03dd0
85d13dea
85d23e02
85d33e0f
85d43e1c
85d53e29
85d63e36
85d73e43
85d83e50
85d93e6a
85da3e82
85db3e8f
85dc3e9c
85dd3ea9
85de3eb6
85df3ec3
85e03ed0
85e13eea
85e23f02
85e33f0f
85e43f1c
85e53f29
85e63f36
85e73f43
85e83f50
85e93f6a
85ea3f82
85eb3f8f
85ec3f9c
85ed3fa9
85ee3fb6
85ef3fc3
85f03fd0
85f13fea
85f24002
85f3400f
85f4401c
85f54029
85f64036
85f74043
85f84050
85f9406a
85fa4082
85fb408f
85fc409c
85fd40a9
85fe40b6
85ff40c3
86000000
8601b8fc
8602b90c
8603b91a
8604b928
8605b936
8606b944
8607b952
8608b960
8609b97c
860ab98c
860bb99a
860cb9a8
860db9b6
860eb9c4
860fb9d2
8610b9e0
8611b9fc
8612ba0c
8613ba1a
8614ba28
8615ba36
8616ba44
8617ba52
8618ba60
8619ba7c
861aba8c
861bba9a
861cbaa8
861dbab6
861ebac4
861fbad2
8620bae0
8621bafc
8622bb0c
8623bb1a
8624bb28
8625bb36
8626bb44
8627bb52
8628bb60
8629bb7c
862abb8c
862bbb9a
862cbba8
862dbbb6
862ebbc4
862fbbd2
8630bbe0
8631bbfc
8632bc0c
8633bc1a
8634bc28
8635bc36
8636bc44
8637bc52
8638bc60
8639bc7c
863abc8c
863bbc9a
863cbca8
863dbcb6
863ebcc4
863fbcd2
8640bce0
8641bcfc
8642bd0c
8643bd1a
8644bd28
8645bd36
8646bd44
8647bd52
8648bd60
8649bd7c
864abd8c
864bbd9a
864cbda8
864dbdb6
864ebdc4
864fbdd2
8650bde0
8651bdfc
8652be0c
8653be1a
8654be28
8655be36
8656be44
8657be52
8658be60
8659be7c
865abe8c
865bbe9a
865cbea8
865dbeb6
865ebec4
865fbed2
8660bee0
8661befc
8662bf0c
8663bf1a
8664bf28
8665bf36
8666bf44
8667bf52
8668bf60
8669bf7c
866abf8c
866bbf9a
866cbfa8
866dbfb6
866ebfc4
866fbfd2
8670bfe0
8671bffc
8672c00c
8673c01a
8674c028
8675c036
8676c044
8677c052
8678c060
8679c07c
867ac08c
867bc09a
867cc0a8
867dc0b6
867ec0c4
867fc0d2
86800000
868138fc
8682390c
8683391a
86843928
86853936
86863944
86873952
86883960
8689397c
868a398c
868b399a
868c39a8
868d39b6
868e39c4
868f39d2
869039e0
869139fc
86923a0c
86933a1a
86943a28
86953a36
86963a44
86973a52
86983a60
86993a7c
869a3a8c
869b3a9a
869c3aa8
869d3ab6
869e3ac4
869f3ad2
86a03ae0
86a13afc
86a23b0c
86a33b1a
86a43b28
86a53b36
86a63b44
86a73b52
86a83b60
86a93b7c
86aa3b8c
86ab3b9a
86ac3ba8
86ad3bb6
86ae3bc4
86af3bd2
86b03be0
86b13bfc
86b23c0c
86b33c1a
86b43c28
86b53c36
86b63c44
86b73c52
86b83c60
86b93c7c
86ba3c8c
86bb3c9a
86bc3ca8
86bd3cb6
86be3cc4
86bf3cd2
86c03ce0
86c13cfc
86c23d0c
86c33d1a
86c43d28
86c53d36
86c63d44
86c73d52
86c83d60
86c93d7c
86ca3d8c
86cb3d9a
86cc3da8
86cd3db6
86ce3dc4
86cf3dd2
86d03de0
86d13dfc
86d23e0c
86d33e1a
86d43e28
86d53e36
86d63e44
86d73e52
86d83e60
86d93e7c
86da3e8c
86db3e9a
86dc3ea8
86dd3eb6
86de3ec4
86df3ed2
86e03ee0
86e13efc
86e23f0c
86e33f1a
86e43f28
86e53f36
86e63f44
86e73f52
86e83f60
86e93f7c
86ea3f8c
86eb3f9a
86ec3fa8
86ed3fb6
86ee3fc4
86ef3fd2
86f03fe0
86f13ffc
86f2400c
86f3401a
86f44028
86f54036
86f64044
86f74052
86f84060
86f9407c
86fa408c
86fb409a
86fc40a8
86fd40b6
86fe40c4
86ff40d2
87000000
8701b907
8702b916
8703b925
8704b934
8705b943
8706b952
8707b961
8708b970
8709b987
870ab996
870bb9a5
870cb9b4
870db9c3
870eb9d2
870fb9e1
8710b9f0
8711ba07
8712ba16
8713ba25
8714ba34
8715ba43
8716ba52
8717ba61
8718ba70
8719ba87
871aba96
871bbaa5
871cbab4
871dbac3
871ebad2
871fbae1
8720baf0
8721bb07
8722bb16
8723bb25
8724bb34
8725bb43
8726bb52
8727bb61
8728bb70
8729bb87
872abb96
872bbba5
872cbbb4
872dbbc3
872ebbd2
872fbbe1
8730bbf0
8731bc07
8732bc16
8733bc25
8734bc34
8735bc43
8736bc52
8737bc61
8738bc70
8739bc87
873abc96
873bbca5
873cbcb4
873dbcc3
873ebcd2
873fbce1
8740bcf0
8741bd07
8742bd16
8743bd25
8744bd34
8745bd43
8746bd52
8747bd61
8748bd70
8749bd87
874abd96
874bbda5
874cbdb4
874dbdc3
874ebdd2
874fbde1
8750bdf0
8751be07
8752be16
8753be25
8754be34
8755be43
8756be52
8757be61
8758be70
8759be87
875abe96
875bbea5
875cbeb4
875dbec3
875ebed2
875fbee1
8760bef0
8761bf07
8762bf16
8763bf25
8764bf34
8765bf43
8766bf52
8767bf61
8768bf70
8769bf87
876abf96
876bbfa5
876cbfb4
876dbfc3
876ebfd2
876fbfe1
8770bff0
8771c007
8772c016
8773c025
8774c034
8775c043
8776c052
8777c061
8778c070
8779c087
877ac096
877bc0a5
877cc0b4
877dc0c3
877ec0d2
877fc0e1
87800000
87813907
87823916
87833925
87843934
87853943
87863952
87873961
87883970
87893987
878a3996
878b39a5
878c39b4
878d39c3
878e39d2
878f39e1
879039f0
87913a07
87923a16
87933a25
87943a34
87953a43
87963a52
87973a61
87983a70
87993a87
879a3a96
879b3aa5
879c3ab4
879d3ac3
879e3ad2
879f3ae1
87a03af0
87a13b07
87a23b16
87a33b25
87a43b34
87a53b43
87a63b52
87a73b61
87a83b70
87a93b87
87aa3b96
87ab3ba5
87ac3bb4
87ad3bc3
87ae3bd2
87af3be1
87b03bf0
87b13c07
87b23c16
87b33c25
87b43c34
87b53c43
87b63c52
87b73c61
87b83c70
87b93c87
87ba3c96
87bb3ca5
87bc3cb4
87bd3cc3
87be3cd2
87bf3ce1
87c03cf0
87c13d07
87c23d16
87c33d25
87c43d34
87c53d43
87c63d52
87c73d61
87c83d70
87c93d87
87ca3d96
87cb3da5
87cc3db4
87cd3dc3
87ce3dd2
87cf3de1
87d03df0
87d13e07
87d23e16
87d33e25
87d43e34
87d53e43
87d63e52
87d73e61
87d83e70
87d93e87
87da3e96
87db3ea5
87dc3eb4
87dd3ec3
87de3ed2
87df3ee1
87e03ef0
87e13f07
87e23f16
87e33f25
87e43f34
87e53f43
87e63f52
87e73f61
87e83f70
87e93f87
87ea3f96
87eb3fa5
87ec3fb4
87ed3fc3
87ee3fd2
87ef3fe1
87f03ff0
87f14007
87f24016
87f34025
87f44034
87f54043
87f64052
87f74061
87f84070
87f94087
87fa4096
87fb40a5
87fc40b4
87fd40c3
87fe40d2
87ff40e1
88000000
8801b910
8802b920
8803b930
8804b940
8805b950
8806b960
8807b970
8808b980
8809b990
880ab9a0
880bb9b0
880cb9c0
880db9d0
880eb9e0
880fb9f0
8810ba00
8811ba10
8812ba20
8813ba30
8814ba40
8815ba50
8816ba60
8817ba70
8818ba80
8819ba90
881abaa0
881bbab0
881cbac0
881dbad0
881ebae0
881fbaf0
8820bb00
8821bb10
8822bb20
8823bb30
8824bb40
8825bb50
8826bb60
8827bb70
8828bb80
8829bb90
882abba0
882bbbb0
882cbbc0
882dbbd0
882ebbe0
882fbbf0
8830bc00
8831bc10
8832bc20
8833bc30
8834bc40
8835bc50
8836bc60
8837bc70
8838bc80
8839bc90
883abca0
883bbcb0
883cbcc0
883dbcd0
883ebce0
883fbcf0
8840bd00
8841bd10
8842bd20
8843bd30
8844bd40
8845bd50
8846bd60
8847bd70
8848bd80
8849bd90
884abda0
884bbdb0
884cbdc0
884dbdd0
884ebde0
884fbdf0
8850be00
8851be10
8852be20
8853be30
8854be40
8855be50
8856be60
8857be70
8858be80
8859be90
885abea0
885bbeb0
885cbec0
885dbed0
885ebee0
885fbef0
8860bf00
8861bf10
8862bf20
8863bf30
8864bf40
8865bf50
8866bf60
8867bf70
8868bf80
8869bf90
886abfa0
886bbfb0
886cbfc0
886dbfd0
886ebfe0
886fbff0
8870c000
8871c010
8872c020
8873c030
8874c040
8875c050
8876c060
8877c070
8878c080
8879c090
887ac0a0
887bc0b0
887cc0c0
887dc0d0
887ec0e0
887fc0f0
88800000
88813910
88823920
88833930
88843940
88853950
88863960
88873970
88883980
88893990
888a39a0
888b39b0
888c39c0
888d39d0
888e39e0
888f39f0
88903a00
88913a10
88923a20
88933a30
88943a40
88953a50
88963a60
88973a70
88983a80
88993a90
889a3aa0
889b3ab0
889c3ac0
889d3ad0
889e3ae0
889f3af0
88a03b00
88a13b10
88a23b20
88a33b30
88a43b40
88a53b50
88a63b60
88a73b70
88a83b80
88a93b90
88aa3ba0
88ab3bb0
88ac3bc0
88ad3bd0
88ae3be0
88af3bf0
88b03c00
88b13c10
88b23c20
88b33c30
88b43c40
88b53c50
88b63c60
88b73c70
88b83c80
88b93c90
88ba3ca0
88bb3cb0
88bc3cc0
88bd3cd0
88be3ce0
88bf3cf0
88c03d00
88c13d10
88c23d20
88c33d30
88c43d40
88c53d50
88c63d60
88c73d70
88c83d80
88c93d90
88ca3da0
88cb3db0
88cc3dc0
88cd3dd0
88ce3de0
88cf3df0
88d03e00
88d13e10
88d23e20
88d33e30
88d43e40
88d53e50
88d63e60
88d73e70
88d83e80
88d93e90
88da3ea0
88db3eb0
88dc3ec0
88dd3ed0
88de3ee0
88df3ef0
88e03f00
88e13f10
88e23f20
88e33f30
88e43f40
88e53f50
88e63f60
88e73f70
88e83f80
88e93f90
88ea3fa0
88eb3fb0
88ec3fc0
88ed3fd0
88ee3fe0
88ef3ff0
88f04000
88f14010
88f24020
88f34030
88f44040
88f54050
88f64060
88f74070
88f84080
88f94090
88fa40a0
88fb40b0
88fc40c0
88fd40d0
88fe40e0
88ff40f0
89000000
8901b922
8902b934
8903b946
8904b958
8905b96a
8906b97c
8907b987
8908b990
8909b9a2
890ab9b4
890bb9c6
890cb9d8
890db9ea
890eb9fc
890fba07
8910ba10
8911ba22
8912ba34
8913ba46
8914ba58
8915ba6a
8916ba7c
8917ba87
8918ba90
8919baa2
891abab4
891bbac6
891cbad8
891dbaea
891ebafc
891fbb07
8920bb10
8921bb22
8922bb34
8923bb46
8924bb58
8925bb6a
8926bb7c
8927bb87
8928bb90
8929bba2
892abbb4
892bbbc6
892cbbd8
892dbbea
892ebbfc
892fbc07
8930bc10
8931bc22
8932bc34
8933bc46
8934bc58
8935bc6a
8936bc7c
8937bc87
8938bc90
8939bca2
893abcb4
893bbcc6
893cbcd8
893dbcea
893ebcfc
893fbd07
8940bd10
8941bd22
8942bd34
8943bd46
8944bd58
8945bd6a
8946bd7c
8947bd87
8948bd90
8949bda2
894abdb4
894bbdc6
894cbdd8
894dbdea
894ebdfc
894fbe07
8950be10
8951be22
8952be34
8953be46
8954be58
8955be6a
8956be7c
8957be87
8958be90
8959bea2
895abeb4
895bbec6
895cbed8
895dbeea
895ebefc
895fbf07
8960bf10
8961bf22
8962bf34
8963bf46
8964bf58
8965bf6a
8966bf7c
8967bf87
8968bf90
8969bfa2
896abfb4
896bbfc6
896cbfd8
896dbfea
896ebffc
896fc007
8970c010
8971c022
8972c034
8973c046
8974c058
8975c06a
8976c07c
8977c087
8978c090
8979c0a2
897ac0b4
897bc0c6
897cc0d8
897dc0ea
897ec0fc
897fc107
89800000
89813922
89823934
89833946
89843958
8985396a
8986397c
89873987
89883990
898939a2
898a39b4
898b39c6
898c39d8
898d39ea
898e39fc
898f3a07
89903a10
89913a22
89923a34
89933a46
89943a58
89953a6a
89963a7c
89973a87
89983a90
89993aa2
899a3ab4
899b3ac6
899c3ad8
899d3aea
899e3afc
899f3b07
89a03b10
89a13b22
89a23b34
89a33b46
89a43b58
89a53b6a
89a63b7c
89a73b87
89a83b90
89a93ba2
89aa3bb4
89ab3bc6
89ac3bd8
89ad3bea
89ae3bfc
89af3c07
89b03c10
89b13c22
89b23c34
89b33c46
89b43c58
89b53c6a
89b63c7c
89b73c87
89b83c90
89b93ca2
89ba3cb4
89bb3cc6
89bc3cd8
89bd3cea
89be3cfc
89bf3d07
89c03d10
89c13d22
89c23d34
89c33d46
89c43d58
89c53d6a
89c63d7c
89c73d87
89c83d90
89c93da2
89ca3db4
89cb3dc6
89cc3dd8
89cd3dea
89ce3dfc
89cf3e07
89d03e10
89d13e22
89d23e34
89d33e46
89d43e58
89d53e6a
89d63e7c
89d73e87
89d83e90
89d93ea2
89da3eb4
89db3ec6
89dc3ed8
89dd3eea
89de3efc
89df3f07
89e03f10
89e13f22
89e23f34
89e33f46
89e43f58
89e53f6a
89e63f7c
89e73f87
89e83f90
89e93fa2
89ea3fb4
89eb3fc6
89ec3fd8
89ed3fea
89ee3ffc
89ef4007
89f04010
89f14022
89f24034
89f34046
89f44058
89f5406a
89f6407c
89f74087
89f84090
89f940a2
89fa40b4
89fb40c6
89fc40d8
89fd40ea
89fe40fc
89ff4107
8a000000
8a01b934
8a02b948
8a03b95c
8a04b970
8a05b982
8a06b98c
8a07b996
8a08b9a0
8a09b9b4
8a0ab9c8
8a0bb9dc
8a0cb9f0
8a0dba02
8a0eba0c
8a0fba16
8a10ba20
8a11ba34
8a12ba48
8a13ba5c
8a14ba70
8a15ba82
8a16ba8c
8a17ba96
8a18baa0
8a19bab4
8a1abac8
8a1bbadc
8a1cbaf0
8a1dbb02
8a1ebb0c
8a1fbb16
8a20bb20
8a21bb34
8a22bb48
8a23bb5c
8a24bb70
8a25bb82
8a26bb8c
8a27bb96
8a28bba0
8a29bbb4
8a2abbc8
8a2bbbdc
8a2cbbf0
8a2dbc02
8a2ebc0c
8a2fbc16
8a30bc20
8a31bc34
8a32bc48
8a33bc5c
8a34bc70
8a35bc82
8a36bc8c
8a37bc96
8a38bca0
8a39bcb4
8a3abcc8
8a3bbcdc
8a3cbcf0
8a3dbd02
8a3ebd0c
8a3fbd16
8a40bd20
8a41bd34
8a42bd48
8a43bd5c
8a44bd70
8a45bd82
8a46bd8c
8a47bd96
8a48bda0
8a49bdb4
8a4abdc8
8a4bbddc
8a4cbdf0
8a4dbe02
8a4ebe0c
8a4fbe16
8a50be20
8a51be34
8a52be48
8a53be5c
8a54be70
8a55be82
8a56be8c
8a57be96
8a58bea0
8a59beb4
8a5abec8
8a5bbedc
8a5cbef0
8a5dbf02
8a5ebf0c
8a5fbf16
8a60bf20
8a61bf34
8a62bf48
8a63bf5c
8a64bf70
8a65bf82
8a66bf8c
8a67bf96
8a68bfa0
8a69bfb4
8a6abfc8
8a6bbfdc
8a6cbff0
8a6dc002
8a6ec00c
8a6fc016
8a70c020
8a71c034
8a72c048
8a73c05c
8a74c070
8a75c082
8a76c08c
8a77c096
8a78c0a0
8a79c0b4
8a7ac0c8
8a7bc0dc
8a7cc0f0
8a7dc102
8a7ec10c
8a7fc116
8a800000
8a813934
8a823948
8a83395c
8a843970
8a853982
8a86398c
8a873996
8a8839a0
8a8939b4
8a8a39c8
8a8b39dc
8a8c39f0
8a8d3a02
8a8e3a0c
8a8f3a16
8a903a20
8a913a34
8a923a48
8a933a5c
8a943a70
8a953a82
8a963a8c
8a973a96
8a983aa0
8a993ab4
8a9a3ac8
8a9b3adc
8a9c3af0
8a9d3b02
8a9e3b0c
8a9f3b16
8aa03b20
8aa13b34
8aa23b48
8aa33b5c
8aa43b70
8aa53b82
8aa63b8c
8aa73b96
8aa83ba0
8aa93bb4
8aaa3bc8
8aab3bdc
8aac3bf0
8aad3c02
8aae3c0c
8aaf3c16
8ab03c20
8ab13c34
8ab23c48
8ab33c5c
8ab43c70
8ab53c82
8ab63c8c
8ab73c96
8ab83ca0
8ab93cb4
8aba3cc8
8abb3cdc
8abc3cf0
8abd3d02
8abe3d0c
8abf3d16
8ac03d20
8ac13d34
8ac23d48
8ac33d5c
8ac43d70
8ac53d82
8ac63d8c
8ac73d96
8ac83da0
8ac93db4
8aca3dc8
8acb3ddc
8acc3df0
8acd3e02
8ace3e0c
8acf3e16
8ad03e20
8ad13e34
8ad23e48
8ad33e5c
8ad43e70
8ad53e82
8ad63e8c
8ad73e96
8ad83ea0
8ad93eb4
8ada3ec8
8adb3edc
8adc3ef0
8add3f02
8ade3f0c
8adf3f16
8ae03f20
8ae13f34
8ae23f48
8ae33f5c
8ae43f70
8ae53f82
8ae63f8c
8ae73f96
8ae83fa0
8ae93fb4
8aea3fc8
8aeb3fdc
8aec3ff0
8aed4002
8aee400c
8aef4016
8af04020
8af14034
8af24048
8af3405c
8af44070
8af54082
8af6408c
8af74096
8af840a0
8af940b4
8afa40c8
8afb40dc
8afc40f0
8afd4102
8afe410c
8aff4116
8b000000
8b01b946
8b02b95c
8b03b972
8b04b984
8b05b98f
8b06b99a
8b07b9a5
8b08b9b0
8b09b9c6
8b0ab9dc
8b0bb9f2
8b0cba04
8b0dba0f
8b0eba1a
8b0fba25
8b10ba30
8b11ba46
8b12ba5c
8b13ba72
8b14ba84
8b15ba8f
8b16ba9a
8b17baa5
8b18bab0
8b19bac6
8b1abadc
8b1bbaf2
8b1cbb04
8b1dbb0f
8b1ebb1a
8b1fbb25
8b20bb30
8b21bb46
8b22bb5c
8b23bb72
8b24bb84
8b25bb8f
8b26bb9a
8b27bba5
8b28bbb0
8b29bbc6
8b2abbdc
8b2bbbf2
8b2cbc04
8b2dbc0f
8b2ebc1a
8b2fbc25
8b30bc30
8b31bc46
8b32bc5c
8b33bc72
8b34bc84
8b35bc8f
8b36bc9a
8b37bca5
8b38bcb0
8b39bcc6
8b3abcdc
8b3bbcf2
8b3cbd04
8b3dbd0f
8b3ebd1a
8b3fbd25
8b40bd30
8b41bd46
8b42bd5c
8b43bd72
8b44bd84
8b45bd8f
8b46bd9a
8b47bda5
8b48bdb0
8b49bdc6
8b4abddc
8b4bbdf2
8b4cbe04
8b4dbe0f
8b4ebe1a
8b4fbe25
8b50be30
8b51be46
8b52be5c
8b53be72
8b54be84
8b55be8f
8b56be9a
8b57bea5
8b58beb0
8b59bec6
8b5abedc
8b5bbef2
8b5cbf04
8b5dbf0f
8b5ebf1a
8b5fbf25
8b60bf30
8b61bf46
8b62bf5c
8b63bf72
8b64bf84
8b65bf8f
8b66bf9a
8b67bfa5
8b68bfb0
8b69bfc6
8b6abfdc
8b6bbff2
8b6cc004
8b6dc00f
8b6ec01a
8b6fc025
8b70c030
8b71c046
8b72c05c
8b73c072
8b74c084
8b75c08f
8b76c09a
8b77c0a5
8b78c0b0
8b79c0c6
8b7ac0dc
8b7bc0f2
8b7cc104
8b7dc10f
8b7ec11a
8b7fc125
8b800000
8b813946
8b82395c
8b833972
8b843984
8b85398f
8b86399a
8b8739a5
8b8839b0
8b8939c6
8b8a39dc
8b8b39f2
8b8c3a04
8b8d3a0f
8b8e3a1a
8b8f3a25
8b903a30
8b913a46
8b923a5c
8b933a72
8b943a84
8b953a8f
8b963a9a
8b973aa5
8b983ab0
8b993ac6
8b9a3adc
8b9b3af2
8b9c3b04
8b9d3b0f
8b9e3b1a
8b9f3b25
8ba03b30
8ba13b46
8ba23b5c
8ba33b72
8ba43b84
8ba53b8f
8ba63b9a
8ba73ba5
8ba83bb0
8ba93bc6
8baa3bdc
8bab3bf2
8bac3c04
8bad3c0f
8bae3c1a
8baf3c25
8bb03c30
8bb13c46
8bb23c5c
8bb33c72
8bb43c84
8bb53c8f
8bb63c9a
8bb73ca5
8bb83cb0
8bb93cc6
8bba3cdc
8bbb3cf2
8bbc3d04
8bbd3d0f
8bbe3d1a
8bbf3d25
8bc03d30
8bc13d46
8bc23d5c
8bc33d72
8bc43d84
8bc53d8f
8bc63d9a
8bc73da5
8bc83db0
8bc93dc6
8bca3ddc
8bcb3df2
8bcc3e04
8bcd3e0f
8bce3e1a
8bcf3e25
8bd03e30
8bd13e46
8bd23e5c
8bd33e72
8bd43e84
8bd53e8f
8bd63e9a
8bd73ea5
8bd83eb0
8bd93ec6
8bda3edc
8bdb3ef2
8bdc3f04
8bdd3f0f
8bde3f1a
8bdf3f25
8be03f30
8be13f46
8be23f5c
8be33f72
8be43f84
8be53f8f
8be63f9a
8be73fa5
8be83fb0
8be93fc6
8bea3fdc
8beb3ff2
8bec4004
8bed400f
8bee401a
8bef4025
8bf04030
8bf14046
8bf2405c
8bf34072
8bf44084
8bf5408f
8bf6409a
8bf740a5
8bf840b0
8bf940c6
8bfa40dc
8bfb40f2
8bfc4104
8bfd410f
8bfe411a
8bff4125
8c000000
8c01b958
8c02b970
8c03b984
8c04b990
8c05b99c
8c06b9a8
8c07b9b4
8c08b9c0
8c09b9d8
8c0ab9f0
8c0bba04
8c0cba10
8c0dba1c
8c0eba28
8c0fba34
8c10ba40
8c11ba58
8c12ba70
8c13ba84
8c14ba90
8c15ba9c
8c16baa8
8c17bab4
8c18bac0
8c19bad8
8c1abaf0
8c1bbb04
8c1cbb10
8c1dbb1c
8c1ebb28
8c1fbb34
8c20bb40
8c21bb58
8c22bb70
8c23bb84
8c24bb90
8c25bb9c
8c26bba8
8c27bbb4
8c28bbc0
8c29bbd8
8c2abbf0
8c2bbc04
8c2cbc10
8c2dbc1c
8c2ebc28
8c2fbc34
8c30bc40
8c31bc58
8c32bc70
8c33bc84
8c34bc90
8c35bc9c
8c36bca8
8c37bcb4
8c38bcc0
8c39bcd8
8c3abcf0
8c3bbd04
8c3cbd10
8c3dbd1c
8c3ebd28
8c3fbd34
8c40bd40
8c41bd58
8c42bd70
8c43bd84
8c44bd90
8c45bd9c
8c46bda8
8c47bdb4
8c48bdc0
8c49bdd8
8c4abdf0
8c4bbe04
8c4cbe10
8c4dbe1c
8c4ebe28
8c4fbe34
8c50be40
8c51be58
8c52be70
8c53be84
8c54be90
8c55be9c
8c56bea8
8c57beb4
8c58bec0
8c59bed8
8c5abef0
8c5bbf04
8c5cbf10
8c5dbf1c
8c5ebf28
8c5fbf34
8c60bf40
8c61bf58
8c62bf70
8c63bf84
8c64bf90
8c65bf9c
8c66bfa8
8c67bfb4
8c68bfc0
8c69bfd8
8c6abff0
8c6bc004
8c6cc010
8c6dc01c
8c6ec028
8c6fc034
8c70c040
8c71c058
8c72c070
8c73c084
8c74c090
8c75c09c
8c76c0a8
8c77c0b4
8c78c0c0
8c79c0d8
8c7ac0f0
8c7bc104
8c7cc110
8c7dc11c
8c7ec128
8c7fc134
8c800000
8c813958
8c823970
8c833984
8c843990
8c85399c
8c8639a8
8c8739b4
8c8839c0
8c8939d8
8c8a39f0
8c8b3a04
8c8c3a10
8c8d3a1c
8c8e3a28
8c8f3a34
8c903a40
8c913a58
8c923a70
8c933a84
8c943a90
8c953a9c
8c963aa8
8c973ab4
8c983ac0
8c993ad8
8c9a3af0
8c9b3b04
8c9c3b10
8c9d3b1c
8c9e3b28
8c9f3b34
8ca03b40
8ca13b58
8ca23b70
8ca33b84
8ca43b90
8ca53b9c
8ca63ba8
8ca73bb4
8ca83bc0
8ca93bd8
8caa3bf0
8cab3c04
8cac3c10
8cad3c1c
8cae3c28
8caf3c34
8cb03c40
8cb13c58
8cb23c70
8cb33c84
8cb43c90
8cb53c9c
8cb63ca8
8cb73cb4
8cb83cc0
8cb93cd8
8cba3cf0
8cbb3d04
8cbc3d10
8cbd3d1c
8cbe3d28
8cbf3d34
8cc03d40
8cc13d58
8cc23d70
8cc33d84
8cc43d90
8cc53d9c
8cc63da8
8cc73db4
8cc83dc0
8cc93dd8
8cca3df0
8ccb3e04
8ccc3e10
8ccd3e1c
8cce3e28
8ccf3e34
8cd03e40
8cd13e58
8cd23e70
8cd33e84
8cd43e90
8cd53e9c
8cd63ea8
8cd73eb4
8cd83ec0
8cd93ed8
8cda3ef0
8cdb3f04
8cdc3f10
8cdd3f1c
8cde3f28
8cdf3f34
8ce03f40
8ce13f58
8ce23f70
8ce33f84
8ce43f90
8ce53f9c
8ce63fa8
8ce73fb4
8ce83fc0
8ce93fd8
8cea3ff0
8ceb4004
8cec4010
8ced401c
8cee4028
8cef4034
8cf04040
8cf14058
8cf24070
8cf34084
8cf44090
8cf5409c
8cf640a8
8cf740b4
8cf840c0
8cf940d8
8cfa40f0
8cfb4104
8cfc4110
8cfd411c
8cfe4128
8cff4134
8d000000
8d01b96a
8d02b982
8d03b98f
8d04b99c
8d05b9a9
8d06b9b6
8d07b9c3
8d08b9d0
8d09b9ea
8d0aba02
8d0bba0f
8d0cba1c
8d0dba29
8d0eba36
8d0fba43
8d10ba50
8d11ba6a
8d12ba82
8d13ba8f
8d14ba9c
8d15baa9
8d16bab6
8d17bac3
8d18bad0
8d19baea
8d1abb02
8d1bbb0f
8d1cbb1c
8d1dbb29
8d1ebb36
8d1fbb43
8d20bb50
8d21bb6a
8d22bb82
8d23bb8f
8d24bb9c
8d25bba9
8d26bbb6
8d27bbc3
8d28bbd0
8d29bbea
8d2abc02
8d2bbc0f
8d2cbc1c
8d2dbc29
8d2ebc36
8d2fbc43
8d30bc50
8d31bc6a
8d32bc82
8d33bc8f
8d34bc9c
8d35bca9
8d36bcb6
8d37bcc3
8d38bcd0
8d39bcea
8d3abd02
8d3bbd0f
8d3cbd1c
8d3dbd29
8d3ebd36
8d3fbd43
8d40bd50
8d41bd6a
8d42bd82
8d43bd8f
8d44bd9c
8d45bda9
8d46bdb6
8d47bdc3
8d48bdd0
8d49bdea
8d4abe02
8d4bbe0f
8d4cbe1c
8d4dbe29
8d4ebe36
8d4fbe43
8d50be50
8d51be6a
8d52be82
8d53be8f
8d54be9c
8d55bea9
8d56beb6
8d57bec3
8d58bed0
8d59beea
8d5abf02
8d5bbf0f
8d5cbf1c
8d5dbf29
8d5ebf36
8d5fbf43
8d60bf50
8d61bf6a
8d62bf82
8d63bf8f
8d64bf9c
8d65bfa9
8d66bfb6
8d67bfc3
8d68bfd0
8d69bfea
8d6ac002
8d6bc00f
8d6cc01c
8d6dc029
8d6ec036
8d6fc043
8d70c050
8d71c06a
8d72c082
8d73c08f
8d74c09c
8d75c0a9
8d76c0b6
8d77c0c3
8d78c0d0
8d79c0ea
8d7ac102
8d7bc10f
8d7cc11c
8d7dc129
8d7ec136
8d7fc143
8d800000
8d81396a
8d823982
8d83398f
8d84399c
8d8539a9
8d8639b6
8d8739c3
8d8839d0
8d8939ea
8d8a3a02
8d8b3a0f
8d8c3a1c
8d8d3a29
8d8e3a36
8d8f3a43
8d903a50
8d913a6a
8d923a82
8d933a8f
8d943a9c
8d953aa9
8d963ab6
8d973ac3
8d983ad0
8d993aea
8d9a3b02
8d9b3b0f
8d9c3b1c
8d9d3b29
8d9e3b36
8d9f3b43
8da03b50
8da13b6a
8da23b82
8da33b8f
8da43b9c
8da53ba9
8da63bb6
8da73bc3
8da83bd0
8da93bea
8daa3c02
8dab3c0f
8dac3c1c
8dad3c29
8dae3c36
8daf3c43
8db03c50
8db13c6a
8db23c82
8db33c8f
8db43c9c
8db53ca9
8db63cb6
8db73cc3
8db83cd0
8db93cea
8dba3d02
8dbb3d0f
8dbc3d1c
8dbd3d29
8dbe3d36
8dbf3d43
8dc03d50
8dc13d6a
8dc23d82
8dc33d8f
8dc43d9c
8dc53da9
8dc63db6
8dc73dc3
8dc83dd0
8dc93dea
8dca3e02
8dcb3e0f
8dcc3e1c
8dcd3e29
8dce3e36
8dcf3e43
8dd03e50
8dd13e6a
8dd23e82
8dd33e8f
8dd43e9c
8dd53ea9
8dd63eb6
8dd73ec3
8dd83ed0
8dd93eea
8dda3f02
8ddb3f0f
8ddc3f1c
8ddd3f29
8dde3f36
8ddf3f43
8de03f50
8de13f6a
8de23f82
8de33f8f
8de43f9c
8de53fa9
8de63fb6
8de73fc3
8de83fd0
8de93fea
8dea4002
8deb400f
8dec401c
8ded4029
8dee4036
8def4043
8df04050
8df1406a
8df24082
8df3408f
8df4409c
8df540a9
8df640b6
8df740c3
8df840d0
8df940ea
8dfa4102
8dfb410f
8dfc411c
8dfd4129
8dfe4136
8dff4143
8e000000
8e01b97c
8e02b98c
8e03b99a
8e04b9a8
8e05b9b6
8e06b9c4
8e07b9d2
8e08b9e0
8e09b9fc
8e0aba0c
8e0bba1a
8e0cba28
8e0dba36
8e0eba44
8e0fba52
8e10ba60
8e11ba7c
8e12ba8c
8e13ba9a
8e14baa8
8e15bab6
8e16bac4
8e17bad2
8e18bae0
8e19bafc
8e1abb0c
8e1bbb1a
8e1cbb28
8e1dbb36
8e1ebb44
8e1fbb52
8e20bb60
8e21bb7c
8e22bb8c
8e23bb9a
8e24bba8
8e25bbb6
8e26bbc4
8e27bbd2
8e28bbe0
8e29bbfc
8e2abc0c
8e2bbc1a
8e2cbc28
8e2dbc36
8e2ebc44
8e2fbc52
8e30bc60
8e31bc7c
8e32bc8c
8e33bc9a
8e34bca8
8e35bcb6
8e36bcc4
8e37bcd2
8e38bce0
8e39bcfc
8e3abd0c
8e3bbd1a
8e3cbd28
8e3dbd36
8e3ebd44
8e3fbd52
8e40bd60
8e41bd7c
8e42bd8c
8e43bd9a
8e44bda8
8e45bdb6
8e46bdc4
8e47bdd2
8e48bde0
8e49bdfc
8e4abe0c
8e4bbe1a
8e4cbe28
8e4dbe36
8e4ebe44
8e4fbe52
8e50be60
8e51be7c
8e52be8c
8e53be9a
8e54bea8
8e55beb6
8e56bec4
8e57bed2
8e58bee0
8e59befc
8e5abf0c
8e5bbf1a
8e5cbf28
8e5dbf36
8e5ebf44
8e5fbf52
8e60bf60
8e61bf7c
8e62bf8c
8e63bf9a
8e64bfa8
8e65bfb6
8e66bfc4
8e67bfd2
8e68bfe0
8e69bffc
8e6ac00c
8e6bc01a
8e6cc028
8e6dc036
8e6ec044
8e6fc052
8e70c060
8e71c07c
8e72c08c
8e73c09a
8e74c0a8
8e75c0b6
8e76c0c4
8e77c0d2
8e78c0e0
8e79c0fc
8e7ac10c
8e7bc11a
8e7cc128
8e7dc136
8e7ec144
8e7fc152
8e800000
8e81397c
8e82398c
8e83399a
8e8439a8
8e8539b6
8e8639c4
8e8739d2
8e8839e0
8e8939fc
8e8a3a0c
8e8b3a1a
8e8c3a28
8e8d3a36
8e8e3a44
8e8f3a52
8e903a60
8e913a7c
8e923a8c
8e933a9a
8e943aa8
8e953ab6
8e963ac4
8e973ad2
8e983ae0
8e993afc
8e9a3b0c
8e9b3b1a
8e9c3b28
8e9d3b36
8e9e3b44
8e9f3b52
8ea03b60
8ea13b7c
8ea23b8c
8ea33b9a
8ea43ba8
8ea53bb6
8ea63bc4
8ea73bd2
8ea83be0
8ea93bfc
8eaa3c0c
8eab3c1a
8eac3c28
8ead3c36
8eae3c44
8eaf3c52
8eb03c60
8eb13c7c
8eb23c8c
8eb33c9a
8eb43ca8
8eb53cb6
8eb63cc4
8eb73cd2
8eb83ce0
8eb93cfc
8eba3d0c
8ebb3d1a
8ebc3d28
8ebd3d36
8ebe3d44
8ebf3d52
8ec03d60
8ec13d7c
8ec23d8c
8ec33d9a
8ec43da8
8ec53db6
8ec63dc4
8ec73dd2
8ec83de0
8ec93dfc
8eca3e0c
8ecb3e1a
8ecc3e28
8ecd3e36
8ece3e44
8ecf3e52
8ed03e60
8ed13e7c
8ed23e8c
8ed33e9a
8ed43ea8
8ed53eb6
8ed63ec4
8ed73ed2
8ed83ee0
8ed93efc
8eda3f0c
8edb3f1a
8edc3f28
8edd3f36
8ede3f44
8edf3f52
8ee03f60
8ee13f7c
8ee23f8c
8ee33f9a
8ee43fa8
8ee53fb6
8ee63fc4
8ee73fd2
8ee83fe0
8ee93ffc
8eea400c
8eeb401a
8eec4028
8eed4036
8eee4044
8eef4052
8ef04060
8ef1407c
8ef2408c
8ef3409a
8ef440a8
8ef540b6
8ef640c4
8ef740d2
8ef840e0
8ef940fc
8efa410c
8efb411a
8efc4128
8efd4136
8efe4144
8eff4152
8f000000
8f01b987
8f02b996
8f03b9a5
8f04b9b4
8f05b9c3
8f06b9d2
8f07b9e1
8f08b9f0
8f09ba07
8f0aba16
8f0bba25
8f0cba34
8f0dba43
8f0eba52
8f0fba61
8f10ba70
8f11ba87
8f12ba96
8f13baa5
8f14bab4
8f15bac3
8f16bad2
8f17bae1
8f18baf0
8f19bb07
8f1abb16
8f1bbb25
8f1cbb34
8f1dbb43
8f1ebb52
8f1fbb61
8f20bb70
8f21bb87
8f22bb96
8f23bba5
8f24bbb4
8f25bbc3
8f26bbd2
8f27bbe1
8f28bbf0
8f29bc07
8f2abc16
8f2bbc25
8f2cbc34
8f2dbc43
8f2ebc52
8f2fbc61
8f30bc70
8f31bc87
8f32bc96
8f33bca5
8f34bcb4
8f35bcc3
8f36bcd2
8f37bce1
8f38bcf0
8f39bd07
8f3abd16
8f3bbd25
8f3cbd34
8f3dbd43
8f3ebd52
8f3fbd61
8f40bd70
8f41bd87
8f42bd96
8f43bda5
8f44bdb4
8f45bdc3
8f46bdd2
8f47bde1
8f48bdf0
8f49be07
8f4abe16
8f4bbe25
8f4cbe34
8f4dbe43
8f4ebe52
8f4fbe61
8f50be70
8f51be87
8f52be96
8f53bea5
8f54beb4
8f55bec3
8f56bed2
8f57bee1
8f58bef0
8f59bf07
8f5abf16
8f5bbf25
8f5cbf34
8f5dbf43
8f5ebf52
8f5fbf61
8f60bf70
8f61bf87
8f62bf96
8f63bfa5
8f64bfb4
8f65bfc3
8f66bfd2
8f67bfe1
8f68bff0
8f69c007
8f6ac016
8f6bc025
8f6cc034
8f6dc043
8f6ec052
8f6fc061
8f70c070
8f71c087
8f72c096
8f73c0a5
8f74c0b4
8f75c0c3
8f76c0d2
8f77c0e1
8f78c0f0
8f79c107
8f7ac116
8f7bc125
8f7cc134
8f7dc143
8f7ec152
8f7fc161
8f800000
8f813987
8f823996
8f8339a5
8f8439b4
8f8539c3
8f8639d2
8f8739e1
8f8839f0
8f893a07
8f8a3a16
8f8b3a25
8f8c3a34
8f8d3a43
8f8e3a52
8f8f3a61
8f903a70
8f913a87
8f923a96
8f933aa5
8f943ab4
8f953ac3
8f963ad2
8f973ae1
8f983af0
8f993b07
8f9a3b16
8f9b3b25
8f9c3b34
8f9d3b43
8f9e3b52
8f9f3b61
8fa03b70
8fa13b87
8fa23b96
8fa33ba5
8fa43bb4
8fa53bc3
8fa63bd2
8fa73be1
8fa83bf0
8fa93c07
8faa3c16
8fab3c25
8fac3c34
8fad3c43
8fae3c52
8faf3c61
8fb03c70
8fb13c87
8fb23c96
8fb33ca5
8fb43cb4
8fb53cc3
8fb63cd2
8fb73ce1
8fb83cf0
8fb93d07
8fba3d16
8fbb3d25
8fbc3d34
8fbd3d43
8fbe3d52
8fbf3d61
8fc03d70
8fc13d87
8fc23d96
8fc33da5
8fc43db4
8fc53dc3
8fc63dd2
8fc73de1
8fc83df0
8fc93e07
8fca3e16
8fcb3e25
8fcc3e34
8fcd3e43
8fce3e52
8fcf3e61
8fd03e70
8fd13e87
8fd23e96
8fd33ea5
8fd43eb4
8fd53ec3
8fd63ed2
8fd73ee1
8fd83ef0
8fd93f07
8fda3f16
8fdb3f25
8fdc3f34
8fdd3f43
8fde3f52
8fdf3f61
8fe03f70
8fe13f87
8fe23f96
8fe33fa5
8fe43fb4
8fe53fc3
8fe63fd2
8fe73fe1
8fe83ff0
8fe94007
8fea4016
8feb4025
8fec4034
8fed4043
8fee4052
8fef4061
8ff04070
8ff14087
8ff24096
8ff340a5
8ff440b4
8ff540c3
8ff640d2
8ff740e1
8ff840f0
8ff94107
8ffa4116
8ffb4125
8ffc4134
8ffd4143
8ffe4152
8fff4161
90000000
9001b990
9002b9a0
9003b9b0
9004b9c0
9005b9d0
9006b9e0
9007b9f0
9008ba00
9009ba10
900aba20
900bba30
900cba40
900dba50
900eba60
900fba70
9010ba80
9011ba90
9012baa0
9013bab0
9014bac0
9015bad0
9016bae0
9017baf0
9018bb00
9019bb10
901abb20
901bbb30
901cbb40
901dbb50
901ebb60
901fbb70
9020bb80
9021bb90
9022bba0
9023bbb0
9024bbc0
9025bbd0
9026bbe0
9027bbf0
9028bc00
9029bc10
902abc20
902bbc30
902cbc40
902dbc50
902ebc60
902fbc70
9030bc80
9031bc90
9032bca0
9033bcb0
9034bcc0
9035bcd0
9036bce0
9037bcf0
9038bd00
9039bd10
903abd20
903bbd30
903cbd40
903dbd50
903ebd60
903fbd70
9040bd80
9041bd90
9042bda0
9043bdb0
9044bdc0
9045bdd0
9046bde0
9047bdf0
9048be00
9049be10
904abe20
904bbe30
904cbe40
904dbe50
904ebe60
904fbe70
9050be80
9051be90
9052bea0
9053beb0
9054bec0
9055bed0
9056bee0
9057bef0
9058bf00
9059bf10
905abf20
905bbf30
905cbf40
905dbf50
905ebf60
905fbf70
9060bf80
9061bf90
9062bfa0
9063bfb0
9064bfc0
9065bfd0
9066bfe0
9067bff0
9068c000
9069c010
906ac020
906bc030
906cc040
906dc050
906ec060
906fc070
9070c080
9071c090
9072c0a0
9073c0b0
9074c0c0
9075c0d0
9076c0e0
9077c0f0
9078c100
9079c110
907ac120
907bc130
907cc140
907dc150
907ec160
907fc170
90800000
90813990
908239a0
908339b0
908439c0
908539d0
908639e0
908739f0
90883a00
90893a10
908a3a20
908b3a30
908c3a40
908d3a50
908e3a60
908f3a70
90903a80
90913a90
90923aa0
90933ab0
90943ac0
90953ad0
90963ae0
90973af0
90983b00
90993b10
909a3b20
909b3b30
909c3b40
909d3b50
909e3b60
909f3b70
90a03b80
90a13b90
90a23ba0
90a33bb0
90a43bc0
90a53bd0
90a63be0
90a73bf0
90a83c00
90a93c10
90aa3c20
90ab3c30
90ac3c40
90ad3c50
90ae3c60
90af3c70
90b03c80
90b13c90
90b23ca0
90b33cb0
90b43cc0
90b53cd0
90b63ce0
90b73cf0
90b83d00
90b93d10
90ba3d20
90bb3d30
90bc3d40
90bd3d50
90be3d60
90bf3d70
90c03d80
90c13d90
90c23da0
90c33db0
90c43dc0
90c53dd0
90c63de0
90c73df0
90c83e00
90c93e10
90ca3e20
90cb3e30
90cc3e40
90cd3e50
90ce3e60
90cf3e70
90d03e80
90d13e90
90d23ea0
90d33eb0
90d43ec0
90d53ed0
90d63ee0
90d73ef0
90d83f00
90d93f10
90da3f20
90db3f30
90dc3f40
90dd3f50
90de3f60
90df3f70
90e03f80
90e13f90
90e23fa0
90e33fb0
90e43fc0
90e53fd0
90e63fe0
90e73ff0
90e84000
90e94010
90ea4020
90eb4030
90ec4040
90ed4050
90ee4060
90ef4070
90f04080
90f14090
90f240a0
90f340b0
90f440c0
90f540d0
90f640e0
90f740f0
90f84100
90f94110
90fa4120
90fb4130
90fc4140
90fd4150
90fe4160
90ff4170
91000000
9101b9a2
9102b9b4
9103b9c6
9104b9d8
9105b9ea
9106b9fc
9107ba07
9108ba10
9109ba22
910aba34
910bba46
910cba58
910dba6a
910eba7c
910fba87
9110ba90
9111baa2
9112bab4
9113bac6
9114bad8
9115baea
9116bafc
9117bb07
9118bb10
9119bb22
911abb34
911bbb46
911cbb58
911dbb6a
911ebb7c
911fbb87
9120bb90
9121bba2
9122bbb4
9123bbc6
9124bbd8
9125bbea
9126bbfc
9127bc07
9128bc10
9129bc22
912abc34
912bbc46
912cbc58
912dbc6a
912ebc7c
912fbc87
9130bc90
9131bca2
9132bcb4
9133bcc6
9134bcd8
9135bcea
9136bcfc
9137bd07
9138bd10
9139bd22
913abd34
913bbd46
913cbd58
913dbd6a
913ebd7c
913fbd87
9140bd90
9141bda2
9142bdb4
9143bdc6
9144bdd8
9145bdea
9146bdfc
9147be07
9148be10
9149be22
914abe34
914bbe46
914cbe58
914dbe6a
914ebe7c
914fbe87
9150be90
9151bea2
9152beb4
9153bec6
9154bed8
9155beea
9156befc
9157bf07
9158bf10
9159bf22
915abf34
915bbf46
915cbf58
915dbf6a
915ebf7c
915fbf87
9160bf90
9161bfa2
9162bfb4
9163bfc6
9164bfd8
9165bfea
9166bffc
9167c007
9168c010
9169c022
916ac034
916bc046
916cc058
916dc06a
916ec07c
916fc087
9170c090
9171c0a2
9172c0b4
9173c0c6
9174c0d8
9175c0ea
9176c0fc
9177c107
9178c110
9179c122
917ac134
917bc146
917cc158
917dc16a
917ec17c
917fc187
91800000
918139a2
918239b4
918339c6
918439d8
918539ea
918639fc
91873a07
91883a10
91893a22
918a3a34
918b3a46
918c3a58
918d3a6a
918e3a7c
918f3a87
91903a90
91913aa2
91923ab4
91933ac6
91943ad8
91953aea
91963afc
91973b07
91983b10
91993b22
919a3b34
919b3b46
919c3b58
919d3b6a
919e3b7c
919f3b87
91a03b90
91a13ba2
91a23bb4
91a33bc6
91a43bd8
91a53bea
91a63bfc
91a73c07
91a83c10
91a93c22
91aa3c34
91ab3c46
91ac3c58
91ad3c6a
91ae3c7c
91af3c87
91b03c90
91b13ca2
91b23cb4
91b33cc6
91b43cd8
91b53cea
91b63cfc
91b73d07
91b83d10
91b93d22
91ba3d34
91bb3d46
91bc3d58
91bd3d6a
91be3d7c
91bf3d87
91c03d90
91c13da2
91c23db4
91c33dc6
91c43dd8
91c53dea
91c63dfc
91c73e07
91c83e10
91c93e22
91ca3e34
91cb3e46
91cc3e58
91cd3e6a
91ce3e7c
91cf3e87
91d03e90
91d13ea2
91d23eb4
91d33ec6
91d43ed8
91d53eea
91d63efc
91d73f07
91d83f10
91d93f22
91da3f34
91db3f46
91dc3f58
91dd3f6a
91de3f7c
91df3f87
91e03f90
91e13fa2
91e23fb4
91e33fc6
91e43fd8
91e53fea
91e63ffc
91e74007
91e84010
91e94022
91ea4034
91eb4046
91ec4058
91ed406a
91ee407c
91ef4087
91f04090
91f140a2
91f240b4
91f340c6
91f440d8
91f540ea
91f640fc
91f74107
91f84110
91f94122
91fa4134
91fb4146
91fc4158
91fd416a
91fe417c
91ff4187
92000000
9201b9b4
9202b9c8
9203b9dc
9204b9f0
9205ba02
9206ba0c
9207ba16
9208ba20
9209ba34
920aba48
920bba5c
920cba70
920dba82
920eba8c
920fba96
9210baa0
9211bab4
9212bac8
9213badc
9214baf0
9215bb02
9216bb0c
9217bb16
9218bb20
9219bb34
921abb48
921bbb5c
921cbb70
921dbb82
921ebb8c
921fbb96
9220bba0
9221bbb4
9222bbc8
9223bbdc
9224bbf0
9225bc02
9226bc0c
9227bc16
9228bc20
9229bc34
922abc48
922bbc5c
922cbc70
922dbc82
922ebc8c
922fbc96
9230bca0
9231bcb4
9232bcc8
9233bcdc
9234bcf0
9235bd02
9236bd0c
9237bd16
9238bd20
9239bd34
923abd48
923bbd5c
923cbd70
923dbd82
923ebd8c
923fbd96
9240bda0
9241bdb4
9242bdc8
9243bddc
9244bdf0
9245be02
9246be0c
9247be16
9248be20
9249be34
924abe48
924bbe5c
924cbe70
924dbe82
924ebe8c
924fbe96
9250bea0
9251beb4
9252bec8
9253bedc
9254bef0
9255bf02
9256bf0c
9257bf16
9258bf20
9259bf34
925abf48
925bbf5c
925cbf70
925dbf82
925ebf8c
925fbf96
9260bfa0
9261bfb4
9262bfc8
9263bfdc
9264bff0
9265c002
9266c00c
9267c016
9268c020
9269c034
926ac048
926bc05c
926cc070
926dc082
926ec08c
926fc096
9270c0a0
9271c0b4
9272c0c8
9273c0dc
9274c0f0
9275c102
9276c10c
9277c116
9278c120
9279c134
927ac148
927bc15c
927cc170
927dc182
927ec18c
927fc196
92800000
928139b4
928239c8
928339dc
928439f0
92853a02
92863a0c
92873a16
92883a20
92893a34
928a3a48
928b3a5c
928c3a70
928d3a82
928e3a8c
928f3a96
92903aa0
92913ab4
92923ac8
92933adc
92943af0
92953b02
92963b0c
92973b16
92983b20
92993b34
929a3b48
929b3b5c
929c3b70
929d3b82
929e3b8c
929f3b96
92a03ba0
92a13bb4
92a23bc8
92a33bdc
92a43bf0
92a53c02
92a63c0c
92a73c16
92a83c20
92a93c34
92aa3c48
92ab3c5c
92ac3c70
92ad3c82
92ae3c8c
92af3c96
92b03ca0
92b13cb4
92b23cc8
92b33cdc
92b43cf0
92b53d02
92b63d0c
92b73d16
92b83d20
92b93d34
92ba3d48
92bb3d5c
92bc3d70
92bd3d82
92be3d8c
92bf3d96
92c03da0
92c13db4
92c23dc8
92c33ddc
92c43df0
92c53e02
92c63e0c
92c73e16
92c83e20
92c93e34
92ca3e48
92cb3e5c
92cc3e70
92cd3e82
92ce3e8c
92cf3e96
92d03ea0
92d13eb4
92d23ec8
92d33edc
92d43ef0
92d53f02
92d63f0c
92d73f16
92d83f20
92d93f34
92da3f48
92db3f5c
92dc3f70
92dd3f82
92de3f8c
92df3f96
92e03fa0
92e13fb4
92e23fc8
92e33fdc
92e43ff0
92e54002
92e6400c
92e74016
92e84020
92e94034
92ea4048
92eb405c
92ec4070
92ed4082
92ee408c
92ef4096
92f040a0
92f140b4
92f240c8
92f340dc
92f440f0
92f54102
92f6410c
92f74116
92f84120
92f94134
92fa4148
92fb415c
92fc4170
92fd4182
92fe418c
92ff4196
93000000
9301b9c6
9302b9dc
9303b9f2
9304ba04
9305ba0f
9306ba1a
9307ba25
9308ba30
9309ba46
930aba5c
930bba72
930cba84
930dba8f
930eba9a
930fbaa5
9310bab0
9311bac6
9312badc
9313baf2
9314bb04
9315bb0f
9316bb1a
9317bb25
9318bb30
9319bb46
931abb5c
931bbb72
931cbb84
931dbb8f
931ebb9a
931fbba5
9320bbb0
9321bbc6
9322bbdc
9323bbf2
9324bc04
9325bc0f
9326bc1a
9327bc25
9328bc30
9329bc46
932abc5c
932bbc72
932cbc84
932dbc8f
932ebc9a
932fbca5
9330bcb0
9331bcc6
9332bcdc
9333bcf2
9334bd04
9335bd0f
9336bd1a
9337bd25
9338bd30
9339bd46
933abd5c
933bbd72
933cbd84
933dbd8f
933ebd9a
933fbda5
9340bdb0
9341bdc6
9342bddc
9343bdf2
9344be04
9345be0f
9346be1a
9347be25
9348be30
9349be46
934abe5c
934bbe72
934cbe84
934dbe8f
934ebe9a
934fbea5
9350beb0
9351bec6
9352bedc
9353bef2
9354bf04
9355bf0f
9356bf1a
9357bf25
9358bf30
9359bf46
935abf5c
935bbf72
935cbf84
935dbf8f
935ebf9a
935fbfa5
9360bfb0
9361bfc6
9362bfdc
9363bff2
9364c004
9365c00f
9366c01a
9367c025
9368c030
9369c046
936ac05c
936bc072
936cc084
936dc08f
936ec09a
936fc0a5
9370c0b0
9371c0c6
9372c0dc
9373c0f2
9374c104
9375c10f
9376c11a
9377c125
9378c130
9379c146
937ac15c
937bc172
937cc184
937dc18f
937ec19a
937fc1a5
93800000
938139c6
938239dc
938339f2
93843a04
93853a0f
93863a1a
93873a25
93883a30
93893a46
938a3a5c
938b3a72
938c3a84
938d3a8f
938e3a9a
938f3aa5
93903ab0
93913ac6
93923adc
93933af2
93943b04
93953b0f
93963b1a
93973b25
93983b30
93993b46
939a3b5c
939b3b72
939c3b84
939d3b8f
939e3b9a
939f3ba5
93a03bb0
93a13bc6
93a23bdc
93a33bf2
93a43c04
93a53c0f
93a63c1a
93a73c25
93a83c30
93a93c46
93aa3c5c
93ab3c72
93ac3c84
93ad3c8f
93ae3c9a
93af3ca5
93b03cb0
93b13cc6
93b23cdc
93b33cf2
93b43d04
93b53d0f
93b63d1a
93b73d25
93b83d30
93b93d46
93ba3d5c
93bb3d72
93bc3d84
93bd3d8f
93be3d9a
93bf3da5
93c03db0
93c13dc6
93c23ddc
93c33df2
93c43e04
93c53e0f
93c63e1a
93c73e25
93c83e30
93c93e46
93ca3e5c
93cb3e72
93cc3e84
93cd3e8f
93ce3e9a
93cf3ea5
93d03eb0
93d13ec6
93d23edc
93d33ef2
93d43f04
93d53f0f
93d63f1a
93d73f25
93d83f30
93d93f46
93da3f5c
93db3f72
93dc3f84
93dd3f8f
93de3f9a
93df3fa5
93e03fb0
93e13fc6
93e23fdc
93e33ff2
93e44004
93e5400f
93e6401a
93e74025
93e84030
93e94046
93ea405c
93eb4072
93ec4084
93ed408f
93ee409a
93ef40a5
93f040b0
93f140c6
93f240dc
93f340f2
93f44104
93f5410f
93f6411a
93f74125
93f84130
93f94146
93fa415c
93fb4172
93fc4184
93fd418f
93fe419a
93ff41a5
94000000
9401b9d8
9402b9f0
9403ba04
9404ba10
9405ba1c
9406ba28
9407ba34
9408ba40
9409ba58
940aba70
940bba84
940cba90
940dba9c
940ebaa8
940fbab4
9410bac0
9411bad8
9412baf0
9413bb04
9414bb10
9415bb1c
9416bb28
9417bb34
9418bb40
9419bb58
941abb70
941bbb84
941cbb90
941dbb9c
941ebba8
941fbbb4
9420bbc0
9421bbd8
9422bbf0
9423bc04
9424bc10
9425bc1c
9426bc28
9427bc34
9428bc40
9429bc58
942abc70
942bbc84
942cbc90
942dbc9c
942ebca8
942fbcb4
9430bcc0
9431bcd8
9432bcf0
9433bd04
9434bd10
9435bd1c
9436bd28
9437bd34
9438bd40
9439bd58
943abd70
943bbd84
943cbd90
943dbd9c
943ebda8
943fbdb4
9440bdc0
9441bdd8
9442bdf0
9443be04
9444be10
9445be1c
9446be28
9447be34
9448be40
9449be58
944abe70
944bbe84
944cbe90
944dbe9c
944ebea8
944fbeb4
9450bec0
9451bed8
9452bef0
9453bf04
9454bf10
9455bf1c
9456bf28
9457bf34
9458bf40
9459bf58
945abf70
945bbf84
945cbf90
945dbf9c
945ebfa8
945fbfb4
9460bfc0
9461bfd8
9462bff0
9463c004
9464c010
9465c01c
9466c028
9467c034
9468c040
9469c058
946ac070
946bc084
946cc090
946dc09c
946ec0a8
946fc0b4
9470c0c0
9471c0d8
9472c0f0
9473c104
9474c110
9475c11c
9476c128
9477c134
9478c140
9479c158
947ac170
947bc184
947cc190
947dc19c
947ec1a8
947fc1b4
94800000
948139d8
948239f0
94833a04
94843a10
94853a1c
94863a28
94873a34
94883a40
94893a58
948a3a70
948b3a84
948c3a90
948d3a9c
948e3aa8
948f3ab4
94903ac0
94913ad8
94923af0
94933b04
94943b10
94953b1c
94963b28
94973b34
94983b40
94993b58
949a3b70
949b3b84
949c3b90
949d3b9c
949e3ba8
949f3bb4
94a03bc0
94a13bd8
94a23bf0
94a33c04
94a43c10
94a53c1c
94a63c28
94a73c34
94a83c40
94a93c58
94aa3c70
94ab3c84
94ac3c90
94ad3c9c
94ae3ca8
94af3cb4
94b03cc0
94b13cd8
94b23cf0
94b33d04
94b43d10
94b53d1c
94b63d28
94b73d34
94b83d40
94b93d58
94ba3d70
94bb3d84
94bc3d90
94bd3d9c
94be3da8
94bf3db4
94c03dc0
94c13dd8
94c23df0
94c33e04
94c43e10
94c53e1c
94c63e28
94c73e34
94c83e40
94c93e58
94ca3e70
94cb3e84
94cc3e90
94cd3e9c
94ce3ea8
94cf3eb4
94d03ec0
94d13ed8
94d23ef0
94d33f04
94d43f10
94d53f1c
94d63f28
94d73f34
94d83f40
94d93f58
94da3f70
94db3f84
94dc3f90
94dd3f9c
94de3fa8
94df3fb4
94e03fc0
94e13fd8
94e23ff0
94e34004
94e44010
94e5401c
94e64028
94e74034
94e84040
94e94058
94ea4070
94eb4084
94ec4090
94ed409c
94ee40a8
94ef40b4
94f040c0
94f140d8
94f240f0
94f34104
94f44110
94f5411c
94f64128
94f74134
94f84140
94f94158
94fa4170
94fb4184
94fc4190
94fd419c
94fe41a8
94ff41b4
95000000
9501b9ea
9502ba02
9503ba0f
9504ba1c
9505ba29
9506ba36
9507ba43
9508ba50
9509ba6a
950aba82
950bba8f
950cba9c
950dbaa9
950ebab6
950fbac3
9510bad0
9511baea
9512bb02
9513bb0f
9514bb1c
9515bb29
9516bb36
9517bb43
9518bb50
9519bb6a
951abb82
951bbb8f
951cbb9c
951dbba9
951ebbb6
951fbbc3
9520bbd0
9521bbea
9522bc02
9523bc0f
9524bc1c
9525bc29
9526bc36
9527bc43
9528bc50
9529bc6a
952abc82
952bbc8f
952cbc9c
952dbca9
952ebcb6
952fbcc3
9530bcd0
9531bcea
9532bd02
9533bd0f
9534bd1c
9535bd29
9536bd36
9537bd43
9538bd50
9539bd6a
953abd82
953bbd8f
953cbd9c
953dbda9
953ebdb6
953fbdc3
9540bdd0
9541bdea
9542be02
9543be0f
9544be1c
9545be29
9546be36
9547be43
9548be50
9549be6a
954abe82
954bbe8f
954cbe9c
954dbea9
954ebeb6
954fbec3
9550bed0
9551beea
9552bf02
9553bf0f
9554bf1c
9555bf29
9556bf36
9557bf43
9558bf50
9559bf6a
955abf82
955bbf8f
955cbf9c
955dbfa9
955ebfb6
955fbfc3
9560bfd0
9561bfea
9562c002
9563c00f
9564c01c
9565c029
9566c036
9567c043
9568c050
9569c06a
956ac082
956bc08f
956cc09c
956dc0a9
956ec0b6
956fc0c3
9570c0d0
9571c0ea
9572c102
9573c10f
9574c11c
9575c129
9576c136
9577c143
9578c150
9579c16a
957ac182
957bc18f
957cc19c
957dc1a9
957ec1b6
957fc1c3
95800000
958139ea
95823a02
95833a0f
95843a1c
95853a29
95863a36
95873a43
95883a50
95893a6a
958a3a82
958b3a8f
958c3a9c
958d3aa9
958e3ab6
958f3ac3
95903ad0
95913aea
95923b02
95933b0f
95943b1c
95953b29
95963b36
95973b43
95983b50
95993b6a
959a3b82
959b3b8f
959c3b9c
959d3ba9
959e3bb6
959f3bc3
95a03bd0
95a13bea
95a23c02
95a33c0f
95a43c1c
95a53c29
95a63c36
95a73c43
95a83c50
95a93c6a
95aa3c82
95ab3c8f
95ac3c9c
95ad3ca9
95ae3cb6
95af3cc3
95b03cd0
95b13cea
95b23d02
95b33d0f
95b43d1c
95b53d29
95b63d36
95b73d43
95b83d50
95b93d6a
95ba3d82
95bb3d8f
95bc3d9c
95bd3da9
95be3db6
95bf3dc3
95c03dd0
95c13dea
95c23e02
95c33e0f
95c43e1c
95c53e29
95c63e36
95c73e43
95c83e50
95c93e6a
95ca3e82
95cb3e8f
95cc3e9c
95cd3ea9
95ce3eb6
95cf3ec3
95d03ed0
95d13eea
95d23f02
95d33f0f
95d43f1c
95d53f29
95d63f36
95d73f43
95d83f50
95d93f6a
95da3f82
95db3f8f
95dc3f9c
95dd3fa9
95de3fb6
95df3fc3
95e03fd0
95e13fea
95e24002
95e3400f
95e4401c
95e54029
95e64036
95e74043
95e84050
95e9406a
95ea4082
95eb408f
95ec409c
95ed40a9
95ee40b6
95ef40c3
95f040d0
95f140ea
95f24102
95f3410f
95f4411c
95f54129
95f64136
95f74143
95f84150
95f9416a
95fa4182
95fb418f
95fc419c
95fd41a9
95fe41b6
95ff41c3
96000000
9601b9fc
9602ba0c
9603ba1a
9604ba28
9605ba36
9606ba44
9607ba52
9608ba60
9609ba7c
960aba8c
960bba9a
960cbaa8
960dbab6
960ebac4
960fbad2
9610bae0
9611bafc
9612bb0c
9613bb1a
9614bb28
9615bb36
9616bb44
9617bb52
9618bb60
9619bb7c
961abb8c
961bbb9a
961cbba8
961dbbb6
961ebbc4
961fbbd2
9620bbe0
9621bbfc
9622bc0c
9623bc1a
9624bc28
9625bc36
9626bc44
9627bc52
9628bc60
9629bc7c
962abc8c
962bbc9a
962cbca8
962dbcb6
962ebcc4
962fbcd2
9630bce0
9631bcfc
9632bd0c
9633bd1a
9634bd28
9635bd36
9636bd44
9637bd52
9638bd60
9639bd7c
963abd8c
963bbd9a
963cbda8
963dbdb6
963ebdc4
963fbdd2
9640bde0
9641bdfc
9642be0c
9643be1a
9644be28
9645be36
9646be44
9647be52
9648be60
9649be7c
964abe8c
964bbe9a
964cbea8
964dbeb6
964ebec4
964fbed2
9650bee0
9651befc
9652bf0c
9653bf1a
9654bf28
9655bf36
9656bf44
9657bf52
9658bf60
9659bf7c
965abf8c
965bbf9a
965cbfa8
965dbfb6
965ebfc4
965fbfd2
9660bfe0
9661bffc
9662c00c
9663c01a
9664c028
9665c036
9666c044
9667c052
9668c060
9669c07c
966ac08c
966bc09a
966cc0a8
966dc0b6
966ec0c4
966fc0d2
9670c0e0
9671c0fc
9672c10c
9673c11a
9674c128
9675c136
9676c144
9677c152
9678c160
9679c17c
967ac18c
967bc19a
967cc1a8
967dc1b6
967ec1c4
967fc1d2
96800000
968139fc
96823a0c
96833a1a
96843a28
96853a36
96863a44
96873a52
96883a60
96893a7c
968a3a8c
968b3a9a
968c3aa8
968d3ab6
968e3ac4
968f3ad2
96903ae0
96913afc
96923b0c
96933b1a
96943b28
96953b36
96963b44
96973b52
96983b60
96993b7c
969a3b8c
969b3b9a
969c3ba8
969d3bb6
969e3bc4
969f3bd2
96a03be0
96a13bfc
96a23c0c
96a33c1a
96a43c28
96a53c36
96a63c44
96a73c52
96a83c60
96a93c7c
96aa3c8c
96ab3c9a
96ac3ca8
96ad3cb6
96ae3cc4
96af3cd2
96b03ce0
96b13cfc
96b23d0c
96b33d1a
96b43d28
96b53d36
96b63d44
96b73d52
96b83d60
96b93d7c
96ba3d8c
96bb3d9a
96bc3da8
96bd3db6
96be3dc4
96bf3dd2
96c03de0
96c13dfc
96c23e0c
96c33e1a
96c43e28
96c53e36
96c63e44
96c73e52
96c83e60
96c93e7c
96ca3e8c
96cb3e9a
96cc3ea8
96cd3eb6
96ce3ec4
96cf3ed2
96d03ee0
96d13efc
96d23f0c
96d33f1a
96d43f28
96d53f36
96d63f44
96d73f52
96d83f60
96d93f7c
96da3f8c
96db3f9a
96dc3fa8
96dd3fb6
96de3fc4
96df3fd2
96e03fe0
96e13ffc
96e2400c
96e3401a
96e44028
96e54036
96e64044
96e74052
96e84060
96e9407c
96ea408c
96eb409a
96ec40a8
96ed40b6
96ee40c4
96ef40d2
96f040e0
96f140fc
96f2410c
96f3411a
96f44128
96f54136
96f64144
96f74152
96f84160
96f9417c
96fa418c
96fb419a
96fc41a8
96fd41b6
96fe41c4
96ff41d2
97000000
9701ba07
9702ba16
9703ba25
9704ba34
9705ba43
9706ba52
9707ba61
9708ba70
9709ba87
970aba96
970bbaa5
970cbab4
970dbac3
970ebad2
970fbae1
9710baf0
9711bb07
9712bb16
9713bb25
9714bb34
9715bb43
9716bb52
9717bb61
9718bb70
9719bb87
971abb96
971bbba5
971cbbb4
971dbbc3
971ebbd2
971fbbe1
9720bbf0
9721bc07
9722bc16
9723bc25
9724bc34
9725bc43
9726bc52
9727bc61
9728bc70
9729bc87
972abc96
972bbca5
972cbcb4
972dbcc3
972ebcd2
972fbce1
9730bcf0
9731bd07
9732bd16
9733bd25
9734bd34
9735bd43
9736bd52
9737bd61
9738bd70
9739bd87
973abd96
973bbda5
973cbdb4
973dbdc3
973ebdd2
973fbde1
9740bdf0
9741be07
9742be16
9743be25
9744be34
9745be43
9746be52
9747be61
9748be70
9749be87
974abe96
974bbea5
974cbeb4
974dbec3
974ebed2
974fbee1
9750bef0
9751bf07
9752bf16
9753bf25
9754bf34
9755bf43
9756bf52
9757bf61
9758bf70
9759bf87
975abf96
975bbfa5
975cbfb4
975dbfc3
975ebfd2
975fbfe1
9760bff0
9761c007
9762c016
9763c025
9764c034
9765c043
9766c052
9767c061
9768c070
9769c087
976ac096
976bc0a5
976cc0b4
976dc0c3
976ec0d2
976fc0e1
9770c0f0
9771c107
9772c116
9773c125
9774c134
9775c143
9776c152
9777c161
9778c170
9779c187
977ac196
977bc1a5
977cc1b4
977dc1c3
977ec1d2
977fc1e1
97800000
97813a07
97823a16
97833a25
97843a34
97853a43
97863a52
97873a61
97883a70
97893a87
978a3a96
978b3aa5
978c3ab4
978d3ac3
978e3ad2
978f3ae1
97903af0
97913b07
97923b16
97933b25
97943b34
97953b43
97963b52
97973b61
97983b70
97993b87
979a3b96
979b3ba5
979c3bb4
979d3bc3
979e3bd2
979f3be1
97a03bf0
97a13c07
97a23c16
97a33c25
97a43c34
97a53c43
97a63c52
97a73c61
97a83c70
97a93c87
97aa3c96
97ab3ca5
97ac3cb4
97ad3cc3
97ae3cd2
97af3ce1
97b03cf0
97b13d07
97b23d16
97b33d25
97b43d34
97b53d43
97b63d52
97b73d61
97b83d70
97b93d87
97ba3d96
97bb3da5
97bc3db4
97bd3dc3
97be3dd2
97bf3de1
97c03df0
97c13e07
97c23e16
97c33e25
97c43e34
97c53e43
97c63e52
97c73e61
97c83e70
97c93e87
97ca3e96
97cb3ea5
97cc3eb4
97cd3ec3
97ce3ed2
97cf3ee1
97d03ef0
97d13f07
97d23f16
97d33f25
97d43f34
97d53f43
97d63f52
97d73f61
97d83f70
97d93f87
97da3f96
97db3fa5
97dc3fb4
97dd3fc3
97de3fd2
97df3fe1
97e03ff0
97e14007
97e24016
97e34025
97e44034
97e54043
97e64052
97e74061
97e84070
97e94087
97ea4096
97eb40a5
97ec40b4
97ed40c3
97ee40d2
97ef40e1
97f040f0
97f14107
97f24116
97f34125
97f44134
97f54143
97f64152
97f74161
97f84170
97f94187
97fa4196
97fb41a5
97fc41b4
97fd41c3
97fe41d2
97ff41e1
98000000
9801ba10
9802ba20
9803ba30
9804ba40
9805ba50
9806ba60
9807ba70
9808ba80
9809ba90
980abaa0
980bbab0
980cbac0
980dbad0
980ebae0
980fbaf0
9810bb00
9811bb10
9812bb20
9813bb30
9814bb40
9815bb50
9816bb60
9817bb70
9818bb80
9819bb90
981abba0
981bbbb0
981cbbc0
981dbbd0
981ebbe0
981fbbf0
9820bc00
9821bc10
9822bc20
9823bc30
9824bc40
9825bc50
9826bc60
9827bc70
9828bc80
9829bc90
982abca0
982bbcb0
982cbcc0
982dbcd0
982ebce0
982fbcf0
9830bd00
9831bd10
9832bd20
9833bd30
9834bd40
9835bd50
9836bd60
9837bd70
9838bd80
9839bd90
983abda0
983bbdb0
983cbdc0
983dbdd0
983ebde0
983fbdf0
9840be00
9841be10
9842be20
9843be30
9844be40
9845be50
9846be60
9847be70
9848be80
9849be90
984abea0
984bbeb0
984cbec0
984dbed0
984ebee0
984fbef0
9850bf00
9851bf10
9852bf20
9853bf30
9854bf40
9855bf50
9856bf60
9857bf70
9858bf80
9859bf90
985abfa0
985bbfb0
985cbfc0
985dbfd0
985ebfe0
985fbff0
9860c000
9861c010
9862c020
9863c030
9864c040
9865c050
9866c060
9867c070
9868c080
9869c090
986ac0a0
986bc0b0
986cc0c0
986dc0d0
986ec0e0
986fc0f0
9870c100
9871c110
9872c120
9873c130
9874c140
9875c150
9876c160
9877c170
9878c180
9879c190
987ac1a0
987bc1b0
987cc1c0
987dc1d0
987ec1e0
987fc1f0
98800000
98813a10
98823a20
98833a30
98843a40
98853a50
98863a60
98873a70
98883a80
98893a90
988a3aa0
988b3ab0
988c3ac0
988d3ad0
988e3ae0
988f3af0
98903b00
98913b10
98923b20
98933b30
98943b40
98953b50
98963b60
98973b70
98983b80
98993b90
989a3ba0
989b3bb0
989c3bc0
989d3bd0
989e3be0
989f3bf0
98a03c00
98a13c10
98a23c20
98a33c30
98a43c40
98a53c50
98a63c60
98a73c70
98a83c80
98a93c90
98aa3ca0
98ab3cb0
98ac3cc0
98ad3cd0
98ae3ce0
98af3cf0
98b03d00
98b13d10
98b23d20
98b33d30
98b43d40
98b53d50
98b63d60
98b73d70
98b83d80
98b93d90
98ba3da0
98bb3db0
98bc3dc0
98bd3dd0
98be3de0
98bf3df0
98c03e00
98c13e10
98c23e20
98c33e30
98c43e40
98c53e50
98c63e60
98c73e70
98c83e80
98c93e90
98ca3ea0
98cb3eb0
98cc3ec0
98cd3ed0
98ce3ee0
98cf3ef0
98d03f00
98d13f10
98d23f20
98d33f30
98d43f40
98d53f50
98d63f60
98d73f70
98d83f80
98d93f90
98da3fa0
98db3fb0
98dc3fc0
98dd3fd0
98de3fe0
98df3ff0
98e04000
98e14010
98e24020
98e34030
98e44040
98e54050
98e64060
98e74070
98e84080
98e94090
98ea40a0
98eb40b0
98ec40c0
98ed40d0
98ee40e0
98ef40f0
98f04100
98f14110
98f24120
98f34130
98f44140
98f54150
98f64160
98f74170
98f84180
98f94190
98fa41a0
98fb41b0
98fc41c0
98fd41d0
98fe41e0
98ff41f0
99000000
9901ba22
9902ba34
9903ba46
9904ba58
9905ba6a
9906ba7c
9907ba87
9908ba90
9909baa2
990abab4
990bbac6
990cbad8
990dbaea
990ebafc
990fbb07
9910bb10
9911bb22
9912bb34
9913bb46
9914bb58
9915bb6a
9916bb7c
9917bb87
9918bb90
9919bba2
991abbb4
991bbbc6
991cbbd8
991dbbea
991ebbfc
991fbc07
9920bc10
9921bc22
9922bc34
9923bc46
9924bc58
9925bc6a
9926bc7c
9927bc87
9928bc90
9929bca2
992abcb4
992bbcc6
992cbcd8
992dbcea
992ebcfc
992fbd07
9930bd10
9931bd22
9932bd34
9933bd46
9934bd58
9935bd6a
9936bd7c
9937bd87
9938bd90
9939bda2
993abdb4
993bbdc6
993cbdd8
993dbdea
993ebdfc
993fbe07
9940be10
9941be22
9942be34
9943be46
9944be58
9945be6a
9946be7c
9947be87
9948be90
9949bea2
994abeb4
994bbec6
994cbed8
994dbeea
994ebefc
994fbf07
9950bf10
9951bf22
9952bf34
9953bf46
9954bf58
9955bf6a
9956bf7c
9957bf87
9958bf90
9959bfa2
995abfb4
995bbfc6
995cbfd8
995dbfea
995ebffc
995fc007
9960c010
9961c022
9962c034
9963c046
9964c058
9965c06a
9966c07c
9967c087
9968c090
9969c0a2
996ac0b4
996bc0c6
996cc0d8
996dc0ea
996ec0fc
996fc107
9970c110
9971c122
9972c134
9973c146
9974c158
9975c16a
9976c17c
9977c187
9978c190
9979c1a2
997ac1b4
997bc1c6
997cc1d8
997dc1ea
997ec1fc
997fc207
99800000
99813a22
99823a34
99833a46
99843a58
99853a6a
99863a7c
99873a87
99883a90
99893aa2
998a3ab4
998b3ac6
998c3ad8
998d3aea
998e3afc
998f3b07
99903b10
99913b22
99923b34
99933b46
99943b58
99953b6a
99963b7c
99973b87
99983b90
99993ba2
999a3bb4
999b3bc6
999c3bd8
999d3bea
999e3bfc
999f3c07
99a03c10
99a13c22
99a23c34
99a33c46
99a43c58
99a53c6a
99a63c7c
99a73c87
99a83c90
99a93ca2
99aa3cb4
99ab3cc6
99ac3cd8
99ad3cea
99ae3cfc
99af3d07
99b03d10
99b13d22
99b23d34
99b33d46
99b43d58
99b53d6a
99b63d7c
99b73d87
99b83d90
99b93da2
99ba3db4
99bb3dc6
99bc3dd8
99bd3dea
99be3dfc
99bf3e07
99c03e10
99c13e22
99c23e34
99c33e46
99c43e58
99c53e6a
99c63e7c
99c73e87
99c83e90
99c93ea2
99ca3eb4
99cb3ec6
99cc3ed8
99cd3eea
99ce3efc
99cf3f07
99d03f10
99d13f22
99d23f34
99d33f46
99d43f58
99d53f6a
99d63f7c
99d73f87
99d83f90
99d93fa2
99da3fb4
99db3fc6
99dc3fd8
99dd3fea
99de3ffc
99df4007
99e04010
99e14022
99e24034
99e34046
99e44058
99e5406a
99e6407c
99e74087
99e84090
99e940a2
99ea40b4
99eb40c6
99ec40d8
99ed40ea
99ee40fc
99ef4107
99f04110
99f14122
99f24134
99f34146
99f44158
99f5416a
99f6417c
99f74187
99f84190
99f941a2
99fa41b4
99fb41c6
99fc41d8
99fd41ea
99fe41fc
99ff4207
9a000000
9a01ba34
9a02ba48
9a03ba5c
9a04ba70
9a05ba82
9a06ba8c
9a07ba96
9a08baa0
9a09bab4
9a0abac8
9a0bbadc
9a0cbaf0
9a0dbb02
9a0ebb0c
9a0fbb16
9a10bb20
9a11bb34
9a12bb48
9a13bb5c
9a14bb70
9a15bb82
9a16bb8c
9a17bb96
9a18bba0
9a19bbb4
9a1abbc8
9a1bbbdc
9a1cbbf0
9a1dbc02
9a1ebc0c
9a1fbc16
9a20bc20
9a21bc34
9a22bc48
9a23bc5c
9a24bc70
9a25bc82
9a26bc8c
9a27bc96
9a28bca0
9a29bcb4
9a2abcc8
9a2bbcdc
9a2cbcf0
9a2dbd02
9a2ebd0c
9a2fbd16
9a30bd20
9a31bd34
9a32bd48
9a33bd5c
9a34bd70
9a35bd82
9a36bd8c
9a37bd96
9a38bda0
9a39bdb4
9a3abdc8
9a3bbddc
9a3cbdf0
9a3dbe02
9a3ebe0c
9a3fbe16
9a40be20
9a41be34
9a42be48
9a43be5c
9a44be70
9a45be82
9a46be8c
9a47be96
9a48bea0
9a49beb4
9a4abec8
9a4bbedc
9a4cbef0
9a4dbf02
9a4ebf0c
9a4fbf16
9a50bf20
9a51bf34
9a52bf48
9a53bf5c
9a54bf70
9a55bf82
9a56bf8c
9a57bf96
9a58bfa0
9a59bfb4
9a5abfc8
9a5bbfdc
9a5cbff0
9a5dc002
9a5ec00c
9a5fc016
9a60c020
9a61c034
9a62c048
9a63c05c
9a64c070
9a65c082
9a66c08c
9a67c096
9a68c0a0
9a69c0b4
9a6ac0c8
9a6bc0dc
9a6cc0f0
9a6dc102
9a6ec10c
9a6fc116
9a70c120
9a71c134
9a72c148
9a73c15c
9a74c170
9a75c182
9a76c18c
9a77c196
9a78c1a0
9a79c1b4
9a7ac1c8
9a7bc1dc
9a7cc1f0
9a7dc202
9a7ec20c
9a7fc216
9a800000
9a813a34
9a823a48
9a833a5c
9a843a70
9a853a82
9a863a8c
9a873a96
9a883aa0
9a893ab4
9a8a3ac8
9a8b3adc
9a8c3af0
9a8d3b02
9a8e3b0c
9a8f3b16
9a903b20
9a913b34
9a923b48
9a933b5c
9a943b70
9a953b82
9a963b8c
9a973b96
9a983ba0
9a993bb4
9a9a3bc8
9a9b3bdc
9a9c3bf0
9a9d3c02
9a9e3c0c
9a9f3c16
9aa03c20
9aa13c34
9aa23c48
9aa33c5c
9aa43c70
9aa53c82
9aa63c8c
9aa73c96
9aa83ca0
9aa93cb4
9aaa3cc8
9aab3cdc
9aac3cf0
9aad3d02
9aae3d0c
9aaf3d16
9ab03d20
9ab13d34
9ab23d48
9ab33d5c
9ab43d70
9ab53d82
9ab63d8c
9ab73d96
9ab83da0
9ab93db4
9aba3dc8
9abb3ddc
9abc3df0
9abd3e02
9abe3e0c
9abf3e16
9ac03e20
9ac13e34
9ac23e48
9ac33e5c
9ac43e70
9ac53e82
9ac63e8c
9ac73e96
9ac83ea0
9ac93eb4
9aca3ec8
9acb3edc
9acc3ef0
9acd3f02
9ace3f0c
9acf3f16
9ad03f20
9ad13f34
9ad23f48
9ad33f5c
9ad43f70
9ad53f82
9ad63f8c
9ad73f96
9ad83fa0
9ad93fb4
9ada3fc8
9adb3fdc
9adc3ff0
9add4002
9ade400c
9adf4016
9ae04020
9ae14034
9ae24048
9ae3405c
9ae44070
9ae54082
9ae6408c
9ae74096
9ae840a0
9ae940b4
9aea40c8
9aeb40dc
9aec40f0
9aed4102
9aee410c
9aef4116
9af04120
9af14134
9af24148
9af3415c
9af44170
9af54182
9af6418c
9af74196
9af841a0
9af941b4
9afa41c8
9afb41dc
9afc41f0
9afd4202
9afe420c
9aff4216
9b000000
9b01ba46
9b02ba5c
9b03ba72
9b04ba84
9b05ba8f
9b06ba9a
9b07baa5
9b08bab0
9b09bac6
9b0abadc
9b0bbaf2
9b0cbb04
9b0dbb0f
9b0ebb1a
9b0fbb25
9b10bb30
9b11bb46
9b12bb5c
9b13bb72
9b14bb84
9b15bb8f
9b16bb9a
9b17bba5
9b18bbb0
9b19bbc6
9b1abbdc
9b1bbbf2
9b1cbc04
9b1dbc0f
9b1ebc1a
9b1fbc25
9b20bc30
9b21bc46
9b22bc5c
9b23bc72
9b24bc84
9b25bc8f
9b26bc9a
9b27bca5
9b28bcb0
9b29bcc6
9b2abcdc
9b2bbcf2
9b2cbd04
9b2dbd0f
9b2ebd1a
9b2fbd25
9b30bd30
9b31bd46
9b32bd5c
9b33bd72
9b34bd84
9b35bd8f
9b36bd9a
9b37bda5
9b38bdb0
9b39bdc6
9b3abddc
9b3bbdf2
9b3cbe04
9b3dbe0f
9b3ebe1a
9b3fbe25
9b40be30
9b41be46
9b42be5c
9b43be72
9b44be84
9b45be8f
9b46be9a
9b47bea5
9b48beb0
9b49bec6
9b4abedc
9b4bbef2
9b4cbf04
9b4dbf0f
9b4ebf1a
9b4fbf25
9b50bf30
9b51bf46
9b52bf5c
9b53bf72
9b54bf84
9b55bf8f
9b56bf9a
9b57bfa5
9b58bfb0
9b59bfc6
9b5abfdc
9b5bbff2
9b5cc004
9b5dc00f
9b5ec01a
9b5fc025
9b60c030
9b61c046
9b62c05c
9b63c072
9b64c084
9b65c08f
9b66c09a
9b67c0a5
9b68c0b0
9b69c0c6
9b6ac0dc
9b6bc0f2
9b6cc104
9b6dc10f
9b6ec11a
9b6fc125
9b70c130
9b71c146
9b72c15c
9b73c172
9b74c184
9b75c18f
9b76c19a
9b77c1a5
9b78c1b0
9b79c1c6
9b7ac1dc
9b7bc1f2
9b7cc204
9b7dc20f
9b7ec21a
9b7fc225
9b800000
9b813a46
9b823a5c
9b833a72
9b843a84
9b853a8f
9b863a9a
9b873aa5
9b883ab0
9b893ac6
9b8a3adc
9b8b3af2
9b8c3b04
9b8d3b0f
9b8e3b1a
9b8f3b25
9b903b30
9b913b46
9b923b5c
9b933b72
9b943b84
9b953b8f
9b963b9a
9b973ba5
9b983bb0
9b993bc6
9b9a3bdc
9b9b3bf2
9b9c3c04
9b9d3c0f
9b9e3c1a
9b9f3c25
9ba03c30
9ba13c46
9ba23c5c
9ba33c72
9ba43c84
9ba53c8f
9ba63c9a
9ba73ca5
9ba83cb0
9ba93cc6
9baa3cdc
9bab3cf2
9bac3d04
9bad3d0f
9bae3d1a
9baf3d25
9bb03d30
9bb13d46
9bb23d5c
9bb33d72
9bb43d84
9bb53d8f
9bb63d9a
9bb73da5
9bb83db0
9bb93dc6
9bba3ddc
9bbb3df2
9bbc3e04
9bbd3e0f
9bbe3e1a
9bbf3e25
9bc03e30
9bc13e46
9bc23e5c
9bc33e72
9bc43e84
9bc53e8f
9bc63e9a
9bc73ea5
9bc83eb0
9bc93ec6
9bca3edc
9bcb3ef2
9bcc3f04
9bcd3f0f
9bce3f1a
9bcf3f25
9bd03f30
9bd13f46
9bd23f5c
9bd33f72
9bd43f84
9bd53f8f
9bd63f9a
9bd73fa5
9bd83fb0
9bd93fc6
9bda3fdc
9bdb3ff2
9bdc4004
9bdd400f
9bde401a
9bdf4025
9be04030
9be14046
9be2405c
9be34072
9be44084
9be5408f
9be6409a
9be740a5
9be840b0
9be940c6
9bea40dc
9beb40f2
9bec4104
9bed410f
9bee411a
9bef4125
9bf04130
9bf14146
9bf2415c
9bf34172
9bf44184
9bf5418f
9bf6419a
9bf741a5
9bf841b0
9bf941c6
9bfa41dc
9bfb41f2
9bfc4204
9bfd420f
9bfe421a
9bff4225
9c000000
9c01ba58
9c02ba70
9c03ba84
9c04ba90
9c05ba9c
9c06baa8
9c07bab4
9c08bac0
9c09bad8
9c0abaf0
9c0bbb04
9c0cbb10
9c0dbb1c
9c0ebb28
9c0fbb34
9c10bb40
9c11bb58
9c12bb70
9c13bb84
9c14bb90
9c15bb9c
9c16bba8
9c17bbb4
9c18bbc0
9c19bbd8
9c1abbf0
9c1bbc04
9c1cbc10
9c1dbc1c
9c1ebc28
9c1fbc34
9c20bc40
9c21bc58
9c22bc70
9c23bc84
9c24bc90
9c25bc9c
9c26bca8
9c27bcb4
9c28bcc0
9c29bcd8
9c2abcf0
9c2bbd04
9c2cbd10
9c2dbd1c
9c2ebd28
9c2fbd34
9c30bd40
9c31bd58
9c32bd70
9c33bd84
9c34bd90
9c35bd9c
9c36bda8
9c37bdb4
9c38bdc0
9c39bdd8
9c3abdf0
9c3bbe04
9c3cbe10
9c3dbe1c
9c3ebe28
9c3fbe34
9c40be40
9c41be58
9c42be70
9c43be84
9c44be90
9c45be9c
9c46bea8
9c47beb4
9c48bec0
9c49bed8
9c4abef0
9c4bbf04
9c4cbf10
9c4dbf1c
9c4ebf28
9c4fbf34
9c50bf40
9c51bf58
9c52bf70
9c53bf84
9c54bf90
9c55bf9c
9c56bfa8
9c57bfb4
9c58bfc0
9c59bfd8
9c5abff0
9c5bc004
9c5cc010
9c5dc01c
9c5ec028
9c5fc034
9c60c040
9c61c058
9c62c070
9c63c084
9c64c090
9c65c09c
9c66c0a8
9c67c0b4
9c68c0c0
9c69c0d8
9c6ac0f0
9c6bc104
9c6cc110
9c6dc11c
9c6ec128
9c6fc134
9c70c140
9c71c158
9c72c170
9c73c184
9c74c190
9c75c19c
9c76c1a8
9c77c1b4
9c78c1c0
9c79c1d8
9c7ac1f0
9c7bc204
9c7cc210
9c7dc21c
9c7ec228
9c7fc234
9c800000
9c813a58
9c823a70
9c833a84
9c843a90
9c853a9c
9c863aa8
9c873ab4
9c883ac0
9c893ad8
9c8a3af0
9c8b3b04
9c8c3b10
9c8d3b1c
9c8e3b28
9c8f3b34
9c903b40
9c913b58
9c923b70
9c933b84
9c943b90
9c953b9c
9c963ba8
9c973bb4
9c983bc0
9c993bd8
9c9a3bf0
9c9b3c04
9c9c3c10
9c9d3c1c
9c9e3c28
9c9f3c34
9ca03c40
9ca13c58
9ca23c70
9ca33c84
9ca43c90
9ca53c9c
9ca63ca8
9ca73cb4
9ca83cc0
9ca93cd8
9caa3cf0
9cab3d04
9cac3d10
9cad3d1c
9cae3d28
9caf3d34
9cb03d40
9cb13d58
9cb23d70
9cb33d84
9cb43d90
9cb53d9c
9cb63da8
9cb73db4
9cb83dc0
9cb93dd8
9cba3df0
9cbb3e04
9cbc3e10
9cbd3e1c
9cbe3e28
9cbf3e34
9cc03e40
9cc13e58
9cc23e70
9cc33e84
9cc43e90
9cc53e9c
9cc63ea8
9cc73eb4
9cc83ec0
9cc93ed8
9cca3ef0
9ccb3f04
9ccc3f10
9ccd3f1c
9cce3f28
9ccf3f34
9cd03f40
9cd13f58
9cd23f70
9cd33f84
9cd43f90
9cd53f9c
9cd63fa8
9cd73fb4
9cd83fc0
9cd93fd8
9cda3ff0
9cdb4004
9cdc4010
9cdd401c
9cde4028
9cdf4034
9ce04040
9ce14058
9ce24070
9ce34084
9ce44090
9ce5409c
9ce640a8
9ce740b4
9ce840c0
9ce940d8
9cea40f0
9ceb4104
9cec4110
9ced411c
9cee4128
9cef4134
9cf04140
9cf14158
9cf24170
9cf34184
9cf44190
9cf5419c
9cf641a8
9cf741b4
9cf841c0
9cf941d8
9cfa41f0
9cfb4204
9cfc4210
9cfd421c
9cfe4228
9cff4234
9d000000
9d01ba6a
9d02ba82
9d03ba8f
9d04ba9c
9d05baa9
9d06bab6
9d07bac3
9d08bad0
9d09baea
9d0abb02
9d0bbb0f
9d0cbb1c
9d0dbb29
9d0ebb36
9d0fbb43
9d10bb50
9d11bb6a
9d12bb82
9d13bb8f
9d14bb9c
9d15bba9
9d16bbb6
9d17bbc3
9d18bbd0
9d19bbea
9d1abc02
9d1bbc0f
9d1cbc1c
9d1dbc29
9d1ebc36
9d1fbc43
9d20bc50
9d21bc6a
9d22bc82
9d23bc8f
9d24bc9c
9d25bca9
9d26bcb6
9d27bcc3
9d28bcd0
9d29bcea
9d2abd02
9d2bbd0f
9d2cbd1c
9d2dbd29
9d2ebd36
9d2fbd43
9d30bd50
9d31bd6a
9d32bd82
9d33bd8f
9d34bd9c
9d35bda9
9d36bdb6
9d37bdc3
9d38bdd0
9d39bdea
9d3abe02
9d3bbe0f
9d3cbe1c
9d3dbe29
9d3ebe36
9d3fbe43
9d40be50
9d41be6a
9d42be82
9d43be8f
9d44be9c
9d45bea9
9d46beb6
9d47bec3
9d48bed0
9d49beea
9d4abf02
9d4bbf0f
9d4cbf1c
9d4dbf29
9d4ebf36
9d4fbf43
9d50bf50
9d51bf6a
9d52bf82
9d53bf8f
9d54bf9c
9d55bfa9
9d56bfb6
9d57bfc3
9d58bfd0
9d59bfea
9d5ac002
9d5bc00f
9d5cc01c
9d5dc029
9d5ec036
9d5fc043
9d60c050
9d61c06a
9d62c082
9d63c08f
9d64c09c
9d65c0a9
9d66c0b6
9d67c0c3
9d68c0d0
9d69c0ea
9d6ac102
9d6bc10f
9d6cc11c
9d6dc129
9d6ec136
9d6fc143
9d70c150
9d71c16a
9d72c182
9d73c18f
9d74c19c
9d75c1a9
9d76c1b6
9d77c1c3
9d78c1d0
9d79c1ea
9d7ac202
9d7bc20f
9d7cc21c
9d7dc229
9d7ec236
9d7fc243
9d800000
9d813a6a
9d823a82
9d833a8f
9d843a9c
9d853aa9
9d863ab6
9d873ac3
9d883ad0
9d893aea
9d8a3b02
9d8b3b0f
9d8c3b1c
9d8d3b29
9d8e3b36
9d8f3b43
9d903b50
9d913b6a
9d923b82
9d933b8f
9d943b9c
9d953ba9
9d963bb6
9d973bc3
9d983bd0
9d993bea
9d9a3c02
9d9b3c0f
9d9c3c1c
9d9d3c29
9d9e3c36
9d9f3c43
9da03c50
9da13c6a
9da23c82
9da33c8f
9da43c9c
9da53ca9
9da63cb6
9da73cc3
9da83cd0
9da93cea
9daa3d02
9dab3d0f
9dac3d1c
9dad3d29
9dae3d36
9daf3d43
9db03d50
9db13d6a
9db23d82
9db33d8f
9db43d9c
9db53da9
9db63db6
9db73dc3
9db83dd0
9db93dea
9dba3e02
9dbb3e0f
9dbc3e1c
9dbd3e29
9dbe3e36
9dbf3e43
9dc03e50
9dc13e6a
9dc23e82
9dc33e8f
9dc43e9c
9dc53ea9
9dc63eb6
9dc73ec3
9dc83ed0
9dc93eea
9dca3f02
9dcb3f0f
9dcc3f1c
9dcd3f29
9dce3f36
9dcf3f43
9dd03f50
9dd13f6a
9dd23f82
9dd33f8f
9dd43f9c
9dd53fa9
9dd63fb6
9dd73fc3
9dd83fd0
9dd93fea
9dda4002
9ddb400f
9ddc401c
9ddd4029
9dde4036
9ddf4043
9de04050
9de1406a
9de24082
9de3408f
9de4409c
9de540a9
9de640b6
9de740c3
9de840d0
9de940ea
9dea4102
9deb410f
9dec411c
9ded4129
9dee4136
9def4143
9df04150
9df1416a
9df24182
9df3418f
9df4419c
9df541a9
9df641b6
9df741c3
9df841d0
9df941ea
9dfa4202
9dfb420f
9dfc421c
9dfd4229
9dfe4236
9dff4243
9e000000
9e01ba7c
9e02ba8c
9e03ba9a
9e04baa8
9e05bab6
9e06bac4
9e07bad2
9e08bae0
9e09bafc
9e0abb0c
9e0bbb1a
9e0cbb28
9e0dbb36
9e0ebb44
9e0fbb52
9e10bb60
9e11bb7c
9e12bb8c
9e13bb9a
9e14bba8
9e15bbb6
9e16bbc4
9e17bbd2
9e18bbe0
9e19bbfc
9e1abc0c
9e1bbc1a
9e1cbc28
9e1dbc36
9e1ebc44
9e1fbc52
9e20bc60
9e21bc7c
9e22bc8c
9e23bc9a
9e24bca8
9e25bcb6
9e26bcc4
9e27bcd2
9e28bce0
9e29bcfc
9e2abd0c
9e2bbd1a
9e2cbd28
9e2dbd36
9e2ebd44
9e2fbd52
9e30bd60
9e31bd7c
9e32bd8c
9e33bd9a
9e34bda8
9e35bdb6
9e36bdc4
9e37bdd2
9e38bde0
9e39bdfc
9e3abe0c
9e3bbe1a
9e3cbe28
9e3dbe36
9e3ebe44
9e3fbe52
9e40be60
9e41be7c
9e42be8c
9e43be9a
9e44bea8
9e45beb6
9e46bec4
9e47bed2
9e48bee0
9e49befc
9e4abf0c
9e4bbf1a
9e4cbf28
9e4dbf36
9e4ebf44
9e4fbf52
9e50bf60
9e51bf7c
9e52bf8c
9e53bf9a
9e54bfa8
9e55bfb6
9e56bfc4
9e57bfd2
9e58bfe0
9e59bffc
9e5ac00c
9e5bc01a
9e5cc028
9e5dc036
9e5ec044
9e5fc052
9e60c060
9e61c07c
9e62c08c
9e63c09a
9e64c0a8
9e65c0b6
9e66c0c4
9e67c0d2
9e68c0e0
9e69c0fc
9e6ac10c
9e6bc11a
9e6cc128
9e6dc136
9e6ec144
9e6fc152
9e70c160
9e71c17c
9e72c18c
9e73c19a
9e74c1a8
9e75c1b6
9e76c1c4
9e77c1d2
9e78c1e0
9e79c1fc
9e7ac20c
9e7bc21a
9e7cc228
9e7dc236
9e7ec244
9e7fc252
9e800000
9e813a7c
9e823a8c
9e833a9a
9e843aa8
9e853ab6
9e863ac4
9e873ad2
9e883ae0
9e893afc
9e8a3b0c
9e8b3b1a
9e8c3b28
9e8d3b36
9e8e3b44
9e8f3b52
9e903b60
9e913b7c
9e923b8c
9e933b9a
9e943ba8
9e953bb6
9e963bc4
9e973bd2
9e983be0
9e993bfc
9e9a3c0c
9e9b3c1a
9e9c3c28
9e9d3c36
9e9e3c44
9e9f3c52
9ea03c60
9ea13c7c
9ea23c8c
9ea33c9a
9ea43ca8
9ea53cb6
9ea63cc4
9ea73cd2
9ea83ce0
9ea93cfc
9eaa3d0c
9eab3d1a
9eac3d28
9ead3d36
9eae3d44
9eaf3d52
9eb03d60
9eb13d7c
9eb23d8c
9eb33d9a
9eb43da8
9eb53db6
9eb63dc4
9eb73dd2
9eb83de0
9eb93dfc
9eba3e0c
9ebb3e1a
9ebc3e28
9ebd3e36
9ebe3e44
9ebf3e52
9ec03e60
9ec13e7c
9ec23e8c
9ec33e9a
9ec43ea8
9ec53eb6
9ec63ec4
9ec73ed2
9ec83ee0
9ec93efc
9eca3f0c
9ecb3f1a
9ecc3f28
9ecd3f36
9ece3f44
9ecf3f52
9ed03f60
9ed13f7c
9ed23f8c
9ed33f9a
9ed43fa8
9ed53fb6
9ed63fc4
9ed73fd2
9ed83fe0
9ed93ffc
9eda400c
9edb401a
9edc4028
9edd4036
9ede4044
9edf4052
9ee04060
9ee1407c
9ee2408c
9ee3409a
9ee440a8
9ee540b6
9ee640c4
9ee740d2
9ee840e0
9ee940fc
9eea410c
9eeb411a
9eec4128
9eed4136
9eee4144
9eef4152
9ef04160
9ef1417c
9ef2418c
9ef3419a
9ef441a8
9ef541b6
9ef641c4
9ef741d2
9ef841e0
9ef941fc
9efa420c
9efb421a
9efc4228
9efd4236
9efe4244
9eff4252
9f000000
9f01ba87
9f02ba96
9f03baa5
9f04bab4
9f05bac3
9f06bad2
9f07bae1
9f08baf0
9f09bb07
9f0abb16
9f0bbb25
9f0cbb34
9f0dbb43
9f0ebb52
9f0fbb61
9f10bb70
9f11bb87
9f12bb96
9f13bba5
9f14bbb4
9f15bbc3
9f16bbd2
9f17bbe1
9f18bbf0
9f19bc07
9f1abc16
9f1bbc25
9f1cbc34
9f1dbc43
9f1ebc52
9f1fbc61
9f20bc70
9f21bc87
9f22bc96
9f23bca5
9f24bcb4
9f25bcc3
9f26bcd2
9f27bce1
9f28bcf0
9f29bd07
9f2abd16
9f2bbd25
9f2cbd34
9f2dbd43
9f2ebd52
9f2fbd61
9f30bd70
9f31bd87
9f32bd96
9f33bda5
9f34bdb4
9f35bdc3
9f36bdd2
9f37bde1
9f38bdf0
9f39be07
9f3abe16
9f3bbe25
9f3cbe34
9f3dbe43
9f3ebe52
9f3fbe61
9f40be70
9f41be87
9f42be96
9f43bea5
9f44beb4
9f45bec3
9f46bed2
9f47bee1
9f48bef0
9f49bf07
9f4abf16
9f4bbf25
9f4cbf34
9f4dbf43
9f4ebf52
9f4fbf61
9f50bf70
9f51bf87
9f52bf96
9f53bfa5
9f54bfb4
9f55bfc3
9f56bfd2
9f57bfe1
9f58bff0
9f59c007
9f5ac016
9f5bc025
9f5cc034
9f5dc043
9f5ec052
9f5fc061
9f60c070
9f61c087
9f62c096
9f63c0a5
9f64c0b4
9f65c0c3
9f66c0d2
9f67c0e1
9f68c0f0
9f69c107
9f6ac116
9f6bc125
9f6cc134
9f6dc143
9f6ec152
9f6fc161
9f70c170
9f71c187
9f72c196
9f73c1a5
9f74c1b4
9f75c1c3
9f76c1d2
9f77c1e1
9f78c1f0
9f79c207
9f7ac216
9f7bc225
9f7cc234
9f7dc243
9f7ec252
9f7fc261
9f800000
9f813a87
9f823a96
9f833aa5
9f843ab4
9f853ac3
9f863ad2
9f873ae1
9f883af0
9f893b07
9f8a3b16
9f8b3b25
9f8c3b34
9f8d3b43
9f8e3b52
9f8f3b61
9f903b70
9f913b87
9f923b96
9f933ba5
9f943bb4
9f953bc3
9f963bd2
9f973be1
9f983bf0
9f993c07
9f9a3c16
9f9b3c25
9f9c3c34
9f9d3c43
9f9e3c52
9f9f3c61
9fa03c70
9fa13c87
9fa23c96
9fa33ca5
9fa43cb4
9fa53cc3
9fa63cd2
9fa73ce1
9fa83cf0
9fa93d07
9faa3d16
9fab3d25
9fac3d34
9fad3d43
9fae3d52
9faf3d61
9fb03d70
9fb13d87
9fb23d96
9fb33da5
9fb43db4
9fb53dc3
9fb63dd2
9fb73de1
9fb83df0
9fb93e07
9fba3e16
9fbb3e25
9fbc3e34
9fbd3e43
9fbe3e52
9fbf3e61
9fc03e70
9fc13e87
9fc23e96
9fc33ea5
9fc43eb4
9fc53ec3
9fc63ed2
9fc73ee1
9fc83ef0
9fc93f07
9fca3f16
9fcb3f25
9fcc3f34
9fcd3f43
9fce3f52
9fcf3f61
9fd03f70
9fd13f87
9fd23f96
9fd33fa5
9fd43fb4
9fd53fc3
9fd63fd2
9fd73fe1
9fd83ff0
9fd94007
9fda4016
9fdb4025
9fdc4034
9fdd4043
9fde4052
9fdf4061
9fe04070
9fe14087
9fe24096
9fe340a5
9fe440b4
9fe540c3
9fe640d2
9fe740e1
9fe840f0
9fe94107
9fea4116
9feb4125
9fec4134
9fed4143
9fee4152
9fef4161
9ff04170
9ff14187
9ff24196
9ff341a5
9ff441b4
9ff541c3
9ff641d2
9ff741e1
9ff841f0
9ff94207
9ffa4216
9ffb4225
9ffc4234
9ffd4243
9ffe4252
9fff4261
a0000000
a001ba90
a002baa0
a003bab0
a004bac0
a005bad0
a006bae0
a007baf0
a008bb00
a009bb10
a00abb20
a00bbb30
a00cbb40
a00dbb50
a00ebb60
a00fbb70
a010bb80
a011bb90
a012bba0
a013bbb0
a014bbc0
a015bbd0
a016bbe0
a017bbf0
a018bc00
a019bc10
a01abc20
a01bbc30
a01cbc40
a01dbc50
a01ebc60
a01fbc70
a020bc80
a021bc90
a022bca0
a023bcb0
a024bcc0
a025bcd0
a026bce0
a027bcf0
a028bd00
a029bd10
a02abd20
a02bbd30
a02cbd40
a02dbd50
a02ebd60
a02fbd70
a030bd80
a031bd90
a032bda0
a033bdb0
a034bdc0
a035bdd0
a036bde0
a037bdf0
a038be00
a039be10
a03abe20
a03bbe30
a03cbe40
a03dbe50
a03ebe60
a03fbe70
a040be80
a041be90
a042bea0
a043beb0
a044bec0
a045bed0
a046bee0
a047bef0
a048bf00
a049bf10
a04abf20
a04bbf30
a04cbf40
a04dbf50
a04ebf60
a04fbf70
a050bf80
a051bf90
a052bfa0
a053bfb0
a054bfc0
a055bfd0
a056bfe0
a057bff0
a058c000
a059c010
a05ac020
a05bc030
a05cc040
a05dc050
a05ec060
a05fc070
a060c080
a061c090
a062c0a0
a063c0b0
a064c0c0
a065c0d0
a066c0e0
a067c0f0
a068c100
a069c110
a06ac120
a06bc130
a06cc140
a06dc150
a06ec160
a06fc170
a070c180
a071c190
a072c1a0
a073c1b0
a074c1c0
a075c1d0
a076c1e0
a077c1f0
a078c200
a079c210
a07ac220
a07bc230
a07cc240
a07dc250
a07ec260
a07fc270
a0800000
a0813a90
a0823aa0
a0833ab0
a0843ac0
a0853ad0
a0863ae0
a0873af0
a0883b00
a0893b10
a08a3b20
a08b3b30
a08c3b40
a08d3b50
a08e3b60
a08f3b70
a0903b80
a0913b90
a0923ba0
a0933bb0
a0943bc0
a0953bd0
a0963be0
a0973bf0
a0983c00
a0993c10
a09a3c20
a09b3c30
a09c3c40
a09d3c50
a09e3c60
a09f3c70
a0a03c80
a0a13c90
a0a23ca0
a0a33cb0
a0a43cc0
a0a53cd0
a0a63ce0
a0a73cf0
a0a83d00
a0a93d10
a0aa3d20
a0ab3d30
a0ac3d40
a0ad3d50
a0ae3d60
a0af3d70
a0b03d80
a0b13d90
a0b23da0
a0b33db0
a0b43dc0
a0b53dd0
a0b63de0
a0b73df0
a0b83e00
a0b93e10
a0ba3e20
a0bb3e30
a0bc3e40
a0bd3e50
a0be3e60
a0bf3e70
a0c03e80
a0c13e90
a0c23ea0
a0c33eb0
a0c43ec0
a0c53ed0
a0c63ee0
a0c73ef0
a0c83f00
a0c93f10
a0ca3f20
a0cb3f30
a0cc3f40
a0cd3f50
a0ce3f60
a0cf3f70
a0d03f80
a0d13f90
a0d23fa0
a0d33fb0
a0d43fc0
a0d53fd0
a0d63fe0
a0d73ff0
a0d84000
a0d94010
a0da4020
a0db4030
a0dc4040
a0dd4050
a0de4060
a0df4070
a0e04080
a0e14090
a0e240a0
a0e340b0
a0e440c0
a0e540d0
a0e640e0
a0e740f0
a0e84100
a0e94110
a0ea4120
a0eb4130
a0ec4140
a0ed4150
a0ee4160
a0ef4170
a0f04180
a0f14190
a0f241a0
a0f341b0
a0f441c0
a0f541d0
a0f641e0
a0f741f0
a0f84200
a0f94210
a0fa4220
a0fb4230
a0fc4240
a0fd4250
a0fe4260
a0ff4270
a1000000
a101baa2
a102bab4
a103bac6
a104bad8
a105baea
a106bafc
a107bb07
a108bb10
a109bb22
a10abb34
a10bbb46
a10cbb58
a10dbb6a
a10ebb7c
a10fbb87
a110bb90
a111bba2
a112bbb4
a113bbc6
a114bbd8
a115bbea
a116bbfc
a117bc07
a118bc10
a119bc22
a11abc34
a11bbc46
a11cbc58
a11dbc6a
a11ebc7c
a11fbc87
a120bc90
a121bca2
a122bcb4
a123bcc6
a124bcd8
a125bcea
a126bcfc
a127bd07
a128bd10
a129bd22
a12abd34
a12bbd46
a12cbd58
a12dbd6a
a12ebd7c
a12fbd87
a130bd90
a131bda2
a132bdb4
a133bdc6
a134bdd8
a135bdea
a136bdfc
a137be07
a138be10
a139be22
a13abe34
a13bbe46
a13cbe58
a13dbe6a
a13ebe7c
a13fbe87
a140be90
a141bea2
a142beb4
a143bec6
a144bed8
a145beea
a146befc
a147bf07
a148bf10
a149bf22
a14abf34
a14bbf46
a14cbf58
a14dbf6a
a14ebf7c
a14fbf87
a150bf90
a151bfa2
a152bfb4
a153bfc6
a154bfd8
a155bfea
a156bffc
a157c007
a158c010
a159c022
a15ac034
a15bc046
a15cc058
a15dc06a
a15ec07c
a15fc087
a160c090
a161c0a2
a162c0b4
a163c0c6
a164c0d8
a165c0ea
a166c0fc
a167c107
a168c110
a169c122
a16ac134
a16bc146
a16cc158
a16dc16a
a16ec17c
a16fc187
a170c190
a171c1a2
a172c1b4
a173c1c6
a174c1d8
a175c1ea
a176c1fc
a177c207
a178c210
a179c222
a17ac234
a17bc246
a17cc258
a17dc26a
a17ec27c
a17fc287
a1800000
a1813aa2
a1823ab4
a1833ac6
a1843ad8
a1853aea
a1863afc
a1873b07
a1883b10
a1893b22
a18a3b34
a18b3b46
a18c3b58
a18d3b6a
a18e3b7c
a18f3b87
a1903b90
a1913ba2
a1923bb4
a1933bc6
a1943bd8
a1953bea
a1963bfc
a1973c07
a1983c10
a1993c22
a19a3c34
a19b3c46
a19c3c58
a19d3c6a
a19e3c7c
a19f3c87
a1a03c90
a1a13ca2
a1a23cb4
a1a33cc6
a1a43cd8
a1a53cea
a1a63cfc
a1a73d07
a1a83d10
a1a93d22
a1aa3d34
a1ab3d46
a1ac3d58
a1ad3d6a
a1ae3d7c
a1af3d87
a1b03d90
a1b13da2
a1b23db4
a1b33dc6
a1b43dd8
a1b53dea
a1b63dfc
a1b73e07
a1b83e10
a1b93e22
a1ba3e34
a1bb3e46
a1bc3e58
a1bd3e6a
a1be3e7c
a1bf3e87
a1c03e90
a1c13ea2
a1c23eb4
a1c33ec6
a1c43ed8
a1c53eea
a1c63efc
a1c73f07
a1c83f10
a1c93f22
a1ca3f34
a1cb3f46
a1cc3f58
a1cd3f6a
a1ce3f7c
a1cf3f87
a1d03f90
a1d13fa2
a1d23fb4
a1d33fc6
a1d43fd8
a1d53fea
a1d63ffc
a1d74007
a1d84010
a1d94022
a1da4034
a1db4046
a1dc4058
a1dd406a
a1de407c
a1df4087
a1e04090
a1e140a2
a1e240b4
a1e340c6
a1e440d8
a1e540ea
a1e640fc
a1e74107
a1e84110
a1e94122
a1ea4134
a1eb4146
a1ec4158
a1ed416a
a1ee417c
a1ef4187
a1f04190
a1f141a2
a1f241b4
a1f341c6
a1f441d8
a1f541ea
a1f641fc
a1f74207
a1f84210
a1f94222
a1fa4234
a1fb4246
a1fc4258
a1fd426a
a1fe427c
a1ff4287
a2000000
a201bab4
a202bac8
a203badc
a204baf0
a205bb02
a206bb0c
a207bb16
a208bb20
a209bb34
a20abb48
a20bbb5c
a20cbb70
a20dbb82
a20ebb8c
a20fbb96
a210bba0
a211bbb4
a212bbc8
a213bbdc
a214bbf0
a215bc02
a216bc0c
a217bc16
a218bc20
a219bc34
a21abc48
a21bbc5c
a21cbc70
a21dbc82
a21ebc8c
a21fbc96
a220bca0
a221bcb4
a222bcc8
a223bcdc
a224bcf0
a225bd02
a226bd0c
a227bd16
a228bd20
a229bd34
a22abd48
a22bbd5c
a22cbd70
a22dbd82
a22ebd8c
a22fbd96
a230bda0
a231bdb4
a232bdc8
a233bddc
a234bdf0
a235be02
a236be0c
a237be16
a238be20
a239be34
a23abe48
a23bbe5c
a23cbe70
a23dbe82
a23ebe8c
a23fbe96
a240bea0
a241beb4
a242bec8
a243bedc
a244bef0
a245bf02
a246bf0c
a247bf16
a248bf20
a249bf34
a24abf48
a24bbf5c
a24cbf70
a24dbf82
a24ebf8c
a24fbf96
a250bfa0
a251bfb4
a252bfc8
a253bfdc
a254bff0
a255c002
a256c00c
a257c016
a258c020
a259c034
a25ac048
a25bc05c
a25cc070
a25dc082
a25ec08c
a25fc096
a260c0a0
a261c0b4
a262c0c8
a263c0dc
a264c0f0
a265c102
a266c10c
a267c116
a268c120
a269c134
a26ac148
a26bc15c
a26cc170
a26dc182
a26ec18c
a26fc196
a270c1a0
a271c1b4
a272c1c8
a273c1dc
a274c1f0
a275c202
a276c20c
a277c216
a278c220
a279c234
a27ac248
a27bc25c
a27cc270
a27dc282
a27ec28c
a27fc296
a2800000
a2813ab4
a2823ac8
a2833adc
a2843af0
a2853b02
a2863b0c
a2873b16
a2883b20
a2893b34
a28a3b48
a28b3b5c
a28c3b70
a28d3b82
a28e3b8c
a28f3b96
a2903ba0
a2913bb4
a2923bc8
a2933bdc
a2943bf0
a2953c02
a2963c0c
a2973c16
a2983c20
a2993c34
a29a3c48
a29b3c5c
a29c3c70
a29d3c82
a29e3c8c
a29f3c96
a2a03ca0
a2a13cb4
a2a23cc8
a2a33cdc
a2a43cf0
a2a53d02
a2a63d0c
a2a73d16
a2a83d20
a2a93d34
a2aa3d48
a2ab3d5c
a2ac3d70
a2ad3d82
a2ae3d8c
a2af3d96
a2b03da0
a2b13db4
a2b23dc8
a2b33ddc
a2b43df0
a2b53e02
a2b63e0c
a2b73e16
a2b83e20
a2b93e34
a2ba3e48
a2bb3e5c
a2bc3e70
a2bd3e82
a2be3e8c
a2bf3e96
a2c03ea0
a2c13eb4
a2c23ec8
a2c33edc
a2c43ef0
a2c53f02
a2c63f0c
a2c73f16
a2c83f20
a2c93f34
a2ca3f48
a2cb3f5c
a2cc3f70
a2cd3f82
a2ce3f8c
a2cf3f96
a2d03fa0
a2d13fb4
a2d23fc8
a2d33fdc
a2d43ff0
a2d54002
a2d6400c
a2d74016
a2d84020
a2d94034
a2da4048
a2db405c
a2dc4070
a2dd4082
a2de408c
a2df4096
a2e040a0
a2e140b4
a2e240c8
a2e340dc
a2e440f0
a2e54102
a2e6410c
a2e74116
a2e84120
a2e94134
a2ea4148
a2eb415c
a2ec4170
a2ed4182
a2ee418c
a2ef4196
a2f041a0
a2f141b4
a2f241c8
a2f341dc
a2f441f0
a2f54202
a2f6420c
a2f74216
a2f84220
a2f94234
a2fa4248
a2fb425c
a2fc4270
a2fd4282
a2fe428c
a2ff4296
a3000000
a301bac6
a302badc
a303baf2
a304bb04
a305bb0f
a306bb1a
a307bb25
a308bb30
a309bb46
a30abb5c
a30bbb72
a30cbb84
a30dbb8f
a30ebb9a
a30fbba5
a310bbb0
a311bbc6
a312bbdc
a313bbf2
a314bc04
a315bc0f
a316bc1a
a317bc25
a318bc30
a319bc46
a31abc5c
a31bbc72
a31cbc84
a31dbc8f
a31ebc9a
a31fbca5
a320bcb0
a321bcc6
a322bcdc
a323bcf2
a324bd04
a325bd0f
a326bd1a
a327bd25
a328bd30
a329bd46
a32abd5c
a32bbd72
a32cbd84
a32dbd8f
a32ebd9a
a32fbda5
a330bdb0
a331bdc6
a332bddc
a333bdf2
a334be04
a335be0f
a336be1a
a337be25
a338be30
a339be46
a33abe5c
a33bbe72
a33cbe84
a33dbe8f
a33ebe9a
a33fbea5
a340beb0
a341bec6
a342bedc
a343bef2
a344bf04
a345bf0f
a346bf1a
a347bf25
a348bf30
a349bf46
a34abf5c
a34bbf72
a34cbf84
a34dbf8f
a34ebf9a
a34fbfa5
a350bfb0
a351bfc6
a352bfdc
a353bff2
a354c004
a355c00f
a356c01a
a357c025
a358c030
a359c046
a35ac05c
a35bc072
a35cc084
a35dc08f
a35ec09a
a35fc0a5
a360c0b0
a361c0c6
a362c0dc
a363c0f2
a364c104
a365c10f
a366c11a
a367c125
a368c130
a369c146
a36ac15c
a36bc172
a36cc184
a36dc18f
a36ec19a
a36fc1a5
a370c1b0
a371c1c6
a372c1dc
a373c1f2
a374c204
a375c20f
a376c21a
a377c225
a378c230
a379c246
a37ac25c
a37bc272
a37cc284
a37dc28f
a37ec29a
a37fc2a5
a3800000
a3813ac6
a3823adc
a3833af2
a3843b04
a3853b0f
a3863b1a
a3873b25
a3883b30
a3893b46
a38a3b5c
a38b3b72
a38c3b84
a38d3b8f
a38e3b9a
a38f3ba5
a3903bb0
a3913bc6
a3923bdc
a3933bf2
a3943c04
a3953c0f
a3963c1a
a3973c25
a3983c30
a3993c46
a39a3c5c
a39b3c72
a39c3c84
a39d3c8f
a39e3c9a
a39f3ca5
a3a03cb0
a3a13cc6
a3a23cdc
a3a33cf2
a3a43d04
a3a53d0f
a3a63d1a
a3a73d25
a3a83d30
a3a93d46
a3aa3d5c
a3ab3d72
a3ac3d84
a3ad3d8f
a3ae3d9a
a3af3da5
a3b03db0
a3b13dc6
a3b23ddc
a3b33df2
a3b43e04
a3b53e0f
a3b63e1a
a3b73e25
a3b83e30
a3b93e46
a3ba3e5c
a3bb3e72
a3bc3e84
a3bd3e8f
a3be3e9a
a3bf3ea5
a3c03eb0
a3c13ec6
a3c23edc
a3c33ef2
a3c43f04
a3c53f0f
a3c63f1a
a3c73f25
a3c83f30
a3c93f46
a3ca3f5c
a3cb3f72
a3cc3f84
a3cd3f8f
a3ce3f9a
a3cf3fa5
a3d03fb0
a3d13fc6
a3d23fdc
a3d33ff2
a3d44004
a3d5400f
a3d6401a
a3d74025
a3d84030
a3d94046
a3da405c
a3db4072
a3dc4084
a3dd408f
a3de409a
a3df40a5
a3e040b0
a3e140c6
a3e240dc
a3e340f2
a3e44104
a3e5410f
a3e6411a
a3e74125
a3e84130
a3e94146
a3ea415c
a3eb4172
a3ec4184
a3ed418f
a3ee419a
a3ef41a5
a3f041b0
a3f141c6
a3f241dc
a3f341f2
a3f44204
a3f5420f
a3f6421a
a3f74225
a3f84230
a3f94246
a3fa425c
a3fb4272
a3fc4284
a3fd428f
a3fe429a
a3ff42a5
a4000000
a401bad8
a402baf0
a403bb04
a404bb10
a405bb1c
a406bb28
a407bb34
a408bb40
a409bb58
a40abb70
a40bbb84
a40cbb90
a40dbb9c
a40ebba8
a40fbbb4
a410bbc0
a411bbd8
a412bbf0
a413bc04
a414bc10
a415bc1c
a416bc28
a417bc34
a418bc40
a419bc58
a41abc70
a41bbc84
a41cbc90
a41dbc9c
a41ebca8
a41fbcb4
a420bcc0
a421bcd8
a422bcf0
a423bd04
a424bd10
a425bd1c
a426bd28
a427bd34
a428bd40
a429bd58
a42abd70
a42bbd84
a42cbd90
a42dbd9c
a42ebda8
a42fbdb4
a430bdc0
a431bdd8
a432bdf0
a433be04
a434be10
a435be1c
a436be28
a437be34
a438be40
a439be58
a43abe70
a43bbe84
a43cbe90
a43dbe9c
a43ebea8
a43fbeb4
a440bec0
a441bed8
a442bef0
a443bf04
a444bf10
a445bf1c
a446bf28
a447bf34
a448bf40
a449bf58
a44abf70
a44bbf84
a44cbf90
a44dbf9c
a44ebfa8
a44fbfb4
a450bfc0
a451bfd8
a452bff0
a453c004
a454c010
a455c01c
a456c028
a457c034
a458c040
a459c058
a45ac070
a45bc084
a45cc090
a45dc09c
a45ec0a8
a45fc0b4
a460c0c0
a461c0d8
a462c0f0
a463c104
a464c110
a465c11c
a466c128
a467c134
a468c140
a469c158
a46ac170
a46bc184
a46cc190
a46dc19c
a46ec1a8
a46fc1b4
a470c1c0
a471c1d8
a472c1f0
a473c204
a474c210
a475c21c
a476c228
a477c234
a478c240
a479c258
a47ac270
a47bc284
a47cc290
a47dc29c
a47ec2a8
a47fc2b4
a4800000
a4813ad8
a4823af0
a4833b04
a4843b10
a4853b1c
a4863b28
a4873b34
a4883b40
a4893b58
a48a3b70
a48b3b84
a48c3b90
a48d3b9c
a48e3ba8
a48f3bb4
a4903bc0
a4913bd8
a4923bf0
a4933c04
a4943c10
a4953c1c
a4963c28
a4973c34
a4983c40
a4993c58
a49a3c70
a49b3c84
a49c3c90
a49d3c9c
a49e3ca8
a49f3cb4
a4a03cc0
a4a13cd8
a4a23cf0
a4a33d04
a4a43d10
a4a53d1c
a4a63d28
a4a73d34
a4a83d40
a4a93d58
a4aa3d70
a4ab3d84
a4ac3d90
a4ad3d9c
a4ae3da8
a4af3db4
a4b03dc0
a4b13dd8
a4b23df0
a4b33e04
a4b43e10
a4b53e1c
a4b63e28
a4b73e34
a4b83e40
a4b93e58
a4ba3e70
a4bb3e84
a4bc3e90
a4bd3e9c
a4be3ea8
a4bf3eb4
a4c03ec0
a4c13ed8
a4c23ef0
a4c33f04
a4c43f10
a4c53f1c
a4c63f28
a4c73f34
a4c83f40
a4c93f58
a4ca3f70
a4cb3f84
a4cc3f90
a4cd3f9c
a4ce3fa8
a4cf3fb4
a4d03fc0
a4d13fd8
a4d23ff0
a4d34004
a4d44010
a4d5401c
a4d64028
a4d74034
a4d84040
a4d94058
a4da4070
a4db4084
a4dc4090
a4dd409c
a4de40a8
a4df40b4
a4e040c0
a4e140d8
a4e240f0
a4e34104
a4e44110
a4e5411c
a4e64128
a4e74134
a4e84140
a4e94158
a4ea4170
a4eb4184
a4ec4190
a4ed419c
a4ee41a8
a4ef41b4
a4f041c0
a4f141d8
a4f241f0
a4f34204
a4f44210
a4f5421c
a4f64228
a4f74234
a4f84240
a4f94258
a4fa4270
a4fb4284
a4fc4290
a4fd429c
a4fe42a8
a4ff42b4
a5000000
a501baea
a502bb02
a503bb0f
a504bb1c
a505bb29
a506bb36
a507bb43
a508bb50
a509bb6a
a50abb82
a50bbb8f
a50cbb9c
a50dbba9
a50ebbb6
a50fbbc3
a510bbd0
a511bbea
a512bc02
a513bc0f
a514bc1c
a515bc29
a516bc36
a517bc43
a518bc50
a519bc6a
a51abc82
a51bbc8f
a51cbc9c
a51dbca9
a51ebcb6
a51fbcc3
a520bcd0
a521bcea
a522bd02
a523bd0f
a524bd1c
a525bd29
a526bd36
a527bd43
a528bd50
a529bd6a
a52abd82
a52bbd8f
a52cbd9c
a52dbda9
a52ebdb6
a52fbdc3
a530bdd0
a531bdea
a532be02
a533be0f
a534be1c
a535be29
a536be36
a537be43
a538be50
a539be6a
a53abe82
a53bbe8f
a53cbe9c
a53dbea9
a53ebeb6
a53fbec3
a540bed0
a541beea
a542bf02
a543bf0f
a544bf1c
a545bf29
a546bf36
a547bf43
a548bf50
a549bf6a
a54abf82
a54bbf8f
a54cbf9c
a54dbfa9
a54ebfb6
a54fbfc3
a550bfd0
a551bfea
a552c002
a553c00f
a554c01c
a555c029
a556c036
a557c043
a558c050
a559c06a
a55ac082
a55bc08f
a55cc09c
a55dc0a9
a55ec0b6
a55fc0c3
a560c0d0
a561c0ea
a562c102
a563c10f
a564c11c
a565c129
a566c136
a567c143
a568c150
a569c16a
a56ac182
a56bc18f
a56cc19c
a56dc1a9
a56ec1b6
a56fc1c3
a570c1d0
a571c1ea
a572c202
a573c20f
a574c21c
a575c229
a576c236
a577c243
a578c250
a579c26a
a57ac282
a57bc28f
a57cc29c
a57dc2a9
a57ec2b6
a57fc2c3
a5800000
a5813aea
a5823b02
a5833b0f
a5843b1c
a5853b29
a5863b36
a5873b43
a5883b50
a5893b6a
a58a3b82
a58b3b8f
a58c3b9c
a58d3ba9
a58e3bb6
a58f3bc3
a5903bd0
a5913bea
a5923c02
a5933c0f
a5943c1c
a5953c29
a5963c36
a5973c43
a5983c50
a5993c6a
a59a3c82
a59b3c8f
a59c3c9c
a59d3ca9
a59e3cb6
a59f3cc3
a5a03cd0
a5a13cea
a5a23d02
a5a33d0f
a5a43d1c
a5a53d29
a5a63d36
a5a73d43
a5a83d50
a5a93d6a
a5aa3d82
a5ab3d8f
a5ac3d9c
a5ad3da9
a5ae3db6
a5af3dc3
a5b03dd0
a5b13dea
a5b23e02
a5b33e0f
a5b43e1c
a5b53e29
a5b63e36
a5b73e43
a5b83e50
a5b93e6a
a5ba3e82
a5bb3e8f
a5bc3e9c
a5bd3ea9
a5be3eb6
a5bf3ec3
a5c03ed0
a5c13eea
a5c23f02
a5c33f0f
a5c43f1c
a5c53f29
a5c63f36
a5c73f43
a5c83f50
a5c93f6a
a5ca3f82
a5cb3f8f
a5cc3f9c
a5cd3fa9
a5ce3fb6
a5cf3fc3
a5d03fd0
a5d13fea
a5d24002
a5d3400f
a5d4401c
a5d54029
a5d64036
a5d74043
a5d84050
a5d9406a
a5da4082
a5db408f
a5dc409c
a5dd40a9
a5de40b6
a5df40c3
a5e040d0
a5e140ea
a5e24102
a5e3410f
a5e4411c
a5e54129
a5e64136
a5e74143
a5e84150
a5e9416a
a5ea4182
a5eb418f
a5ec419c
a5ed41a9
a5ee41b6
a5ef41c3
a5f041d0
a5f141ea
a5f24202
a5f3420f
a5f4421c
a5f54229
a5f64236
a5f74243
a5f84250
a5f9426a
a5fa4282
a5fb428f
a5fc429c
a5fd42a9
a5fe42b6
a5ff42c3
a6000000
a601bafc
a602bb0c
a603bb1a
a604bb28
a605bb36
a606bb44
a607bb52
a608bb60
a609bb7c
a60abb8c
a60bbb9a
a60cbba8
a60dbbb6
a60ebbc4
a60fbbd2
a610bbe0
a611bbfc
a612bc0c
a613bc1a
a614bc28
a615bc36
a616bc44
a617bc52
a618bc60
a619bc7c
a61abc8c
a61bbc9a
a61cbca8
a61dbcb6
a61ebcc4
a61fbcd2
a620bce0
a621bcfc
a622bd0c
a623bd1a
a624bd28
a625bd36
a626bd44
a627bd52
a628bd60
a629bd7c
a62abd8c
a62bbd9a
a62cbda8
a62dbdb6
a62ebdc4
a62fbdd2
a630bde0
a631bdfc
a632be0c
a633be1a
a634be28
a635be36
a636be44
a637be52
a638be60
a639be7c
a63abe8c
a63bbe9a
a63cbea8
a63dbeb6
a63ebec4
a63fbed2
a640bee0
a641befc
a642bf0c
a643bf1a
a644bf28
a645bf36
a646bf44
a647bf52
a648bf60
a649bf7c
a64abf8c
a64bbf9a
a64cbfa8
a64dbfb6
a64ebfc4
a64fbfd2
a650bfe0
a651bffc
a652c00c
a653c01a
a654c028
a655c036
a656c044
a657c052
a658c060
a659c07c
a65ac08c
a65bc09a
a65cc0a8
a65dc0b6
a65ec0c4
a65fc0d2
a660c0e0
a661c0fc
a662c10c
a663c11a
a664c128
a665c136
a666c144
a667c152
a668c160
a669c17c
a66ac18c
a66bc19a
a66cc1a8
a66dc1b6
a66ec1c4
a66fc1d2
a670c1e0
a671c1fc
a672c20c
a673c21a
a674c228
a675c236
a676c244
a677c252
a678c260
a679c27c
a67ac28c
a67bc29a
a67cc2a8
a67dc2b6
a67ec2c4
a67fc2d2
a6800000
a6813afc
a6823b0c
a6833b1a
a6843b28
a6853b36
a6863b44
a6873b52
a6883b60
a6893b7c
a68a3b8c
a68b3b9a
a68c3ba8
a68d3bb6
a68e3bc4
a68f3bd2
a6903be0
a6913bfc
a6923c0c
a6933c1a
a6943c28
a6953c36
a6963c44
a6973c52
a6983c60
a6993c7c
a69a3c8c
a69b3c9a
a69c3ca8
a69d3cb6
a69e3cc4
a69f3cd2
a6a03ce0
a6a13cfc
a6a23d0c
a6a33d1a
a6a43d28
a6a53d36
a6a63d44
a6a73d52
a6a83d60
a6a93d7c
a6aa3d8c
a6ab3d9a
a6ac3da8
a6ad3db6
a6ae3dc4
a6af3dd2
a6b03de0
a6b13dfc
a6b23e0c
a6b33e1a
a6b43e28
a6b53e36
a6b63e44
a6b73e52
a6b83e60
a6b93e7c
a6ba3e8c
a6bb3e9a
a6bc3ea8
a6bd3eb6
a6be3ec4
a6bf3ed2
a6c03ee0
a6c13efc
a6c23f0c
a6c33f1a
a6c43f28
a6c53f36
a6c63f44
a6c73f52
a6c83f60
a6c93f7c
a6ca3f8c
a6cb3f9a
a6cc3fa8
a6cd3fb6
a6ce3fc4
a6cf3fd2
a6d03fe0
a6d13ffc
a6d2400c
a6d3401a
a6d44028
a6d54036
a6d64044
a6d74052
a6d84060
a6d9407c
a6da408c
a6db409a
a6dc40a8
a6dd40b6
a6de40c4
a6df40d2
a6e040e0
a6e140fc
a6e2410c
a6e3411a
a6e44128
a6e54136
a6e64144
a6e74152
a6e84160
a6e9417c
a6ea418c
a6eb419a
a6ec41a8
a6ed41b6
a6ee41c4
a6ef41d2
a6f041e0
a6f141fc
a6f2420c
a6f3421a
a6f44228
a6f54236
a6f64244
a6f74252
a6f84260
a6f9427c
a6fa428c
a6fb429a
a6fc42a8
a6fd42b6
a6fe42c4
a6ff42d2
a7000000
a701bb07
a702bb16
a703bb25
a704bb34
a705bb43
a706bb52
a707bb61
a708bb70
a709bb87
a70abb96
a70bbba5
a70cbbb4
a70dbbc3
a70ebbd2
a70fbbe1
a710bbf0
a711bc07
a712bc16
a713bc25
a714bc34
a715bc43
a716bc52
a717bc61
a718bc70
a719bc87
a71abc96
a71bbca5
a71cbcb4
a71dbcc3
a71ebcd2
a71fbce1
a720bcf0
a721bd07
a722bd16
a723bd25
a724bd34
a725bd43
a726bd52
a727bd61
a728bd70
a729bd87
a72abd96
a72bbda5
a72cbdb4
a72dbdc3
a72ebdd2
a72fbde1
a730bdf0
a731be07
a732be16
a733be25
a734be34
a735be43
a736be52
a737be61
a738be70
a739be87
a73abe96
a73bbea5
a73cbeb4
a73dbec3
a73ebed2
a73fbee1
a740bef0
a741bf07
a742bf16
a743bf25
a744bf34
a745bf43
a746bf52
a747bf61
a748bf70
a749bf87
a74abf96
a74bbfa5
a74cbfb4
a74dbfc3
a74ebfd2
a74fbfe1
a750bff0
a751c007
a752c016
a753c025
a754c034
a755c043
a756c052
a757c061
a758c070
a759c087
a75ac096
a75bc0a5
a75cc0b4
a75dc0c3
a75ec0d2
a75fc0e1
a760c0f0
a761c107
a762c116
a763c125
a764c134
a765c143
a766c152
a767c161
a768c170
a769c187
a76ac196
a76bc1a5
a76cc1b4
a76dc1c3
a76ec1d2
a76fc1e1
a770c1f0
a771c207
a772c216
a773c225
a774c234
a775c243
a776c252
a777c261
a778c270
a779c287
a77ac296
a77bc2a5
a77cc2b4
a77dc2c3
a77ec2d2
a77fc2e1
a7800000
a7813b07
a7823b16
a7833b25
a7843b34
a7853b43
a7863b52
a7873b61
a7883b70
a7893b87
a78a3b96
a78b3ba5
a78c3bb4
a78d3bc3
a78e3bd2
a78f3be1
a7903bf0
a7913c07
a7923c16
a7933c25
a7943c34
a7953c43
a7963c52
a7973c61
a7983c70
a7993c87
a79a3c96
a79b3ca5
a79c3cb4
a79d3cc3
a79e3cd2
a79f3ce1
a7a03cf0
a7a13d07
a7a23d16
a7a33d25
a7a43d34
a7a53d43
a7a63d52
a7a73d61
a7a83d70
a7a93d87
a7aa3d96
a7ab3da5
a7ac3db4
a7ad3dc3
a7ae3dd2
a7af3de1
a7b03df0
a7b13e07
a7b23e16
a7b33e25
a7b43e34
a7b53e43
a7b63e52
a7b73e61
a7b83e70
a7b93e87
a7ba3e96
a7bb3ea5
a7bc3eb4
a7bd3ec3
a7be3ed2
a7bf3ee1
a7c03ef0
a7c13f07
a7c23f16
a7c33f25
a7c43f34
a7c53f43
a7c63f52
a7c73f61
a7c83f70
a7c93f87
a7ca3f96
a7cb3fa5
a7cc3fb4
a7cd3fc3
a7ce3fd2
a7cf3fe1
a7d03ff0
a7d14007
a7d24016
a7d34025
a7d44034
a7d54043
a7d64052
a7d74061
a7d84070
a7d94087
a7da4096
a7db40a5
a7dc40b4
a7dd40c3
a7de40d2
a7df40e1
a7e040f0
a7e14107
a7e24116
a7e34125
a7e44134
a7e54143
a7e64152
a7e74161
a7e84170
a7e94187
a7ea4196
a7eb41a5
a7ec41b4
a7ed41c3
a7ee41d2
a7ef41e1
a7f041f0
a7f14207
a7f24216
a7f34225
a7f44234
a7f54243
a7f64252
a7f74261
a7f84270
a7f94287
a7fa4296
a7fb42a5
a7fc42b4
a7fd42c3
a7fe42d2
a7ff42e1
a8000000
a801bb10
a802bb20
a803bb30
a804bb40
a805bb50
a806bb60
a807bb70
a808bb80
a809bb90
a80abba0
a80bbbb0
a80cbbc0
a80dbbd0
a80ebbe0
a80fbbf0
a810bc00
a811bc10
a812bc20
a813bc30
a814bc40
a815bc50
a816bc60
a817bc70
a818bc80
a819bc90
a81abca0
a81bbcb0
a81cbcc0
a81dbcd0
a81ebce0
a81fbcf0
a820bd00
a821bd10
a822bd20
a823bd30
a824bd40
a825bd50
a826bd60
a827bd70
a828bd80
a829bd90
a82abda0
a82bbdb0
a82cbdc0
a82dbdd0
a82ebde0
a82fbdf0
a830be00
a831be10
a832be20
a833be30
a834be40
a835be50
a836be60
a837be70
a838be80
a839be90
a83abea0
a83bbeb0
a83cbec0
a83dbed0
a83ebee0
a83fbef0
a840bf00
a841bf10
a842bf20
a843bf30
a844bf40
a845bf50
a846bf60
a847bf70
a848bf80
a849bf90
a84abfa0
a84bbfb0
a84cbfc0
a84dbfd0
a84ebfe0
a84fbff0
a850c000
a851c010
a852c020
a853c030
a854c040
a855c050
a856c060
a857c070
a858c080
a859c090
a85ac0a0
a85bc0b0
a85cc0c0
a85dc0d0
a85ec0e0
a85fc0f0
a860c100
a861c110
a862c120
a863c130
a864c140
a865c150
a866c160
a867c170
a868c180
a869c190
a86ac1a0
a86bc1b0
a86cc1c0
a86dc1d0
a86ec1e0
a86fc1f0
a870c200
a871c210
a872c220
a873c230
a874c240
a875c250
a876c260
a877c270
a878c280
a879c290
a87ac2a0
a87bc2b0
a87cc2c0
a87dc2d0
a87ec2e0
a87fc2f0
a8800000
a8813b10
a8823b20
a8833b30
a8843b40
a8853b50
a8863b60
a8873b70
a8883b80
a8893b90
a88a3ba0
a88b3bb0
a88c3bc0
a88d3bd0
a88e3be0
a88f3bf0
a8903c00
a8913c10
a8923c20
a8933c30
a8943c40
a8953c50
a8963c60
a8973c70
a8983c80
a8993c90
a89a3ca0
a89b3cb0
a89c3cc0
a89d3cd0
a89e3ce0
a89f3cf0
a8a03d00
a8a13d10
a8a23d20
a8a33d30
a8a43d40
a8a53d50
a8a63d60
a8a73d70
a8a83d80
a8a93d90
a8aa3da0
a8ab3db0
a8ac3dc0
a8ad3dd0
a8ae3de0
a8af3df0
a8b03e00
a8b13e10
a8b23e20
a8b33e30
a8b43e40
a8b53e50
a8b63e60
a8b73e70
a8b83e80
a8b93e90
a8ba3ea0
a8bb3eb0
a8bc3ec0
a8bd3ed0
a8be3ee0
a8bf3ef0
a8c03f00
a8c13f10
a8c23f20
a8c33f30
a8c43f40
a8c53f50
a8c63f60
a8c73f70
a8c83f80
a8c93f90
a8ca3fa0
a8cb3fb0
a8cc3fc0
a8cd3fd0
a8ce3fe0
a8cf3ff0
a8d04000
a8d14010
a8d24020
a8d34030
a8d44040
a8d54050
a8d64060
a8d74070
a8d84080
a8d94090
a8da40a0
a8db40b0
a8dc40c0
a8dd40d0
a8de40e0
a8df40f0
a8e04100
a8e14110
a8e24120
a8e34130
a8e44140
a8e54150
a8e64160
a8e74170
a8e84180
a8e94190
a8ea41a0
a8eb41b0
a8ec41c0
a8ed41d0
a8ee41e0
a8ef41f0
a8f04200
a8f14210
a8f24220
a8f34230
a8f44240
a8f54250
a8f64260
a8f74270
a8f84280
a8f94290
a8fa42a0
a8fb42b0
a8fc42c0
a8fd42d0
a8fe42e0
a8ff42f0
a9000000
a901bb22
a902bb34
a903bb46
a904bb58
a905bb6a
a906bb7c
a907bb87
a908bb90
a909bba2
a90abbb4
a90bbbc6
a90cbbd8
a90dbbea
a90ebbfc
a90fbc07
a910bc10
a911bc22
a912bc34
a913bc46
a914bc58
a915bc6a
a916bc7c
a917bc87
a918bc90
a919bca2
a91abcb4
a91bbcc6
a91cbcd8
a91dbcea
a91ebcfc
a91fbd07
a920bd10
a921bd22
a922bd34
a923bd46
a924bd58
a925bd6a
a926bd7c
a927bd87
a928bd90
a929bda2
a92abdb4
a92bbdc6
a92cbdd8
a92dbdea
a92ebdfc
a92fbe07
a930be10
a931be22
a932be34
a933be46
a934be58
a935be6a
a936be7c
a937be87
a938be90
a939bea2
a93abeb4
a93bbec6
a93cbed8
a93dbeea
a93ebefc
a93fbf07
a940bf10
a941bf22
a942bf34
a943bf46
a944bf58
a945bf6a
a946bf7c
a947bf87
a948bf90
a949bfa2
a94abfb4
a94bbfc6
a94cbfd8
a94dbfea
a94ebffc
a94fc007
a950c010
a951c022
a952c034
a953c046
a954c058
a955c06a
a956c07c
a957c087
a958c090
a959c0a2
a95ac0b4
a95bc0c6
a95cc0d8
a95dc0ea
a95ec0fc
a95fc107
a960c110
a961c122
a962c134
a963c146
a964c158
a965c16a
a966c17c
a967c187
a968c190
a969c1a2
a96ac1b4
a96bc1c6
a96cc1d8
a96dc1ea
a96ec1fc
a96fc207
a970c210
a971c222
a972c234
a973c246
a974c258
a975c26a
a976c27c
a977c287
a978c290
a979c2a2
a97ac2b4
a97bc2c6
a97cc2d8
a97dc2ea
a97ec2fc
a97fc307
a9800000
a9813b22
a9823b34
a9833b46
a9843b58
a9853b6a
a9863b7c
a9873b87
a9883b90
a9893ba2
a98a3bb4
a98b3bc6
a98c3bd8
a98d3bea
a98e3bfc
a98f3c07
a9903c10
a9913c22
a9923c34
a9933c46
a9943c58
a9953c6a
a9963c7c
a9973c87
a9983c90
a9993ca2
a99a3cb4
a99b3cc6
a99c3cd8
a99d3cea
a99e3cfc
a99f3d07
a9a03d10
a9a13d22
a9a23d34
a9a33d46
a9a43d58
a9a53d6a
a9a63d7c
a9a73d87
a9a83d90
a9a93da2
a9aa3db4
a9ab3dc6
a9ac3dd8
a9ad3dea
a9ae3dfc
a9af3e07
a9b03e10
a9b13e22
a9b23e34
a9b33e46
a9b43e58
a9b53e6a
a9b63e7c
a9b73e87
a9b83e90
a9b93ea2
a9ba3eb4
a9bb3ec6
a9bc3ed8
a9bd3eea
a9be3efc
a9bf3f07
a9c03f10
a9c13f22
a9c23f34
a9c33f46
a9c43f58
a9c53f6a
a9c63f7c
a9c73f87
a9c83f90
a9c93fa2
a9ca3fb4
a9cb3fc6
a9cc3fd8
a9cd3fea
a9ce3ffc
a9cf4007
a9d04010
a9d14022
a9d24034
a9d34046
a9d44058
a9d5406a
a9d6407c
a9d74087
a9d84090
a9d940a2
a9da40b4
a9db40c6
a9dc40d8
a9dd40ea
a9de40fc
a9df4107
a9e04110
a9e14122
a9e24134
a9e34146
a9e44158
a9e5416a
a9e6417c
a9e74187
a9e84190
a9e941a2
a9ea41b4
a9eb41c6
a9ec41d8
a9ed41ea
a9ee41fc
a9ef4207
a9f04210
a9f14222
a9f24234
a9f34246
a9f44258
a9f5426a
a9f6427c
a9f74287
a9f84290
a9f942a2
a9fa42b4
a9fb42c6
a9fc42d8
a9fd42ea
a9fe42fc
a9ff4307
aa000000
aa01bb34
aa02bb48
aa03bb5c
aa04bb70
aa05bb82
aa06bb8c
aa07bb96
aa08bba0
aa09bbb4
aa0abbc8
aa0bbbdc
aa0cbbf0
aa0dbc02
aa0ebc0c
aa0fbc16
aa10bc20
aa11bc34
aa12bc48
aa13bc5c
aa14bc70
aa15bc82
aa16bc8c
aa17bc96
aa18bca0
aa19bcb4
aa1abcc8
aa1bbcdc
aa1cbcf0
aa1dbd02
aa1ebd0c
aa1fbd16
aa20bd20
aa21bd34
aa22bd48
aa23bd5c
aa24bd70
aa25bd82
aa26bd8c
aa27bd96
aa28bda0
aa29bdb4
aa2abdc8
aa2bbddc
aa2cbdf0
aa2dbe02
aa2ebe0c
aa2fbe16
aa30be20
aa31be34
aa32be48
aa33be5c
aa34be70
aa35be82
aa36be8c
aa37be96
aa38bea0
aa39beb4
aa3abec8
aa3bbedc
aa3cbef0
aa3dbf02
aa3ebf0c
aa3fbf16
aa40bf20
aa41bf34
aa42bf48
aa43bf5c
aa44bf70
aa45bf82
aa46bf8c
aa47bf96
aa48bfa0
aa49bfb4
aa4abfc8
aa4bbfdc
aa4cbff0
aa4dc002
aa4ec00c
aa4fc016
aa50c020
aa51c034
aa52c048
aa53c05c
aa54c070
aa55c082
aa56c08c
aa57c096
aa58c0a0
aa59c0b4
aa5ac0c8
aa5bc0dc
aa5cc0f0
aa5dc102
aa5ec10c
aa5fc116
aa60c120
aa61c134
aa62c148
aa63c15c
aa64c170
aa65c182
aa66c18c
aa67c196
aa68c1a0
aa69c1b4
aa6ac1c8
aa6bc1dc
aa6cc1f0
aa6dc202
aa6ec20c
aa6fc216
aa70c220
aa71c234
aa72c248
aa73c25c
aa74c270
aa75c282
aa76c28c
aa77c296
aa78c2a0
aa79c2b4
aa7ac2c8
aa7bc2dc
aa7cc2f0
aa7dc302
aa7ec30c
aa7fc316
aa800000
aa813b34
aa823b48
aa833b5c
aa843b70
aa853b82
aa863b8c
aa873b96
aa883ba0
aa893bb4
aa8a3bc8
aa8b3bdc
aa8c3bf0
aa8d3c02
aa8e3c0c
aa8f3c16
aa903c20
aa913c34
aa923c48
aa933c5c
aa943c70
aa953c82
aa963c8c
aa973c96
aa983ca0
aa993cb4
aa9a3cc8
aa9b3cdc
aa9c3cf0
aa9d3d02
aa9e3d0c
aa9f3d16
aaa03d20
aaa13d34
aaa23d48
aaa33d5c
aaa43d70
aaa53d82
aaa63d8c
aaa73d96
aaa83da0
aaa93db4
aaaa3dc8
aaab3ddc
aaac3df0
aaad3e02
aaae3e0c
aaaf3e16
aab03e20
aab13e34
aab23e48
aab33e5c
aab43e70
aab53e82
aab63e8c
aab73e96
aab83ea0
aab93eb4
aaba3ec8
aabb3edc
aabc3ef0
aabd3f02
aabe3f0c
aabf3f16
aac03f20
aac13f34
aac23f48
aac33f5c
aac43f70
aac53f82
aac63f8c
aac73f96
aac83fa0
aac93fb4
aaca3fc8
aacb3fdc
aacc3ff0
aacd4002
aace400c
aacf4016
aad04020
aad14034
aad24048
aad3405c
aad44070
aad54082
aad6408c
aad74096
aad840a0
aad940b4
aada40c8
aadb40dc
aadc40f0
aadd4102
aade410c
aadf4116
aae04120
aae14134
aae24148
aae3415c
aae44170
aae54182
aae6418c
aae74196
aae841a0
aae941b4
aaea41c8
aaeb41dc
aaec41f0
aaed4202
aaee420c
aaef4216
aaf04220
aaf14234
aaf24248
aaf3425c
aaf44270
aaf54282
aaf6428c
aaf74296
aaf842a0
aaf942b4
aafa42c8
aafb42dc
aafc42f0
aafd4302
aafe430c
aaff4316
ab000000
ab01bb46
ab02bb5c
ab03bb72
ab04bb84
ab05bb8f
ab06bb9a
ab07bba5
ab08bbb0
ab09bbc6
ab0abbdc
ab0bbbf2
ab0cbc04
ab0dbc0f
ab0ebc1a
ab0fbc25
ab10bc30
ab11bc46
ab12bc5c
ab13bc72
ab14bc84
ab15bc8f
ab16bc9a
ab17bca5
ab18bcb0
ab19bcc6
ab1abcdc
ab1bbcf2
ab1cbd04
ab1dbd0f
ab1ebd1a
ab1fbd25
ab20bd30
ab21bd46
ab22bd5c
ab23bd72
ab24bd84
ab25bd8f
ab26bd9a
ab27bda5
ab28bdb0
ab29bdc6
ab2abddc
ab2bbdf2
ab2cbe04
ab2dbe0f
ab2ebe1a
ab2fbe25
ab30be30
ab31be46
ab32be5c
ab33be72
ab34be84
ab35be8f
ab36be9a
ab37bea5
ab38beb0
ab39bec6
ab3abedc
ab3bbef2
ab3cbf04
ab3dbf0f
ab3ebf1a
ab3fbf25
ab40bf30
ab41bf46
ab42bf5c
ab43bf72
ab44bf84
ab45bf8f
ab46bf9a
ab47bfa5
ab48bfb0
ab49bfc6
ab4abfdc
ab4bbff2
ab4cc004
ab4dc00f
ab4ec01a
ab4fc025
ab50c030
ab51c046
ab52c05c
ab53c072
ab54c084
ab55c08f
ab56c09a
ab57c0a5
ab58c0b0
ab59c0c6
ab5ac0dc
ab5bc0f2
ab5cc104
ab5dc10f
ab5ec11a
ab5fc125
ab60c130
ab61c146
ab62c15c
ab63c172
ab64c184
ab65c18f
ab66c19a
ab67c1a5
ab68c1b0
ab69c1c6
ab6ac1dc
ab6bc1f2
ab6cc204
ab6dc20f
ab6ec21a
ab6fc225
ab70c230
ab71c246
ab72c25c
ab73c272
ab74c284
ab75c28f
ab76c29a
ab77c2a5
ab78c2b0
ab79c2c6
ab7ac2dc
ab7bc2f2
ab7cc304
ab7dc30f
ab7ec31a
ab7fc325
ab800000
ab813b46
ab823b5c
ab833b72
ab843b84
ab853b8f
ab863b9a
ab873ba5
ab883bb0
ab893bc6
ab8a3bdc
ab8b3bf2
ab8c3c04
ab8d3c0f
ab8e3c1a
ab8f3c25
ab903c30
ab913c46
ab923c5c
ab933c72
ab943c84
ab953c8f
ab963c9a
ab973ca5
ab983cb0
ab993cc6
ab9a3cdc
ab9b3cf2
ab9c3d04
ab9d3d0f
ab9e3d1a
ab9f3d25
aba03d30
aba13d46
aba23d5c
aba33d72
aba43d84
aba53d8f
aba63d9a
aba73da5
aba83db0
aba93dc6
abaa3ddc
abab3df2
abac3e04
abad3e0f
abae3e1a
abaf3e25
abb03e30
abb13e46
abb23e5c
abb33e72
abb43e84
abb53e8f
abb63e9a
abb73ea5
abb83eb0
abb93ec6
abba3edc
abbb3ef2
abbc3f04
abbd3f0f
abbe3f1a
abbf3f25
abc03f30
abc13f46
abc23f5c
abc33f72
abc43f84
abc53f8f
abc63f9a
abc73fa5
abc83fb0
abc93fc6
abca3fdc
abcb3ff2
abcc4004
abcd400f
abce401a
abcf4025
abd04030
abd14046
abd2405c
abd34072
abd44084
abd5408f
abd6409a
abd740a5
abd840b0
abd940c6
abda40dc
abdb40f2
abdc4104
abdd410f
abde411a
abdf4125
abe04130
abe14146
abe2415c
abe34172
abe44184
abe5418f
abe6419a
abe741a5
abe841b0
abe941c6
abea41dc
abeb41f2
abec4204
abed420f
abee421a
abef4225
abf04230
abf14246
abf2425c
abf34272
abf44284
abf5428f
abf6429a
abf742a5
abf842b0
abf942c6
abfa42dc
abfb42f2
abfc4304
abfd430f
abfe431a
abff4325
ac000000
ac01bb58
ac02bb70
ac03bb84
ac04bb90
ac05bb9c
ac06bba8
ac07bbb4
ac08bbc0
ac09bbd8
ac0abbf0
ac0bbc04
ac0cbc10
ac0dbc1c
ac0ebc28
ac0fbc34
ac10bc40
ac11bc58
ac12bc70
ac13bc84
ac14bc90
ac15bc9c
ac16bca8
ac17bcb4
ac18bcc0
ac19bcd8
ac1abcf0
ac1bbd04
ac1cbd10
ac1dbd1c
ac1ebd28
ac1fbd34
ac20bd40
ac21bd58
ac22bd70
ac23bd84
ac24bd90
ac25bd9c
ac26bda8
ac27bdb4
ac28bdc0
ac29bdd8
ac2abdf0
ac2bbe04
ac2cbe10
ac2dbe1c
ac2ebe28
ac2fbe34
ac30be40
ac31be58
ac32be70
ac33be84
ac34be90
ac35be9c
ac36bea8
ac37beb4
ac38bec0
ac39bed8
ac3abef0
ac3bbf04
ac3cbf10
ac3dbf1c
ac3ebf28
ac3fbf34
ac40bf40
ac41bf58
ac42bf70
ac43bf84
ac44bf90
ac45bf9c
ac46bfa8
ac47bfb4
ac48bfc0
ac49bfd8
ac4abff0
ac4bc004
ac4cc010
ac4dc01c
ac4ec028
ac4fc034
ac50c040
ac51c058
ac52c070
ac53c084
ac54c090
ac55c09c
ac56c0a8
ac57c0b4
ac58c0c0
ac59c0d8
ac5ac0f0
ac5bc104
ac5cc110
ac5dc11c
ac5ec128
ac5fc134
ac60c140
ac61c158
ac62c170
ac63c184
ac64c190
ac65c19c
ac66c1a8
ac67c1b4
ac68c1c0
ac69c1d8
ac6ac1f0
ac6bc204
ac6cc210
ac6dc21c
ac6ec228
ac6fc234
ac70c240
ac71c258
ac72c270
ac73c284
ac74c290
ac75c29c
ac76c2a8
ac77c2b4
ac78c2c0
ac79c2d8
ac7ac2f0
ac7bc304
ac7cc310
ac7dc31c
ac7ec328
ac7fc334
ac800000
ac813b58
ac823b70
ac833b84
ac843b90
ac853b9c
ac863ba8
ac873bb4
ac883bc0
ac893bd8
ac8a3bf0
ac8b3c04
ac8c3c10
ac8d3c1c
ac8e3c28
ac8f3c34
ac903c40
ac913c58
ac923c70
ac933c84
ac943c90
ac953c9c
ac963ca8
ac973cb4
ac983cc0
ac993cd8
ac9a3cf0
ac9b3d04
ac9c3d10
ac9d3d1c
ac9e3d28
ac9f3d34
aca03d40
aca13d58
aca23d70
aca33d84
aca43d90
aca53d9c
aca63da8
aca73db4
aca83dc0
aca93dd8
acaa3df0
acab3e04
acac3e10
acad3e1c
acae3e28
acaf3e34
acb03e40
acb13e58
acb23e70
acb33e84
acb43e90
acb53e9c
acb63ea8
acb73eb4
acb83ec0
acb93ed8
acba3ef0
acbb3f04
acbc3f10
acbd3f1c
acbe3f28
acbf3f34
acc03f40
acc13f58
acc23f70
acc33f84
acc43f90
acc53f9c
acc63fa8
acc73fb4
acc83fc0
acc93fd8
acca3ff0
accb4004
accc4010
accd401c
acce4028
accf4034
acd04040
acd14058
acd24070
acd34084
acd44090
acd5409c
acd640a8
acd740b4
acd840c0
acd940d8
acda40f0
acdb4104
acdc4110
acdd411c
acde4128
acdf4134
ace04140
ace14158
ace24170
ace34184
ace44190
ace5419c
ace641a8
ace741b4
ace841c0
ace941d8
acea41f0
aceb4204
acec4210
aced421c
acee4228
acef4234
acf04240
acf14258
acf24270
acf34284
acf44290
acf5429c
acf642a8
acf742b4
acf842c0
acf942d8
acfa42f0
acfb4304
acfc4310
acfd431c
acfe4328
acff4334
ad000000
ad01bb6a
ad02bb82
ad03bb8f
ad04bb9c
ad05bba9
ad06bbb6
ad07bbc3
ad08bbd0
ad09bbea
ad0abc02
ad0bbc0f
ad0cbc1c
ad0dbc29
ad0ebc36
ad0fbc43
ad10bc50
ad11bc6a
ad12bc82
ad13bc8f
ad14bc9c
ad15bca9
ad16bcb6
ad17bcc3
ad18bcd0
ad19bcea
ad1abd02
ad1bbd0f
ad1cbd1c
ad1dbd29
ad1ebd36
ad1fbd43
ad20bd50
ad21bd6a
ad22bd82
ad23bd8f
ad24bd9c
ad25bda9
ad26bdb6
ad27bdc3
ad28bdd0
ad29bdea
ad2abe02
ad2bbe0f
ad2cbe1c
ad2dbe29
ad2ebe36
ad2fbe43
ad30be50
ad31be6a
ad32be82
ad33be8f
ad34be9c
ad35bea9
ad36beb6
ad37bec3
ad38bed0
ad39beea
ad3abf02
ad3bbf0f
ad3cbf1c
ad3dbf29
ad3ebf36
ad3fbf43
ad40bf50
ad41bf6a
ad42bf82
ad43bf8f
ad44bf9c
ad45bfa9
ad46bfb6
ad47bfc3
ad48bfd0
ad49bfea
ad4ac002
ad4bc00f
ad4cc01c
ad4dc029
ad4ec036
ad4fc043
ad50c050
ad51c06a
ad52c082
ad53c08f
ad54c09c
ad55c0a9
ad56c0b6
ad57c0c3
ad58c0d0
ad59c0ea
ad5ac102
ad5bc10f
ad5cc11c
ad5dc129
ad5ec136
ad5fc143
ad60c150
ad61c16a
ad62c182
ad63c18f
ad64c19c
ad65c1a9
ad66c1b6
ad67c1c3
ad68c1d0
ad69c1ea
ad6ac202
ad6bc20f
ad6cc21c
ad6dc229
ad6ec236
ad6fc243
ad70c250
ad71c26a
ad72c282
ad73c28f
ad74c29c
ad75c2a9
ad76c2b6
ad77c2c3
ad78c2d0
ad79c2ea
ad7ac302
ad7bc30f
ad7cc31c
ad7dc329
ad7ec336
ad7fc343
ad800000
ad813b6a
ad823b82
ad833b8f
ad843b9c
ad853ba9
ad863bb6
ad873bc3
ad883bd0
ad893bea
ad8a3c02
ad8b3c0f
ad8c3c1c
ad8d3c29
ad8e3c36
ad8f3c43
ad903c50
ad913c6a
ad923c82
ad933c8f
ad943c9c
ad953ca9
ad963cb6
ad973cc3
ad983cd0
ad993cea
ad9a3d02
ad9b3d0f
ad9c3d1c
ad9d3d29
ad9e3d36
ad9f3d43
ada03d50
ada13d6a
ada23d82
ada33d8f
ada43d9c
ada53da9
ada63db6
ada73dc3
ada83dd0
ada93dea
adaa3e02
adab3e0f
adac3e1c
adad3e29
adae3e36
adaf3e43
adb03e50
adb13e6a
adb23e82
adb33e8f
adb43e9c
adb53ea9
adb63eb6
adb73ec3
adb83ed0
adb93eea
adba3f02
adbb3f0f
adbc3f1c
adbd3f29
adbe3f36
adbf3f43
adc03f50
adc13f6a
adc23f82
adc33f8f
adc43f9c
adc53fa9
adc63fb6
adc73fc3
adc83fd0
adc93fea
adca4002
adcb400f
adcc401c
adcd4029
adce4036
adcf4043
add04050
add1406a
add24082
add3408f
add4409c
add540a9
add640b6
add740c3
add840d0
add940ea
adda4102
addb410f
addc411c
addd4129
adde4136
addf4143
ade04150
ade1416a
ade24182
ade3418f
ade4419c
ade541a9
ade641b6
ade741c3
ade841d0
ade941ea
adea4202
adeb420f
adec421c
aded4229
adee4236
adef4243
adf04250
adf1426a
adf24282
adf3428f
adf4429c
adf542a9
adf642b6
adf742c3
adf842d0
adf942ea
adfa4302
adfb430f
adfc431c
adfd4329
adfe4336
adff4343
ae000000
ae01bb7c
ae02bb8c
ae03bb9a
ae04bba8
ae05bbb6
ae06bbc4
ae07bbd2
ae08bbe0
ae09bbfc
ae0abc0c
ae0bbc1a
ae0cbc28
ae0dbc36
ae0ebc44
ae0fbc52
ae10bc60
ae11bc7c
ae12bc8c
ae13bc9a
ae14bca8
ae15bcb6
ae16bcc4
ae17bcd2
ae18bce0
ae19bcfc
ae1abd0c
ae1bbd1a
ae1cbd28
ae1dbd36
ae1ebd44
ae1fbd52
ae20bd60
ae21bd7c
ae22bd8c
ae23bd9a
ae24bda8
ae25bdb6
ae26bdc4
ae27bdd2
ae28bde0
ae29bdfc
ae2abe0c
ae2bbe1a
ae2cbe28
ae2dbe36
ae2ebe44
ae2fbe52
ae30be60
ae31be7c
ae32be8c
ae33be9a
ae34bea8
ae35beb6
ae36bec4
ae37bed2
ae38bee0
ae39befc
ae3abf0c
ae3bbf1a
ae3cbf28
ae3dbf36
ae3ebf44
ae3fbf52
ae40bf60
ae41bf7c
ae42bf8c
ae43bf9a
ae44bfa8
ae45bfb6
ae46bfc4
ae47bfd2
ae48bfe0
ae49bffc
ae4ac00c
ae4bc01a
ae4cc028
ae4dc036
ae4ec044
ae4fc052
ae50c060
ae51c07c
ae52c08c
ae53c09a
ae54c0a8
ae55c0b6
ae56c0c4
ae57c0d2
ae58c0e0
ae59c0fc
ae5ac10c
ae5bc11a
ae5cc128
ae5dc136
ae5ec144
ae5fc152
ae60c160
ae61c17c
ae62c18c
ae63c19a
ae64c1a8
ae65c1b6
ae66c1c4
ae67c1d2
ae68c1e0
ae69c1fc
ae6ac20c
ae6bc21a
ae6cc228
ae6dc236
ae6ec244
ae6fc252
ae70c260
ae71c27c
ae72c28c
ae73c29a
ae74c2a8
ae75c2b6
ae76c2c4
ae77c2d2
ae78c2e0
ae79c2fc
ae7ac30c
ae7bc31a
ae7cc328
ae7dc336
ae7ec344
ae7fc352
ae800000
ae813b7c
ae823b8c
ae833b9a
ae843ba8
ae853bb6
ae863bc4
ae873bd2
ae883be0
ae893bfc
ae8a3c0c
ae8b3c1a
ae8c3c28
ae8d3c36
ae8e3c44
ae8f3c52
ae903c60
ae913c7c
ae923c8c
ae933c9a
ae943ca8
ae953cb6
ae963cc4
ae973cd2
ae983ce0
ae993cfc
ae9a3d0c
ae9b3d1a
ae9c3d28
ae9d3d36
ae9e3d44
ae9f3d52
aea03d60
aea13d7c
aea23d8c
aea33d9a
aea43da8
aea53db6
aea63dc4
aea73dd2
aea83de0
aea93dfc
aeaa3e0c
aeab3e1a
aeac3e28
aead3e36
aeae3e44
aeaf3e52
aeb03e60
aeb13e7c
aeb23e8c
aeb33e9a
aeb43ea8
aeb53eb6
aeb63ec4
aeb73ed2
aeb83ee0
aeb93efc
aeba3f0c
aebb3f1a
aebc3f28
aebd3f36
aebe3f44
aebf3f52
aec03f60
aec13f7c
aec23f8c
aec33f9a
aec43fa8
aec53fb6
aec63fc4
aec73fd2
aec83fe0
aec93ffc
aeca400c
aecb401a
aecc4028
aecd4036
aece4044
aecf4052
aed04060
aed1407c
aed2408c
aed3409a
aed440a8
aed540b6
aed640c4
aed740d2
aed840e0
aed940fc
aeda410c
aedb411a
aedc4128
aedd4136
aede4144
aedf4152
aee04160
aee1417c
aee2418c
aee3419a
aee441a8
aee541b6
aee641c4
aee741d2
aee841e0
aee941fc
aeea420c
aeeb421a
aeec4228
aeed4236
aeee4244
aeef4252
aef04260
aef1427c
aef2428c
aef3429a
aef442a8
aef542b6
aef642c4
aef742d2
aef842e0
aef942fc
aefa430c
aefb431a
aefc4328
aefd4336
aefe4344
aeff4352
af000000
af01bb87
af02bb96
af03bba5
af04bbb4
af05bbc3
af06bbd2
af07bbe1
af08bbf0
af09bc07
af0abc16
af0bbc25
af0cbc34
af0dbc43
af0ebc52
af0fbc61
af10bc70
af11bc87
af12bc96
af13bca5
af14bcb4
af15bcc3
af16bcd2
af17bce1
af18bcf0
af19bd07
af1abd16
af1bbd25
af1cbd34
af1dbd43
af1ebd52
af1fbd61
af20bd70
af21bd87
af22bd96
af23bda5
af24bdb4
af25bdc3
af26bdd2
af27bde1
af28bdf0
af29be07
af2abe16
af2bbe25
af2cbe34
af2dbe43
af2ebe52
af2fbe61
af30be70
af31be87
af32be96
af33bea5
af34beb4
af35bec3
af36bed2
af37bee1
af38bef0
af39bf07
af3abf16
af3bbf25
af3cbf34
af3dbf43
af3ebf52
af3fbf61
af40bf70
af41bf87
af42bf96
af43bfa5
af44bfb4
af45bfc3
af46bfd2
af47bfe1
af48bff0
af49c007
af4ac016
af4bc025
af4cc034
af4dc043
af4ec052
af4fc061
af50c070
af51c087
af52c096
af53c0a5
af54c0b4
af55c0c3
af56c0d2
af57c0e1
af58c0f0
af59c107
af5ac116
af5bc125
af5cc134
af5dc143
af5ec152
af5fc161
af60c170
af61c187
af62c196
af63c1a5
af64c1b4
af65c1c3
af66c1d2
af67c1e1
af68c1f0
af69c207
af6ac216
af6bc225
af6cc234
af6dc243
af6ec252
af6fc261
af70c270
af71c287
af72c296
af73c2a5
af74c2b4
af75c2c3
af76c2d2
af77c2e1
af78c2f0
af79c307
af7ac316
af7bc325
af7cc334
af7dc343
af7ec352
af7fc361
af800000
af813b87
af823b96
af833ba5
af843bb4
af853bc3
af863bd2
af873be1
af883bf0
af893c07
af8a3c16
af8b3c25
af8c3c34
af8d3c43
af8e3c52
af8f3c61
af903c70
af913c87
af923c96
af933ca5
af943cb4
af953cc3
af963cd2
af973ce1
af983cf0
af993d07
af9a3d16
af9b3d25
af9c3d34
af9d3d43
af9e3d52
af9f3d61
afa03d70
afa13d87
afa23d96
afa33da5
afa43db4
afa53dc3
afa63dd2
afa73de1
afa83df0
afa93e07
afaa3e16
afab3e25
afac3e34
afad3e43
afae3e52
afaf3e61
afb03e70
afb13e87
afb23e96
afb33ea5
afb43eb4
afb53ec3
afb63ed2
afb73ee1
afb83ef0
afb93f07
afba3f16
afbb3f25
afbc3f34
afbd3f43
afbe3f52
afbf3f61
afc03f70
afc13f87
afc23f96
afc33fa5
afc43fb4
afc53fc3
afc63fd2
afc73fe1
afc83ff0
afc94007
afca4016
afcb4025
afcc4034
afcd4043
afce4052
afcf4061
afd04070
afd14087
afd24096
afd340a5
afd440b4
afd540c3
afd640d2
afd740e1
afd840f0
afd94107
afda4116
afdb4125
afdc4134
afdd4143
afde4152
afdf4161
afe04170
afe14187
afe24196
afe341a5
afe441b4
afe541c3
afe641d2
afe741e1
afe841f0
afe94207
afea4216
afeb4225
afec4234
afed4243
afee4252
afef4261
aff04270
aff14287
aff24296
aff342a5
aff442b4
aff542c3
aff642d2
aff742e1
aff842f0
aff94307
affa4316
affb4325
affc4334
affd4343
affe4352
afff4361
b0000000
b001bb90
b002bba0
b003bbb0
b004bbc0
b005bbd0
b006bbe0
b007bbf0
b008bc00
b009bc10
b00abc20
b00bbc30
b00cbc40
b00dbc50
b00ebc60
b00fbc70
b010bc80
b011bc90
b012bca0
b013bcb0
b014bcc0
b015bcd0
b016bce0
b017bcf0
b018bd00
b019bd10
b01abd20
b01bbd30
b01cbd40
b01dbd50
b01ebd60
b01fbd70
b020bd80
b021bd90
b022bda0
b023bdb0
b024bdc0
b025bdd0
b026bde0
b027bdf0
b028be00
b029be10
b02abe20
b02bbe30
b02cbe40
b02dbe50
b02ebe60
b02fbe70
b030be80
b031be90
b032bea0
b033beb0
b034bec0
b035bed0
b036bee0
b037bef0
b038bf00
b039bf10
b03abf20
b03bbf30
b03cbf40
b03dbf50
b03ebf60
b03fbf70
b040bf80
b041bf90
b042bfa0
b043bfb0
b044bfc0
b045bfd0
b046bfe0
b047bff0
b048c000
b049c010
b04ac020
b04bc030
b04cc040
b04dc050
b04ec060
b04fc070
b050c080
b051c090
b052c0a0
b053c0b0
b054c0c0
b055c0d0
b056c0e0
b057c0f0
b058c100
b059c110
b05ac120
b05bc130
b05cc140
b05dc150
b05ec160
b05fc170
b060c180
b061c190
b062c1a0
b063c1b0
b064c1c0
b065c1d0
b066c1e0
b067c1f0
b068c200
b069c210
b06ac220
b06bc230
b06cc240
b06dc250
b06ec260
b06fc270
b070c280
b071c290
b072c2a0
b073c2b0
b074c2c0
b075c2d0
b076c2e0
b077c2f0
b078c300
b079c310
b07ac320
b07bc330
b07cc340
b07dc350
b07ec360
b07fc370
b0800000
b0813b90
b0823ba0
b0833bb0
b0843bc0
b0853bd0
b0863be0
b0873bf0
b0883c00
b0893c10
b08a3c20
b08b3c30
b08c3c40
b08d3c50
b08e3c60
b08f3c70
b0903c80
b0913c90
b0923ca0
b0933cb0
b0943cc0
b0953cd0
b0963ce0
b0973cf0
b0983d00
b0993d10
b09a3d20
b09b3d30
b09c3d40
b09d3d50
b09e3d60
b09f3d70
b0a03d80
b0a13d90
b0a23da0
b0a33db0
b0a43dc0
b0a53dd0
b0a63de0
b0a73df0
b0a83e00
b0a93e10
b0aa3e20
b0ab3e30
b0ac3e40
b0ad3e50
b0ae3e60
b0af3e70
b0b03e80
b0b13e90
b0b23ea0
b0b33eb0
b0b43ec0
b0b53ed0
b0b63ee0
b0b73ef0
b0b83f00
b0b93f10
b0ba3f20
b0bb3f30
b0bc3f40
b0bd3f50
b0be3f60
b0bf3f70
b0c03f80
b0c13f90
b0c23fa0
b0c33fb0
b0c43fc0
b0c53fd0
b0c63fe0
b0c73ff0
b0c84000
b0c94010
b0ca4020
b0cb4030
b0cc4040
b0cd4050
b0ce4060
b0cf4070
b0d04080
b0d14090
b0d240a0
b0d340b0
b0d440c0
b0d540d0
b0d640e0
b0d740f0
b0d84100
b0d94110
b0da4120
b0db4130
b0dc4140
b0dd4150
b0de4160
b0df4170
b0e04180
b0e14190
b0e241a0
b0e341b0
b0e441c0
b0e541d0
b0e641e0
b0e741f0
b0e84200
b0e94210
b0ea4220
b0eb4230
b0ec4240
b0ed4250
b0ee4260
b0ef4270
b0f04280
b0f14290
b0f242a0
b0f342b0
b0f442c0
b0f542d0
b0f642e0
b0f742f0
b0f84300
b0f94310
b0fa4320
b0fb4330
b0fc4340
b0fd4350
b0fe4360
b0ff4370
b1000000
b101bba2
b102bbb4
b103bbc6
b104bbd8
b105bbea
b106bbfc
b107bc07
b108bc10
b109bc22
b10abc34
b10bbc46
b10cbc58
b10dbc6a
b10ebc7c
b10fbc87
b110bc90
b111bca2
b112bcb4
b113bcc6
b114bcd8
b115bcea
b116bcfc
b117bd07
b118bd10
b119bd22
b11abd34
b11bbd46
b11cbd58
b11dbd6a
b11ebd7c
b11fbd87
b120bd90
b121bda2
b122bdb4
b123bdc6
b124bdd8
b125bdea
b126bdfc
b127be07
b128be10
b129be22
b12abe34
b12bbe46
b12cbe58
b12dbe6a
b12ebe7c
b12fbe87
b130be90
b131bea2
b132beb4
b133bec6
b134bed8
b135beea
b136befc
b137bf07
b138bf10
b139bf22
b13abf34
b13bbf46
b13cbf58
b13dbf6a
b13ebf7c
b13fbf87
b140bf90
b141bfa2
b142bfb4
b143bfc6
b144bfd8
b145bfea
b146bffc
b147c007
b148c010
b149c022
b14ac034
b14bc046
b14cc058
b14dc06a
b14ec07c
b14fc087
b150c090
b151c0a2
b152c0b4
b153c0c6
b154c0d8
b155c0ea
b156c0fc
b157c107
b158c110
b159c122
b15ac134
b15bc146
b15cc158
b15dc16a
b15ec17c
b15fc187
b160c190
b161c1a2
b162c1b4
b163c1c6
b164c1d8
b165c1ea
b166c1fc
b167c207
b168c210
b169c222
b16ac234
b16bc246
b16cc258
b16dc26a
b16ec27c
b16fc287
b170c290
b171c2a2
b172c2b4
b173c2c6
b174c2d8
b175c2ea
b176c2fc
b177c307
b178c310
b179c322
b17ac334
b17bc346
b17cc358
b17dc36a
b17ec37c
b17fc387
b1800000
b1813ba2
b1823bb4
b1833bc6
b1843bd8
b1853bea
b1863bfc
b1873c07
b1883c10
b1893c22
b18a3c34
b18b3c46
b18c3c58
b18d3c6a
b18e3c7c
b18f3c87
b1903c90
b1913ca2
b1923cb4
b1933cc6
b1943cd8
b1953cea
b1963cfc
b1973d07
b1983d10
b1993d22
b19a3d34
b19b3d46
b19c3d58
b19d3d6a
b19e3d7c
b19f3d87
b1a03d90
b1a13da2
b1a23db4
b1a33dc6
b1a43dd8
b1a53dea
b1a63dfc
b1a73e07
b1a83e10
b1a93e22
b1aa3e34
b1ab3e46
b1ac3e58
b1ad3e6a
b1ae3e7c
b1af3e87
b1b03e90
b1b13ea2
b1b23eb4
b1b33ec6
b1b43ed8
b1b53eea
b1b63efc
b1b73f07
b1b83f10
b1b93f22
b1ba3f34
b1bb3f46
b1bc3f58
b1bd3f6a
b1be3f7c
b1bf3f87
b1c03f90
b1c13fa2
b1c23fb4
b1c33fc6
b1c43fd8
b1c53fea
b1c63ffc
b1c74007
b1c84010
b1c94022
b1ca4034
b1cb4046
b1cc4058
b1cd406a
b1ce407c
b1cf4087
b1d04090
b1d140a2
b1d240b4
b1d340c6
b1d440d8
b1d540ea
b1d640fc
b1d74107
b1d84110
b1d94122
b1da4134
b1db4146
b1dc4158
b1dd416a
b1de417c
b1df4187
b1e04190
b1e141a2
b1e241b4
b1e341c6
b1e441d8
b1e541ea
b1e641fc
b1e74207
b1e84210
b1e94222
b1ea4234
b1eb4246
b1ec4258
b1ed426a
b1ee427c
b1ef4287
b1f04290
b1f142a2
b1f242b4
b1f342c6
b1f442d8
b1f542ea
b1f642fc
b1f74307
b1f84310
b1f94322
b1fa4334
b1fb4346
b1fc4358
b1fd436a
b1fe437c
b1ff4387
b2000000
b201bbb4
b202bbc8
b203bbdc
b204bbf0
b205bc02
b206bc0c
b207bc16
b208bc20
b209bc34
b20abc48
b20bbc5c
b20cbc70
b20dbc82
b20ebc8c
b20fbc96
b210bca0
b211bcb4
b212bcc8
b213bcdc
b214bcf0
b215bd02
b216bd0c
b217bd16
b218bd20
b219bd34
b21abd48
b21bbd5c
b21cbd70
b21dbd82
b21ebd8c
b21fbd96
b220bda0
b221bdb4
b222bdc8
b223bddc
b224bdf0
b225be02
b226be0c
b227be16
b228be20
b229be34
b22abe48
b22bbe5c
b22cbe70
b22dbe82
b22ebe8c
b22fbe96
b230bea0
b231beb4
b232bec8
b233bedc
b234bef0
b235bf02
b236bf0c
b237bf16
b238bf20
b239bf34
b23abf48
b23bbf5c
b23cbf70
b23dbf82
b23ebf8c
b23fbf96
b240bfa0
b241bfb4
b242bfc8
b243bfdc
b244bff0
b245c002
b246c00c
b247c016
b248c020
b249c034
b24ac048
b24bc05c
b24cc070
b24dc082
b24ec08c
b24fc096
b250c0a0
b251c0b4
b252c0c8
b253c0dc
b254c0f0
b255c102
b256c10c
b257c116
b258c120
b259c134
b25ac148
b25bc15c
b25cc170
b25dc182
b25ec18c
b25fc196
b260c1a0
b261c1b4
b262c1c8
b263c1dc
b264c1f0
b265c202
b266c20c
b267c216
b268c220
b269c234
b26ac248
b26bc25c
b26cc270
b26dc282
b26ec28c
b26fc296
b270c2a0
b271c2b4
b272c2c8
b273c2dc
b274c2f0
b275c302
b276c30c
b277c316
b278c320
b279c334
b27ac348
b27bc35c
b27cc370
b27dc382
b27ec38c
b27fc396
b2800000
b2813bb4
b2823bc8
b2833bdc
b2843bf0
b2853c02
b2863c0c
b2873c16
b2883c20
b2893c34
b28a3c48
b28b3c5c
b28c3c70
b28d3c82
b28e3c8c
b28f3c96
b2903ca0
b2913cb4
b2923cc8
b2933cdc
b2943cf0
b2953d02
b2963d0c
b2973d16
b2983d20
b2993d34
b29a3d48
b29b3d5c
b29c3d70
b29d3d82
b29e3d8c
b29f3d96
b2a03da0
b2a13db4
b2a23dc8
b2a33ddc
b2a43df0
b2a53e02
b2a63e0c
b2a73e16
b2a83e20
b2a93e34
b2aa3e48
b2ab3e5c
b2ac3e70
b2ad3e82
b2ae3e8c
b2af3e96
b2b03ea0
b2b13eb4
b2b23ec8
b2b33edc
b2b43ef0
b2b53f02
b2b63f0c
b2b73f16
b2b83f20
b2b93f34
b2ba3f48
b2bb3f5c
b2bc3f70
b2bd3f82
b2be3f8c
b2bf3f96
b2c03fa0
b2c13fb4
b2c23fc8
b2c33fdc
b2c43ff0
b2c54002
b2c6400c
b2c74016
b2c84020
b2c94034
b2ca4048
b2cb405c
b2cc4070
b2cd4082
b2ce408c
b2cf4096
b2d040a0
b2d140b4
b2d240c8
b2d340dc
b2d440f0
b2d54102
b2d6410c
b2d74116
b2d84120
b2d94134
b2da4148
b2db415c
b2dc4170
b2dd4182
b2de418c
b2df4196
b2e041a0
b2e141b4
b2e241c8
b2e341dc
b2e441f0
b2e54202
b2e6420c
b2e74216
b2e84220
b2e94234
b2ea4248
b2eb425c
b2ec4270
b2ed4282
b2ee428c
b2ef4296
b2f042a0
b2f142b4
b2f242c8
b2f342dc
b2f442f0
b2f54302
b2f6430c
b2f74316
b2f84320
b2f94334
b2fa4348
b2fb435c
b2fc4370
b2fd4382
b2fe438c
b2ff4396
b3000000
b301bbc6
b302bbdc
b303bbf2
b304bc04
b305bc0f
b306bc1a
b307bc25
b308bc30
b309bc46
b30abc5c
b30bbc72
b30cbc84
b30dbc8f
b30ebc9a
b30fbca5
b310bcb0
b311bcc6
b312bcdc
b313bcf2
b314bd04
b315bd0f
b316bd1a
b317bd25
b318bd30
b319bd46
b31abd5c
b31bbd72
b31cbd84
b31dbd8f
b31ebd9a
b31fbda5
b320bdb0
b321bdc6
b322bddc
b323bdf2
b324be04
b325be0f
b326be1a
b327be25
b328be30
b329be46
b32abe5c
b32bbe72
b32cbe84
b32dbe8f
b32ebe9a
b32fbea5
b330beb0
b331bec6
b332bedc
b333bef2
b334bf04
b335bf0f
b336bf1a
b337bf25
b338bf30
b339bf46
b33abf5c
b33bbf72
b33cbf84
b33dbf8f
b33ebf9a
b33fbfa5
b340bfb0
b341bfc6
b342bfdc
b343bff2
b344c004
b345c00f
b346c01a
b347c025
b348c030
b349c046
b34ac05c
b34bc072
b34cc084
b34dc08f
b34ec09a
b34fc0a5
b350c0b0
b351c0c6
b352c0dc
b353c0f2
b354c104
b355c10f
b356c11a
b357c125
b358c130
b359c146
b35ac15c
b35bc172
b35cc184
b35dc18f
b35ec19a
b35fc1a5
b360c1b0
b361c1c6
b362c1dc
b363c1f2
b364c204
b365c20f
b366c21a
b367c225
b368c230
b369c246
b36ac25c
b36bc272
b36cc284
b36dc28f
b36ec29a
b36fc2a5
b370c2b0
b371c2c6
b372c2dc
b373c2f2
b374c304
b375c30f
b376c31a
b377c325
b378c330
b379c346
b37ac35c
b37bc372
b37cc384
b37dc38f
b37ec39a
b37fc3a5
b3800000
b3813bc6
b3823bdc
b3833bf2
b3843c04
b3853c0f
b3863c1a
b3873c25
b3883c30
b3893c46
b38a3c5c
b38b3c72
b38c3c84
b38d3c8f
b38e3c9a
b38f3ca5
b3903cb0
b3913cc6
b3923cdc
b3933cf2
b3943d04
b3953d0f
b3963d1a
b3973d25
b3983d30
b3993d46
b39a3d5c
b39b3d72
b39c3d84
b39d3d8f
b39e3d9a
b39f3da5
b3a03db0
b3a13dc6
b3a23ddc
b3a33df2
b3a43e04
b3a53e0f
b3a63e1a
b3a73e25
b3a83e30
b3a93e46
b3aa3e5c
b3ab3e72
b3ac3e84
b3ad3e8f
b3ae3e9a
b3af3ea5
b3b03eb0
b3b13ec6
b3b23edc
b3b33ef2
b3b43f04
b3b53f0f
b3b63f1a
b3b73f25
b3b83f30
b3b93f46
b3ba3f5c
b3bb3f72
b3bc3f84
b3bd3f8f
b3be3f9a
b3bf3fa5
b3c03fb0
b3c13fc6
b3c23fdc
b3c33ff2
b3c44004
b3c5400f
b3c6401a
b3c74025
b3c84030
b3c94046
b3ca405c
b3cb4072
b3cc4084
b3cd408f
b3ce409a
b3cf40a5
b3d040b0
b3d140c6
b3d240dc
b3d340f2
b3d44104
b3d5410f
b3d6411a
b3d74125
b3d84130
b3d94146
b3da415c
b3db4172
b3dc4184
b3dd418f
b3de419a
b3df41a5
b3e041b0
b3e141c6
b3e241dc
b3e341f2
b3e44204
b3e5420f
b3e6421a
b3e74225
b3e84230
b3e94246
b3ea425c
b3eb4272
b3ec4284
b3ed428f
b3ee429a
b3ef42a5
b3f042b0
b3f142c6
b3f242dc
b3f342f2
b3f44304
b3f5430f
b3f6431a
b3f74325
b3f84330
b3f94346
b3fa435c
b3fb4372
b3fc4384
b3fd438f
b3fe439a
b3ff43a5
b4000000
b401bbd8
b402bbf0
b403bc04
b404bc10
b405bc1c
b406bc28
b407bc34
b408bc40
b409bc58
b40abc70
b40bbc84
b40cbc90
b40dbc9c
b40ebca8
b40fbcb4
b410bcc0
b411bcd8
b412bcf0
b413bd04
b414bd10
b415bd1c
b416bd28
b417bd34
b418bd40
b419bd58
b41abd70
b41bbd84
b41cbd90
b41dbd9c
b41ebda8
b41fbdb4
b420bdc0
b421bdd8
b422bdf0
b423be04
b424be10
b425be1c
b426be28
b427be34
b428be40
b429be58
b42abe70
b42bbe84
b42cbe90
b42dbe9c
b42ebea8
b42fbeb4
b430bec0
b431bed8
b432bef0
b433bf04
b434bf10
b435bf1c
b436bf28
b437bf34
b438bf40
b439bf58
b43abf70
b43bbf84
b43cbf90
b43dbf9c
b43ebfa8
b43fbfb4
b440bfc0
b441bfd8
b442bff0
b443c004
b444c010
b445c01c
b446c028
b447c034
b448c040
b449c058
b44ac070
b44bc084
b44cc090
b44dc09c
b44ec0a8
b44fc0b4
b450c0c0
b451c0d8
b452c0f0
b453c104
b454c110
b455c11c
b456c128
b457c134
b458c140
b459c158
b45ac170
b45bc184
b45cc190
b45dc19c
b45ec1a8
b45fc1b4
b460c1c0
b461c1d8
b462c1f0
b463c204
b464c210
b465c21c
b466c228
b467c234
b468c240
b469c258
b46ac270
b46bc284
b46cc290
b46dc29c
b46ec2a8
b46fc2b4
b470c2c0
b471c2d8
b472c2f0
b473c304
b474c310
b475c31c
b476c328
b477c334
b478c340
b479c358
b47ac370
b47bc384
b47cc390
b47dc39c
b47ec3a8
b47fc3b4
b4800000
b4813bd8
b4823bf0
b4833c04
b4843c10
b4853c1c
b4863c28
b4873c34
b4883c40
b4893c58
b48a3c70
b48b3c84
b48c3c90
b48d3c9c
b48e3ca8
b48f3cb4
b4903cc0
b4913cd8
b4923cf0
b4933d04
b4943d10
b4953d1c
b4963d28
b4973d34
b4983d40
b4993d58
b49a3d70
b49b3d84
b49c3d90
b49d3d9c
b49e3da8
b49f3db4
b4a03dc0
b4a13dd8
b4a23df0
b4a33e04
b4a43e10
b4a53e1c
b4a63e28
b4a73e34
b4a83e40
b4a93e58
b4aa3e70
b4ab3e84
b4ac3e90
b4ad3e9c
b4ae3ea8
b4af3eb4
b4b03ec0
b4b13ed8
b4b23ef0
b4b33f04
b4b43f10
b4b53f1c
b4b63f28
b4b73f34
b4b83f40
b4b93f58
b4ba3f70
b4bb3f84
b4bc3f90
b4bd3f9c
b4be3fa8
b4bf3fb4
b4c03fc0
b4c13fd8
b4c23ff0
b4c34004
b4c44010
b4c5401c
b4c64028
b4c74034
b4c84040
b4c94058
b4ca4070
b4cb4084
b4cc4090
b4cd409c
b4ce40a8
b4cf40b4
b4d040c0
b4d140d8
b4d240f0
b4d34104
b4d44110
b4d5411c
b4d64128
b4d74134
b4d84140
b4d94158
b4da4170
b4db4184
b4dc4190
b4dd419c
b4de41a8
b4df41b4
b4e041c0
b4e141d8
b4e241f0
b4e34204
b4e44210
b4e5421c
b4e64228
b4e74234
b4e84240
b4e94258
b4ea4270
b4eb4284
b4ec4290
b4ed429c
b4ee42a8
b4ef42b4
b4f042c0
b4f142d8
b4f242f0
b4f34304
b4f44310
b4f5431c
b4f64328
b4f74334
b4f84340
b4f94358
b4fa4370
b4fb4384
b4fc4390
b4fd439c
b4fe43a8
b4ff43b4
b5000000
b501bbea
b502bc02
b503bc0f
b504bc1c
b505bc29
b506bc36
b507bc43
b508bc50
b509bc6a
b50abc82
b50bbc8f
b50cbc9c
b50dbca9
b50ebcb6
b50fbcc3
b510bcd0
b511bcea
b512bd02
b513bd0f
b514bd1c
b515bd29
b516bd36
b517bd43
b518bd50
b519bd6a
b51abd82
b51bbd8f
b51cbd9c
b51dbda9
b51ebdb6
b51fbdc3
b520bdd0
b521bdea
b522be02
b523be0f
b524be1c
b525be29
b526be36
b527be43
b528be50
b529be6a
b52abe82
b52bbe8f
b52cbe9c
b52dbea9
b52ebeb6
b52fbec3
b530bed0
b531beea
b532bf02
b533bf0f
b534bf1c
b535bf29
b536bf36
b537bf43
b538bf50
b539bf6a
b53abf82
b53bbf8f
b53cbf9c
b53dbfa9
b53ebfb6
b53fbfc3
b540bfd0
b541bfea
b542c002
b543c00f
b544c01c
b545c029
b546c036
b547c043
b548c050
b549c06a
b54ac082
b54bc08f
b54cc09c
b54dc0a9
b54ec0b6
b54fc0c3
b550c0d0
b551c0ea
b552c102
b553c10f
b554c11c
b555c129
b556c136
b557c143
b558c150
b559c16a
b55ac182
b55bc18f
b55cc19c
b55dc1a9
b55ec1b6
b55fc1c3
b560c1d0
b561c1ea
b562c202
b563c20f
b564c21c
b565c229
b566c236
b567c243
b568c250
b569c26a
b56ac282
b56bc28f
b56cc29c
b56dc2a9
b56ec2b6
b56fc2c3
b570c2d0
b571c2ea
b572c302
b573c30f
b574c31c
b575c329
b576c336
b577c343
b578c350
b579c36a
b57ac382
b57bc38f
b57cc39c
b57dc3a9
b57ec3b6
b57fc3c3
b5800000
b5813bea
b5823c02
b5833c0f
b5843c1c
b5853c29
b5863c36
b5873c43
b5883c50
b5893c6a
b58a3c82
b58b3c8f
b58c3c9c
b58d3ca9
b58e3cb6
b58f3cc3
b5903cd0
b5913cea
b5923d02
b5933d0f
b5943d1c
b5953d29
b5963d36
b5973d43
b5983d50
b5993d6a
b59a3d82
b59b3d8f
b59c3d9c
b59d3da9
b59e3db6
b59f3dc3
b5a03dd0
b5a13dea
b5a23e02
b5a33e0f
b5a43e1c
b5a53e29
b5a63e36
b5a73e43
b5a83e50
b5a93e6a
b5aa3e82
b5ab3e8f
b5ac3e9c
b5ad3ea9
b5ae3eb6
b5af3ec3
b5b03ed0
b5b13eea
b5b23f02
b5b33f0f
b5b43f1c
b5b53f29
b5b63f36
b5b73f43
b5b83f50
b5b93f6a
b5ba3f82
b5bb3f8f
b5bc3f9c
b5bd3fa9
b5be3fb6
b5bf3fc3
b5c03fd0
b5c13fea
b5c24002
b5c3400f
b5c4401c
b5c54029
b5c64036
b5c74043
b5c84050
b5c9406a
b5ca4082
b5cb408f
b5cc409c
b5cd40a9
b5ce40b6
b5cf40c3
b5d040d0
b5d140ea
b5d24102
b5d3410f
b5d4411c
b5d54129
b5d64136
b5d74143
b5d84150
b5d9416a
b5da4182
b5db418f
b5dc419c
b5dd41a9
b5de41b6
b5df41c3
b5e041d0
b5e141ea
b5e24202
b5e3420f
b5e4421c
b5e54229
b5e64236
b5e74243
b5e84250
b5e9426a
b5ea4282
b5eb428f
b5ec429c
b5ed42a9
b5ee42b6
b5ef42c3
b5f042d0
b5f142ea
b5f24302
b5f3430f
b5f4431c
b5f54329
b5f64336
b5f74343
b5f84350
b5f9436a
b5fa4382
b5fb438f
b5fc439c
b5fd43a9
b5fe43b6
b5ff43c3
b6000000
b601bbfc
b602bc0c
b603bc1a
b604bc28
b605bc36
b606bc44
b607bc52
b608bc60
b609bc7c
b60abc8c
b60bbc9a
b60cbca8
b60dbcb6
b60ebcc4
b60fbcd2
b610bce0
b611bcfc
b612bd0c
b613bd1a
b614bd28
b615bd36
b616bd44
b617bd52
b618bd60
b619bd7c
b61abd8c
b61bbd9a
b61cbda8
b61dbdb6
b61ebdc4
b61fbdd2
b620bde0
b621bdfc
b622be0c
b623be1a
b624be28
b625be36
b626be44
b627be52
b628be60
b629be7c
b62abe8c
b62bbe9a
b62cbea8
b62dbeb6
b62ebec4
b62fbed2
b630bee0
b631befc
b632bf0c
b633bf1a
b634bf28
b635bf36
b636bf44
b637bf52
b638bf60
b639bf7c
b63abf8c
b63bbf9a
b63cbfa8
b63dbfb6
b63ebfc4
b63fbfd2
b640bfe0
b641bffc
b642c00c
b643c01a
b644c028
b645c036
b646c044
b647c052
b648c060
b649c07c
b64ac08c
b64bc09a
b64cc0a8
b64dc0b6
b64ec0c4
b64fc0d2
b650c0e0
b651c0fc
b652c10c
b653c11a
b654c128
b655c136
b656c144
b657c152
b658c160
b659c17c
b65ac18c
b65bc19a
b65cc1a8
b65dc1b6
b65ec1c4
b65fc1d2
b660c1e0
b661c1fc
b662c20c
b663c21a
b664c228
b665c236
b666c244
b667c252
b668c260
b669c27c
b66ac28c
b66bc29a
b66cc2a8
b66dc2b6
b66ec2c4
b66fc2d2
b670c2e0
b671c2fc
b672c30c
b673c31a
b674c328
b675c336
b676c344
b677c352
b678c360
b679c37c
b67ac38c
b67bc39a
b67cc3a8
b67dc3b6
b67ec3c4
b67fc3d2
b6800000
b6813bfc
b6823c0c
b6833c1a
b6843c28
b6853c36
b6863c44
b6873c52
b6883c60
b6893c7c
b68a3c8c
b68b3c9a
b68c3ca8
b68d3cb6
b68e3cc4
b68f3cd2
b6903ce0
b6913cfc
b6923d0c
b6933d1a
b6943d28
b6953d36
b6963d44
b6973d52
b6983d60
b6993d7c
b69a3d8c
b69b3d9a
b69c3da8
b69d3db6
b69e3dc4
b69f3dd2
b6a03de0
b6a13dfc
b6a23e0c
b6a33e1a
b6a43e28
b6a53e36
b6a63e44
b6a73e52
b6a83e60
b6a93e7c
b6aa3e8c
b6ab3e9a
b6ac3ea8
b6ad3eb6
b6ae3ec4
b6af3ed2
b6b03ee0
b6b13efc
b6b23f0c
b6b33f1a
b6b43f28
b6b53f36
b6b63f44
b6b73f52
b6b83f60
b6b93f7c
b6ba3f8c
b6bb3f9a
b6bc3fa8
b6bd3fb6
b6be3fc4
b6bf3fd2
b6c03fe0
b6c13ffc
b6c2400c
b6c3401a
b6c44028
b6c54036
b6c64044
b6c74052
b6c84060
b6c9407c
b6ca408c
b6cb409a
b6cc40a8
b6cd40b6
b6ce40c4
b6cf40d2
b6d040e0
b6d140fc
b6d2410c
b6d3411a
b6d44128
b6d54136
b6d64144
b6d74152
b6d84160
b6d9417c
b6da418c
b6db419a
b6dc41a8
b6dd41b6
b6de41c4
b6df41d2
b6e041e0
b6e141fc
b6e2420c
b6e3421a
b6e44228
b6e54236
b6e64244
b6e74252
b6e84260
b6e9427c
b6ea428c
b6eb429a
b6ec42a8
b6ed42b6
b6ee42c4
b6ef42d2
b6f042e0
b6f142fc
b6f2430c
b6f3431a
b6f44328
b6f54336
b6f64344
b6f74352
b6f84360
b6f9437c
b6fa438c
b6fb439a
b6fc43a8
b6fd43b6
b6fe43c4
b6ff43d2
b7000000
b701bc07
b702bc16
b703bc25
b704bc34
b705bc43
b706bc52
b707bc61
b708bc70
b709bc87
b70abc96
b70bbca5
b70cbcb4
b70dbcc3
b70ebcd2
b70fbce1
b710bcf0
b711bd07
b712bd16
b713bd25
b714bd34
b715bd43
b716bd52
b717bd61
b718bd70
b719bd87
b71abd96
b71bbda5
b71cbdb4
b71dbdc3
b71ebdd2
b71fbde1
b720bdf0
b721be07
b722be16
b723be25
b724be34
b725be43
b726be52
b727be61
b728be70
b729be87
b72abe96
b72bbea5
b72cbeb4
b72dbec3
b72ebed2
b72fbee1
b730bef0
b731bf07
b732bf16
b733bf25
b734bf34
b735bf43
b736bf52
b737bf61
b738bf70
b739bf87
b73abf96
b73bbfa5
b73cbfb4
b73dbfc3
b73ebfd2
b73fbfe1
b740bff0
b741c007
b742c016
b743c025
b744c034
b745c043
b746c052
b747c061
b748c070
b749c087
b74ac096
b74bc0a5
b74cc0b4
b74dc0c3
b74ec0d2
b74fc0e1
b750c0f0
b751c107
b752c116
b753c125
b754c134
b755c143
b756c152
b757c161
b758c170
b759c187
b75ac196
b75bc1a5
b75cc1b4
b75dc1c3
b75ec1d2
b75fc1e1
b760c1f0
b761c207
b762c216
b763c225
b764c234
b765c243
b766c252
b767c261
b768c270
b769c287
b76ac296
b76bc2a5
b76cc2b4
b76dc2c3
b76ec2d2
b76fc2e1
b770c2f0
b771c307
b772c316
b773c325
b774c334
b775c343
b776c352
b777c361
b778c370
b779c387
b77ac396
b77bc3a5
b77cc3b4
b77dc3c3
b77ec3d2
b77fc3e1
b7800000
b7813c07
b7823c16
b7833c25
b7843c34
b7853c43
b7863c52
b7873c61
b7883c70
b7893c87
b78a3c96
b78b3ca5
b78c3cb4
b78d3cc3
b78e3cd2
b78f3ce1
b7903cf0
b7913d07
b7923d16
b7933d25
b7943d34
b7953d43
b7963d52
b7973d61
b7983d70
b7993d87
b79a3d96
b79b3da5
b79c3db4
b79d3dc3
b79e3dd2
b79f3de1
b7a03df0
b7a13e07
b7a23e16
b7a33e25
b7a43e34
b7a53e43
b7a63e52
b7a73e61
b7a83e70
b7a93e87
b7aa3e96
b7ab3ea5
b7ac3eb4
b7ad3ec3
b7ae3ed2
b7af3ee1
b7b03ef0
b7b13f07
b7b23f16
b7b33f25
b7b43f34
b7b53f43
b7b63f52
b7b73f61
b7b83f70
b7b93f87
b7ba3f96
b7bb3fa5
b7bc3fb4
b7bd3fc3
b7be3fd2
b7bf3fe1
b7c03ff0
b7c14007
b7c24016
b7c34025
b7c44034
b7c54043
b7c64052
b7c74061
b7c84070
b7c94087
b7ca4096
b7cb40a5
b7cc40b4
b7cd40c3
b7ce40d2
b7cf40e1
b7d040f0
b7d14107
b7d24116
b7d34125
b7d44134
b7d54143
b7d64152
b7d74161
b7d84170
b7d94187
b7da4196
b7db41a5
b7dc41b4
b7dd41c3
b7de41d2
b7df41e1
b7e041f0
b7e14207
b7e24216
b7e34225
b7e44234
b7e54243
b7e64252
b7e74261
b7e84270
b7e94287
b7ea4296
b7eb42a5
b7ec42b4
b7ed42c3
b7ee42d2
b7ef42e1
b7f042f0
b7f14307
b7f24316
b7f34325
b7f44334
b7f54343
b7f64352
b7f74361
b7f84370
b7f94387
b7fa4396
b7fb43a5
b7fc43b4
b7fd43c3
b7fe43d2
b7ff43e1
b8000000
b801bc10
b802bc20
b803bc30
b804bc40
b805bc50
b806bc60
b807bc70
b808bc80
b809bc90
b80abca0
b80bbcb0
b80cbcc0
b80dbcd0
b80ebce0
b80fbcf0
b810bd00
b811bd10
b812bd20
b813bd30
b814bd40
b815bd50
b816bd60
b817bd70
b818bd80
b819bd90
b81abda0
b81bbdb0
b81cbdc0
b81dbdd0
b81ebde0
b81fbdf0
b820be00
b821be10
b822be20
b823be30
b824be40
b825be50
b826be60
b827be70
b828be80
b829be90
b82abea0
b82bbeb0
b82cbec0
b82dbed0
b82ebee0
b82fbef0
b830bf00
b831bf10
b832bf20
b833bf30
b834bf40
b835bf50
b836bf60
b837bf70
b838bf80
b839bf90
b83abfa0
b83bbfb0
b83cbfc0
b83dbfd0
b83ebfe0
b83fbff0
b840c000
b841c010
b842c020
b843c030
b844c040
b845c050
b846c060
b847c070
b848c080
b849c090
b84ac0a0
b84bc0b0
b84cc0c0
b84dc0d0
b84ec0e0
b84fc0f0
b850c100
b851c110
b852c120
b853c130
b854c140
b855c150
b856c160
b857c170
b858c180
b859c190
b85ac1a0
b85bc1b0
b85cc1c0
b85dc1d0
b85ec1e0
b85fc1f0
b860c200
b861c210
b862c220
b863c230
b864c240
b865c250
b866c260
b867c270
b868c280
b869c290
b86ac2a0
b86bc2b0
b86cc2c0
b86dc2d0
b86ec2e0
b86fc2f0
b870c300
b871c310
b872c320
b873c330
b874c340
b875c350
b876c360
b877c370
b878c380
b879c390
b87ac3a0
b87bc3b0
b87cc3c0
b87dc3d0
b87ec3e0
b87fc3f0
b8800000
b8813c10
b8823c20
b8833c30
b8843c40
b8853c50
b8863c60
b8873c70
b8883c80
b8893c90
b88a3ca0
b88b3cb0
b88c3cc0
b88d3cd0
b88e3ce0
b88f3cf0
b8903d00
b8913d10
b8923d20
b8933d30
b8943d40
b8953d50
b8963d60
b8973d70
b8983d80
b8993d90
b89a3da0
b89b3db0
b89c3dc0
b89d3dd0
b89e3de0
b89f3df0
b8a03e00
b8a13e10
b8a23e20
b8a33e30
b8a43e40
b8a53e50
b8a63e60
b8a73e70
b8a83e80
b8a93e90
b8aa3ea0
b8ab3eb0
b8ac3ec0
b8ad3ed0
b8ae3ee0
b8af3ef0
b8b03f00
b8b13f10
b8b23f20
b8b33f30
b8b43f40
b8b53f50
b8b63f60
b8b73f70
b8b83f80
b8b93f90
b8ba3fa0
b8bb3fb0
b8bc3fc0
b8bd3fd0
b8be3fe0
b8bf3ff0
b8c04000
b8c14010
b8c24020
b8c34030
b8c44040
b8c54050
b8c64060
b8c74070
b8c84080
b8c94090
b8ca40a0
b8cb40b0
b8cc40c0
b8cd40d0
b8ce40e0
b8cf40f0
b8d04100
b8d14110
b8d24120
b8d34130
b8d44140
b8d54150
b8d64160
b8d74170
b8d84180
b8d94190
b8da41a0
b8db41b0
b8dc41c0
b8dd41d0
b8de41e0
b8df41f0
b8e04200
b8e14210
b8e24220
b8e34230
b8e44240
b8e54250
b8e64260
b8e74270
b8e84280
b8e94290
b8ea42a0
b8eb42b0
b8ec42c0
b8ed42d0
b8ee42e0
b8ef42f0
b8f04300
b8f14310
b8f24320
b8f34330
b8f44340
b8f54350
b8f64360
b8f74370
b8f84380
b8f94390
b8fa43a0
b8fb43b0
b8fc43c0
b8fd43d0
b8fe43e0
b8ff43f0
b9000000
b901bc22
b902bc34
b903bc46
b904bc58
b905bc6a
b906bc7c
b907bc87
b908bc90
b909bca2
b90abcb4
b90bbcc6
b90cbcd8
b90dbcea
b90ebcfc
b90fbd07
b910bd10
b911bd22
b912bd34
b913bd46
b914bd58
b915bd6a
b916bd7c
b917bd87
b918bd90
b919bda2
b91abdb4
b91bbdc6
b91cbdd8
b91dbdea
b91ebdfc
b91fbe07
b920be10
b921be22
b922be34
b923be46
b924be58
b925be6a
b926be7c
b927be87
b928be90
b929bea2
b92abeb4
b92bbec6
b92cbed8
b92dbeea
b92ebefc
b92fbf07
b930bf10
b931bf22
b932bf34
b933bf46
b934bf58
b935bf6a
b936bf7c
b937bf87
b938bf90
b939bfa2
b93abfb4
b93bbfc6
b93cbfd8
b93dbfea
b93ebffc
b93fc007
b940c010
b941c022
b942c034
b943c046
b944c058
b945c06a
b946c07c
b947c087
b948c090
b949c0a2
b94ac0b4
b94bc0c6
b94cc0d8
b94dc0ea
b94ec0fc
b94fc107
b950c110
b951c122
b952c134
b953c146
b954c158
b955c16a
b956c17c
b957c187
b958c190
b959c1a2
b95ac1b4
b95bc1c6
b95cc1d8
b95dc1ea
b95ec1fc
b95fc207
b960c210
b961c222
b962c234
b963c246
b964c258
b965c26a
b966c27c
b967c287
b968c290
b969c2a2
b96ac2b4
b96bc2c6
b96cc2d8
b96dc2ea
b96ec2fc
b96fc307
b970c310
b971c322
b972c334
b973c346
b974c358
b975c36a
b976c37c
b977c387
b978c390
b979c3a2
b97ac3b4
b97bc3c6
b97cc3d8
b97dc3ea
b97ec3fc
b97fc407
b9800000
b9813c22
b9823c34
b9833c46
b9843c58
b9853c6a
b9863c7c
b9873c87
b9883c90
b9893ca2
b98a3cb4
b98b3cc6
b98c3cd8
b98d3cea
b98e3cfc
b98f3d07
b9903d10
b9913d22
b9923d34
b9933d46
b9943d58
b9953d6a
b9963d7c
b9973d87
b9983d90
b9993da2
b99a3db4
b99b3dc6
b99c3dd8
b99d3dea
b99e3dfc
b99f3e07
b9a03e10
b9a13e22
b9a23e34
b9a33e46
b9a43e58
b9a53e6a
b9a63e7c
b9a73e87
b9a83e90
b9a93ea2
b9aa3eb4
b9ab3ec6
b9ac3ed8
b9ad3eea
b9ae3efc
b9af3f07
b9b03f10
b9b13f22
b9b23f34
b9b33f46
b9b43f58
b9b53f6a
b9b63f7c
b9b73f87
b9b83f90
b9b93fa2
b9ba3fb4
b9bb3fc6
b9bc3fd8
b9bd3fea
b9be3ffc
b9bf4007
b9c04010
b9c14022
b9c24034
b9c34046
b9c44058
b9c5406a
b9c6407c
b9c74087
b9c84090
b9c940a2
b9ca40b4
b9cb40c6
b9cc40d8
b9cd40ea
b9ce40fc
b9cf4107
b9d04110
b9d14122
b9d24134
b9d34146
b9d44158
b9d5416a
b9d6417c
b9d74187
b9d84190
b9d941a2
b9da41b4
b9db41c6
b9dc41d8
b9dd41ea
b9de41fc
b9df4207
b9e04210
b9e14222
b9e24234
b9e34246
b9e44258
b9e5426a
b9e6427c
b9e74287
b9e84290
b9e942a2
b9ea42b4
b9eb42c6
b9ec42d8
b9ed42ea
b9ee42fc
b9ef4307
b9f04310
b9f14322
b9f24334
b9f34346
b9f44358
b9f5436a
b9f6437c
b9f74387
b9f84390
b9f943a2
b9fa43b4
b9fb43c6
b9fc43d8
b9fd43ea
b9fe43fc
b9ff4407
ba000000
ba01bc34
ba02bc48
ba03bc5c
ba04bc70
ba05bc82
ba06bc8c
ba07bc96
ba08bca0
ba09bcb4
ba0abcc8
ba0bbcdc
ba0cbcf0
ba0dbd02
ba0ebd0c
ba0fbd16
ba10bd20
ba11bd34
ba12bd48
ba13bd5c
ba14bd70
ba15bd82
ba16bd8c
ba17bd96
ba18bda0
ba19bdb4
ba1abdc8
ba1bbddc
ba1cbdf0
ba1dbe02
ba1ebe0c
ba1fbe16
ba20be20
ba21be34
ba22be48
ba23be5c
ba24be70
ba25be82
ba26be8c
ba27be96
ba28bea0
ba29beb4
ba2abec8
ba2bbedc
ba2cbef0
ba2dbf02
ba2ebf0c
ba2fbf16
ba30bf20
ba31bf34
ba32bf48
ba33bf5c
ba34bf70
ba35bf82
ba36bf8c
ba37bf96
ba38bfa0
ba39bfb4
ba3abfc8
ba3bbfdc
ba3cbff0
ba3dc002
ba3ec00c
ba3fc016
ba40c020
ba41c034
ba42c048
ba43c05c
ba44c070
ba45c082
ba46c08c
ba47c096
ba48c0a0
ba49c0b4
ba4ac0c8
ba4bc0dc
ba4cc0f0
ba4dc102
ba4ec10c
ba4fc116
ba50c120
ba51c134
ba52c148
ba53c15c
ba54c170
ba55c182
ba56c18c
ba57c196
ba58c1a0
ba59c1b4
ba5ac1c8
ba5bc1dc
ba5cc1f0
ba5dc202
ba5ec20c
ba5fc216
ba60c220
ba61c234
ba62c248
ba63c25c
ba64c270
ba65c282
ba66c28c
ba67c296
ba68c2a0
ba69c2b4
ba6ac2c8
ba6bc2dc
ba6cc2f0
ba6dc302
ba6ec30c
ba6fc316
ba70c320
ba71c334
ba72c348
ba73c35c
ba74c370
ba75c382
ba76c38c
ba77c396
ba78c3a0
ba79c3b4
ba7ac3c8
ba7bc3dc
ba7cc3f0
ba7dc402
ba7ec40c
ba7fc416
ba800000
ba813c34
ba823c48
ba833c5c
ba843c70
ba853c82
ba863c8c
ba873c96
ba883ca0
ba893cb4
ba8a3cc8
ba8b3cdc
ba8c3cf0
ba8d3d02
ba8e3d0c
ba8f3d16
ba903d20
ba913d34
ba923d48
ba933d5c
ba943d70
ba953d82
ba963d8c
ba973d96
ba983da0
ba993db4
ba9a3dc8
ba9b3ddc
ba9c3df0
ba9d3e02
ba9e3e0c
ba9f3e16
baa03e20
baa13e34
baa23e48
baa33e5c
baa43e70
baa53e82
baa63e8c
baa73e96
baa83ea0
baa93eb4
baaa3ec8
baab3edc
baac3ef0
baad3f02
baae3f0c
baaf3f16
bab03f20
bab13f34
bab23f48
bab33f5c
bab43f70
bab53f82
bab63f8c
bab73f96
bab83fa0
bab93fb4
baba3fc8
babb3fdc
babc3ff0
babd4002
babe400c
babf4016
bac04020
bac14034
bac24048
bac3405c
bac44070
bac54082
bac6408c
bac74096
bac840a0
bac940b4
baca40c8
bacb40dc
bacc40f0
bacd4102
bace410c
bacf4116
bad04120
bad14134
bad24148
bad3415c
bad44170
bad54182
bad6418c
bad74196
bad841a0
bad941b4
bada41c8
badb41dc
badc41f0
badd4202
bade420c
badf4216
bae04220
bae14234
bae24248
bae3425c
bae44270
bae54282
bae6428c
bae74296
bae842a0
bae942b4
baea42c8
baeb42dc
baec42f0
baed4302
baee430c
baef4316
baf04320
baf14334
baf24348
baf3435c
baf44370
baf54382
baf6438c
baf74396
baf843a0
baf943b4
bafa43c8
bafb43dc
bafc43f0
bafd4402
bafe440c
baff4416
bb000000
bb01bc46
bb02bc5c
bb03bc72
bb04bc84
bb05bc8f
bb06bc9a
bb07bca5
bb08bcb0
bb09bcc6
bb0abcdc
bb0bbcf2
bb0cbd04
bb0dbd0f
bb0ebd1a
bb0fbd25
bb10bd30
bb11bd46
bb12bd5c
bb13bd72
bb14bd84
bb15bd8f
bb16bd9a
bb17bda5
bb18bdb0
bb19bdc6
bb1abddc
bb1bbdf2
bb1cbe04
bb1dbe0f
bb1ebe1a
bb1fbe25
bb20be30
bb21be46
bb22be5c
bb23be72
bb24be84
bb25be8f
bb26be9a
bb27bea5
bb28beb0
bb29bec6
bb2abedc
bb2bbef2
bb2cbf04
bb2dbf0f
bb2ebf1a
bb2fbf25
bb30bf30
bb31bf46
bb32bf5c
bb33bf72
bb34bf84
bb35bf8f
bb36bf9a
bb37bfa5
bb38bfb0
bb39bfc6
bb3abfdc
bb3bbff2
bb3cc004
bb3dc00f
bb3ec01a
bb3fc025
bb40c030
bb41c046
bb42c05c
bb43c072
bb44c084
bb45c08f
bb46c09a
bb47c0a5
bb48c0b0
bb49c0c6
bb4ac0dc
bb4bc0f2
bb4cc104
bb4dc10f
bb4ec11a
bb4fc125
bb50c130
bb51c146
bb52c15c
bb53c172
bb54c184
bb55c18f
bb56c19a
bb57c1a5
bb58c1b0
bb59c1c6
bb5ac1dc
bb5bc1f2
bb5cc204
bb5dc20f
bb5ec21a
bb5fc225
bb60c230
bb61c246
bb62c25c
bb63c272
bb64c284
bb65c28f
bb66c29a
bb67c2a5
bb68c2b0
bb69c2c6
bb6ac2dc
bb6bc2f2
bb6cc304
bb6dc30f
bb6ec31a
bb6fc325
bb70c330
bb71c346
bb72c35c
bb73c372
bb74c384
bb75c38f
bb76c39a
bb77c3a5
bb78c3b0
bb79c3c6
bb7ac3dc
bb7bc3f2
bb7cc404
bb7dc40f
bb7ec41a
bb7fc425
bb800000
bb813c46
bb823c5c
bb833c72
bb843c84
bb853c8f
bb863c9a
bb873ca5
bb883cb0
bb893cc6
bb8a3cdc
bb8b3cf2
bb8c3d04
bb8d3d0f
bb8e3d1a
bb8f3d25
bb903d30
bb913d46
bb923d5c
bb933d72
bb943d84
bb953d8f
bb963d9a
bb973da5
bb983db0
bb993dc6
bb9a3ddc
bb9b3df2
bb9c3e04
bb9d3e0f
bb9e3e1a
bb9f3e25
bba03e30
bba13e46
bba23e5c
bba33e72
bba43e84
bba53e8f
bba63e9a
bba73ea5
bba83eb0
bba93ec6
bbaa3edc
bbab3ef2
bbac3f04
bbad3f0f
bbae3f1a
bbaf3f25
bbb03f30
bbb13f46
bbb23f5c
bbb33f72
bbb43f84
bbb53f8f
bbb63f9a
bbb73fa5
bbb83fb0
bbb93fc6
bbba3fdc
bbbb3ff2
bbbc4004
bbbd400f
bbbe401a
bbbf4025
bbc04030
bbc14046
bbc2405c
bbc34072
bbc44084
bbc5408f
bbc6409a
bbc740a5
bbc840b0
bbc940c6
bbca40dc
bbcb40f2
bbcc4104
bbcd410f
bbce411a
bbcf4125
bbd04130
bbd14146
bbd2415c
bbd34172
bbd44184
bbd5418f
bbd6419a
bbd741a5
bbd841b0
bbd941c6
bbda41dc
bbdb41f2
bbdc4204
bbdd420f
bbde421a
bbdf4225
bbe04230
bbe14246
bbe2425c
bbe34272
bbe44284
bbe5428f
bbe6429a
bbe742a5
bbe842b0
bbe942c6
bbea42dc
bbeb42f2
bbec4304
bbed430f
bbee431a
bbef4325
bbf04330
bbf14346
bbf2435c
bbf34372
bbf44384
bbf5438f
bbf6439a
bbf743a5
bbf843b0
bbf943c6
bbfa43dc
bbfb43f2
bbfc4404
bbfd440f
bbfe441a
bbff4425
bc000000
bc01bc58
bc02bc70
bc03bc84
bc04bc90
bc05bc9c
bc06bca8
bc07bcb4
bc08bcc0
bc09bcd8
bc0abcf0
bc0bbd04
bc0cbd10
bc0dbd1c
bc0ebd28
bc0fbd34
bc10bd40
bc11bd58
bc12bd70
bc13bd84
bc14bd90
bc15bd9c
bc16bda8
bc17bdb4
bc18bdc0
bc19bdd8
bc1abdf0
bc1bbe04
bc1cbe10
bc1dbe1c
bc1ebe28
bc1fbe34
bc20be40
bc21be58
bc22be70
bc23be84
bc24be90
bc25be9c
bc26bea8
bc27beb4
bc28bec0
bc29bed8
bc2abef0
bc2bbf04
bc2cbf10
bc2dbf1c
bc2ebf28
bc2fbf34
bc30bf40
bc31bf58
bc32bf70
bc33bf84
bc34bf90
bc35bf9c
bc36bfa8
bc37bfb4
bc38bfc0
bc39bfd8
bc3abff0
bc3bc004
bc3cc010
bc3dc01c
bc3ec028
bc3fc034
bc40c040
bc41c058
bc42c070
bc43c084
bc44c090
bc45c09c
bc46c0a8
bc47c0b4
bc48c0c0
bc49c0d8
bc4ac0f0
bc4bc104
bc4cc110
bc4dc11c
bc4ec128
bc4fc134
bc50c140
bc51c158
bc52c170
bc53c184
bc54c190
bc55c19c
bc56c1a8
bc57c1b4
bc58c1c0
bc59c1d8
bc5ac1f0
bc5bc204
bc5cc210
bc5dc21c
bc5ec228
bc5fc234
bc60c240
bc61c258
bc62c270
bc63c284
bc64c290
bc65c29c
bc66c2a8
bc67c2b4
bc68c2c0
bc69c2d8
bc6ac2f0
bc6bc304
bc6cc310
bc6dc31c
bc6ec328
bc6fc334
bc70c340
bc71c358
bc72c370
bc73c384
bc74c390
bc75c39c
bc76c3a8
bc77c3b4
bc78c3c0
bc79c3d8
bc7ac3f0
bc7bc404
bc7cc410
bc7dc41c
bc7ec428
bc7fc434
bc800000
bc813c58
bc823c70
bc833c84
bc843c90
bc853c9c
bc863ca8
bc873cb4
bc883cc0
bc893cd8
bc8a3cf0
bc8b3d04
bc8c3d10
bc8d3d1c
bc8e3d28
bc8f3d34
bc903d40
bc913d58
bc923d70
bc933d84
bc943d90
bc953d9c
bc963da8
bc973db4
bc983dc0
bc993dd8
bc9a3df0
bc9b3e04
bc9c3e10
bc9d3e1c
bc9e3e28
bc9f3e34
bca03e40
bca13e58
bca23e70
bca33e84
bca43e90
bca53e9c
bca63ea8
bca73eb4
bca83ec0
bca93ed8
bcaa3ef0
bcab3f04
bcac3f10
bcad3f1c
bcae3f28
bcaf3f34
bcb03f40
bcb13f58
bcb23f70
bcb33f84
bcb43f90
bcb53f9c
bcb63fa8
bcb73fb4
bcb83fc0
bcb93fd8
bcba3ff0
bcbb4004
bcbc4010
bcbd401c
bcbe4028
bcbf4034
bcc04040
bcc14058
bcc24070
bcc34084
bcc44090
bcc5409c
bcc640a8
bcc740b4
bcc840c0
bcc940d8
bcca40f0
bccb4104
bccc4110
bccd411c
bcce4128
bccf4134
bcd04140
bcd14158
bcd24170
bcd34184
bcd44190
bcd5419c
bcd641a8
bcd741b4
bcd841c0
bcd941d8
bcda41f0
bcdb4204
bcdc4210
bcdd421c
bcde4228
bcdf4234
bce04240
bce14258
bce24270
bce34284
bce44290
bce5429c
bce642a8
bce742b4
bce842c0
bce942d8
bcea42f0
bceb4304
bcec4310
bced431c
bcee4328
bcef4334
bcf04340
bcf14358
bcf24370
bcf34384
bcf44390
bcf5439c
bcf643a8
bcf743b4
bcf843c0
bcf943d8
bcfa43f0
bcfb4404
bcfc4410
bcfd441c
bcfe4428
bcff4434
bd000000
bd01bc6a
bd02bc82
bd03bc8f
bd04bc9c
bd05bca9
bd06bcb6
bd07bcc3
bd08bcd0
bd09bcea
bd0abd02
bd0bbd0f
bd0cbd1c
bd0dbd29
bd0ebd36
bd0fbd43
bd10bd50
bd11bd6a
bd12bd82
bd13bd8f
bd14bd9c
bd15bda9
bd16bdb6
bd17bdc3
bd18bdd0
bd19bdea
bd1abe02
bd1bbe0f
bd1cbe1c
bd1dbe29
bd1ebe36
bd1fbe43
bd20be50
bd21be6a
bd22be82
bd23be8f
bd24be9c
bd25bea9
bd26beb6
bd27bec3
bd28bed0
bd29beea
bd2abf02
bd2bbf0f
bd2cbf1c
bd2dbf29
bd2ebf36
bd2fbf43
bd30bf50
bd31bf6a
bd32bf82
bd33bf8f
bd34bf9c
bd35bfa9
bd36bfb6
bd37bfc3
bd38bfd0
bd39bfea
bd3ac002
bd3bc00f
bd3cc01c
bd3dc029
bd3ec036
bd3fc043
bd40c050
bd41c06a
bd42c082
bd43c08f
bd44c09c
bd45c0a9
bd46c0b6
bd47c0c3
bd48c0d0
bd49c0ea
bd4ac102
bd4bc10f
bd4cc11c
bd4dc129
bd4ec136
bd4fc143
bd50c150
bd51c16a
bd52c182
bd53c18f
bd54c19c
bd55c1a9
bd56c1b6
bd57c1c3
bd58c1d0
bd59c1ea
bd5ac202
bd5bc20f
bd5cc21c
bd5dc229
bd5ec236
bd5fc243
bd60c250
bd61c26a
bd62c282
bd63c28f
bd64c29c
bd65c2a9
bd66c2b6
bd67c2c3
bd68c2d0
bd69c2ea
bd6ac302
bd6bc30f
bd6cc31c
bd6dc329
bd6ec336
bd6fc343
bd70c350
bd71c36a
bd72c382
bd73c38f
bd74c39c
bd75c3a9
bd76c3b6
bd77c3c3
bd78c3d0
bd79c3ea
bd7ac402
bd7bc40f
bd7cc41c
bd7dc429
bd7ec436
bd7fc443
bd800000
bd813c6a
bd823c82
bd833c8f
bd843c9c
bd853ca9
bd863cb6
bd873cc3
bd883cd0
bd893cea
bd8a3d02
bd8b3d0f
bd8c3d1c
bd8d3d29
bd8e3d36
bd8f3d43
bd903d50
bd913d6a
bd923d82
bd933d8f
bd943d9c
bd953da9
bd963db6
bd973dc3
bd983dd0
bd993dea
bd9a3e02
bd9b3e0f
bd9c3e1c
bd9d3e29
bd9e3e36
bd9f3e43
bda03e50
bda13e6a
bda23e82
bda33e8f
bda43e9c
bda53ea9
bda63eb6
bda73ec3
bda83ed0
bda93eea
bdaa3f02
bdab3f0f
bdac3f1c
bdad3f29
bdae3f36
bdaf3f43
bdb03f50
bdb13f6a
bdb23f82
bdb33f8f
bdb43f9c
bdb53fa9
bdb63fb6
bdb73fc3
bdb83fd0
bdb93fea
bdba4002
bdbb400f
bdbc401c
bdbd4029
bdbe4036
bdbf4043
bdc04050
bdc1406a
bdc24082
bdc3408f
bdc4409c
bdc540a9
bdc640b6
bdc740c3
bdc840d0
bdc940ea
bdca4102
bdcb410f
bdcc411c
bdcd4129
bdce4136
bdcf4143
bdd04150
bdd1416a
bdd24182
bdd3418f
bdd4419c
bdd541a9
bdd641b6
bdd741c3
bdd841d0
bdd941ea
bdda4202
bddb420f
bddc421c
bddd4229
bdde4236
bddf4243
bde04250
bde1426a
bde24282
bde3428f
bde4429c
bde542a9
bde642b6
bde742c3
bde842d0
bde942ea
bdea4302
bdeb430f
bdec431c
bded4329
bdee4336
bdef4343
bdf04350
bdf1436a
bdf24382
bdf3438f
bdf4439c
bdf543a9
bdf643b6
bdf743c3
bdf843d0
bdf943ea
bdfa4402
bdfb440f
bdfc441c
bdfd4429
bdfe4436
bdff4443
be000000
be01bc7c
be02bc8c
be03bc9a
be04bca8
be05bcb6
be06bcc4
be07bcd2
be08bce0
be09bcfc
be0abd0c
be0bbd1a
be0cbd28
be0dbd36
be0ebd44
be0fbd52
be10bd60
be11bd7c
be12bd8c
be13bd9a
be14bda8
be15bdb6
be16bdc4
be17bdd2
be18bde0
be19bdfc
be1abe0c
be1bbe1a
be1cbe28
be1dbe36
be1ebe44
be1fbe52
be20be60
be21be7c
be22be8c
be23be9a
be24bea8
be25beb6
be26bec4
be27bed2
be28bee0
be29befc
be2abf0c
be2bbf1a
be2cbf28
be2dbf36
be2ebf44
be2fbf52
be30bf60
be31bf7c
be32bf8c
be33bf9a
be34bfa8
be35bfb6
be36bfc4
be37bfd2
be38bfe0
be39bffc
be3ac00c
be3bc01a
be3cc028
be3dc036
be3ec044
be3fc052
be40c060
be41c07c
be42c08c
be43c09a
be44c0a8
be45c0b6
be46c0c4
be47c0d2
be48c0e0
be49c0fc
be4ac10c
be4bc11a
be4cc128
be4dc136
be4ec144
be4fc152
be50c160
be51c17c
be52c18c
be53c19a
be54c1a8
be55c1b6
be56c1c4
be57c1d2
be58c1e0
be59c1fc
be5ac20c
be5bc21a
be5cc228
be5dc236
be5ec244
be5fc252
be60c260
be61c27c
be62c28c
be63c29a
be64c2a8
be65c2b6
be66c2c4
be67c2d2
be68c2e0
be69c2fc
be6ac30c
be6bc31a
be6cc328
be6dc336
be6ec344
be6fc352
be70c360
be71c37c
be72c38c
be73c39a
be74c3a8
be75c3b6
be76c3c4
be77c3d2
be78c3e0
be79c3fc
be7ac40c
be7bc41a
be7cc428
be7dc436
be7ec444
be7fc452
be800000
be813c7c
be823c8c
be833c9a
be843ca8
be853cb6
be863cc4
be873cd2
be883ce0
be893cfc
be8a3d0c
be8b3d1a
be8c3d28
be8d3d36
be8e3d44
be8f3d52
be903d60
be913d7c
be923d8c
be933d9a
be943da8
be953db6
be963dc4
be973dd2
be983de0
be993dfc
be9a3e0c
be9b3e1a
be9c3e28
be9d3e36
be9e3e44
be9f3e52
bea03e60
bea13e7c
bea23e8c
bea33e9a
bea43ea8
bea53eb6
bea63ec4
bea73ed2
bea83ee0
bea93efc
beaa3f0c
beab3f1a
beac3f28
bead3f36
beae3f44
beaf3f52
beb03f60
beb13f7c
beb23f8c
beb33f9a
beb43fa8
beb53fb6
beb63fc4
beb73fd2
beb83fe0
beb93ffc
beba400c
bebb401a
bebc4028
bebd4036
bebe4044
bebf4052
bec04060
bec1407c
bec2408c
bec3409a
bec440a8
bec540b6
bec640c4
bec740d2
bec840e0
bec940fc
beca410c
becb411a
becc4128
becd4136
bece4144
becf4152
bed04160
bed1417c
bed2418c
bed3419a
bed441a8
bed541b6
bed641c4
bed741d2
bed841e0
bed941fc
beda420c
bedb421a
bedc4228
bedd4236
bede4244
bedf4252
bee04260
bee1427c
bee2428c
bee3429a
bee442a8
bee542b6
bee642c4
bee742d2
bee842e0
bee942fc
beea430c
beeb431a
beec4328
beed4336
beee4344
beef4352
bef04360
bef1437c
bef2438c
bef3439a
bef443a8
bef543b6
bef643c4
bef743d2
bef843e0
bef943fc
befa440c
befb441a
befc4428
befd4436
befe4444
beff4452
bf000000
bf01bc87
bf02bc96
bf03bca5
bf04bcb4
bf05bcc3
bf06bcd2
bf07bce1
bf08bcf0
bf09bd07
bf0abd16
bf0bbd25
bf0cbd34
bf0dbd43
bf0ebd52
bf0fbd61
bf10bd70
bf11bd87
bf12bd96
bf13bda5
bf14bdb4
bf15bdc3
bf16bdd2
bf17bde1
bf18bdf0
bf19be07
bf1abe16
bf1bbe25
bf1cbe34
bf1dbe43
bf1ebe52
bf1fbe61
bf20be70
bf21be87
bf22be96
bf23bea5
bf24beb4
bf25bec3
bf26bed2
bf27bee1
bf28bef0
bf29bf07
bf2abf16
bf2bbf25
bf2cbf34
bf2dbf43
bf2ebf52
bf2fbf61
bf30bf70
bf31bf87
bf32bf96
bf33bfa5
bf34bfb4
bf35bfc3
bf36bfd2
bf37bfe1
bf38bff0
bf39c007
bf3ac016
bf3bc025
bf3cc034
bf3dc043
bf3ec052
bf3fc061
bf40c070
bf41c087
bf42c096
bf43c0a5
bf44c0b4
bf45c0c3
bf46c0d2
bf47c0e1
bf48c0f0
bf49c107
bf4ac116
bf4bc125
bf4cc134
bf4dc143
bf4ec152
bf4fc161
bf50c170
bf51c187
bf52c196
bf53c1a5
bf54c1b4
bf55c1c3
bf56c1d2
bf57c1e1
bf58c1f0
bf59c207
bf5ac216
bf5bc225
bf5cc234
bf5dc243
bf5ec252
bf5fc261
bf60c270
bf61c287
bf62c296
bf63c2a5
bf64c2b4
bf65c2c3
bf66c2d2
bf67c2e1
bf68c2f0
bf69c307
bf6ac316
bf6bc325
bf6cc334
bf6dc343
bf6ec352
bf6fc361
bf70c370
bf71c387
bf72c396
bf73c3a5
bf74c3b4
bf75c3c3
bf76c3d2
bf77c3e1
bf78c3f0
bf79c407
bf7ac416
bf7bc425
bf7cc434
bf7dc443
bf7ec452
bf7fc461
bf800000
bf813c87
bf823c96
bf833ca5
bf843cb4
bf853cc3
bf863cd2
bf873ce1
bf883cf0
bf893d07
bf8a3d16
bf8b3d25
bf8c3d34
bf8d3d43
bf8e3d52
bf8f3d61
bf903d70
bf913d87
bf923d96
bf933da5
bf943db4
bf953dc3
bf963dd2
bf973de1
bf983df0
bf993e07
bf9a3e16
bf9b3e25
bf9c3e34
bf9d3e43
bf9e3e52
bf9f3e61
bfa03e70
bfa13e87
bfa23e96
bfa33ea5
bfa43eb4
bfa53ec3
bfa63ed2
bfa73ee1
bfa83ef0
bfa93f07
bfaa3f16
bfab3f25
bfac3f34
bfad3f43
bfae3f52
bfaf3f61
bfb03f70
bfb13f87
bfb23f96
bfb33fa5
bfb43fb4
bfb53fc3
bfb63fd2
bfb73fe1
bfb83ff0
bfb94007
bfba4016
bfbb4025
bfbc4034
bfbd4043
bfbe4052
bfbf4061
bfc04070
bfc14087
bfc24096
bfc340a5
bfc440b4
bfc540c3
bfc640d2
bfc740e1
bfc840f0
bfc94107
bfca4116
bfcb4125
bfcc4134
bfcd4143
bfce4152
bfcf4161
bfd04170
bfd14187
bfd24196
bfd341a5
bfd441b4
bfd541c3
bfd641d2
bfd741e1
bfd841f0
bfd94207
bfda4216
bfdb4225
bfdc4234
bfdd4243
bfde4252
bfdf4261
bfe04270
bfe14287
bfe24296
bfe342a5
bfe442b4
bfe542c3
bfe642d2
bfe742e1
bfe842f0
bfe94307
bfea4316
bfeb4325
bfec4334
bfed4343
bfee4352
bfef4361
bff04370
bff14387
bff24396
bff343a5
bff443b4
bff543c3
bff643d2
bff743e1
bff843f0
bff94407
bffa4416
bffb4425
bffc4434
bffd4443
bffe4452
bfff4461
c0000000
c001bc90
c002bca0
c003bcb0
c004bcc0
c005bcd0
c006bce0
c007bcf0
c008bd00
c009bd10
c00abd20
c00bbd30
c00cbd40
c00dbd50
c00ebd60
c00fbd70
c010bd80
c011bd90
c012bda0
c013bdb0
c014bdc0
c015bdd0
c016bde0
c017bdf0
c018be00
c019be10
c01abe20
c01bbe30
c01cbe40
c01dbe50
c01ebe60
c01fbe70
c020be80
c021be90
c022bea0
c023beb0
c024bec0
c025bed0
c026bee0
c027bef0
c028bf00
c029bf10
c02abf20
c02bbf30
c02cbf40
c02dbf50
c02ebf60
c02fbf70
c030bf80
c031bf90
c032bfa0
c033bfb0
c034bfc0
c035bfd0
c036bfe0
c037bff0
c038c000
c039c010
c03ac020
c03bc030
c03cc040
c03dc050
c03ec060
c03fc070
c040c080
c041c090
c042c0a0
c043c0b0
c044c0c0
c045c0d0
c046c0e0
c047c0f0
c048c100
c049c110
c04ac120
c04bc130
c04cc140
c04dc150
c04ec160
c04fc170
c050c180
c051c190
c052c1a0
c053c1b0
c054c1c0
c055c1d0
c056c1e0
c057c1f0
c058c200
c059c210
c05ac220
c05bc230
c05cc240
c05dc250
c05ec260
c05fc270
c060c280
c061c290
c062c2a0
c063c2b0
c064c2c0
c065c2d0
c066c2e0
c067c2f0
c068c300
c069c310
c06ac320
c06bc330
c06cc340
c06dc350
c06ec360
c06fc370
c070c380
c071c390
c072c3a0
c073c3b0
c074c3c0
c075c3d0
c076c3e0
c077c3f0
c078c400
c079c410
c07ac420
c07bc430
c07cc440
c07dc450
c07ec460
c07fc470
c0800000
c0813c90
c0823ca0
c0833cb0
c0843cc0
c0853cd0
c0863ce0
c0873cf0
c0883d00
c0893d10
c08a3d20
c08b3d30
c08c3d40
c08d3d50
c08e3d60
c08f3d70
c0903d80
c0913d90
c0923da0
c0933db0
c0943dc0
c0953dd0
c0963de0
c0973df0
c0983e00
c0993e10
c09a3e20
c09b3e30
c09c3e40
c09d3e50
c09e3e60
c09f3e70
c0a03e80
c0a13e90
c0a23ea0
c0a33eb0
c0a43ec0
c0a53ed0
c0a63ee0
c0a73ef0
c0a83f00
c0a93f10
c0aa3f20
c0ab3f30
c0ac3f40
c0ad3f50
c0ae3f60
c0af3f70
c0b03f80
c0b13f90
c0b23fa0
c0b33fb0
c0b43fc0
c0b53fd0
c0b63fe0
c0b73ff0
c0b84000
c0b94010
c0ba4020
c0bb4030
c0bc4040
c0bd4050
c0be4060
c0bf4070
c0c04080
c0c14090
c0c240a0
c0c340b0
c0c440c0
c0c540d0
c0c640e0
c0c740f0
c0c84100
c0c94110
c0ca4120
c0cb4130
c0cc4140
c0cd4150
c0ce4160
c0cf4170
c0d04180
c0d14190
c0d241a0
c0d341b0
c0d441c0
c0d541d0
c0d641e0
c0d741f0
c0d84200
c0d94210
c0da4220
c0db4230
c0dc4240
c0dd4250
c0de4260
c0df4270
c0e04280
c0e14290
c0e242a0
c0e342b0
c0e442c0
c0e542d0
c0e642e0
c0e742f0
c0e84300
c0e94310
c0ea4320
c0eb4330
c0ec4340
c0ed4350
c0ee4360
c0ef4370
c0f04380
c0f14390
c0f243a0
c0f343b0
c0f443c0
c0f543d0
c0f643e0
c0f743f0
c0f84400
c0f94410
c0fa4420
c0fb4430
c0fc4440
c0fd4450
c0fe4460
c0ff4470
c1000000
c101bca2
c102bcb4
c103bcc6
c104bcd8
c105bcea
c106bcfc
c107bd07
c108bd10
c109bd22
c10abd34
c10bbd46
c10cbd58
c10dbd6a
c10ebd7c
c10fbd87
c110bd90
c111bda2
c112bdb4
c113bdc6
c114bdd8
c115bdea
c116bdfc
c117be07
c118be10
c119be22
c11abe34
c11bbe46
c11cbe58
c11dbe6a
c11ebe7c
c11fbe87
c120be90
c121bea2
c122beb4
c123bec6
c124bed8
c125beea
c126befc
c127bf07
c128bf10
c129bf22
c12abf34
c12bbf46
c12cbf58
c12dbf6a
c12ebf7c
c12fbf87
c130bf90
c131bfa2
c132bfb4
c133bfc6
c134bfd8
c135bfea
c136bffc
c137c007
c138c010
c139c022
c13ac034
c13bc046
c13cc058
c13dc06a
c13ec07c
c13fc087
c140c090
c141c0a2
c142c0b4
c143c0c6
c144c0d8
c145c0ea
c146c0fc
c147c107
c148c110
c149c122
c14ac134
c14bc146
c14cc158
c14dc16a
c14ec17c
c14fc187
c150c190
c151c1a2
c152c1b4
c153c1c6
c154c1d8
c155c1ea
c156c1fc
c157c207
c158c210
c159c222
c15ac234
c15bc246
c15cc258
c15dc26a
c15ec27c
c15fc287
c160c290
c161c2a2
c162c2b4
c163c2c6
c164c2d8
c165c2ea
c166c2fc
c167c307
c168c310
c169c322
c16ac334
c16bc346
c16cc358
c16dc36a
c16ec37c
c16fc387
c170c390
c171c3a2
c172c3b4
c173c3c6
c174c3d8
c175c3ea
c176c3fc
c177c407
c178c410
c179c422
c17ac434
c17bc446
c17cc458
c17dc46a
c17ec47c
c17fc487
c1800000
c1813ca2
c1823cb4
c1833cc6
c1843cd8
c1853cea
c1863cfc
c1873d07
c1883d10
c1893d22
c18a3d34
c18b3d46
c18c3d58
c18d3d6a
c18e3d7c
c18f3d87
c1903d90
c1913da2
c1923db4
c1933dc6
c1943dd8
c1953dea
c1963dfc
c1973e07
c1983e10
c1993e22
c19a3e34
c19b3e46
c19c3e58
c19d3e6a
c19e3e7c
c19f3e87
c1a03e90
c1a13ea2
c1a23eb4
c1a33ec6
c1a43ed8
c1a53eea
c1a63efc
c1a73f07
c1a83f10
c1a93f22
c1aa3f34
c1ab3f46
c1ac3f58
c1ad3f6a
c1ae3f7c
c1af3f87
c1b03f90
c1b13fa2
c1b23fb4
c1b33fc6
c1b43fd8
c1b53fea
c1b63ffc
c1b74007
c1b84010
c1b94022
c1ba4034
c1bb4046
c1bc4058
c1bd406a
c1be407c
c1bf4087
c1c04090
c1c140a2
c1c240b4
c1c340c6
c1c440d8
c1c540ea
c1c640fc
c1c74107
c1c84110
c1c94122
c1ca4134
c1cb4146
c1cc4158
c1cd416a
c1ce417c
c1cf4187
c1d04190
c1d141a2
c1d241b4
c1d341c6
c1d441d8
c1d541ea
c1d641fc
c1d74207
c1d84210
c1d94222
c1da4234
c1db4246
c1dc4258
c1dd426a
c1de427c
c1df4287
c1e04290
c1e142a2
c1e242b4
c1e342c6
c1e442d8
c1e542ea
c1e642fc
c1e74307
c1e84310
c1e94322
c1ea4334
c1eb4346
c1ec4358
c1ed436a
c1ee437c
c1ef4387
c1f04390
c1f143a2
c1f243b4
c1f343c6
c1f443d8
c1f543ea
c1f643fc
c1f74407
c1f84410
c1f94422
c1fa4434
c1fb4446
c1fc4458
c1fd446a
c1fe447c
c1ff4487
c2000000
c201bcb4
c202bcc8
c203bcdc
c204bcf0
c205bd02
c206bd0c
c207bd16
c208bd20
c209bd34
c20abd48
c20bbd5c
c20cbd70
c20dbd82
c20ebd8c
c20fbd96
c210bda0
c211bdb4
c212bdc8
c213bddc
c214bdf0
c215be02
c216be0c
c217be16
c218be20
c219be34
c21abe48
c21bbe5c
c21cbe70
c21dbe82
c21ebe8c
c21fbe96
c220bea0
c221beb4
c222bec8
c223bedc
c224bef0
c225bf02
c226bf0c
c227bf16
c228bf20
c229bf34
c22abf48
c22bbf5c
c22cbf70
c22dbf82
c22ebf8c
c22fbf96
c230bfa0
c231bfb4
c232bfc8
c233bfdc
c234bff0
c235c002
c236c00c
c237c016
c238c020
c239c034
c23ac048
c23bc05c
c23cc070
c23dc082
c23ec08c
c23fc096
c240c0a0
c241c0b4
c242c0c8
c243c0dc
c244c0f0
c245c102
c246c10c
c247c116
c248c120
c249c134
c24ac148
c24bc15c
c24cc170
c24dc182
c24ec18c
c24fc196
c250c1a0
c251c1b4
c252c1c8
c253c1dc
c254c1f0
c255c202
c256c20c
c257c216
c258c220
c259c234
c25ac248
c25bc25c
c25cc270
c25dc282
c25ec28c
c25fc296
c260c2a0
c261c2b4
c262c2c8
c263c2dc
c264c2f0
c265c302
c266c30c
c267c316
c268c320
c269c334
c26ac348
c26bc35c
c26cc370
c26dc382
c26ec38c
c26fc396
c270c3a0
c271c3b4
c272c3c8
c273c3dc
c274c3f0
c275c402
c276c40c
c277c416
c278c420
c279c434
c27ac448
c27bc45c
c27cc470
c27dc482
c27ec48c
c27fc496
c2800000
c2813cb4
c2823cc8
c2833cdc
c2843cf0
c2853d02
c2863d0c
c2873d16
c2883d20
c2893d34
c28a3d48
c28b3d5c
c28c3d70
c28d3d82
c28e3d8c
c28f3d96
c2903da0
c2913db4
c2923dc8
c2933ddc
c2943df0
c2953e02
c2963e0c
c2973e16
c2983e20
c2993e34
c29a3e48
c29b3e5c
c29c3e70
c29d3e82
c29e3e8c
c29f3e96
c2a03ea0
c2a13eb4
c2a23ec8
c2a33edc
c2a43ef0
c2a53f02
c2a63f0c
c2a73f16
c2a83f20
c2a93f34
c2aa3f48
c2ab3f5c
c2ac3f70
c2ad3f82
c2ae3f8c
c2af3f96
c2b03fa0
c2b13fb4
c2b23fc8
c2b33fdc
c2b43ff0
c2b54002
c2b6400c
c2b74016
c2b84020
c2b94034
c2ba4048
c2bb405c
c2bc4070
c2bd4082
c2be408c
c2bf4096
c2c040a0
c2c140b4
c2c240c8
c2c340dc
c2c440f0
c2c54102
c2c6410c
c2c74116
c2c84120
c2c94134
c2ca4148
c2cb415c
c2cc4170
c2cd4182
c2ce418c
c2cf4196
c2d041a0
c2d141b4
c2d241c8
c2d341dc
c2d441f0
c2d54202
c2d6420c
c2d74216
c2d84220
c2d94234
c2da4248
c2db425c
c2dc4270
c2dd4282
c2de428c
c2df4296
c2e042a0
c2e142b4
c2e242c8
c2e342dc
c2e442f0
c2e54302
c2e6430c
c2e74316
c2e84320
c2e94334
c2ea4348
c2eb435c
c2ec4370
c2ed4382
c2ee438c
c2ef4396
c2f043a0
c2f143b4
c2f243c8
c2f343dc
c2f443f0
c2f54402
c2f6440c
c2f74416
c2f84420
c2f94434
c2fa4448
c2fb445c
c2fc4470
c2fd4482
c2fe448c
c2ff4496
c3000000
c301bcc6
c302bcdc
c303bcf2
c304bd04
c305bd0f
c306bd1a
c307bd25
c308bd30
c309bd46
c30abd5c
c30bbd72
c30cbd84
c30dbd8f
c30ebd9a
c30fbda5
c310bdb0
c311bdc6
c312bddc
c313bdf2
c314be04
c315be0f
c316be1a
c317be25
c318be30
c319be46
c31abe5c
c31bbe72
c31cbe84
c31dbe8f
c31ebe9a
c31fbea5
c320beb0
c321bec6
c322bedc
c323bef2
c324bf04
c325bf0f
c326bf1a
c327bf25
c328bf30
c329bf46
c32abf5c
c32bbf72
c32cbf84
c32dbf8f
c32ebf9a
c32fbfa5
c330bfb0
c331bfc6
c332bfdc
c333bff2
c334c004
c335c00f
c336c01a
c337c025
c338c030
c339c046
c33ac05c
c33bc072
c33cc084
c33dc08f
c33ec09a
c33fc0a5
c340c0b0
c341c0c6
c342c0dc
c343c0f2
c344c104
c345c10f
c346c11a
c347c125
c348c130
c349c146
c34ac15c
c34bc172
c34cc184
c34dc18f
c34ec19a
c34fc1a5
c350c1b0
c351c1c6
c352c1dc
c353c1f2
c354c204
c355c20f
c356c21a
c357c225
c358c230
c359c246
c35ac25c
c35bc272
c35cc284
c35dc28f
c35ec29a
c35fc2a5
c360c2b0
c361c2c6
c362c2dc
c363c2f2
c364c304
c365c30f
c366c31a
c367c325
c368c330
c369c346
c36ac35c
c36bc372
c36cc384
c36dc38f
c36ec39a
c36fc3a5
c370c3b0
c371c3c6
c372c3dc
c373c3f2
c374c404
c375c40f
c376c41a
c377c425
c378c430
c379c446
c37ac45c
c37bc472
c37cc484
c37dc48f
c37ec49a
c37fc4a5
c3800000
c3813cc6
c3823cdc
c3833cf2
c3843d04
c3853d0f
c3863d1a
c3873d25
c3883d30
c3893d46
c38a3d5c
c38b3d72
c38c3d84
c38d3d8f
c38e3d9a
c38f3da5
c3903db0
c3913dc6
c3923ddc
c3933df2
c3943e04
c3953e0f
c3963e1a
c3973e25
c3983e30
c3993e46
c39a3e5c
c39b3e72
c39c3e84
c39d3e8f
c39e3e9a
c39f3ea5
c3a03eb0
c3a13ec6
c3a23edc
c3a33ef2
c3a43f04
c3a53f0f
c3a63f1a
c3a73f25
c3a83f30
c3a93f46
c3aa3f5c
c3ab3f72
c3ac3f84
c3ad3f8f
c3ae3f9a
c3af3fa5
c3b03fb0
c3b13fc6
c3b23fdc
c3b33ff2
c3b44004
c3b5400f
c3b6401a
c3b74025
c3b84030
c3b94046
c3ba405c
c3bb4072
c3bc4084
c3bd408f
c3be409a
c3bf40a5
c3c040b0
c3c140c6
c3c240dc
c3c340f2
c3c44104
c3c5410f
c3c6411a
c3c74125
c3c84130
c3c94146
c3ca415c
c3cb4172
c3cc4184
c3cd418f
c3ce419a
c3cf41a5
c3d041b0
c3d141c6
c3d241dc
c3d341f2
c3d44204
c3d5420f
c3d6421a
c3d74225
c3d84230
c3d94246
c3da425c
c3db4272
c3dc4284
c3dd428f
c3de429a
c3df42a5
c3e042b0
c3e142c6
c3e242dc
c3e342f2
c3e44304
c3e5430f
c3e6431a
c3e74325
c3e84330
c3e94346
c3ea435c
c3eb4372
c3ec4384
c3ed438f
c3ee439a
c3ef43a5
c3f043b0
c3f143c6
c3f243dc
c3f343f2
c3f44404
c3f5440f
c3f6441a
c3f74425
c3f84430
c3f94446
c3fa445c
c3fb4472
c3fc4484
c3fd448f
c3fe449a
c3ff44a5
c4000000
c401bcd8
c402bcf0
c403bd04
c404bd10
c405bd1c
c406bd28
c407bd34
c408bd40
c409bd58
c40abd70
c40bbd84
c40cbd90
c40dbd9c
c40ebda8
c40fbdb4
c410bdc0
c411bdd8
c412bdf0
c413be04
c414be10
c415be1c
c416be28
c417be34
c418be40
c419be58
c41abe70
c41bbe84
c41cbe90
c41dbe9c
c41ebea8
c41fbeb4
c420bec0
c421bed8
c422bef0
c423bf04
c424bf10
c425bf1c
c426bf28
c427bf34
c428bf40
c429bf58
c42abf70
c42bbf84
c42cbf90
c42dbf9c
c42ebfa8
c42fbfb4
c430bfc0
c431bfd8
c432bff0
c433c004
c434c010
c435c01c
c436c028
c437c034
c438c040
c439c058
c43ac070
c43bc084
c43cc090
c43dc09c
c43ec0a8
c43fc0b4
c440c0c0
c441c0d8
c442c0f0
c443c104
c444c110
c445c11c
c446c128
c447c134
c448c140
c449c158
c44ac170
c44bc184
c44cc190
c44dc19c
c44ec1a8
c44fc1b4
c450c1c0
c451c1d8
c452c1f0
c453c204
c454c210
c455c21c
c456c228
c457c234
c458c240
c459c258
c45ac270
c45bc284
c45cc290
c45dc29c
c45ec2a8
c45fc2b4
c460c2c0
c461c2d8
c462c2f0
c463c304
c464c310
c465c31c
c466c328
c467c334
c468c340
c469c358
c46ac370
c46bc384
c46cc390
c46dc39c
c46ec3a8
c46fc3b4
c470c3c0
c471c3d8
c472c3f0
c473c404
c474c410
c475c41c
c476c428
c477c434
c478c440
c479c458
c47ac470
c47bc484
c47cc490
c47dc49c
c47ec4a8
c47fc4b4
c4800000
c4813cd8
c4823cf0
c4833d04
c4843d10
c4853d1c
c4863d28
c4873d34
c4883d40
c4893d58
c48a3d70
c48b3d84
c48c3d90
c48d3d9c
c48e3da8
c48f3db4
c4903dc0
c4913dd8
c4923df0
c4933e04
c4943e10
c4953e1c
c4963e28
c4973e34
c4983e40
c4993e58
c49a3e70
c49b3e84
c49c3e90
c49d3e9c
c49e3ea8
c49f3eb4
c4a03ec0
c4a13ed8
c4a23ef0
c4a33f04
c4a43f10
c4a53f1c
c4a63f28
c4a73f34
c4a83f40
c4a93f58
c4aa3f70
c4ab3f84
c4ac3f90
c4ad3f9c
c4ae3fa8
c4af3fb4
c4b03fc0
c4b13fd8
c4b23ff0
c4b34004
c4b44010
c4b5401c
c4b64028
c4b74034
c4b84040
c4b94058
c4ba4070
c4bb4084
c4bc4090
c4bd409c
c4be40a8
c4bf40b4
c4c040c0
c4c140d8
c4c240f0
c4c34104
c4c44110
c4c5411c
c4c64128
c4c74134
c4c84140
c4c94158
c4ca4170
c4cb4184
c4cc4190
c4cd419c
c4ce41a8
c4cf41b4
c4d041c0
c4d141d8
c4d241f0
c4d34204
c4d44210
c4d5421c
c4d64228
c4d74234
c4d84240
c4d94258
c4da4270
c4db4284
c4dc4290
c4dd429c
c4de42a8
c4df42b4
c4e042c0
c4e142d8
c4e242f0
c4e34304
c4e44310
c4e5431c
c4e64328
c4e74334
c4e84340
c4e94358
c4ea4370
c4eb4384
c4ec4390
c4ed439c
c4ee43a8
c4ef43b4
c4f043c0
c4f143d8
c4f243f0
c4f34404
c4f44410
c4f5441c
c4f64428
c4f74434
c4f84440
c4f94458
c4fa4470
c4fb4484
c4fc4490
c4fd449c
c4fe44a8
c4ff44b4
c5000000
c501bcea
c502bd02
c503bd0f
c504bd1c
c505bd29
c506bd36
c507bd43
c508bd50
c509bd6a
c50abd82
c50bbd8f
c50cbd9c
c50dbda9
c50ebdb6
c50fbdc3
c510bdd0
c511bdea
c512be02
c513be0f
c514be1c
c515be29
c516be36
c517be43
c518be50
c519be6a
c51abe82
c51bbe8f
c51cbe9c
c51dbea9
c51ebeb6
c51fbec3
c520bed0
c521beea
c522bf02
c523bf0f
c524bf1c
c525bf29
c526bf36
c527bf43
c528bf50
c529bf6a
c52abf82
c52bbf8f
c52cbf9c
c52dbfa9
c52ebfb6
c52fbfc3
c530bfd0
c531bfea
c532c002
c533c00f
c534c01c
c535c029
c536c036
c537c043
c538c050
c539c06a
c53ac082
c53bc08f
c53cc09c
c53dc0a9
c53ec0b6
c53fc0c3
c540c0d0
c541c0ea
c542c102
c543c10f
c544c11c
c545c129
c546c136
c547c143
c548c150
c549c16a
c54ac182
c54bc18f
c54cc19c
c54dc1a9
c54ec1b6
c54fc1c3
c550c1d0
c551c1ea
c552c202
c553c20f
c554c21c
c555c229
c556c236
c557c243
c558c250
c559c26a
c55ac282
c55bc28f
c55cc29c
c55dc2a9
c55ec2b6
c55fc2c3
c560c2d0
c561c2ea
c562c302
c563c30f
c564c31c
c565c329
c566c336
c567c343
c568c350
c569c36a
c56ac382
c56bc38f
c56cc39c
c56dc3a9
c56ec3b6
c56fc3c3
c570c3d0
c571c3ea
c572c402
c573c40f
c574c41c
c575c429
c576c436
c577c443
c578c450
c579c46a
c57ac482
c57bc48f
c57cc49c
c57dc4a9
c57ec4b6
c57fc4c3
c5800000
c5813cea
c5823d02
c5833d0f
c5843d1c
c5853d29
c5863d36
c5873d43
c5883d50
c5893d6a
c58a3d82
c58b3d8f
c58c3d9c
c58d3da9
c58e3db6
c58f3dc3
c5903dd0
c5913dea
c5923e02
c5933e0f
c5943e1c
c5953e29
c5963e36
c5973e43
c5983e50
c5993e6a
c59a3e82
c59b3e8f
c59c3e9c
c59d3ea9
c59e3eb6
c59f3ec3
c5a03ed0
c5a13eea
c5a23f02
c5a33f0f
c5a43f1c
c5a53f29
c5a63f36
c5a73f43
c5a83f50
c5a93f6a
c5aa3f82
c5ab3f8f
c5ac3f9c
c5ad3fa9
c5ae3fb6
c5af3fc3
c5b03fd0
c5b13fea
c5b24002
c5b3400f
c5b4401c
c5b54029
c5b64036
c5b74043
c5b84050
c5b9406a
c5ba4082
c5bb408f
c5bc409c
c5bd40a9
c5be40b6
c5bf40c3
c5c040d0
c5c140ea
c5c24102
c5c3410f
c5c4411c
c5c54129
c5c64136
c5c74143
c5c84150
c5c9416a
c5ca4182
c5cb418f
c5cc419c
c5cd41a9
c5ce41b6
c5cf41c3
c5d041d0
c5d141ea
c5d24202
c5d3420f
c5d4421c
c5d54229
c5d64236
c5d74243
c5d84250
c5d9426a
c5da4282
c5db428f
c5dc429c
c5dd42a9
c5de42b6
c5df42c3
c5e042d0
c5e142ea
c5e24302
c5e3430f
c5e4431c
c5e54329
c5e64336
c5e74343
c5e84350
c5e9436a
c5ea4382
c5eb438f
c5ec439c
c5ed43a9
c5ee43b6
c5ef43c3
c5f043d0
c5f143ea
c5f24402
c5f3440f
c5f4441c
c5f54429
c5f64436
c5f74443
c5f84450
c5f9446a
c5fa4482
c5fb448f
c5fc449c
c5fd44a9
c5fe44b6
c5ff44c3
c6000000
c601bcfc
c602bd0c
c603bd1a
c604bd28
c605bd36
c606bd44
c607bd52
c608bd60
c609bd7c
c60abd8c
c60bbd9a
c60cbda8
c60dbdb6
c60ebdc4
c60fbdd2
c610bde0
c611bdfc
c612be0c
c613be1a
c614be28
c615be36
c616be44
c617be52
c618be60
c619be7c
c61abe8c
c61bbe9a
c61cbea8
c61dbeb6
c61ebec4
c61fbed2
c620bee0
c621befc
c622bf0c
c623bf1a
c624bf28
c625bf36
c626bf44
c627bf52
c628bf60
c629bf7c
c62abf8c
c62bbf9a
c62cbfa8
c62dbfb6
c62ebfc4
c62fbfd2
c630bfe0
c631bffc
c632c00c
c633c01a
c634c028
c635c036
c636c044
c637c052
c638c060
c639c07c
c63ac08c
c63bc09a
c63cc0a8
c63dc0b6
c63ec0c4
c63fc0d2
c640c0e0
c641c0fc
c642c10c
c643c11a
c644c128
c645c136
c646c144
c647c152
c648c160
c649c17c
c64ac18c
c64bc19a
c64cc1a8
c64dc1b6
c64ec1c4
c64fc1d2
c650c1e0
c651c1fc
c652c20c
c653c21a
c654c228
c655c236
c656c244
c657c252
c658c260
c659c27c
c65ac28c
c65bc29a
c65cc2a8
c65dc2b6
c65ec2c4
c65fc2d2
c660c2e0
c661c2fc
c662c30c
c663c31a
c664c328
c665c336
c666c344
c667c352
c668c360
c669c37c
c66ac38c
c66bc39a
c66cc3a8
c66dc3b6
c66ec3c4
c66fc3d2
c670c3e0
c671c3fc
c672c40c
c673c41a
c674c428
c675c436
c676c444
c677c452
c678c460
c679c47c
c67ac48c
c67bc49a
c67cc4a8
c67dc4b6
c67ec4c4
c67fc4d2
c6800000
c6813cfc
c6823d0c
c6833d1a
c6843d28
c6853d36
c6863d44
c6873d52
c6883d60
c6893d7c
c68a3d8c
c68b3d9a
c68c3da8
c68d3db6
c68e3dc4
c68f3dd2
c6903de0
c6913dfc
c6923e0c
c6933e1a
c6943e28
c6953e36
c6963e44
c6973e52
c6983e60
c6993e7c
c69a3e8c
c69b3e9a
c69c3ea8
c69d3eb6
c69e3ec4
c69f3ed2
c6a03ee0
c6a13efc
c6a23f0c
c6a33f1a
c6a43f28
c6a53f36
c6a63f44
c6a73f52
c6a83f60
c6a93f7c
c6aa3f8c
c6ab3f9a
c6ac3fa8
c6ad3fb6
c6ae3fc4
c6af3fd2
c6b03fe0
c6b13ffc
c6b2400c
c6b3401a
c6b44028
c6b54036
c6b64044
c6b74052
c6b84060
c6b9407c
c6ba408c
c6bb409a
c6bc40a8
c6bd40b6
c6be40c4
c6bf40d2
c6c040e0
c6c140fc
c6c2410c
c6c3411a
c6c44128
c6c54136
c6c64144
c6c74152
c6c84160
c6c9417c
c6ca418c
c6cb419a
c6cc41a8
c6cd41b6
c6ce41c4
c6cf41d2
c6d041e0
c6d141fc
c6d2420c
c6d3421a
c6d44228
c6d54236
c6d64244
c6d74252
c6d84260
c6d9427c
c6da428c
c6db429a
c6dc42a8
c6dd42b6
c6de42c4
c6df42d2
c6e042e0
c6e142fc
c6e2430c
c6e3431a
c6e44328
c6e54336
c6e64344
c6e74352
c6e84360
c6e9437c
c6ea438c
c6eb439a
c6ec43a8
c6ed43b6
c6ee43c4
c6ef43d2
c6f043e0
c6f143fc
c6f2440c
c6f3441a
c6f44428
c6f54436
c6f64444
c6f74452
c6f84460
c6f9447c
c6fa448c
c6fb449a
c6fc44a8
c6fd44b6
c6fe44c4
c6ff44d2
c7000000
c701bd07
c702bd16
c703bd25
c704bd34
c705bd43
c706bd52
c707bd61
c708bd70
c709bd87
c70abd96
c70bbda5
c70cbdb4
c70dbdc3
c70ebdd2
c70fbde1
c710bdf0
c711be07
c712be16
c713be25
c714be34
c715be43
c716be52
c717be61
c718be70
c719be87
c71abe96
c71bbea5
c71cbeb4
c71dbec3
c71ebed2
c71fbee1
c720bef0
c721bf07
c722bf16
c723bf25
c724bf34
c725bf43
c726bf52
c727bf61
c728bf70
c729bf87
c72abf96
c72bbfa5
c72cbfb4
c72dbfc3
c72ebfd2
c72fbfe1
c730bff0
c731c007
c732c016
c733c025
c734c034
c735c043
c736c052
c737c061
c738c070
c739c087
c73ac096
c73bc0a5
c73cc0b4
c73dc0c3
c73ec0d2
c73fc0e1
c740c0f0
c741c107
c742c116
c743c125
c744c134
c745c143
c746c152
c747c161
c748c170
c749c187
c74ac196
c74bc1a5
c74cc1b4
c74dc1c3
c74ec1d2
c74fc1e1
c750c1f0
c751c207
c752c216
c753c225
c754c234
c755c243
c756c252
c757c261
c758c270
c759c287
c75ac296
c75bc2a5
c75cc2b4
c75dc2c3
c75ec2d2
c75fc2e1
c760c2f0
c761c307
c762c316
c763c325
c764c334
c765c343
c766c352
c767c361
c768c370
c769c387
c76ac396
c76bc3a5
c76cc3b4
c76dc3c3
c76ec3d2
c76fc3e1
c770c3f0
c771c407
c772c416
c773c425
c774c434
c775c443
c776c452
c777c461
c778c470
c779c487
c77ac496
c77bc4a5
c77cc4b4
c77dc4c3
c77ec4d2
c77fc4e1
c7800000
c7813d07
c7823d16
c7833d25
c7843d34
c7853d43
c7863d52
c7873d61
c7883d70
c7893d87
c78a3d96
c78b3da5
c78c3db4
c78d3dc3
c78e3dd2
c78f3de1
c7903df0
c7913e07
c7923e16
c7933e25
c7943e34
c7953e43
c7963e52
c7973e61
c7983e70
c7993e87
c79a3e96
c79b3ea5
c79c3eb4
c79d3ec3
c79e3ed2
c79f3ee1
c7a03ef0
c7a13f07
c7a23f16
c7a33f25
c7a43f34
c7a53f43
c7a63f52
c7a73f61
c7a83f70
c7a93f87
c7aa3f96
c7ab3fa5
c7ac3fb4
c7ad3fc3
c7ae3fd2
c7af3fe1
c7b03ff0
c7b14007
c7b24016
c7b34025
c7b44034
c7b54043
c7b64052
c7b74061
c7b84070
c7b94087
c7ba4096
c7bb40a5
c7bc40b4
c7bd40c3
c7be40d2
c7bf40e1
c7c040f0
c7c14107
c7c24116
c7c34125
c7c44134
c7c54143
c7c64152
c7c74161
c7c84170
c7c94187
c7ca4196
c7cb41a5
c7cc41b4
c7cd41c3
c7ce41d2
c7cf41e1
c7d041f0
c7d14207
c7d24216
c7d34225
c7d44234
c7d54243
c7d64252
c7d74261
c7d84270
c7d94287
c7da4296
c7db42a5
c7dc42b4
c7dd42c3
c7de42d2
c7df42e1
c7e042f0
c7e14307
c7e24316
c7e34325
c7e44334
c7e54343
c7e64352
c7e74361
c7e84370
c7e94387
c7ea4396
c7eb43a5
c7ec43b4
c7ed43c3
c7ee43d2
c7ef43e1
c7f043f0
c7f14407
c7f24416
c7f34425
c7f44434
c7f54443
c7f64452
c7f74461
c7f84470
c7f94487
c7fa4496
c7fb44a5
c7fc44b4
c7fd44c3
c7fe44d2
c7ff44e1
c8000000
c801bd10
c802bd20
c803bd30
c804bd40
c805bd50
c806bd60
c807bd70
c808bd80
c809bd90
c80abda0
c80bbdb0
c80cbdc0
c80dbdd0
c80ebde0
c80fbdf0
c810be00
c811be10
c812be20
c813be30
c814be40
c815be50
c816be60
c817be70
c818be80
c819be90
c81abea0
c81bbeb0
c81cbec0
c81dbed0
c81ebee0
c81fbef0
c820bf00
c821bf10
c822bf20
c823bf30
c824bf40
c825bf50
c826bf60
c827bf70
c828bf80
c829bf90
c82abfa0
c82bbfb0
c82cbfc0
c82dbfd0
c82ebfe0
c82fbff0
c830c000
c831c010
c832c020
c833c030
c834c040
c835c050
c836c060
c837c070
c838c080
c839c090
c83ac0a0
c83bc0b0
c83cc0c0
c83dc0d0
c83ec0e0
c83fc0f0
c840c100
c841c110
c842c120
c843c130
c844c140
c845c150
c846c160
c847c170
c848c180
c849c190
c84ac1a0
c84bc1b0
c84cc1c0
c84dc1d0
c84ec1e0
c84fc1f0
c850c200
c851c210
c852c220
c853c230
c854c240
c855c250
c856c260
c857c270
c858c280
c859c290
c85ac2a0
c85bc2b0
c85cc2c0
c85dc2d0
c85ec2e0
c85fc2f0
c860c300
c861c310
c862c320
c863c330
c864c340
c865c350
c866c360
c867c370
c868c380
c869c390
c86ac3a0
c86bc3b0
c86cc3c0
c86dc3d0
c86ec3e0
c86fc3f0
c870c400
c871c410
c872c420
c873c430
c874c440
c875c450
c876c460
c877c470
c878c480
c879c490
c87ac4a0
c87bc4b0
c87cc4c0
c87dc4d0
c87ec4e0
c87fc4f0
c8800000
c8813d10
c8823d20
c8833d30
c8843d40
c8853d50
c8863d60
c8873d70
c8883d80
c8893d90
c88a3da0
c88b3db0
c88c3dc0
c88d3dd0
c88e3de0
c88f3df0
c8903e00
c8913e10
c8923e20
c8933e30
c8943e40
c8953e50
c8963e60
c8973e70
c8983e80
c8993e90
c89a3ea0
c89b3eb0
c89c3ec0
c89d3ed0
c89e3ee0
c89f3ef0
c8a03f00
c8a13f10
c8a23f20
c8a33f30
c8a43f40
c8a53f50
c8a63f60
c8a73f70
c8a83f80
c8a93f90
c8aa3fa0
c8ab3fb0
c8ac3fc0
c8ad3fd0
c8ae3fe0
c8af3ff0
c8b04000
c8b14010
c8b24020
c8b34030
c8b44040
c8b54050
c8b64060
c8b74070
c8b84080
c8b94090
c8ba40a0
c8bb40b0
c8bc40c0
c8bd40d0
c8be40e0
c8bf40f0
c8c04100
c8c14110
c8c24120
c8c34130
c8c44140
c8c54150
c8c64160
c8c74170
c8c84180
c8c94190
c8ca41a0
c8cb41b0
c8cc41c0
c8cd41d0
c8ce41e0
c8cf41f0
c8d04200
c8d14210
c8d24220
c8d34230
c8d44240
c8d54250
c8d64260
c8d74270
c8d84280
c8d94290
c8da42a0
c8db42b0
c8dc42c0
c8dd42d0
c8de42e0
c8df42f0
c8e04300
c8e14310
c8e24320
c8e34330
c8e44340
c8e54350
c8e64360
c8e74370
c8e84380
c8e94390
c8ea43a0
c8eb43b0
c8ec43c0
c8ed43d0
c8ee43e0
c8ef43f0
c8f04400
c8f14410
c8f24420
c8f34430
c8f44440
c8f54450
c8f64460
c8f74470
c8f84480
c8f94490
c8fa44a0
c8fb44b0
c8fc44c0
c8fd44d0
c8fe44e0
c8ff44f0
c9000000
c901bd22
c902bd34
c903bd46
c904bd58
c905bd6a
c906bd7c
c907bd87
c908bd90
c909bda2
c90abdb4
c90bbdc6
c90cbdd8
c90dbdea
c90ebdfc
c90fbe07
c910be10
c911be22
c912be34
c913be46
c914be58
c915be6a
c916be7c
c917be87
c918be90
c919bea2
c91abeb4
c91bbec6
c91cbed8
c91dbeea
c91ebefc
c91fbf07
c920bf10
c921bf22
c922bf34
c923bf46
c924bf58
c925bf6a
c926bf7c
c927bf87
c928bf90
c929bfa2
c92abfb4
c92bbfc6
c92cbfd8
c92dbfea
c92ebffc
c92fc007
c930c010
c931c022
c932c034
c933c046
c934c058
c935c06a
c936c07c
c937c087
c938c090
c939c0a2
c93ac0b4
c93bc0c6
c93cc0d8
c93dc0ea
c93ec0fc
c93fc107
c940c110
c941c122
c942c134
c943c146
c944c158
c945c16a
c946c17c
c947c187
c948c190
c949c1a2
c94ac1b4
c94bc1c6
c94cc1d8
c94dc1ea
c94ec1fc
c94fc207
c950c210
c951c222
c952c234
c953c246
c954c258
c955c26a
c956c27c
c957c287
c958c290
c959c2a2
c95ac2b4
c95bc2c6
c95cc2d8
c95dc2ea
c95ec2fc
c95fc307
c960c310
c961c322
c962c334
c963c346
c964c358
c965c36a
c966c37c
c967c387
c968c390
c969c3a2
c96ac3b4
c96bc3c6
c96cc3d8
c96dc3ea
c96ec3fc
c96fc407
c970c410
c971c422
c972c434
c973c446
c974c458
c975c46a
c976c47c
c977c487
c978c490
c979c4a2
c97ac4b4
c97bc4c6
c97cc4d8
c97dc4ea
c97ec4fc
c97fc507
c9800000
c9813d22
c9823d34
c9833d46
c9843d58
c9853d6a
c9863d7c
c9873d87
c9883d90
c9893da2
c98a3db4
c98b3dc6
c98c3dd8
c98d3dea
c98e3dfc
c98f3e07
c9903e10
c9913e22
c9923e34
c9933e46
c9943e58
c9953e6a
c9963e7c
c9973e87
c9983e90
c9993ea2
c99a3eb4
c99b3ec6
c99c3ed8
c99d3eea
c99e3efc
c99f3f07
c9a03f10
c9a13f22
c9a23f34
c9a33f46
c9a43f58
c9a53f6a
c9a63f7c
c9a73f87
c9a83f90
c9a93fa2
c9aa3fb4
c9ab3fc6
c9ac3fd8
c9ad3fea
c9ae3ffc
c9af4007
c9b04010
c9b14022
c9b24034
c9b34046
c9b44058
c9b5406a
c9b6407c
c9b74087
c9b84090
c9b940a2
c9ba40b4
c9bb40c6
c9bc40d8
c9bd40ea
c9be40fc
c9bf4107
c9c04110
c9c14122
c9c24134
c9c34146
c9c44158
c9c5416a
c9c6417c
c9c74187
c9c84190
c9c941a2
c9ca41b4
c9cb41c6
c9cc41d8
c9cd41ea
c9ce41fc
c9cf4207
c9d04210
c9d14222
c9d24234
c9d34246
c9d44258
c9d5426a
c9d6427c
c9d74287
c9d84290
c9d942a2
c9da42b4
c9db42c6
c9dc42d8
c9dd42ea
c9de42fc
c9df4307
c9e04310
c9e14322
c9e24334
c9e34346
c9e44358
c9e5436a
c9e6437c
c9e74387
c9e84390
c9e943a2
c9ea43b4
c9eb43c6
c9ec43d8
c9ed43ea
c9ee43fc
c9ef4407
c9f04410
c9f14422
c9f24434
c9f34446
c9f44458
c9f5446a
c9f6447c
c9f74487
c9f84490
c9f944a2
c9fa44b4
c9fb44c6
c9fc44d8
c9fd44ea
c9fe44fc
c9ff4507
ca000000
ca01bd34
ca02bd48
ca03bd5c
ca04bd70
ca05bd82
ca06bd8c
ca07bd96
ca08bda0
ca09bdb4
ca0abdc8
ca0bbddc
ca0cbdf0
ca0dbe02
ca0ebe0c
ca0fbe16
ca10be20
ca11be34
ca12be48
ca13be5c
ca14be70
ca15be82
ca16be8c
ca17be96
ca18bea0
ca19beb4
ca1abec8
ca1bbedc
ca1cbef0
ca1dbf02
ca1ebf0c
ca1fbf16
ca20bf20
ca21bf34
ca22bf48
ca23bf5c
ca24bf70
ca25bf82
ca26bf8c
ca27bf96
ca28bfa0
ca29bfb4
ca2abfc8
ca2bbfdc
ca2cbff0
ca2dc002
ca2ec00c
ca2fc016
ca30c020
ca31c034
ca32c048
ca33c05c
ca34c070
ca35c082
ca36c08c
ca37c096
ca38c0a0
ca39c0b4
ca3ac0c8
ca3bc0dc
ca3cc0f0
ca3dc102
ca3ec10c
ca3fc116
ca40c120
ca41c134
ca42c148
ca43c15c
ca44c170
ca45c182
ca46c18c
ca47c196
ca48c1a0
ca49c1b4
ca4ac1c8
ca4bc1dc
ca4cc1f0
ca4dc202
ca4ec20c
ca4fc216
ca50c220
ca51c234
ca52c248
ca53c25c
ca54c270
ca55c282
ca56c28c
ca57c296
ca58c2a0
ca59c2b4
ca5ac2c8
ca5bc2dc
ca5cc2f0
ca5dc302
ca5ec30c
ca5fc316
ca60c320
ca61c334
ca62c348
ca63c35c
ca64c370
ca65c382
ca66c38c
ca67c396
ca68c3a0
ca69c3b4
ca6ac3c8
ca6bc3dc
ca6cc3f0
ca6dc402
ca6ec40c
ca6fc416
ca70c420
ca71c434
ca72c448
ca73c45c
ca74c470
ca75c482
ca76c48c
ca77c496
ca78c4a0
ca79c4b4
ca7ac4c8
ca7bc4dc
ca7cc4f0
ca7dc502
ca7ec50c
ca7fc516
ca800000
ca813d34
ca823d48
ca833d5c
ca843d70
ca853d82
ca863d8c
ca873d96
ca883da0
ca893db4
ca8a3dc8
ca8b3ddc
ca8c3df0
ca8d3e02
ca8e3e0c
ca8f3e16
ca903e20
ca913e34
ca923e48
ca933e5c
ca943e70
ca953e82
ca963e8c
ca973e96
ca983ea0
ca993eb4
ca9a3ec8
ca9b3edc
ca9c3ef0
ca9d3f02
ca9e3f0c
ca9f3f16
caa03f20
caa13f34
caa23f48
caa33f5c
caa43f70
caa53f82
caa63f8c
caa73f96
caa83fa0
caa93fb4
caaa3fc8
caab3fdc
caac3ff0
caad4002
caae400c
caaf4016
cab04020
cab14034
cab24048
cab3405c
cab44070
cab54082
cab6408c
cab74096
cab840a0
cab940b4
caba40c8
cabb40dc
cabc40f0
cabd4102
cabe410c
cabf4116
cac04120
cac14134
cac24148
cac3415c
cac44170
cac54182
cac6418c
cac74196
cac841a0
cac941b4
caca41c8
cacb41dc
cacc41f0
cacd4202
cace420c
cacf4216
cad04220
cad14234
cad24248
cad3425c
cad44270
cad54282
cad6428c
cad74296
cad842a0
cad942b4
cada42c8
cadb42dc
cadc42f0
cadd4302
cade430c
cadf4316
cae04320
cae14334
cae24348
cae3435c
cae44370
cae54382
cae6438c
cae74396
cae843a0
cae943b4
caea43c8
caeb43dc
caec43f0
caed4402
caee440c
caef4416
caf04420
caf14434
caf24448
caf3445c
caf44470
caf54482
caf6448c
caf74496
caf844a0
caf944b4
cafa44c8
cafb44dc
cafc44f0
cafd4502
cafe450c
caff4516
cb000000
cb01bd46
cb02bd5c
cb03bd72
cb04bd84
cb05bd8f
cb06bd9a
cb07bda5
cb08bdb0
cb09bdc6
cb0abddc
cb0bbdf2
cb0cbe04
cb0dbe0f
cb0ebe1a
cb0fbe25
cb10be30
cb11be46
cb12be5c
cb13be72
cb14be84
cb15be8f
cb16be9a
cb17bea5
cb18beb0
cb19bec6
cb1abedc
cb1bbef2
cb1cbf04
cb1dbf0f
cb1ebf1a
cb1fbf25
cb20bf30
cb21bf46
cb22bf5c
cb23bf72
cb24bf84
cb25bf8f
cb26bf9a
cb27bfa5
cb28bfb0
cb29bfc6
cb2abfdc
cb2bbff2
cb2cc004
cb2dc00f
cb2ec01a
cb2fc025
cb30c030
cb31c046
cb32c05c
cb33c072
cb34c084
cb35c08f
cb36c09a
cb37c0a5
cb38c0b0
cb39c0c6
cb3ac0dc
cb3bc0f2
cb3cc104
cb3dc10f
cb3ec11a
cb3fc125
cb40c130
cb41c146
cb42c15c
cb43c172
cb44c184
cb45c18f
cb46c19a
cb47c1a5
cb48c1b0
cb49c1c6
cb4ac1dc
cb4bc1f2
cb4cc204
cb4dc20f
cb4ec21a
cb4fc225
cb50c230
cb51c246
cb52c25c
cb53c272
cb54c284
cb55c28f
cb56c29a
cb57c2a5
cb58c2b0
cb59c2c6
cb5ac2dc
cb5bc2f2
cb5cc304
cb5dc30f
cb5ec31a
cb5fc325
cb60c330
cb61c346
cb62c35c
cb63c372
cb64c384
cb65c38f
cb66c39a
cb67c3a5
cb68c3b0
cb69c3c6
cb6ac3dc
cb6bc3f2
cb6cc404
cb6dc40f
cb6ec41a
cb6fc425
cb70c430
cb71c446
cb72c45c
cb73c472
cb74c484
cb75c48f
cb76c49a
cb77c4a5
cb78c4b0
cb79c4c6
cb7ac4dc
cb7bc4f2
cb7cc504
cb7dc50f
cb7ec51a
cb7fc525
cb800000
cb813d46
cb823d5c
cb833d72
cb843d84
cb853d8f
cb863d9a
cb873da5
cb883db0
cb893dc6
cb8a3ddc
cb8b3df2
cb8c3e04
cb8d3e0f
cb8e3e1a
cb8f3e25
cb903e30
cb913e46
cb923e5c
cb933e72
cb943e84
cb953e8f
cb963e9a
cb973ea5
cb983eb0
cb993ec6
cb9a3edc
cb9b3ef2
cb9c3f04
cb9d3f0f
cb9e3f1a
cb9f3f25
cba03f30
cba13f46
cba23f5c
cba33f72
cba43f84
cba53f8f
cba63f9a
cba73fa5
cba83fb0
cba93fc6
cbaa3fdc
cbab3ff2
cbac4004
cbad400f
cbae401a
cbaf4025
cbb04030
cbb14046
cbb2405c
cbb34072
cbb44084
cbb5408f
cbb6409a
cbb740a5
cbb840b0
cbb940c6
cbba40dc
cbbb40f2
cbbc4104
cbbd410f
cbbe411a
cbbf4125
cbc04130
cbc14146
cbc2415c
cbc34172
cbc44184
cbc5418f
cbc6419a
cbc741a5
cbc841b0
cbc941c6
cbca41dc
cbcb41f2
cbcc4204
cbcd420f
cbce421a
cbcf4225
cbd04230
cbd14246
cbd2425c
cbd34272
cbd44284
cbd5428f
cbd6429a
cbd742a5
cbd842b0
cbd942c6
cbda42dc
cbdb42f2
cbdc4304
cbdd430f
cbde431a
cbdf4325
cbe04330
cbe14346
cbe2435c
cbe34372
cbe44384
cbe5438f
cbe6439a
cbe743a5
cbe843b0
cbe943c6
cbea43dc
cbeb43f2
cbec4404
cbed440f
cbee441a
cbef4425
cbf04430
cbf14446
cbf2445c
cbf34472
cbf44484
cbf5448f
cbf6449a
cbf744a5
cbf844b0
cbf944c6
cbfa44dc
cbfb44f2
cbfc4504
cbfd450f
cbfe451a
cbff4525
cc000000
cc01bd58
cc02bd70
cc03bd84
cc04bd90
cc05bd9c
cc06bda8
cc07bdb4
cc08bdc0
cc09bdd8
cc0abdf0
cc0bbe04
cc0cbe10
cc0dbe1c
cc0ebe28
cc0fbe34
cc10be40
cc11be58
cc12be70
cc13be84
cc14be90
cc15be9c
cc16bea8
cc17beb4
cc18bec0
cc19bed8
cc1abef0
cc1bbf04
cc1cbf10
cc1dbf1c
cc1ebf28
cc1fbf34
cc20bf40
cc21bf58
cc22bf70
cc23bf84
cc24bf90
cc25bf9c
cc26bfa8
cc27bfb4
cc28bfc0
cc29bfd8
cc2abff0
cc2bc004
cc2cc010
cc2dc01c
cc2ec028
cc2fc034
cc30c040
cc31c058
cc32c070
cc33c084
cc34c090
cc35c09c
cc36c0a8
cc37c0b4
cc38c0c0
cc39c0d8
cc3ac0f0
cc3bc104
cc3cc110
cc3dc11c
cc3ec128
cc3fc134
cc40c140
cc41c158
cc42c170
cc43c184
cc44c190
cc45c19c
cc46c1a8
cc47c1b4
cc48c1c0
cc49c1d8
cc4ac1f0
cc4bc204
cc4cc210
cc4dc21c
cc4ec228
cc4fc234
cc50c240
cc51c258
cc52c270
cc53c284
cc54c290
cc55c29c
cc56c2a8
cc57c2b4
cc58c2c0
cc59c2d8
cc5ac2f0
cc5bc304
cc5cc310
cc5dc31c
cc5ec328
cc5fc334
cc60c340
cc61c358
cc62c370
cc63c384
cc64c390
cc65c39c
cc66c3a8
cc67c3b4
cc68c3c0
cc69c3d8
cc6ac3f0
cc6bc404
cc6cc410
cc6dc41c
cc6ec428
cc6fc434
cc70c440
cc71c458
cc72c470
cc73c484
cc74c490
cc75c49c
cc76c4a8
cc77c4b4
cc78c4c0
cc79c4d8
cc7ac4f0
cc7bc504
cc7cc510
cc7dc51c
cc7ec528
cc7fc534
cc800000
cc813d58
cc823d70
cc833d84
cc843d90
cc853d9c
cc863da8
cc873db4
cc883dc0
cc893dd8
cc8a3df0
cc8b3e04
cc8c3e10
cc8d3e1c
cc8e3e28
cc8f3e34
cc903e40
cc913e58
cc923e70
cc933e84
cc943e90
cc953e9c
cc963ea8
cc973eb4
cc983ec0
cc993ed8
cc9a3ef0
cc9b3f04
cc9c3f10
cc9d3f1c
cc9e3f28
cc9f3f34
cca03f40
cca13f58
cca23f70
cca33f84
cca43f90
cca53f9c
cca63fa8
cca73fb4
cca83fc0
cca93fd8
ccaa3ff0
ccab4004
ccac4010
ccad401c
ccae4028
ccaf4034
ccb04040
ccb14058
ccb24070
ccb34084
ccb44090
ccb5409c
ccb640a8
ccb740b4
ccb840c0
ccb940d8
ccba40f0
ccbb4104
ccbc4110
ccbd411c
ccbe4128
ccbf4134
ccc04140
ccc14158
ccc24170
ccc34184
ccc44190
ccc5419c
ccc641a8
ccc741b4
ccc841c0
ccc941d8
ccca41f0
cccb4204
cccc4210
cccd421c
ccce4228
cccf4234
ccd04240
ccd14258
ccd24270
ccd34284
ccd44290
ccd5429c
ccd642a8
ccd742b4
ccd842c0
ccd942d8
ccda42f0
ccdb4304
ccdc4310
ccdd431c
ccde4328
ccdf4334
cce04340
cce14358
cce24370
cce34384
cce44390
cce5439c
cce643a8
cce743b4
cce843c0
cce943d8
ccea43f0
cceb4404
ccec4410
cced441c
ccee4428
ccef4434
ccf04440
ccf14458
ccf24470
ccf34484
ccf44490
ccf5449c
ccf644a8
ccf744b4
ccf844c0
ccf944d8
ccfa44f0
ccfb4504
ccfc4510
ccfd451c
ccfe4528
ccff4534
cd000000
cd01bd6a
cd02bd82
cd03bd8f
cd04bd9c
cd05bda9
cd06bdb6
cd07bdc3
cd08bdd0
cd09bdea
cd0abe02
cd0bbe0f
cd0cbe1c
cd0dbe29
cd0ebe36
cd0fbe43
cd10be50
cd11be6a
cd12be82
cd13be8f
cd14be9c
cd15bea9
cd16beb6
cd17bec3
cd18bed0
cd19beea
cd1abf02
cd1bbf0f
cd1cbf1c
cd1dbf29
cd1ebf36
cd1fbf43
cd20bf50
cd21bf6a
cd22bf82
cd23bf8f
cd24bf9c
cd25bfa9
cd26bfb6
cd27bfc3
cd28bfd0
cd29bfea
cd2ac002
cd2bc00f
cd2cc01c
cd2dc029
cd2ec036
cd2fc043
cd30c050
cd31c06a
cd32c082
cd33c08f
cd34c09c
cd35c0a9
cd36c0b6
cd37c0c3
cd38c0d0
cd39c0ea
cd3ac102
cd3bc10f
cd3cc11c
cd3dc129
cd3ec136
cd3fc143
cd40c150
cd41c16a
cd42c182
cd43c18f
cd44c19c
cd45c1a9
cd46c1b6
cd47c1c3
cd48c1d0
cd49c1ea
cd4ac202
cd4bc20f
cd4cc21c
cd4dc229
cd4ec236
cd4fc243
cd50c250
cd51c26a
cd52c282
cd53c28f
cd54c29c
cd55c2a9
cd56c2b6
cd57c2c3
cd58c2d0
cd59c2ea
cd5ac302
cd5bc30f
cd5cc31c
cd5dc329
cd5ec336
cd5fc343
cd60c350
cd61c36a
cd62c382
cd63c38f
cd64c39c
cd65c3a9
cd66c3b6
cd67c3c3
cd68c3d0
cd69c3ea
cd6ac402
cd6bc40f
cd6cc41c
cd6dc429
cd6ec436
cd6fc443
cd70c450
cd71c46a
cd72c482
cd73c48f
cd74c49c
cd75c4a9
cd76c4b6
cd77c4c3
cd78c4d0
cd79c4ea
cd7ac502
cd7bc50f
cd7cc51c
cd7dc529
cd7ec536
cd7fc543
cd800000
cd813d6a
cd823d82
cd833d8f
cd843d9c
cd853da9
cd863db6
cd873dc3
cd883dd0
cd893dea
cd8a3e02
cd8b3e0f
cd8c3e1c
cd8d3e29
cd8e3e36
cd8f3e43
cd903e50
cd913e6a
cd923e82
cd933e8f
cd943e9c
cd953ea9
cd963eb6
cd973ec3
cd983ed0
cd993eea
cd9a3f02
cd9b3f0f
cd9c3f1c
cd9d3f29
cd9e3f36
cd9f3f43
cda03f50
cda13f6a
cda23f82
cda33f8f
cda43f9c
cda53fa9
cda63fb6
cda73fc3
cda83fd0
cda93fea
cdaa4002
cdab400f
cdac401c
cdad4029
cdae4036
cdaf4043
cdb04050
cdb1406a
cdb24082
cdb3408f
cdb4409c
cdb540a9
cdb640b6
cdb740c3
cdb840d0
cdb940ea
cdba4102
cdbb410f
cdbc411c
cdbd4129
cdbe4136
cdbf4143
cdc04150
cdc1416a
cdc24182
cdc3418f
cdc4419c
cdc541a9
cdc641b6
cdc741c3
cdc841d0
cdc941ea
cdca4202
cdcb420f
cdcc421c
cdcd4229
cdce4236
cdcf4243
cdd04250
cdd1426a
cdd24282
cdd3428f
cdd4429c
cdd542a9
cdd642b6
cdd742c3
cdd842d0
cdd942ea
cdda4302
cddb430f
cddc431c
cddd4329
cdde4336
cddf4343
cde04350
cde1436a
cde24382
cde3438f
cde4439c
cde543a9
cde643b6
cde743c3
cde843d0
cde943ea
cdea4402
cdeb440f
cdec441c
cded4429
cdee4436
cdef4443
cdf04450
cdf1446a
cdf24482
cdf3448f
cdf4449c
cdf544a9
cdf644b6
cdf744c3
cdf844d0
cdf944ea
cdfa4502
cdfb450f
cdfc451c
cdfd4529
cdfe4536
cdff4543
ce000000
ce01bd7c
ce02bd8c
ce03bd9a
ce04bda8
ce05bdb6
ce06bdc4
ce07bdd2
ce08bde0
ce09bdfc
ce0abe0c
ce0bbe1a
ce0cbe28
ce0dbe36
ce0ebe44
ce0fbe52
ce10be60
ce11be7c
ce12be8c
ce13be9a
ce14bea8
ce15beb6
ce16bec4
ce17bed2
ce18bee0
ce19befc
ce1abf0c
ce1bbf1a
ce1cbf28
ce1dbf36
ce1ebf44
ce1fbf52
ce20bf60
ce21bf7c
ce22bf8c
ce23bf9a
ce24bfa8
ce25bfb6
ce26bfc4
ce27bfd2
ce28bfe0
ce29bffc
ce2ac00c
ce2bc01a
ce2cc028
ce2dc036
ce2ec044
ce2fc052
ce30c060
ce31c07c
ce32c08c
ce33c09a
ce34c0a8
ce35c0b6
ce36c0c4
ce37c0d2
ce38c0e0
ce39c0fc
ce3ac10c
ce3bc11a
ce3cc128
ce3dc136
ce3ec144
ce3fc152
ce40c160
ce41c17c
ce42c18c
ce43c19a
ce44c1a8
ce45c1b6
ce46c1c4
ce47c1d2
ce48c1e0
ce49c1fc
ce4ac20c
ce4bc21a
ce4cc228
ce4dc236
ce4ec244
ce4fc252
ce50c260
ce51c27c
ce52c28c
ce53c29a
ce54c2a8
ce55c2b6
ce56c2c4
ce57c2d2
ce58c2e0
ce59c2fc
ce5ac30c
ce5bc31a
ce5cc328
ce5dc336
ce5ec344
ce5fc352
ce60c360
ce61c37c
ce62c38c
ce63c39a
ce64c3a8
ce65c3b6
ce66c3c4
ce67c3d2
ce68c3e0
ce69c3fc
ce6ac40c
ce6bc41a
ce6cc428
ce6dc436
ce6ec444
ce6fc452
ce70c460
ce71c47c
ce72c48c
ce73c49a
ce74c4a8
ce75c4b6
ce76c4c4
ce77c4d2
ce78c4e0
ce79c4fc
ce7ac50c
ce7bc51a
ce7cc528
ce7dc536
ce7ec544
ce7fc552
ce800000
ce813d7c
ce823d8c
ce833d9a
ce843da8
ce853db6
ce863dc4
ce873dd2
ce883de0
ce893dfc
ce8a3e0c
ce8b3e1a
ce8c3e28
ce8d3e36
ce8e3e44
ce8f3e52
ce903e60
ce913e7c
ce923e8c
ce933e9a
ce943ea8
ce953eb6
ce963ec4
ce973ed2
ce983ee0
ce993efc
ce9a3f0c
ce9b3f1a
ce9c3f28
ce9d3f36
ce9e3f44
ce9f3f52
cea03f60
cea13f7c
cea23f8c
cea33f9a
cea43fa8
cea53fb6
cea63fc4
cea73fd2
cea83fe0
cea93ffc
ceaa400c
ceab401a
ceac4028
cead4036
ceae4044
ceaf4052
ceb04060
ceb1407c
ceb2408c
ceb3409a
ceb440a8
ceb540b6
ceb640c4
ceb740d2
ceb840e0
ceb940fc
ceba410c
cebb411a
cebc4128
cebd4136
cebe4144
cebf4152
cec04160
cec1417c
cec2418c
cec3419a
cec441a8
cec541b6
cec641c4
cec741d2
cec841e0
cec941fc
ceca420c
cecb421a
cecc4228
cecd4236
cece4244
cecf4252
ced04260
ced1427c
ced2428c
ced3429a
ced442a8
ced542b6
ced642c4
ced742d2
ced842e0
ced942fc
ceda430c
cedb431a
cedc4328
cedd4336
cede4344
cedf4352
cee04360
cee1437c
cee2438c
cee3439a
cee443a8
cee543b6
cee643c4
cee743d2
cee843e0
cee943fc
ceea440c
ceeb441a
ceec4428
ceed4436
ceee4444
ceef4452
cef04460
cef1447c
cef2448c
cef3449a
cef444a8
cef544b6
cef644c4
cef744d2
cef844e0
cef944fc
cefa450c
cefb451a
cefc4528
cefd4536
cefe4544
ceff4552
cf000000
cf01bd87
cf02bd96
cf03bda5
cf04bdb4
cf05bdc3
cf06bdd2
cf07bde1
cf08bdf0
cf09be07
cf0abe16
cf0bbe25
cf0cbe34
cf0dbe43
cf0ebe52
cf0fbe61
cf10be70
cf11be87
cf12be96
cf13bea5
cf14beb4
cf15bec3
cf16bed2
cf17bee1
cf18bef0
cf19bf07
cf1abf16
cf1bbf25
cf1cbf34
cf1dbf43
cf1ebf52
cf1fbf61
cf20bf70
cf21bf87
cf22bf96
cf23bfa5
cf24bfb4
cf25bfc3
cf26bfd2
cf27bfe1
cf28bff0
cf29c007
cf2ac016
cf2bc025
cf2cc034
cf2dc043
cf2ec052
cf2fc061
cf30c070
cf31c087
cf32c096
cf33c0a5
cf34c0b4
cf35c0c3
cf36c0d2
cf37c0e1
cf38c0f0
cf39c107
cf3ac116
cf3bc125
cf3cc134
cf3dc143
cf3ec152
cf3fc161
cf40c170
cf41c187
cf42c196
cf43c1a5
cf44c1b4
cf45c1c3
cf46c1d2
cf47c1e1
cf48c1f0
cf49c207
cf4ac216
cf4bc225
cf4cc234
cf4dc243
cf4ec252
cf4fc261
cf50c270
cf51c287
cf52c296
cf53c2a5
cf54c2b4
cf55c2c3
cf56c2d2
cf57c2e1
cf58c2f0
cf59c307
cf5ac316
cf5bc325
cf5cc334
cf5dc343
cf5ec352
cf5fc361
cf60c370
cf61c387
cf62c396
cf63c3a5
cf64c3b4
cf65c3c3
cf66c3d2
cf67c3e1
cf68c3f0
cf69c407
cf6ac416
cf6bc425
cf6cc434
cf6dc443
cf6ec452
cf6fc461
cf70c470
cf71c487
cf72c496
cf73c4a5
cf74c4b4
cf75c4c3
cf76c4d2
cf77c4e1
cf78c4f0
cf79c507
cf7ac516
cf7bc525
cf7cc534
cf7dc543
cf7ec552
cf7fc561
cf800000
cf813d87
cf823d96
cf833da5
cf843db4
cf853dc3
cf863dd2
cf873de1
cf883df0
cf893e07
cf8a3e16
cf8b3e25
cf8c3e34
cf8d3e43
cf8e3e52
cf8f3e61
cf903e70
cf913e87
cf923e96
cf933ea5
cf943eb4
cf953ec3
cf963ed2
cf973ee1
cf983ef0
cf993f07
cf9a3f16
cf9b3f25
cf9c3f34
cf9d3f43
cf9e3f52
cf9f3f61
cfa03f70
cfa13f87
cfa23f96
cfa33fa5
cfa43fb4
cfa53fc3
cfa63fd2
cfa73fe1
cfa83ff0
cfa94007
cfaa4016
cfab4025
cfac4034
cfad4043
cfae4052
cfaf4061
cfb04070
cfb14087
cfb24096
cfb340a5
cfb440b4
cfb540c3
cfb640d2
cfb740e1
cfb840f0
cfb94107
cfba4116
cfbb4125
cfbc4134
cfbd4143
cfbe4152
cfbf4161
cfc04170
cfc14187
cfc24196
cfc341a5
cfc441b4
cfc541c3
cfc641d2
cfc741e1
cfc841f0
cfc94207
cfca4216
cfcb4225
cfcc4234
cfcd4243
cfce4252
cfcf4261
cfd04270
cfd14287
cfd24296
cfd342a5
cfd442b4
cfd542c3
cfd642d2
cfd742e1
cfd842f0
cfd94307
cfda4316
cfdb4325
cfdc4334
cfdd4343
cfde4352
cfdf4361
cfe04370
cfe14387
cfe24396
cfe343a5
cfe443b4
cfe543c3
cfe643d2
cfe743e1
cfe843f0
cfe94407
cfea4416
cfeb4425
cfec4434
cfed4443
cfee4452
cfef4461
cff04470
cff14487
cff24496
cff344a5
cff444b4
cff544c3
cff644d2
cff744e1
cff844f0
cff94507
cffa4516
cffb4525
cffc4534
cffd4543
cffe4552
cfff4561
d0000000
d001bd90
d002bda0
d003bdb0
d004bdc0
d005bdd0
d006bde0
d007bdf0
d008be00
d009be10
d00abe20
d00bbe30
d00cbe40
d00dbe50
d00ebe60
d00fbe70
d010be80
d011be90
d012bea0
d013beb0
d014bec0
d015bed0
d016bee0
d017bef0
d018bf00
d019bf10
d01abf20
d01bbf30
d01cbf40
d01dbf50
d01ebf60
d01fbf70
d020bf80
d021bf90
d022bfa0
d023bfb0
d024bfc0
d025bfd0
d026bfe0
d027bff0
d028c000
d029c010
d02ac020
d02bc030
d02cc040
d02dc050
d02ec060
d02fc070
d030c080
d031c090
d032c0a0
d033c0b0
d034c0c0
d035c0d0
d036c0e0
d037c0f0
d038c100
d039c110
d03ac120
d03bc130
d03cc140
d03dc150
d03ec160
d03fc170
d040c180
d041c190
d042c1a0
d043c1b0
d044c1c0
d045c1d0
d046c1e0
d047c1f0
d048c200
d049c210
d04ac220
d04bc230
d04cc240
d04dc250
d04ec260
d04fc270
d050c280
d051c290
d052c2a0
d053c2b0
d054c2c0
d055c2d0
d056c2e0
d057c2f0
d058c300
d059c310
d05ac320
d05bc330
d05cc340
d05dc350
d05ec360
d05fc370
d060c380
d061c390
d062c3a0
d063c3b0
d064c3c0
d065c3d0
d066c3e0
d067c3f0
d068c400
d069c410
d06ac420
d06bc430
d06cc440
d06dc450
d06ec460
d06fc470
d070c480
d071c490
d072c4a0
d073c4b0
d074c4c0
d075c4d0
d076c4e0
d077c4f0
d078c500
d079c510
d07ac520
d07bc530
d07cc540
d07dc550
d07ec560
d07fc570
d0800000
d0813d90
d0823da0
d0833db0
d0843dc0
d0853dd0
d0863de0
d0873df0
d0883e00
d0893e10
d08a3e20
d08b3e30
d08c3e40
d08d3e50
d08e3e60
d08f3e70
d0903e80
d0913e90
d0923ea0
d0933eb0
d0943ec0
d0953ed0
d0963ee0
d0973ef0
d0983f00
d0993f10
d09a3f20
d09b3f30
d09c3f40
d09d3f50
d09e3f60
d09f3f70
d0a03f80
d0a13f90
d0a23fa0
d0a33fb0
d0a43fc0
d0a53fd0
d0a63fe0
d0a73ff0
d0a84000
d0a94010
d0aa4020
d0ab4030
d0ac4040
d0ad4050
d0ae4060
d0af4070
d0b04080
d0b14090
d0b240a0
d0b340b0
d0b440c0
d0b540d0
d0b640e0
d0b740f0
d0b84100
d0b94110
d0ba4120
d0bb4130
d0bc4140
d0bd4150
d0be4160
d0bf4170
d0c04180
d0c14190
d0c241a0
d0c341b0
d0c441c0
d0c541d0
d0c641e0
d0c741f0
d0c84200
d0c94210
d0ca4220
d0cb4230
d0cc4240
d0cd4250
d0ce4260
d0cf4270
d0d04280
d0d14290
d0d242a0
d0d342b0
d0d442c0
d0d542d0
d0d642e0
d0d742f0
d0d84300
d0d94310
d0da4320
d0db4330
d0dc4340
d0dd4350
d0de4360
d0df4370
d0e04380
d0e14390
d0e243a0
d0e343b0
d0e443c0
d0e543d0
d0e643e0
d0e743f0
d0e84400
d0e94410
d0ea4420
d0eb4430
d0ec4440
d0ed4450
d0ee4460
d0ef4470
d0f04480
d0f14490
d0f244a0
d0f344b0
d0f444c0
d0f544d0
d0f644e0
d0f744f0
d0f84500
d0f94510
d0fa4520
d0fb4530
d0fc4540
d0fd4550
d0fe4560
d0ff4570
d1000000
d101bda2
d102bdb4
d103bdc6
d104bdd8
d105bdea
d106bdfc
d107be07
d108be10
d109be22
d10abe34
d10bbe46
d10cbe58
d10dbe6a
d10ebe7c
d10fbe87
d110be90
d111bea2
d112beb4
d113bec6
d114bed8
d115beea
d116befc
d117bf07
d118bf10
d119bf22
d11abf34
d11bbf46
d11cbf58
d11dbf6a
d11ebf7c
d11fbf87
d120bf90
d121bfa2
d122bfb4
d123bfc6
d124bfd8
d125bfea
d126bffc
d127c007
d128c010
d129c022
d12ac034
d12bc046
d12cc058
d12dc06a
d12ec07c
d12fc087
d130c090
d131c0a2
d132c0b4
d133c0c6
d134c0d8
d135c0ea
d136c0fc
d137c107
d138c110
d139c122
d13ac134
d13bc146
d13cc158
d13dc16a
d13ec17c
d13fc187
d140c190
d141c1a2
d142c1b4
d143c1c6
d144c1d8
d145c1ea
d146c1fc
d147c207
d148c210
d149c222
d14ac234
d14bc246
d14cc258
d14dc26a
d14ec27c
d14fc287
d150c290
d151c2a2
d152c2b4
d153c2c6
d154c2d8
d155c2ea
d156c2fc
d157c307
d158c310
d159c322
d15ac334
d15bc346
d15cc358
d15dc36a
d15ec37c
d15fc387
d160c390
d161c3a2
d162c3b4
d163c3c6
d164c3d8
d165c3ea
d166c3fc
d167c407
d168c410
d169c422
d16ac434
d16bc446
d16cc458
d16dc46a
d16ec47c
d16fc487
d170c490
d171c4a2
d172c4b4
d173c4c6
d174c4d8
d175c4ea
d176c4fc
d177c507
d178c510
d179c522
d17ac534
d17bc546
d17cc558
d17dc56a
d17ec57c
d17fc587
d1800000
d1813da2
d1823db4
d1833dc6
d1843dd8
d1853dea
d1863dfc
d1873e07
d1883e10
d1893e22
d18a3e34
d18b3e46
d18c3e58
d18d3e6a
d18e3e7c
d18f3e87
d1903e90
d1913ea2
d1923eb4
d1933ec6
d1943ed8
d1953eea
d1963efc
d1973f07
d1983f10
d1993f22
d19a3f34
d19b3f46
d19c3f58
d19d3f6a
d19e3f7c
d19f3f87
d1a03f90
d1a13fa2
d1a23fb4
d1a33fc6
d1a43fd8
d1a53fea
d1a63ffc
d1a74007
d1a84010
d1a94022
d1aa4034
d1ab4046
d1ac4058
d1ad406a
d1ae407c
d1af4087
d1b04090
d1b140a2
d1b240b4
d1b340c6
d1b440d8
d1b540ea
d1b640fc
d1b74107
d1b84110
d1b94122
d1ba4134
d1bb4146
d1bc4158
d1bd416a
d1be417c
d1bf4187
d1c04190
d1c141a2
d1c241b4
d1c341c6
d1c441d8
d1c541ea
d1c641fc
d1c74207
d1c84210
d1c94222
d1ca4234
d1cb4246
d1cc4258
d1cd426a
d1ce427c
d1cf4287
d1d04290
d1d142a2
d1d242b4
d1d342c6
d1d442d8
d1d542ea
d1d642fc
d1d74307
d1d84310
d1d94322
d1da4334
d1db4346
d1dc4358
d1dd436a
d1de437c
d1df4387
d1e04390
d1e143a2
d1e243b4
d1e343c6
d1e443d8
d1e543ea
d1e643fc
d1e74407
d1e84410
d1e94422
d1ea4434
d1eb4446
d1ec4458
d1ed446a
d1ee447c
d1ef4487
d1f04490
d1f144a2
d1f244b4
d1f344c6
d1f444d8
d1f544ea
d1f644fc
d1f74507
d1f84510
d1f94522
d1fa4534
d1fb4546
d1fc4558
d1fd456a
d1fe457c
d1ff4587
d2000000
d201bdb4
d202bdc8
d203bddc
d204bdf0
d205be02
d206be0c
d207be16
d208be20
d209be34
d20abe48
d20bbe5c
d20cbe70
d20dbe82
d20ebe8c
d20fbe96
d210bea0
d211beb4
d212bec8
d213bedc
d214bef0
d215bf02
d216bf0c
d217bf16
d218bf20
d219bf34
d21abf48
d21bbf5c
d21cbf70
d21dbf82
d21ebf8c
d21fbf96
d220bfa0
d221bfb4
d222bfc8
d223bfdc
d224bff0
d225c002
d226c00c
d227c016
d228c020
d229c034
d22ac048
d22bc05c
d22cc070
d22dc082
d22ec08c
d22fc096
d230c0a0
d231c0b4
d232c0c8
d233c0dc
d234c0f0
d235c102
d236c10c
d237c116
d238c120
d239c134
d23ac148
d23bc15c
d23cc170
d23dc182
d23ec18c
d23fc196
d240c1a0
d241c1b4
d242c1c8
d243c1dc
d244c1f0
d245c202
d246c20c
d247c216
d248c220
d249c234
d24ac248
d24bc25c
d24cc270
d24dc282
d24ec28c
d24fc296
d250c2a0
d251c2b4
d252c2c8
d253c2dc
d254c2f0
d255c302
d256c30c
d257c316
d258c320
d259c334
d25ac348
d25bc35c
d25cc370
d25dc382
d25ec38c
d25fc396
d260c3a0
d261c3b4
d262c3c8
d263c3dc
d264c3f0
d265c402
d266c40c
d267c416
d268c420
d269c434
d26ac448
d26bc45c
d26cc470
d26dc482
d26ec48c
d26fc496
d270c4a0
d271c4b4
d272c4c8
d273c4dc
d274c4f0
d275c502
d276c50c
d277c516
d278c520
d279c534
d27ac548
d27bc55c
d27cc570
d27dc582
d27ec58c
d27fc596
d2800000
d2813db4
d2823dc8
d2833ddc
d2843df0
d2853e02
d2863e0c
d2873e16
d2883e20
d2893e34
d28a3e48
d28b3e5c
d28c3e70
d28d3e82
d28e3e8c
d28f3e96
d2903ea0
d2913eb4
d2923ec8
d2933edc
d2943ef0
d2953f02
d2963f0c
d2973f16
d2983f20
d2993f34
d29a3f48
d29b3f5c
d29c3f70
d29d3f82
d29e3f8c
d29f3f96
d2a03fa0
d2a13fb4
d2a23fc8
d2a33fdc
d2a43ff0
d2a54002
d2a6400c
d2a74016
d2a84020
d2a94034
d2aa4048
d2ab405c
d2ac4070
d2ad4082
d2ae408c
d2af4096
d2b040a0
d2b140b4
d2b240c8
d2b340dc
d2b440f0
d2b54102
d2b6410c
d2b74116
d2b84120
d2b94134
d2ba4148
d2bb415c
d2bc4170
d2bd4182
d2be418c
d2bf4196
d2c041a0
d2c141b4
d2c241c8
d2c341dc
d2c441f0
d2c54202
d2c6420c
d2c74216
d2c84220
d2c94234
d2ca4248
d2cb425c
d2cc4270
d2cd4282
d2ce428c
d2cf4296
d2d042a0
d2d142b4
d2d242c8
d2d342dc
d2d442f0
d2d54302
d2d6430c
d2d74316
d2d84320
d2d94334
d2da4348
d2db435c
d2dc4370
d2dd4382
d2de438c
d2df4396
d2e043a0
d2e143b4
d2e243c8
d2e343dc
d2e443f0
d2e54402
d2e6440c
d2e74416
d2e84420
d2e94434
d2ea4448
d2eb445c
d2ec4470
d2ed4482
d2ee448c
d2ef4496
d2f044a0
d2f144b4
d2f244c8
d2f344dc
d2f444f0
d2f54502
d2f6450c
d2f74516
d2f84520
d2f94534
d2fa4548
d2fb455c
d2fc4570
d2fd4582
d2fe458c
d2ff4596
d3000000
d301bdc6
d302bddc
d303bdf2
d304be04
d305be0f
d306be1a
d307be25
d308be30
d309be46
d30abe5c
d30bbe72
d30cbe84
d30dbe8f
d30ebe9a
d30fbea5
d310beb0
d311bec6
d312bedc
d313bef2
d314bf04
d315bf0f
d316bf1a
d317bf25
d318bf30
d319bf46
d31abf5c
d31bbf72
d31cbf84
d31dbf8f
d31ebf9a
d31fbfa5
d320bfb0
d321bfc6
d322bfdc
d323bff2
d324c004
d325c00f
d326c01a
d327c025
d328c030
d329c046
d32ac05c
d32bc072
d32cc084
d32dc08f
d32ec09a
d32fc0a5
d330c0b0
d331c0c6
d332c0dc
d333c0f2
d334c104
d335c10f
d336c11a
d337c125
d338c130
d339c146
d33ac15c
d33bc172
d33cc184
d33dc18f
d33ec19a
d33fc1a5
d340c1b0
d341c1c6
d342c1dc
d343c1f2
d344c204
d345c20f
d346c21a
d347c225
d348c230
d349c246
d34ac25c
d34bc272
d34cc284
d34dc28f
d34ec29a
d34fc2a5
d350c2b0
d351c2c6
d352c2dc
d353c2f2
d354c304
d355c30f
d356c31a
d357c325
d358c330
d359c346
d35ac35c
d35bc372
d35cc384
d35dc38f
d35ec39a
d35fc3a5
d360c3b0
d361c3c6
d362c3dc
d363c3f2
d364c404
d365c40f
d366c41a
d367c425
d368c430
d369c446
d36ac45c
d36bc472
d36cc484
d36dc48f
d36ec49a
d36fc4a5
d370c4b0
d371c4c6
d372c4dc
d373c4f2
d374c504
d375c50f
d376c51a
d377c525
d378c530
d379c546
d37ac55c
d37bc572
d37cc584
d37dc58f
d37ec59a
d37fc5a5
d3800000
d3813dc6
d3823ddc
d3833df2
d3843e04
d3853e0f
d3863e1a
d3873e25
d3883e30
d3893e46
d38a3e5c
d38b3e72
d38c3e84
d38d3e8f
d38e3e9a
d38f3ea5
d3903eb0
d3913ec6
d3923edc
d3933ef2
d3943f04
d3953f0f
d3963f1a
d3973f25
d3983f30
d3993f46
d39a3f5c
d39b3f72
d39c3f84
d39d3f8f
d39e3f9a
d39f3fa5
d3a03fb0
d3a13fc6
d3a23fdc
d3a33ff2
d3a44004
d3a5400f
d3a6401a
d3a74025
d3a84030
d3a94046
d3aa405c
d3ab4072
d3ac4084
d3ad408f
d3ae409a
d3af40a5
d3b040b0
d3b140c6
d3b240dc
d3b340f2
d3b44104
d3b5410f
d3b6411a
d3b74125
d3b84130
d3b94146
d3ba415c
d3bb4172
d3bc4184
d3bd418f
d3be419a
d3bf41a5
d3c041b0
d3c141c6
d3c241dc
d3c341f2
d3c44204
d3c5420f
d3c6421a
d3c74225
d3c84230
d3c94246
d3ca425c
d3cb4272
d3cc4284
d3cd428f
d3ce429a
d3cf42a5
d3d042b0
d3d142c6
d3d242dc
d3d342f2
d3d44304
d3d5430f
d3d6431a
d3d74325
d3d84330
d3d94346
d3da435c
d3db4372
d3dc4384
d3dd438f
d3de439a
d3df43a5
d3e043b0
d3e143c6
d3e243dc
d3e343f2
d3e44404
d3e5440f
d3e6441a
d3e74425
d3e84430
d3e94446
d3ea445c
d3eb4472
d3ec4484
d3ed448f
d3ee449a
d3ef44a5
d3f044b0
d3f144c6
d3f244dc
d3f344f2
d3f44504
d3f5450f
d3f6451a
d3f74525
d3f84530
d3f94546
d3fa455c
d3fb4572
d3fc4584
d3fd458f
d3fe459a
d3ff45a5
d4000000
d401bdd8
d402bdf0
d403be04
d404be10
d405be1c
d406be28
d407be34
d408be40
d409be58
d40abe70
d40bbe84
d40cbe90
d40dbe9c
d40ebea8
d40fbeb4
d410bec0
d411bed8
d412bef0
d413bf04
d414bf10
d415bf1c
d416bf28
d417bf34
d418bf40
d419bf58
d41abf70
d41bbf84
d41cbf90
d41dbf9c
d41ebfa8
d41fbfb4
d420bfc0
d421bfd8
d422bff0
d423c004
d424c010
d425c01c
d426c028
d427c034
d428c040
d429c058
d42ac070
d42bc084
d42cc090
d42dc09c
d42ec0a8
d42fc0b4
d430c0c0
d431c0d8
d432c0f0
d433c104
d434c110
d435c11c
d436c128
d437c134
d438c140
d439c158
d43ac170
d43bc184
d43cc190
d43dc19c
d43ec1a8
d43fc1b4
d440c1c0
d441c1d8
d442c1f0
d443c204
d444c210
d445c21c
d446c228
d447c234
d448c240
d449c258
d44ac270
d44bc284
d44cc290
d44dc29c
d44ec2a8
d44fc2b4
d450c2c0
d451c2d8
d452c2f0
d453c304
d454c310
d455c31c
d456c328
d457c334
d458c340
d459c358
d45ac370
d45bc384
d45cc390
d45dc39c
d45ec3a8
d45fc3b4
d460c3c0
d461c3d8
d462c3f0
d463c404
d464c410
d465c41c
d466c428
d467c434
d468c440
d469c458
d46ac470
d46bc484
d46cc490
d46dc49c
d46ec4a8
d46fc4b4
d470c4c0
d471c4d8
d472c4f0
d473c504
d474c510
d475c51c
d476c528
d477c534
d478c540
d479c558
d47ac570
d47bc584
d47cc590
d47dc59c
d47ec5a8
d47fc5b4
d4800000
d4813dd8
d4823df0
d4833e04
d4843e10
d4853e1c
d4863e28
d4873e34
d4883e40
d4893e58
d48a3e70
d48b3e84
d48c3e90
d48d3e9c
d48e3ea8
d48f3eb4
d4903ec0
d4913ed8
d4923ef0
d4933f04
d4943f10
d4953f1c
d4963f28
d4973f34
d4983f40
d4993f58
d49a3f70
d49b3f84
d49c3f90
d49d3f9c
d49e3fa8
d49f3fb4
d4a03fc0
d4a13fd8
d4a23ff0
d4a34004
d4a44010
d4a5401c
d4a64028
d4a74034
d4a84040
d4a94058
d4aa4070
d4ab4084
d4ac4090
d4ad409c
d4ae40a8
d4af40b4
d4b040c0
d4b140d8
d4b240f0
d4b34104
d4b44110
d4b5411c
d4b64128
d4b74134
d4b84140
d4b94158
d4ba4170
d4bb4184
d4bc4190
d4bd419c
d4be41a8
d4bf41b4
d4c041c0
d4c141d8
d4c241f0
d4c34204
d4c44210
d4c5421c
d4c64228
d4c74234
d4c84240
d4c94258
d4ca4270
d4cb4284
d4cc4290
d4cd429c
d4ce42a8
d4cf42b4
d4d042c0
d4d142d8
d4d242f0
d4d34304
d4d44310
d4d5431c
d4d64328
d4d74334
d4d84340
d4d94358
d4da4370
d4db4384
d4dc4390
d4dd439c
d4de43a8
d4df43b4
d4e043c0
d4e143d8
d4e243f0
d4e34404
d4e44410
d4e5441c
d4e64428
d4e74434
d4e84440
d4e94458
d4ea4470
d4eb4484
d4ec4490
d4ed449c
d4ee44a8
d4ef44b4
d4f044c0
d4f144d8
d4f244f0
d4f34504
d4f44510
d4f5451c
d4f64528
d4f74534
d4f84540
d4f94558
d4fa4570
d4fb4584
d4fc4590
d4fd459c
d4fe45a8
d4ff45b4
d5000000
d501bdea
d502be02
d503be0f
d504be1c
d505be29
d506be36
d507be43
d508be50
d509be6a
d50abe82
d50bbe8f
d50cbe9c
d50dbea9
d50ebeb6
d50fbec3
d510bed0
d511beea
d512bf02
d513bf0f
d514bf1c
d515bf29
d516bf36
d517bf43
d518bf50
d519bf6a
d51abf82
d51bbf8f
d51cbf9c
d51dbfa9
d51ebfb6
d51fbfc3
d520bfd0
d521bfea
d522c002
d523c00f
d524c01c
d525c029
d526c036
d527c043
d528c050
d529c06a
d52ac082
d52bc08f
d52cc09c
d52dc0a9
d52ec0b6
d52fc0c3
d530c0d0
d531c0ea
d532c102
d533c10f
d534c11c
d535c129
d536c136
d537c143
d538c150
d539c16a
d53ac182
d53bc18f
d53cc19c
d53dc1a9
d53ec1b6
d53fc1c3
d540c1d0
d541c1ea
d542c202
d543c20f
d544c21c
d545c229
d546c236
d547c243
d548c250
d549c26a
d54ac282
d54bc28f
d54cc29c
d54dc2a9
d54ec2b6
d54fc2c3
d550c2d0
d551c2ea
d552c302
d553c30f
d554c31c
d555c329
d556c336
d557c343
d558c350
d559c36a
d55ac382
d55bc38f
d55cc39c
d55dc3a9
d55ec3b6
d55fc3c3
d560c3d0
d561c3ea
d562c402
d563c40f
d564c41c
d565c429
d566c436
d567c443
d568c450
d569c46a
d56ac482
d56bc48f
d56cc49c
d56dc4a9
d56ec4b6
d56fc4c3
d570c4d0
d571c4ea
d572c502
d573c50f
d574c51c
d575c529
d576c536
d577c543
d578c550
d579c56a
d57ac582
d57bc58f
d57cc59c
d57dc5a9
d57ec5b6
d57fc5c3
d5800000
d5813dea
d5823e02
d5833e0f
d5843e1c
d5853e29
d5863e36
d5873e43
d5883e50
d5893e6a
d58a3e82
d58b3e8f
d58c3e9c
d58d3ea9
d58e3eb6
d58f3ec3
d5903ed0
d5913eea
d5923f02
d5933f0f
d5943f1c
d5953f29
d5963f36
d5973f43
d5983f50
d5993f6a
d59a3f82
d59b3f8f
d59c3f9c
d59d3fa9
d59e3fb6
d59f3fc3
d5a03fd0
d5a13fea
d5a24002
d5a3400f
d5a4401c
d5a54029
d5a64036
d5a74043
d5a84050
d5a9406a
d5aa4082
d5ab408f
d5ac409c
d5ad40a9
d5ae40b6
d5af40c3
d5b040d0
d5b140ea
d5b24102
d5b3410f
d5b4411c
d5b54129
d5b64136
d5b74143
d5b84150
d5b9416a
d5ba4182
d5bb418f
d5bc419c
d5bd41a9
d5be41b6
d5bf41c3
d5c041d0
d5c141ea
d5c24202
d5c3420f
d5c4421c
d5c54229
d5c64236
d5c74243
d5c84250
d5c9426a
d5ca4282
d5cb428f
d5cc429c
d5cd42a9
d5ce42b6
d5cf42c3
d5d042d0
d5d142ea
d5d24302
d5d3430f
d5d4431c
d5d54329
d5d64336
d5d74343
d5d84350
d5d9436a
d5da4382
d5db438f
d5dc439c
d5dd43a9
d5de43b6
d5df43c3
d5e043d0
d5e143ea
d5e24402
d5e3440f
d5e4441c
d5e54429
d5e64436
d5e74443
d5e84450
d5e9446a
d5ea4482
d5eb448f
d5ec449c
d5ed44a9
d5ee44b6
d5ef44c3
d5f044d0
d5f144ea
d5f24502
d5f3450f
d5f4451c
d5f54529
d5f64536
d5f74543
d5f84550
d5f9456a
d5fa4582
d5fb458f
d5fc459c
d5fd45a9
d5fe45b6
d5ff45c3
d6000000
d601bdfc
d602be0c
d603be1a
d604be28
d605be36
d606be44
d607be52
d608be60
d609be7c
d60abe8c
d60bbe9a
d60cbea8
d60dbeb6
d60ebec4
d60fbed2
d610bee0
d611befc
d612bf0c
d613bf1a
d614bf28
d615bf36
d616bf44
d617bf52
d618bf60
d619bf7c
d61abf8c
d61bbf9a
d61cbfa8
d61dbfb6
d61ebfc4
d61fbfd2
d620bfe0
d621bffc
d622c00c
d623c01a
d624c028
d625c036
d626c044
d627c052
d628c060
d629c07c
d62ac08c
d62bc09a
d62cc0a8
d62dc0b6
d62ec0c4
d62fc0d2
d630c0e0
d631c0fc
d632c10c
d633c11a
d634c128
d635c136
d636c144
d637c152
d638c160
d639c17c
d63ac18c
d63bc19a
d63cc1a8
d63dc1b6
d63ec1c4
d63fc1d2
d640c1e0
d641c1fc
d642c20c
d643c21a
d644c228
d645c236
d646c244
d647c252
d648c260
d649c27c
d64ac28c
d64bc29a
d64cc2a8
d64dc2b6
d64ec2c4
d64fc2d2
d650c2e0
d651c2fc
d652c30c
d653c31a
d654c328
d655c336
d656c344
d657c352
d658c360
d659c37c
d65ac38c
d65bc39a
d65cc3a8
d65dc3b6
d65ec3c4
d65fc3d2
d660c3e0
d661c3fc
d662c40c
d663c41a
d664c428
d665c436
d666c444
d667c452
d668c460
d669c47c
d66ac48c
d66bc49a
d66cc4a8
d66dc4b6
d66ec4c4
d66fc4d2
d670c4e0
d671c4fc
d672c50c
d673c51a
d674c528
d675c536
d676c544
d677c552
d678c560
d679c57c
d67ac58c
d67bc59a
d67cc5a8
d67dc5b6
d67ec5c4
d67fc5d2
d6800000
d6813dfc
d6823e0c
d6833e1a
d6843e28
d6853e36
d6863e44
d6873e52
d6883e60
d6893e7c
d68a3e8c
d68b3e9a
d68c3ea8
d68d3eb6
d68e3ec4
d68f3ed2
d6903ee0
d6913efc
d6923f0c
d6933f1a
d6943f28
d6953f36
d6963f44
d6973f52
d6983f60
d6993f7c
d69a3f8c
d69b3f9a
d69c3fa8
d69d3fb6
d69e3fc4
d69f3fd2
d6a03fe0
d6a13ffc
d6a2400c
d6a3401a
d6a44028
d6a54036
d6a64044
d6a74052
d6a84060
d6a9407c
d6aa408c
d6ab409a
d6ac40a8
d6ad40b6
d6ae40c4
d6af40d2
d6b040e0
d6b140fc
d6b2410c
d6b3411a
d6b44128
d6b54136
d6b64144
d6b74152
d6b84160
d6b9417c
d6ba418c
d6bb419a
d6bc41a8
d6bd41b6
d6be41c4
d6bf41d2
d6c041e0
d6c141fc
d6c2420c
d6c3421a
d6c44228
d6c54236
d6c64244
d6c74252
d6c84260
d6c9427c
d6ca428c
d6cb429a
d6cc42a8
d6cd42b6
d6ce42c4
d6cf42d2
d6d042e0
d6d142fc
d6d2430c
d6d3431a
d6d44328
d6d54336
d6d64344
d6d74352
d6d84360
d6d9437c
d6da438c
d6db439a
d6dc43a8
d6dd43b6
d6de43c4
d6df43d2
d6e043e0
d6e143fc
d6e2440c
d6e3441a
d6e44428
d6e54436
d6e64444
d6e74452
d6e84460
d6e9447c
d6ea448c
d6eb449a
d6ec44a8
d6ed44b6
d6ee44c4
d6ef44d2
d6f044e0
d6f144fc
d6f2450c
d6f3451a
d6f44528
d6f54536
d6f64544
d6f74552
d6f84560
d6f9457c
d6fa458c
d6fb459a
d6fc45a8
d6fd45b6
d6fe45c4
d6ff45d2
d7000000
d701be07
d702be16
d703be25
d704be34
d705be43
d706be52
d707be61
d708be70
d709be87
d70abe96
d70bbea5
d70cbeb4
d70dbec3
d70ebed2
d70fbee1
d710bef0
d711bf07
d712bf16
d713bf25
d714bf34
d715bf43
d716bf52
d717bf61
d718bf70
d719bf87
d71abf96
d71bbfa5
d71cbfb4
d71dbfc3
d71ebfd2
d71fbfe1
d720bff0
d721c007
d722c016
d723c025
d724c034
d725c043
d726c052
d727c061
d728c070
d729c087
d72ac096
d72bc0a5
d72cc0b4
d72dc0c3
d72ec0d2
d72fc0e1
d730c0f0
d731c107
d732c116
d733c125
d734c134
d735c143
d736c152
d737c161
d738c170
d739c187
d73ac196
d73bc1a5
d73cc1b4
d73dc1c3
d73ec1d2
d73fc1e1
d740c1f0
d741c207
d742c216
d743c225
d744c234
d745c243
d746c252
d747c261
d748c270
d749c287
d74ac296
d74bc2a5
d74cc2b4
d74dc2c3
d74ec2d2
d74fc2e1
d750c2f0
d751c307
d752c316
d753c325
d754c334
d755c343
d756c352
d757c361
d758c370
d759c387
d75ac396
d75bc3a5
d75cc3b4
d75dc3c3
d75ec3d2
d75fc3e1
d760c3f0
d761c407
d762c416
d763c425
d764c434
d765c443
d766c452
d767c461
d768c470
d769c487
d76ac496
d76bc4a5
d76cc4b4
d76dc4c3
d76ec4d2
d76fc4e1
d770c4f0
d771c507
d772c516
d773c525
d774c534
d775c543
d776c552
d777c561
d778c570
d779c587
d77ac596
d77bc5a5
d77cc5b4
d77dc5c3
d77ec5d2
d77fc5e1
d7800000
d7813e07
d7823e16
d7833e25
d7843e34
d7853e43
d7863e52
d7873e61
d7883e70
d7893e87
d78a3e96
d78b3ea5
d78c3eb4
d78d3ec3
d78e3ed2
d78f3ee1
d7903ef0
d7913f07
d7923f16
d7933f25
d7943f34
d7953f43
d7963f52
d7973f61
d7983f70
d7993f87
d79a3f96
d79b3fa5
d79c3fb4
d79d3fc3
d79e3fd2
d79f3fe1
d7a03ff0
d7a14007
d7a24016
d7a34025
d7a44034
d7a54043
d7a64052
d7a74061
d7a84070
d7a94087
d7aa4096
d7ab40a5
d7ac40b4
d7ad40c3
d7ae40d2
d7af40e1
d7b040f0
d7b14107
d7b24116
d7b34125
d7b44134
d7b54143
d7b64152
d7b74161
d7b84170
d7b94187
d7ba4196
d7bb41a5
d7bc41b4
d7bd41c3
d7be41d2
d7bf41e1
d7c041f0
d7c14207
d7c24216
d7c34225
d7c44234
d7c54243
d7c64252
d7c74261
d7c84270
d7c94287
d7ca4296
d7cb42a5
d7cc42b4
d7cd42c3
d7ce42d2
d7cf42e1
d7d042f0
d7d14307
d7d24316
d7d34325
d7d44334
d7d54343
d7d64352
d7d74361
d7d84370
d7d94387
d7da4396
d7db43a5
d7dc43b4
d7dd43c3
d7de43d2
d7df43e1
d7e043f0
d7e14407
d7e24416
d7e34425
d7e44434
d7e54443
d7e64452
d7e74461
d7e84470
d7e94487
d7ea4496
d7eb44a5
d7ec44b4
d7ed44c3
d7ee44d2
d7ef44e1
d7f044f0
d7f14507
d7f24516
d7f34525
d7f44534
d7f54543
d7f64552
d7f74561
d7f84570
d7f94587
d7fa4596
d7fb45a5
d7fc45b4
d7fd45c3
d7fe45d2
d7ff45e1
d8000000
d801be10
d802be20
d803be30
d804be40
d805be50
d806be60
d807be70
d808be80
d809be90
d80abea0
d80bbeb0
d80cbec0
d80dbed0
d80ebee0
d80fbef0
d810bf00
d811bf10
d812bf20
d813bf30
d814bf40
d815bf50
d816bf60
d817bf70
d818bf80
d819bf90
d81abfa0
d81bbfb0
d81cbfc0
d81dbfd0
d81ebfe0
d81fbff0
d820c000
d821c010
d822c020
d823c030
d824c040
d825c050
d826c060
d827c070
d828c080
d829c090
d82ac0a0
d82bc0b0
d82cc0c0
d82dc0d0
d82ec0e0
d82fc0f0
d830c100
d831c110
d832c120
d833c130
d834c140
d835c150
d836c160
d837c170
d838c180
d839c190
d83ac1a0
d83bc1b0
d83cc1c0
d83dc1d0
d83ec1e0
d83fc1f0
d840c200
d841c210
d842c220
d843c230
d844c240
d845c250
d846c260
d847c270
d848c280
d849c290
d84ac2a0
d84bc2b0
d84cc2c0
d84dc2d0
d84ec2e0
d84fc2f0
d850c300
d851c310
d852c320
d853c330
d854c340
d855c350
d856c360
d857c370
d858c380
d859c390
d85ac3a0
d85bc3b0
d85cc3c0
d85dc3d0
d85ec3e0
d85fc3f0
d860c400
d861c410
d862c420
d863c430
d864c440
d865c450
d866c460
d867c470
d868c480
d869c490
d86ac4a0
d86bc4b0
d86cc4c0
d86dc4d0
d86ec4e0
d86fc4f0
d870c500
d871c510
d872c520
d873c530
d874c540
d875c550
d876c560
d877c570
d878c580
d879c590
d87ac5a0
d87bc5b0
d87cc5c0
d87dc5d0
d87ec5e0
d87fc5f0
d8800000
d8813e10
d8823e20
d8833e30
d8843e40
d8853e50
d8863e60
d8873e70
d8883e80
d8893e90
d88a3ea0
d88b3eb0
d88c3ec0
d88d3ed0
d88e3ee0
d88f3ef0
d8903f00
d8913f10
d8923f20
d8933f30
d8943f40
d8953f50
d8963f60
d8973f70
d8983f80
d8993f90
d89a3fa0
d89b3fb0
d89c3fc0
d89d3fd0
d89e3fe0
d89f3ff0
d8a04000
d8a14010
d8a24020
d8a34030
d8a44040
d8a54050
d8a64060
d8a74070
d8a84080
d8a94090
d8aa40a0
d8ab40b0
d8ac40c0
d8ad40d0
d8ae40e0
d8af40f0
d8b04100
d8b14110
d8b24120
d8b34130
d8b44140
d8b54150
d8b64160
d8b74170
d8b84180
d8b94190
d8ba41a0
d8bb41b0
d8bc41c0
d8bd41d0
d8be41e0
d8bf41f0
d8c04200
d8c14210
d8c24220
d8c34230
d8c44240
d8c54250
d8c64260
d8c74270
d8c84280
d8c94290
d8ca42a0
d8cb42b0
d8cc42c0
d8cd42d0
d8ce42e0
d8cf42f0
d8d04300
d8d14310
d8d24320
d8d34330
d8d44340
d8d54350
d8d64360
d8d74370
d8d84380
d8d94390
d8da43a0
d8db43b0
d8dc43c0
d8dd43d0
d8de43e0
d8df43f0
d8e04400
d8e14410
d8e24420
d8e34430
d8e44440
d8e54450
d8e64460
d8e74470
d8e84480
d8e94490
d8ea44a0
d8eb44b0
d8ec44c0
d8ed44d0
d8ee44e0
d8ef44f0
d8f04500
d8f14510
d8f24520
d8f34530
d8f44540
d8f54550
d8f64560
d8f74570
d8f84580
d8f94590
d8fa45a0
d8fb45b0
d8fc45c0
d8fd45d0
d8fe45e0
d8ff45f0
d9000000
d901be22
d902be34
d903be46
d904be58
d905be6a
d906be7c
d907be87
d908be90
d909bea2
d90abeb4
d90bbec6
d90cbed8
d90dbeea
d90ebefc
d90fbf07
d910bf10
d911bf22
d912bf34
d913bf46
d914bf58
d915bf6a
d916bf7c
d917bf87
d918bf90
d919bfa2
d91abfb4
d91bbfc6
d91cbfd8
d91dbfea
d91ebffc
d91fc007
d920c010
d921c022
d922c034
d923c046
d924c058
d925c06a
d926c07c
d927c087
d928c090
d929c0a2
d92ac0b4
d92bc0c6
d92cc0d8
d92dc0ea
d92ec0fc
d92fc107
d930c110
d931c122
d932c134
d933c146
d934c158
d935c16a
d936c17c
d937c187
d938c190
d939c1a2
d93ac1b4
d93bc1c6
d93cc1d8
d93dc1ea
d93ec1fc
d93fc207
d940c210
d941c222
d942c234
d943c246
d944c258
d945c26a
d946c27c
d947c287
d948c290
d949c2a2
d94ac2b4
d94bc2c6
d94cc2d8
d94dc2ea
d94ec2fc
d94fc307
d950c310
d951c322
d952c334
d953c346
d954c358
d955c36a
d956c37c
d957c387
d958c390
d959c3a2
d95ac3b4
d95bc3c6
d95cc3d8
d95dc3ea
d95ec3fc
d95fc407
d960c410
d961c422
d962c434
d963c446
d964c458
d965c46a
d966c47c
d967c487
d968c490
d969c4a2
d96ac4b4
d96bc4c6
d96cc4d8
d96dc4ea
d96ec4fc
d96fc507
d970c510
d971c522
d972c534
d973c546
d974c558
d975c56a
d976c57c
d977c587
d978c590
d979c5a2
d97ac5b4
d97bc5c6
d97cc5d8
d97dc5ea
d97ec5fc
d97fc607
d9800000
d9813e22
d9823e34
d9833e46
d9843e58
d9853e6a
d9863e7c
d9873e87
d9883e90
d9893ea2
d98a3eb4
d98b3ec6
d98c3ed8
d98d3eea
d98e3efc
d98f3f07
d9903f10
d9913f22
d9923f34
d9933f46
d9943f58
d9953f6a
d9963f7c
d9973f87
d9983f90
d9993fa2
d99a3fb4
d99b3fc6
d99c3fd8
d99d3fea
d99e3ffc
d99f4007
d9a04010
d9a14022
d9a24034
d9a34046
d9a44058
d9a5406a
d9a6407c
d9a74087
d9a84090
d9a940a2
d9aa40b4
d9ab40c6
d9ac40d8
d9ad40ea
d9ae40fc
d9af4107
d9b04110
d9b14122
d9b24134
d9b34146
d9b44158
d9b5416a
d9b6417c
d9b74187
d9b84190
d9b941a2
d9ba41b4
d9bb41c6
d9bc41d8
d9bd41ea
d9be41fc
d9bf4207
d9c04210
d9c14222
d9c24234
d9c34246
d9c44258
d9c5426a
d9c6427c
d9c74287
d9c84290
d9c942a2
d9ca42b4
d9cb42c6
d9cc42d8
d9cd42ea
d9ce42fc
d9cf4307
d9d04310
d9d14322
d9d24334
d9d34346
d9d44358
d9d5436a
d9d6437c
d9d74387
d9d84390
d9d943a2
d9da43b4
d9db43c6
d9dc43d8
d9dd43ea
d9de43fc
d9df4407
d9e04410
d9e14422
d9e24434
d9e34446
d9e44458
d9e5446a
d9e6447c
d9e74487
d9e84490
d9e944a2
d9ea44b4
d9eb44c6
d9ec44d8
d9ed44ea
d9ee44fc
d9ef4507
d9f04510
d9f14522
d9f24534
d9f34546
d9f44558
d9f5456a
d9f6457c
d9f74587
d9f84590
d9f945a2
d9fa45b4
d9fb45c6
d9fc45d8
d9fd45ea
d9fe45fc
d9ff4607
da000000
da01be34
da02be48
da03be5c
da04be70
da05be82
da06be8c
da07be96
da08bea0
da09beb4
da0abec8
da0bbedc
da0cbef0
da0dbf02
da0ebf0c
da0fbf16
da10bf20
da11bf34
da12bf48
da13bf5c
da14bf70
da15bf82
da16bf8c
da17bf96
da18bfa0
da19bfb4
da1abfc8
da1bbfdc
da1cbff0
da1dc002
da1ec00c
da1fc016
da20c020
da21c034
da22c048
da23c05c
da24c070
da25c082
da26c08c
da27c096
da28c0a0
da29c0b4
da2ac0c8
da2bc0dc
da2cc0f0
da2dc102
da2ec10c
da2fc116
da30c120
da31c134
da32c148
da33c15c
da34c170
da35c182
da36c18c
da37c196
da38c1a0
da39c1b4
da3ac1c8
da3bc1dc
da3cc1f0
da3dc202
da3ec20c
da3fc216
da40c220
da41c234
da42c248
da43c25c
da44c270
da45c282
da46c28c
da47c296
da48c2a0
da49c2b4
da4ac2c8
da4bc2dc
da4cc2f0
da4dc302
da4ec30c
da4fc316
da50c320
da51c334
da52c348
da53c35c
da54c370
da55c382
da56c38c
da57c396
da58c3a0
da59c3b4
da5ac3c8
da5bc3dc
da5cc3f0
da5dc402
da5ec40c
da5fc416
da60c420
da61c434
da62c448
da63c45c
da64c470
da65c482
da66c48c
da67c496
da68c4a0
da69c4b4
da6ac4c8
da6bc4dc
da6cc4f0
da6dc502
da6ec50c
da6fc516
da70c520
da71c534
da72c548
da73c55c
da74c570
da75c582
da76c58c
da77c596
da78c5a0
da79c5b4
da7ac5c8
da7bc5dc
da7cc5f0
da7dc602
da7ec60c
da7fc616
da800000
da813e34
da823e48
da833e5c
da843e70
da853e82
da863e8c
da873e96
da883ea0
da893eb4
da8a3ec8
da8b3edc
da8c3ef0
da8d3f02
da8e3f0c
da8f3f16
da903f20
da913f34
da923f48
da933f5c
da943f70
da953f82
da963f8c
da973f96
da983fa0
da993fb4
da9a3fc8
da9b3fdc
da9c3ff0
da9d4002
da9e400c
da9f4016
daa04020
daa14034
daa24048
daa3405c
daa44070
daa54082
daa6408c
daa74096
daa840a0
daa940b4
daaa40c8
daab40dc
daac40f0
daad4102
daae410c
daaf4116
dab04120
dab14134
dab24148
dab3415c
dab44170
dab54182
dab6418c
dab74196
dab841a0
dab941b4
daba41c8
dabb41dc
dabc41f0
dabd4202
dabe420c
dabf4216
dac04220
dac14234
dac24248
dac3425c
dac44270
dac54282
dac6428c
dac74296
dac842a0
dac942b4
daca42c8
dacb42dc
dacc42f0
dacd4302
dace430c
dacf4316
dad04320
dad14334
dad24348
dad3435c
dad44370
dad54382
dad6438c
dad74396
dad843a0
dad943b4
dada43c8
dadb43dc
dadc43f0
dadd4402
dade440c
dadf4416
dae04420
dae14434
dae24448
dae3445c
dae44470
dae54482
dae6448c
dae74496
dae844a0
dae944b4
daea44c8
daeb44dc
daec44f0
daed4502
daee450c
daef4516
daf04520
daf14534
daf24548
daf3455c
daf44570
daf54582
daf6458c
daf74596
daf845a0
daf945b4
dafa45c8
dafb45dc
dafc45f0
dafd4602
dafe460c
daff4616
db000000
db01be46
db02be5c
db03be72
db04be84
db05be8f
db06be9a
db07bea5
db08beb0
db09bec6
db0abedc
db0bbef2
db0cbf04
db0dbf0f
db0ebf1a
db0fbf25
db10bf30
db11bf46
db12bf5c
db13bf72
db14bf84
db15bf8f
db16bf9a
db17bfa5
db18bfb0
db19bfc6
db1abfdc
db1bbff2
db1cc004
db1dc00f
db1ec01a
db1fc025
db20c030
db21c046
db22c05c
db23c072
db24c084
db25c08f
db26c09a
db27c0a5
db28c0b0
db29c0c6
db2ac0dc
db2bc0f2
db2cc104
db2dc10f
db2ec11a
db2fc125
db30c130
db31c146
db32c15c
db33c172
db34c184
db35c18f
db36c19a
db37c1a5
db38c1b0
db39c1c6
db3ac1dc
db3bc1f2
db3cc204
db3dc20f
db3ec21a
db3fc225
db40c230
db41c246
db42c25c
db43c272
db44c284
db45c28f
db46c29a
db47c2a5
db48c2b0
db49c2c6
db4ac2dc
db4bc2f2
db4cc304
db4dc30f
db4ec31a
db4fc325
db50c330
db51c346
db52c35c
db53c372
db54c384
db55c38f
db56c39a
db57c3a5
db58c3b0
db59c3c6
db5ac3dc
db5bc3f2
db5cc404
db5dc40f
db5ec41a
db5fc425
db60c430
db61c446
db62c45c
db63c472
db64c484
db65c48f
db66c49a
db67c4a5
db68c4b0
db69c4c6
db6ac4dc
db6bc4f2
db6cc504
db6dc50f
db6ec51a
db6fc525
db70c530
db71c546
db72c55c
db73c572
db74c584
db75c58f
db76c59a
db77c5a5
db78c5b0
db79c5c6
db7ac5dc
db7bc5f2
db7cc604
db7dc60f
db7ec61a
db7fc625
db800000
db813e46
db823e5c
db833e72
db843e84
db853e8f
db863e9a
db873ea5
db883eb0
db893ec6
db8a3edc
db8b3ef2
db8c3f04
db8d3f0f
db8e3f1a
db8f3f25
db903f30
db913f46
db923f5c
db933f72
db943f84
db953f8f
db963f9a
db973fa5
db983fb0
db993fc6
db9a3fdc
db9b3ff2
db9c4004
db9d400f
db9e401a
db9f4025
dba04030
dba14046
dba2405c
dba34072
dba44084
dba5408f
dba6409a
dba740a5
dba840b0
dba940c6
dbaa40dc
dbab40f2
dbac4104
dbad410f
dbae411a
dbaf4125
dbb04130
dbb14146
dbb2415c
dbb34172
dbb44184
dbb5418f
dbb6419a
dbb741a5
dbb841b0
dbb941c6
dbba41dc
dbbb41f2
dbbc4204
dbbd420f
dbbe421a
dbbf4225
dbc04230
dbc14246
dbc2425c
dbc34272
dbc44284
dbc5428f
dbc6429a
dbc742a5
dbc842b0
dbc942c6
dbca42dc
dbcb42f2
dbcc4304
dbcd430f
dbce431a
dbcf4325
dbd04330
dbd14346
dbd2435c
dbd34372
dbd44384
dbd5438f
dbd6439a
dbd743a5
dbd843b0
dbd943c6
dbda43dc
dbdb43f2
dbdc4404
dbdd440f
dbde441a
dbdf4425
dbe04430
dbe14446
dbe2445c
dbe34472
dbe44484
dbe5448f
dbe6449a
dbe744a5
dbe844b0
dbe944c6
dbea44dc
dbeb44f2
dbec4504
dbed450f
dbee451a
dbef4525
dbf04530
dbf14546
dbf2455c
dbf34572
dbf44584
dbf5458f
dbf6459a
dbf745a5
dbf845b0
dbf945c6
dbfa45dc
dbfb45f2
dbfc4604
dbfd460f
dbfe461a
dbff4625
dc000000
dc01be58
dc02be70
dc03be84
dc04be90
dc05be9c
dc06bea8
dc07beb4
dc08bec0
dc09bed8
dc0abef0
dc0bbf04
dc0cbf10
dc0dbf1c
dc0ebf28
dc0fbf34
dc10bf40
dc11bf58
dc12bf70
dc13bf84
dc14bf90
dc15bf9c
dc16bfa8
dc17bfb4
dc18bfc0
dc19bfd8
dc1abff0
dc1bc004
dc1cc010
dc1dc01c
dc1ec028
dc1fc034
dc20c040
dc21c058
dc22c070
dc23c084
dc24c090
dc25c09c
dc26c0a8
dc27c0b4
dc28c0c0
dc29c0d8
dc2ac0f0
dc2bc104
dc2cc110
dc2dc11c
dc2ec128
dc2fc134
dc30c140
dc31c158
dc32c170
dc33c184
dc34c190
dc35c19c
dc36c1a8
dc37c1b4
dc38c1c0
dc39c1d8
dc3ac1f0
dc3bc204
dc3cc210
dc3dc21c
dc3ec228
dc3fc234
dc40c240
dc41c258
dc42c270
dc43c284
dc44c290
dc45c29c
dc46c2a8
dc47c2b4
dc48c2c0
dc49c2d8
dc4ac2f0
dc4bc304
dc4cc310
dc4dc31c
dc4ec328
dc4fc334
dc50c340
dc51c358
dc52c370
dc53c384
dc54c390
dc55c39c
dc56c3a8
dc57c3b4
dc58c3c0
dc59c3d8
dc5ac3f0
dc5bc404
dc5cc410
dc5dc41c
dc5ec428
dc5fc434
dc60c440
dc61c458
dc62c470
dc63c484
dc64c490
dc65c49c
dc66c4a8
dc67c4b4
dc68c4c0
dc69c4d8
dc6ac4f0
dc6bc504
dc6cc510
dc6dc51c
dc6ec528
dc6fc534
dc70c540
dc71c558
dc72c570
dc73c584
dc74c590
dc75c59c
dc76c5a8
dc77c5b4
dc78c5c0
dc79c5d8
dc7ac5f0
dc7bc604
dc7cc610
dc7dc61c
dc7ec628
dc7fc634
dc800000
dc813e58
dc823e70
dc833e84
dc843e90
dc853e9c
dc863ea8
dc873eb4
dc883ec0
dc893ed8
dc8a3ef0
dc8b3f04
dc8c3f10
dc8d3f1c
dc8e3f28
dc8f3f34
dc903f40
dc913f58
dc923f70
dc933f84
dc943f90
dc953f9c
dc963fa8
dc973fb4
dc983fc0
dc993fd8
dc9a3ff0
dc9b4004
dc9c4010
dc9d401c
dc9e4028
dc9f4034
dca04040
dca14058
dca24070
dca34084
dca44090
dca5409c
dca640a8
dca740b4
dca840c0
dca940d8
dcaa40f0
dcab4104
dcac4110
dcad411c
dcae4128
dcaf4134
dcb04140
dcb14158
dcb24170
dcb34184
dcb44190
dcb5419c
dcb641a8
dcb741b4
dcb841c0
dcb941d8
dcba41f0
dcbb4204
dcbc4210
dcbd421c
dcbe4228
dcbf4234
dcc04240
dcc14258
dcc24270
dcc34284
dcc44290
dcc5429c
dcc642a8
dcc742b4
dcc842c0
dcc942d8
dcca42f0
dccb4304
dccc4310
dccd431c
dcce4328
dccf4334
dcd04340
dcd14358
dcd24370
dcd34384
dcd44390
dcd5439c
dcd643a8
dcd743b4
dcd843c0
dcd943d8
dcda43f0
dcdb4404
dcdc4410
dcdd441c
dcde4428
dcdf4434
dce04440
dce14458
dce24470
dce34484
dce44490
dce5449c
dce644a8
dce744b4
dce844c0
dce944d8
dcea44f0
dceb4504
dcec4510
dced451c
dcee4528
dcef4534
dcf04540
dcf14558
dcf24570
dcf34584
dcf44590
dcf5459c
dcf645a8
dcf745b4
dcf845c0
dcf945d8
dcfa45f0
dcfb4604
dcfc4610
dcfd461c
dcfe4628
dcff4634
dd000000
dd01be6a
dd02be82
dd03be8f
dd04be9c
dd05bea9
dd06beb6
dd07bec3
dd08bed0
dd09beea
dd0abf02
dd0bbf0f
dd0cbf1c
dd0dbf29
dd0ebf36
dd0fbf43
dd10bf50
dd11bf6a
dd12bf82
dd13bf8f
dd14bf9c
dd15bfa9
dd16bfb6
dd17bfc3
dd18bfd0
dd19bfea
dd1ac002
dd1bc00f
dd1cc01c
dd1dc029
dd1ec036
dd1fc043
dd20c050
dd21c06a
dd22c082
dd23c08f
dd24c09c
dd25c0a9
dd26c0b6
dd27c0c3
dd28c0d0
dd29c0ea
dd2ac102
dd2bc10f
dd2cc11c
dd2dc129
dd2ec136
dd2fc143
dd30c150
dd31c16a
dd32c182
dd33c18f
dd34c19c
dd35c1a9
dd36c1b6
dd37c1c3
dd38c1d0
dd39c1ea
dd3ac202
dd3bc20f
dd3cc21c
dd3dc229
dd3ec236
dd3fc243
dd40c250
dd41c26a
dd42c282
dd43c28f
dd44c29c
dd45c2a9
dd46c2b6
dd47c2c3
dd48c2d0
dd49c2ea
dd4ac302
dd4bc30f
dd4cc31c
dd4dc329
dd4ec336
dd4fc343
dd50c350
dd51c36a
dd52c382
dd53c38f
dd54c39c
dd55c3a9
dd56c3b6
dd57c3c3
dd58c3d0
dd59c3ea
dd5ac402
dd5bc40f
dd5cc41c
dd5dc429
dd5ec436
dd5fc443
dd60c450
dd61c46a
dd62c482
dd63c48f
dd64c49c
dd65c4a9
dd66c4b6
dd67c4c3
dd68c4d0
dd69c4ea
dd6ac502
dd6bc50f
dd6cc51c
dd6dc529
dd6ec536
dd6fc543
dd70c550
dd71c56a
dd72c582
dd73c58f
dd74c59c
dd75c5a9
dd76c5b6
dd77c5c3
dd78c5d0
dd79c5ea
dd7ac602
dd7bc60f
dd7cc61c
dd7dc629
dd7ec636
dd7fc643
dd800000
dd813e6a
dd823e82
dd833e8f
dd843e9c
dd853ea9
dd863eb6
dd873ec3
dd883ed0
dd893eea
dd8a3f02
dd8b3f0f
dd8c3f1c
dd8d3f29
dd8e3f36
dd8f3f43
dd903f50
dd913f6a
dd923f82
dd933f8f
dd943f9c
dd953fa9
dd963fb6
dd973fc3
dd983fd0
dd993fea
dd9a4002
dd9b400f
dd9c401c
dd9d4029
dd9e4036
dd9f4043
dda04050
dda1406a
dda24082
dda3408f
dda4409c
dda540a9
dda640b6
dda740c3
dda840d0
dda940ea
ddaa4102
ddab410f
ddac411c
ddad4129
ddae4136
ddaf4143
ddb04150
ddb1416a
ddb24182
ddb3418f
ddb4419c
ddb541a9
ddb641b6
ddb741c3
ddb841d0
ddb941ea
ddba4202
ddbb420f
ddbc421c
ddbd4229
ddbe4236
ddbf4243
ddc04250
ddc1426a
ddc24282
ddc3428f
ddc4429c
ddc542a9
ddc642b6
ddc742c3
ddc842d0
ddc942ea
ddca4302
ddcb430f
ddcc431c
ddcd4329
ddce4336
ddcf4343
ddd04350
ddd1436a
ddd24382
ddd3438f
ddd4439c
ddd543a9
ddd643b6
ddd743c3
ddd843d0
ddd943ea
ddda4402
dddb440f
dddc441c
dddd4429
ddde4436
dddf4443
dde04450
dde1446a
dde24482
dde3448f
dde4449c
dde544a9
dde644b6
dde744c3
dde844d0
dde944ea
ddea4502
ddeb450f
ddec451c
dded4529
ddee4536
ddef4543
ddf04550
ddf1456a
ddf24582
ddf3458f
ddf4459c
ddf545a9
ddf645b6
ddf745c3
ddf845d0
ddf945ea
ddfa4602
ddfb460f
ddfc461c
ddfd4629
ddfe4636
ddff4643
de000000
de01be7c
de02be8c
de03be9a
de04bea8
de05beb6
de06bec4
de07bed2
de08bee0
de09befc
de0abf0c
de0bbf1a
de0cbf28
de0dbf36
de0ebf44
de0fbf52
de10bf60
de11bf7c
de12bf8c
de13bf9a
de14bfa8
de15bfb6
de16bfc4
de17bfd2
de18bfe0
de19bffc
de1ac00c
de1bc01a
de1cc028
de1dc036
de1ec044
de1fc052
de20c060
de21c07c
de22c08c
de23c09a
de24c0a8
de25c0b6
de26c0c4
de27c0d2
de28c0e0
de29c0fc
de2ac10c
de2bc11a
de2cc128
de2dc136
de2ec144
de2fc152
de30c160
de31c17c
de32c18c
de33c19a
de34c1a8
de35c1b6
de36c1c4
de37c1d2
de38c1e0
de39c1fc
de3ac20c
de3bc21a
de3cc228
de3dc236
de3ec244
de3fc252
de40c260
de41c27c
de42c28c
de43c29a
de44c2a8
de45c2b6
de46c2c4
de47c2d2
de48c2e0
de49c2fc
de4ac30c
de4bc31a
de4cc328
de4dc336
de4ec344
de4fc352
de50c360
de51c37c
de52c38c
de53c39a
de54c3a8
de55c3b6
de56c3c4
de57c3d2
de58c3e0
de59c3fc
de5ac40c
de5bc41a
de5cc428
de5dc436
de5ec444
de5fc452
de60c460
de61c47c
de62c48c
de63c49a
de64c4a8
de65c4b6
de66c4c4
de67c4d2
de68c4e0
de69c4fc
de6ac50c
de6bc51a
de6cc528
de6dc536
de6ec544
de6fc552
de70c560
de71c57c
de72c58c
de73c59a
de74c5a8
de75c5b6
de76c5c4
de77c5d2
de78c5e0
de79c5fc
de7ac60c
de7bc61a
de7cc628
de7dc636
de7ec644
de7fc652
de800000
de813e7c
de823e8c
de833e9a
de843ea8
de853eb6
de863ec4
de873ed2
de883ee0
de893efc
de8a3f0c
de8b3f1a
de8c3f28
de8d3f36
de8e3f44
de8f3f52
de903f60
de913f7c
de923f8c
de933f9a
de943fa8
de953fb6
de963fc4
de973fd2
de983fe0
de993ffc
de9a400c
de9b401a
de9c4028
de9d4036
de9e4044
de9f4052
dea04060
dea1407c
dea2408c
dea3409a
dea440a8
dea540b6
dea640c4
dea740d2
dea840e0
dea940fc
deaa410c
deab411a
deac4128
dead4136
deae4144
deaf4152
deb04160
deb1417c
deb2418c
deb3419a
deb441a8
deb541b6
deb641c4
deb741d2
deb841e0
deb941fc
deba420c
debb421a
debc4228
debd4236
debe4244
debf4252
dec04260
dec1427c
dec2428c
dec3429a
dec442a8
dec542b6
dec642c4
dec742d2
dec842e0
dec942fc
deca430c
decb431a
decc4328
decd4336
dece4344
decf4352
ded04360
ded1437c
ded2438c
ded3439a
ded443a8
ded543b6
ded643c4
ded743d2
ded843e0
ded943fc
deda440c
dedb441a
dedc4428
dedd4436
dede4444
dedf4452
dee04460
dee1447c
dee2448c
dee3449a
dee444a8
dee544b6
dee644c4
dee744d2
dee844e0
dee944fc
deea450c
deeb451a
deec4528
deed4536
deee4544
deef4552
def04560
def1457c
def2458c
def3459a
def445a8
def545b6
def645c4
def745d2
def845e0
def945fc
defa460c
defb461a
defc4628
defd4636
defe4644
deff4652
df000000
df01be87
df02be96
df03bea5
df04beb4
df05bec3
df06bed2
df07bee1
df08bef0
df09bf07
df0abf16
df0bbf25
df0cbf34
df0dbf43
df0ebf52
df0fbf61
df10bf70
df11bf87
df12bf96
df13bfa5
df14bfb4
df15bfc3
df16bfd2
df17bfe1
df18bff0
df19c007
df1ac016
df1bc025
df1cc034
df1dc043
df1ec052
df1fc061
df20c070
df21c087
df22c096
df23c0a5
df24c0b4
df25c0c3
df26c0d2
df27c0e1
df28c0f0
df29c107
df2ac116
df2bc125
df2cc134
df2dc143
df2ec152
df2fc161
df30c170
df31c187
df32c196
df33c1a5
df34c1b4
df35c1c3
df36c1d2
df37c1e1
df38c1f0
df39c207
df3ac216
df3bc225
df3cc234
df3dc243
df3ec252
df3fc261
df40c270
df41c287
df42c296
df43c2a5
df44c2b4
df45c2c3
df46c2d2
df47c2e1
df48c2f0
df49c307
df4ac316
df4bc325
df4cc334
df4dc343
df4ec352
df4fc361
df50c370
df51c387
df52c396
df53c3a5
df54c3b4
df55c3c3
df56c3d2
df57c3e1
df58c3f0
df59c407
df5ac416
df5bc425
df5cc434
df5dc443
df5ec452
df5fc461
df60c470
df61c487
df62c496
df63c4a5
df64c4b4
df65c4c3
df66c4d2
df67c4e1
df68c4f0
df69c507
df6ac516
df6bc525
df6cc534
df6dc543
df6ec552
df6fc561
df70c570
df71c587
df72c596
df73c5a5
df74c5b4
df75c5c3
df76c5d2
df77c5e1
df78c5f0
df79c607
df7ac616
df7bc625
df7cc634
df7dc643
df7ec652
df7fc661
df800000
df813e87
df823e96
df833ea5
df843eb4
df853ec3
df863ed2
df873ee1
df883ef0
df893f07
df8a3f16
df8b3f25
df8c3f34
df8d3f43
df8e3f52
df8f3f61
df903f70
df913f87
df923f96
df933fa5
df943fb4
df953fc3
df963fd2
df973fe1
df983ff0
df994007
df9a4016
df9b4025
df9c4034
df9d4043
df9e4052
df9f4061
dfa04070
dfa14087
dfa24096
dfa340a5
dfa440b4
dfa540c3
dfa640d2
dfa740e1
dfa840f0
dfa94107
dfaa4116
dfab4125
dfac4134
dfad4143
dfae4152
dfaf4161
dfb04170
dfb14187
dfb24196
dfb341a5
dfb441b4
dfb541c3
dfb641d2
dfb741e1
dfb841f0
dfb94207
dfba4216
dfbb4225
dfbc4234
dfbd4243
dfbe4252
dfbf4261
dfc04270
dfc14287
dfc24296
dfc342a5
dfc442b4
dfc542c3
dfc642d2
dfc742e1
dfc842f0
dfc94307
dfca4316
dfcb4325
dfcc4334
dfcd4343
dfce4352
dfcf4361
dfd04370
dfd14387
dfd24396
dfd343a5
dfd443b4
dfd543c3
dfd643d2
dfd743e1
dfd843f0
dfd94407
dfda4416
dfdb4425
dfdc4434
dfdd4443
dfde4452
dfdf4461
dfe04470
dfe14487
dfe24496
dfe344a5
dfe444b4
dfe544c3
dfe644d2
dfe744e1
dfe844f0
dfe94507
dfea4516
dfeb4525
dfec4534
dfed4543
dfee4552
dfef4561
dff04570
dff14587
dff24596
dff345a5
dff445b4
dff545c3
dff645d2
dff745e1
dff845f0
dff94607
dffa4616
dffb4625
dffc4634
dffd4643
dffe4652
dfff4661
e0000000
e001be90
e002bea0
e003beb0
e004bec0
e005bed0
e006bee0
e007bef0
e008bf00
e009bf10
e00abf20
e00bbf30
e00cbf40
e00dbf50
e00ebf60
e00fbf70
e010bf80
e011bf90
e012bfa0
e013bfb0
e014bfc0
e015bfd0
e016bfe0
e017bff0
e018c000
e019c010
e01ac020
e01bc030
e01cc040
e01dc050
e01ec060
e01fc070
e020c080
e021c090
e022c0a0
e023c0b0
e024c0c0
e025c0d0
e026c0e0
e027c0f0
e028c100
e029c110
e02ac120
e02bc130
e02cc140
e02dc150
e02ec160
e02fc170
e030c180
e031c190
e032c1a0
e033c1b0
e034c1c0
e035c1d0
e036c1e0
e037c1f0
e038c200
e039c210
e03ac220
e03bc230
e03cc240
e03dc250
e03ec260
e03fc270
e040c280
e041c290
e042c2a0
e043c2b0
e044c2c0
e045c2d0
e046c2e0
e047c2f0
e048c300
e049c310
e04ac320
e04bc330
e04cc340
e04dc350
e04ec360
e04fc370
e050c380
e051c390
e052c3a0
e053c3b0
e054c3c0
e055c3d0
e056c3e0
e057c3f0
e058c400
e059c410
e05ac420
e05bc430
e05cc440
e05dc450
e05ec460
e05fc470
e060c480
e061c490
e062c4a0
e063c4b0
e064c4c0
e065c4d0
e066c4e0
e067c4f0
e068c500
e069c510
e06ac520
e06bc530
e06cc540
e06dc550
e06ec560
e06fc570
e070c580
e071c590
e072c5a0
e073c5b0
e074c5c0
e075c5d0
e076c5e0
e077c5f0
e078c600
e079c610
e07ac620
e07bc630
e07cc640
e07dc650
e07ec660
e07fc670
e0800000
e0813e90
e0823ea0
e0833eb0
e0843ec0
e0853ed0
e0863ee0
e0873ef0
e0883f00
e0893f10
e08a3f20
e08b3f30
e08c3f40
e08d3f50
e08e3f60
e08f3f70
e0903f80
e0913f90
e0923fa0
e0933fb0
e0943fc0
e0953fd0
e0963fe0
e0973ff0
e0984000
e0994010
e09a4020
e09b4030
e09c4040
e09d4050
e09e4060
e09f4070
e0a04080
e0a14090
e0a240a0
e0a340b0
e0a440c0
e0a540d0
e0a640e0
e0a740f0
e0a84100
e0a94110
e0aa4120
e0ab4130
e0ac4140
e0ad4150
e0ae4160
e0af4170
e0b04180
e0b14190
e0b241a0
e0b341b0
e0b441c0
e0b541d0
e0b641e0
e0b741f0
e0b84200
e0b94210
e0ba4220
e0bb4230
e0bc4240
e0bd4250
e0be4260
e0bf4270
e0c04280
e0c14290
e0c242a0
e0c342b0
e0c442c0
e0c542d0
e0c642e0
e0c742f0
e0c84300
e0c94310
e0ca4320
e0cb4330
e0cc4340
e0cd4350
e0ce4360
e0cf4370
e0d04380
e0d14390
e0d243a0
e0d343b0
e0d443c0
e0d543d0
e0d643e0
e0d743f0
e0d84400
e0d94410
e0da4420
e0db4430
e0dc4440
e0dd4450
e0de4460
e0df4470
e0e04480
e0e14490
e0e244a0
e0e344b0
e0e444c0
e0e544d0
e0e644e0
e0e744f0
e0e84500
e0e94510
e0ea4520
e0eb4530
e0ec4540
e0ed4550
e0ee4560
e0ef4570
e0f04580
e0f14590
e0f245a0
e0f345b0
e0f445c0
e0f545d0
e0f645e0
e0f745f0
e0f84600
e0f94610
e0fa4620
e0fb4630
e0fc4640
e0fd4650
e0fe4660
e0ff4670
e1000000
e101bea2
e102beb4
e103bec6
e104bed8
e105beea
e106befc
e107bf07
e108bf10
e109bf22
e10abf34
e10bbf46
e10cbf58
e10dbf6a
e10ebf7c
e10fbf87
e110bf90
e111bfa2
e112bfb4
e113bfc6
e114bfd8
e115bfea
e116bffc
e117c007
e118c010
e119c022
e11ac034
e11bc046
e11cc058
e11dc06a
e11ec07c
e11fc087
e120c090
e121c0a2
e122c0b4
e123c0c6
e124c0d8
e125c0ea
e126c0fc
e127c107
e128c110
e129c122
e12ac134
e12bc146
e12cc158
e12dc16a
e12ec17c
e12fc187
e130c190
e131c1a2
e132c1b4
e133c1c6
e134c1d8
e135c1ea
e136c1fc
e137c207
e138c210
e139c222
e13ac234
e13bc246
e13cc258
e13dc26a
e13ec27c
e13fc287
e140c290
e141c2a2
e142c2b4
e143c2c6
e144c2d8
e145c2ea
e146c2fc
e147c307
e148c310
e149c322
e14ac334
e14bc346
e14cc358
e14dc36a
e14ec37c
e14fc387
e150c390
e151c3a2
e152c3b4
e153c3c6
e154c3d8
e155c3ea
e156c3fc
e157c407
e158c410
e159c422
e15ac434
e15bc446
e15cc458
e15dc46a
e15ec47c
e15fc487
e160c490
e161c4a2
e162c4b4
e163c4c6
e164c4d8
e165c4ea
e166c4fc
e167c507
e168c510
e169c522
e16ac534
e16bc546
e16cc558
e16dc56a
e16ec57c
e16fc587
e170c590
e171c5a2
e172c5b4
e173c5c6
e174c5d8
e175c5ea
e176c5fc
e177c607
e178c610
e179c622
e17ac634
e17bc646
e17cc658
e17dc66a
e17ec67c
e17fc687
e1800000
e1813ea2
e1823eb4
e1833ec6
e1843ed8
e1853eea
e1863efc
e1873f07
e1883f10
e1893f22
e18a3f34
e18b3f46
e18c3f58
e18d3f6a
e18e3f7c
e18f3f87
e1903f90
e1913fa2
e1923fb4
e1933fc6
e1943fd8
e1953fea
e1963ffc
e1974007
e1984010
e1994022
e19a4034
e19b4046
e19c4058
e19d406a
e19e407c
e19f4087
e1a04090
e1a140a2
e1a240b4
e1a340c6
e1a440d8
e1a540ea
e1a640fc
e1a74107
e1a84110
e1a94122
e1aa4134
e1ab4146
e1ac4158
e1ad416a
e1ae417c
e1af4187
e1b04190
e1b141a2
e1b241b4
e1b341c6
e1b441d8
e1b541ea
e1b641fc
e1b74207
e1b84210
e1b94222
e1ba4234
e1bb4246
e1bc4258
e1bd426a
e1be427c
e1bf4287
e1c04290
e1c142a2
e1c242b4
e1c342c6
e1c442d8
e1c542ea
e1c642fc
e1c74307
e1c84310
e1c94322
e1ca4334
e1cb4346
e1cc4358
e1cd436a
e1ce437c
e1cf4387
e1d04390
e1d143a2
e1d243b4
e1d343c6
e1d443d8
e1d543ea
e1d643fc
e1d74407
e1d84410
e1d94422
e1da4434
e1db4446
e1dc4458
e1dd446a
e1de447c
e1df4487
e1e04490
e1e144a2
e1e244b4
e1e344c6
e1e444d8
e1e544ea
e1e644fc
e1e74507
e1e84510
e1e94522
e1ea4534
e1eb4546
e1ec4558
e1ed456a
e1ee457c
e1ef4587
e1f04590
e1f145a2
e1f245b4
e1f345c6
e1f445d8
e1f545ea
e1f645fc
e1f74607
e1f84610
e1f94622
e1fa4634
e1fb4646
e1fc4658
e1fd466a
e1fe467c
e1ff4687
e2000000
e201beb4
e202bec8
e203bedc
e204bef0
e205bf02
e206bf0c
e207bf16
e208bf20
e209bf34
e20abf48
e20bbf5c
e20cbf70
e20dbf82
e20ebf8c
e20fbf96
e210bfa0
e211bfb4
e212bfc8
e213bfdc
e214bff0
e215c002
e216c00c
e217c016
e218c020
e219c034
e21ac048
e21bc05c
e21cc070
e21dc082
e21ec08c
e21fc096
e220c0a0
e221c0b4
e222c0c8
e223c0dc
e224c0f0
e225c102
e226c10c
e227c116
e228c120
e229c134
e22ac148
e22bc15c
e22cc170
e22dc182
e22ec18c
e22fc196
e230c1a0
e231c1b4
e232c1c8
e233c1dc
e234c1f0
e235c202
e236c20c
e237c216
e238c220
e239c234
e23ac248
e23bc25c
e23cc270
e23dc282
e23ec28c
e23fc296
e240c2a0
e241c2b4
e242c2c8
e243c2dc
e244c2f0
e245c302
e246c30c
e247c316
e248c320
e249c334
e24ac348
e24bc35c
e24cc370
e24dc382
e24ec38c
e24fc396
e250c3a0
e251c3b4
e252c3c8
e253c3dc
e254c3f0
e255c402
e256c40c
e257c416
e258c420
e259c434
e25ac448
e25bc45c
e25cc470
e25dc482
e25ec48c
e25fc496
e260c4a0
e261c4b4
e262c4c8
e263c4dc
e264c4f0
e265c502
e266c50c
e267c516
e268c520
e269c534
e26ac548
e26bc55c
e26cc570
e26dc582
e26ec58c
e26fc596
e270c5a0
e271c5b4
e272c5c8
e273c5dc
e274c5f0
e275c602
e276c60c
e277c616
e278c620
e279c634
e27ac648
e27bc65c
e27cc670
e27dc682
e27ec68c
e27fc696
e2800000
e2813eb4
e2823ec8
e2833edc
e2843ef0
e2853f02
e2863f0c
e2873f16
e2883f20
e2893f34
e28a3f48
e28b3f5c
e28c3f70
e28d3f82
e28e3f8c
e28f3f96
e2903fa0
e2913fb4
e2923fc8
e2933fdc
e2943ff0
e2954002
e296400c
e2974016
e2984020
e2994034
e29a4048
e29b405c
e29c4070
e29d4082
e29e408c
e29f4096
e2a040a0
e2a140b4
e2a240c8
e2a340dc
e2a440f0
e2a54102
e2a6410c
e2a74116
e2a84120
e2a94134
e2aa4148
e2ab415c
e2ac4170
e2ad4182
e2ae418c
e2af4196
e2b041a0
e2b141b4
e2b241c8
e2b341dc
e2b441f0
e2b54202
e2b6420c
e2b74216
e2b84220
e2b94234
e2ba4248
e2bb425c
e2bc4270
e2bd4282
e2be428c
e2bf4296
e2c042a0
e2c142b4
e2c242c8
e2c342dc
e2c442f0
e2c54302
e2c6430c
e2c74316
e2c84320
e2c94334
e2ca4348
e2cb435c
e2cc4370
e2cd4382
e2ce438c
e2cf4396
e2d043a0
e2d143b4
e2d243c8
e2d343dc
e2d443f0
e2d54402
e2d6440c
e2d74416
e2d84420
e2d94434
e2da4448
e2db445c
e2dc4470
e2dd4482
e2de448c
e2df4496
e2e044a0
e2e144b4
e2e244c8
e2e344dc
e2e444f0
e2e54502
e2e6450c
e2e74516
e2e84520
e2e94534
e2ea4548
e2eb455c
e2ec4570
e2ed4582
e2ee458c
e2ef4596
e2f045a0
e2f145b4
e2f245c8
e2f345dc
e2f445f0
e2f54602
e2f6460c
e2f74616
e2f84620
e2f94634
e2fa4648
e2fb465c
e2fc4670
e2fd4682
e2fe468c
e2ff4696
e3000000
e301bec6
e302bedc
e303bef2
e304bf04
e305bf0f
e306bf1a
e307bf25
e308bf30
e309bf46
e30abf5c
e30bbf72
e30cbf84
e30dbf8f
e30ebf9a
e30fbfa5
e310bfb0
e311bfc6
e312bfdc
e313bff2
e314c004
e315c00f
e316c01a
e317c025
e318c030
e319c046
e31ac05c
e31bc072
e31cc084
e31dc08f
e31ec09a
e31fc0a5
e320c0b0
e321c0c6
e322c0dc
e323c0f2
e324c104
e325c10f
e326c11a
e327c125
e328c130
e329c146
e32ac15c
e32bc172
e32cc184
e32dc18f
e32ec19a
e32fc1a5
e330c1b0
e331c1c6
e332c1dc
e333c1f2
e334c204
e335c20f
e336c21a
e337c225
e338c230
e339c246
e33ac25c
e33bc272
e33cc284
e33dc28f
e33ec29a
e33fc2a5
e340c2b0
e341c2c6
e342c2dc
e343c2f2
e344c304
e345c30f
e346c31a
e347c325
e348c330
e349c346
e34ac35c
e34bc372
e34cc384
e34dc38f
e34ec39a
e34fc3a5
e350c3b0
e351c3c6
e352c3dc
e353c3f2
e354c404
e355c40f
e356c41a
e357c425
e358c430
e359c446
e35ac45c
e35bc472
e35cc484
e35dc48f
e35ec49a
e35fc4a5
e360c4b0
e361c4c6
e362c4dc
e363c4f2
e364c504
e365c50f
e366c51a
e367c525
e368c530
e369c546
e36ac55c
e36bc572
e36cc584
e36dc58f
e36ec59a
e36fc5a5
e370c5b0
e371c5c6
e372c5dc
e373c5f2
e374c604
e375c60f
e376c61a
e377c625
e378c630
e379c646
e37ac65c
e37bc672
e37cc684
e37dc68f
e37ec69a
e37fc6a5
e3800000
e3813ec6
e3823edc
e3833ef2
e3843f04
e3853f0f
e3863f1a
e3873f25
e3883f30
e3893f46
e38a3f5c
e38b3f72
e38c3f84
e38d3f8f
e38e3f9a
e38f3fa5
e3903fb0
e3913fc6
e3923fdc
e3933ff2
e3944004
e395400f
e396401a
e3974025
e3984030
e3994046
e39a405c
e39b4072
e39c4084
e39d408f
e39e409a
e39f40a5
e3a040b0
e3a140c6
e3a240dc
e3a340f2
e3a44104
e3a5410f
e3a6411a
e3a74125
e3a84130
e3a94146
e3aa415c
e3ab4172
e3ac4184
e3ad418f
e3ae419a
e3af41a5
e3b041b0
e3b141c6
e3b241dc
e3b341f2
e3b44204
e3b5420f
e3b6421a
e3b74225
e3b84230
e3b94246
e3ba425c
e3bb4272
e3bc4284
e3bd428f
e3be429a
e3bf42a5
e3c042b0
e3c142c6
e3c242dc
e3c342f2
e3c44304
e3c5430f
e3c6431a
e3c74325
e3c84330
e3c94346
e3ca435c
e3cb4372
e3cc4384
e3cd438f
e3ce439a
e3cf43a5
e3d043b0
e3d143c6
e3d243dc
e3d343f2
e3d44404
e3d5440f
e3d6441a
e3d74425
e3d84430
e3d94446
e3da445c
e3db4472
e3dc4484
e3dd448f
e3de449a
e3df44a5
e3e044b0
e3e144c6
e3e244dc
e3e344f2
e3e44504
e3e5450f
e3e6451a
e3e74525
e3e84530
e3e94546
e3ea455c
e3eb4572
e3ec4584
e3ed458f
e3ee459a
e3ef45a5
e3f045b0
e3f145c6
e3f245dc
e3f345f2
e3f44604
e3f5460f
e3f6461a
e3f74625
e3f84630
e3f94646
e3fa465c
e3fb4672
e3fc4684
e3fd468f
e3fe469a
e3ff46a5
e4000000
e401bed8
e402bef0
e403bf04
e404bf10
e405bf1c
e406bf28
e407bf34
e408bf40
e409bf58
e40abf70
e40bbf84
e40cbf90
e40dbf9c
e40ebfa8
e40fbfb4
e410bfc0
e411bfd8
e412bff0
e413c004
e414c010
e415c01c
e416c028
e417c034
e418c040
e419c058
e41ac070
e41bc084
e41cc090
e41dc09c
e41ec0a8
e41fc0b4
e420c0c0
e421c0d8
e422c0f0
e423c104
e424c110
e425c11c
e426c128
e427c134
e428c140
e429c158
e42ac170
e42bc184
e42cc190
e42dc19c
e42ec1a8
e42fc1b4
e430c1c0
e431c1d8
e432c1f0
e433c204
e434c210
e435c21c
e436c228
e437c234
e438c240
e439c258
e43ac270
e43bc284
e43cc290
e43dc29c
e43ec2a8
e43fc2b4
e440c2c0
e441c2d8
e442c2f0
e443c304
e444c310
e445c31c
e446c328
e447c334
e448c340
e449c358
e44ac370
e44bc384
e44cc390
e44dc39c
e44ec3a8
e44fc3b4
e450c3c0
e451c3d8
e452c3f0
e453c404
e454c410
e455c41c
e456c428
e457c434
e458c440
e459c458
e45ac470
e45bc484
e45cc490
e45dc49c
e45ec4a8
e45fc4b4
e460c4c0
e461c4d8
e462c4f0
e463c504
e464c510
e465c51c
e466c528
e467c534
e468c540
e469c558
e46ac570
e46bc584
e46cc590
e46dc59c
e46ec5a8
e46fc5b4
e470c5c0
e471c5d8
e472c5f0
e473c604
e474c610
e475c61c
e476c628
e477c634
e478c640
e479c658
e47ac670
e47bc684
e47cc690
e47dc69c
e47ec6a8
e47fc6b4
e4800000
e4813ed8
e4823ef0
e4833f04
e4843f10
e4853f1c
e4863f28
e4873f34
e4883f40
e4893f58
e48a3f70
e48b3f84
e48c3f90
e48d3f9c
e48e3fa8
e48f3fb4
e4903fc0
e4913fd8
e4923ff0
e4934004
e4944010
e495401c
e4964028
e4974034
e4984040
e4994058
e49a4070
e49b4084
e49c4090
e49d409c
e49e40a8
e49f40b4
e4a040c0
e4a140d8
e4a240f0
e4a34104
e4a44110
e4a5411c
e4a64128
e4a74134
e4a84140
e4a94158
e4aa4170
e4ab4184
e4ac4190
e4ad419c
e4ae41a8
e4af41b4
e4b041c0
e4b141d8
e4b241f0
e4b34204
e4b44210
e4b5421c
e4b64228
e4b74234
e4b84240
e4b94258
e4ba4270
e4bb4284
e4bc4290
e4bd429c
e4be42a8
e4bf42b4
e4c042c0
e4c142d8
e4c242f0
e4c34304
e4c44310
e4c5431c
e4c64328
e4c74334
e4c84340
e4c94358
e4ca4370
e4cb4384
e4cc4390
e4cd439c
e4ce43a8
e4cf43b4
e4d043c0
e4d143d8
e4d243f0
e4d34404
e4d44410
e4d5441c
e4d64428
e4d74434
e4d84440
e4d94458
e4da4470
e4db4484
e4dc4490
e4dd449c
e4de44a8
e4df44b4
e4e044c0
e4e144d8
e4e244f0
e4e34504
e4e44510
e4e5451c
e4e64528
e4e74534
e4e84540
e4e94558
e4ea4570
e4eb4584
e4ec4590
e4ed459c
e4ee45a8
e4ef45b4
e4f045c0
e4f145d8
e4f245f0
e4f34604
e4f44610
e4f5461c
e4f64628
e4f74634
e4f84640
e4f94658
e4fa4670
e4fb4684
e4fc4690
e4fd469c
e4fe46a8
e4ff46b4
e5000000
e501beea
e502bf02
e503bf0f
e504bf1c
e505bf29
e506bf36
e507bf43
e508bf50
e509bf6a
e50abf82
e50bbf8f
e50cbf9c
e50dbfa9
e50ebfb6
e50fbfc3
e510bfd0
e511bfea
e512c002
e513c00f
e514c01c
e515c029
e516c036
e517c043
e518c050
e519c06a
e51ac082
e51bc08f
e51cc09c
e51dc0a9
e51ec0b6
e51fc0c3
e520c0d0
e521c0ea
e522c102
e523c10f
e524c11c
e525c129
e526c136
e527c143
e528c150
e529c16a
e52ac182
e52bc18f
e52cc19c
e52dc1a9
e52ec1b6
e52fc1c3
e530c1d0
e531c1ea
e532c202
e533c20f
e534c21c
e535c229
e536c236
e537c243
e538c250
e539c26a
e53ac282
e53bc28f
e53cc29c
e53dc2a9
e53ec2b6
e53fc2c3
e540c2d0
e541c2ea
e542c302
e543c30f
e544c31c
e545c329
e546c336
e547c343
e548c350
e549c36a
e54ac382
e54bc38f
e54cc39c
e54dc3a9
e54ec3b6
e54fc3c3
e550c3d0
e551c3ea
e552c402
e553c40f
e554c41c
e555c429
e556c436
e557c443
e558c450
e559c46a
e55ac482
e55bc48f
e55cc49c
e55dc4a9
e55ec4b6
e55fc4c3
e560c4d0
e561c4ea
e562c502
e563c50f
e564c51c
e565c529
e566c536
e567c543
e568c550
e569c56a
e56ac582
e56bc58f
e56cc59c
e56dc5a9
e56ec5b6
e56fc5c3
e570c5d0
e571c5ea
e572c602
e573c60f
e574c61c
e575c629
e576c636
e577c643
e578c650
e579c66a
e57ac682
e57bc68f
e57cc69c
e57dc6a9
e57ec6b6
e57fc6c3
e5800000
e5813eea
e5823f02
e5833f0f
e5843f1c
e5853f29
e5863f36
e5873f43
e5883f50
e5893f6a
e58a3f82
e58b3f8f
e58c3f9c
e58d3fa9
e58e3fb6
e58f3fc3
e5903fd0
e5913fea
e5924002
e593400f
e594401c
e5954029
e5964036
e5974043
e5984050
e599406a
e59a4082
e59b408f
e59c409c
e59d40a9
e59e40b6
e59f40c3
e5a040d0
e5a140ea
e5a24102
e5a3410f
e5a4411c
e5a54129
e5a64136
e5a74143
e5a84150
e5a9416a
e5aa4182
e5ab418f
e5ac419c
e5ad41a9
e5ae41b6
e5af41c3
e5b041d0
e5b141ea
e5b24202
e5b3420f
e5b4421c
e5b54229
e5b64236
e5b74243
e5b84250
e5b9426a
e5ba4282
e5bb428f
e5bc429c
e5bd42a9
e5be42b6
e5bf42c3
e5c042d0
e5c142ea
e5c24302
e5c3430f
e5c4431c
e5c54329
e5c64336
e5c74343
e5c84350
e5c9436a
e5ca4382
e5cb438f
e5cc439c
e5cd43a9
e5ce43b6
e5cf43c3
e5d043d0
e5d143ea
e5d24402
e5d3440f
e5d4441c
e5d54429
e5d64436
e5d74443
e5d84450
e5d9446a
e5da4482
e5db448f
e5dc449c
e5dd44a9
e5de44b6
e5df44c3
e5e044d0
e5e144ea
e5e24502
e5e3450f
e5e4451c
e5e54529
e5e64536
e5e74543
e5e84550
e5e9456a
e5ea4582
e5eb458f
e5ec459c
e5ed45a9
e5ee45b6
e5ef45c3
e5f045d0
e5f145ea
e5f24602
e5f3460f
e5f4461c
e5f54629
e5f64636
e5f74643
e5f84650
e5f9466a
e5fa4682
e5fb468f
e5fc469c
e5fd46a9
e5fe46b6
e5ff46c3
e6000000
e601befc
e602bf0c
e603bf1a
e604bf28
e605bf36
e606bf44
e607bf52
e608bf60
e609bf7c
e60abf8c
e60bbf9a
e60cbfa8
e60dbfb6
e60ebfc4
e60fbfd2
e610bfe0
e611bffc
e612c00c
e613c01a
e614c028
e615c036
e616c044
e617c052
e618c060
e619c07c
e61ac08c
e61bc09a
e61cc0a8
e61dc0b6
e61ec0c4
e61fc0d2
e620c0e0
e621c0fc
e622c10c
e623c11a
e624c128
e625c136
e626c144
e627c152
e628c160
e629c17c
e62ac18c
e62bc19a
e62cc1a8
e62dc1b6
e62ec1c4
e62fc1d2
e630c1e0
e631c1fc
e632c20c
e633c21a
e634c228
e635c236
e636c244
e637c252
e638c260
e639c27c
e63ac28c
e63bc29a
e63cc2a8
e63dc2b6
e63ec2c4
e63fc2d2
e640c2e0
e641c2fc
e642c30c
e643c31a
e644c328
e645c336
e646c344
e647c352
e648c360
e649c37c
e64ac38c
e64bc39a
e64cc3a8
e64dc3b6
e64ec3c4
e64fc3d2
e650c3e0
e651c3fc
e652c40c
e653c41a
e654c428
e655c436
e656c444
e657c452
e658c460
e659c47c
e65ac48c
e65bc49a
e65cc4a8
e65dc4b6
e65ec4c4
e65fc4d2
e660c4e0
e661c4fc
e662c50c
e663c51a
e664c528
e665c536
e666c544
e667c552
e668c560
e669c57c
e66ac58c
e66bc59a
e66cc5a8
e66dc5b6
e66ec5c4
e66fc5d2
e670c5e0
e671c5fc
e672c60c
e673c61a
e674c628
e675c636
e676c644
e677c652
e678c660
e679c67c
e67ac68c
e67bc69a
e67cc6a8
e67dc6b6
e67ec6c4
e67fc6d2
e6800000
e6813efc
e6823f0c
e6833f1a
e6843f28
e6853f36
e6863f44
e6873f52
e6883f60
e6893f7c
e68a3f8c
e68b3f9a
e68c3fa8
e68d3fb6
e68e3fc4
e68f3fd2
e6903fe0
e6913ffc
e692400c
e693401a
e6944028
e6954036
e6964044
e6974052
e6984060
e699407c
e69a408c
e69b409a
e69c40a8
e69d40b6
e69e40c4
e69f40d2
e6a040e0
e6a140fc
e6a2410c
e6a3411a
e6a44128
e6a54136
e6a64144
e6a74152
e6a84160
e6a9417c
e6aa418c
e6ab419a
e6ac41a8
e6ad41b6
e6ae41c4
e6af41d2
e6b041e0
e6b141fc
e6b2420c
e6b3421a
e6b44228
e6b54236
e6b64244
e6b74252
e6b84260
e6b9427c
e6ba428c
e6bb429a
e6bc42a8
e6bd42b6
e6be42c4
e6bf42d2
e6c042e0
e6c142fc
e6c2430c
e6c3431a
e6c44328
e6c54336
e6c64344
e6c74352
e6c84360
e6c9437c
e6ca438c
e6cb439a
e6cc43a8
e6cd43b6
e6ce43c4
e6cf43d2
e6d043e0
e6d143fc
e6d2440c
e6d3441a
e6d44428
e6d54436
e6d64444
e6d74452
e6d84460
e6d9447c
e6da448c
e6db449a
e6dc44a8
e6dd44b6
e6de44c4
e6df44d2
e6e044e0
e6e144fc
e6e2450c
e6e3451a
e6e44528
e6e54536
e6e64544
e6e74552
e6e84560
e6e9457c
e6ea458c
e6eb459a
e6ec45a8
e6ed45b6
e6ee45c4
e6ef45d2
e6f045e0
e6f145fc
e6f2460c
e6f3461a
e6f44628
e6f54636
e6f64644
e6f74652
e6f84660
e6f9467c
e6fa468c
e6fb469a
e6fc46a8
e6fd46b6
e6fe46c4
e6ff46d2
e7000000
e701bf07
e702bf16
e703bf25
e704bf34
e705bf43
e706bf52
e707bf61
e708bf70
e709bf87
e70abf96
e70bbfa5
e70cbfb4
e70dbfc3
e70ebfd2
e70fbfe1
e710bff0
e711c007
e712c016
e713c025
e714c034
e715c043
e716c052
e717c061
e718c070
e719c087
e71ac096
e71bc0a5
e71cc0b4
e71dc0c3
e71ec0d2
e71fc0e1
e720c0f0
e721c107
e722c116
e723c125
e724c134
e725c143
e726c152
e727c161
e728c170
e729c187
e72ac196
e72bc1a5
e72cc1b4
e72dc1c3
e72ec1d2
e72fc1e1
e730c1f0
e731c207
e732c216
e733c225
e734c234
e735c243
e736c252
e737c261
e738c270
e739c287
e73ac296
e73bc2a5
e73cc2b4
e73dc2c3
e73ec2d2
e73fc2e1
e740c2f0
e741c307
e742c316
e743c325
e744c334
e745c343
e746c352
e747c361
e748c370
e749c387
e74ac396
e74bc3a5
e74cc3b4
e74dc3c3
e74ec3d2
e74fc3e1
e750c3f0
e751c407
e752c416
e753c425
e754c434
e755c443
e756c452
e757c461
e758c470
e759c487
e75ac496
e75bc4a5
e75cc4b4
e75dc4c3
e75ec4d2
e75fc4e1
e760c4f0
e761c507
e762c516
e763c525
e764c534
e765c543
e766c552
e767c561
e768c570
e769c587
e76ac596
e76bc5a5
e76cc5b4
e76dc5c3
e76ec5d2
e76fc5e1
e770c5f0
e771c607
e772c616
e773c625
e774c634
e775c643
e776c652
e777c661
e778c670
e779c687
e77ac696
e77bc6a5
e77cc6b4
e77dc6c3
e77ec6d2
e77fc6e1
e7800000
e7813f07
e7823f16
e7833f25
e7843f34
e7853f43
e7863f52
e7873f61
e7883f70
e7893f87
e78a3f96
e78b3fa5
e78c3fb4
e78d3fc3
e78e3fd2
e78f3fe1
e7903ff0
e7914007
e7924016
e7934025
e7944034
e7954043
e7964052
e7974061
e7984070
e7994087
e79a4096
e79b40a5
e79c40b4
e79d40c3
e79e40d2
e79f40e1
e7a040f0
e7a14107
e7a24116
e7a34125
e7a44134
e7a54143
e7a64152
e7a74161
e7a84170
e7a94187
e7aa4196
e7ab41a5
e7ac41b4
e7ad41c3
e7ae41d2
e7af41e1
e7b041f0
e7b14207
e7b24216
e7b34225
e7b44234
e7b54243
e7b64252
e7b74261
e7b84270
e7b94287
e7ba4296
e7bb42a5
e7bc42b4
e7bd42c3
e7be42d2
e7bf42e1
e7c042f0
e7c14307
e7c24316
e7c34325
e7c44334
e7c54343
e7c64352
e7c74361
e7c84370
e7c94387
e7ca4396
e7cb43a5
e7cc43b4
e7cd43c3
e7ce43d2
e7cf43e1
e7d043f0
e7d14407
e7d24416
e7d34425
e7d44434
e7d54443
e7d64452
e7d74461
e7d84470
e7d94487
e7da4496
e7db44a5
e7dc44b4
e7dd44c3
e7de44d2
e7df44e1
e7e044f0
e7e14507
e7e24516
e7e34525
e7e44534
e7e54543
e7e64552
e7e74561
e7e84570
e7e94587
e7ea4596
e7eb45a5
e7ec45b4
e7ed45c3
e7ee45d2
e7ef45e1
e7f045f0
e7f14607
e7f24616
e7f34625
e7f44634
e7f54643
e7f64652
e7f74661
e7f84670
e7f94687
e7fa4696
e7fb46a5
e7fc46b4
e7fd46c3
e7fe46d2
e7ff46e1
e8000000
e801bf10
e802bf20
e803bf30
e804bf40
e805bf50
e806bf60
e807bf70
e808bf80
e809bf90
e80abfa0
e80bbfb0
e80cbfc0
e80dbfd0
e80ebfe0
e80fbff0
e810c000
e811c010
e812c020
e813c030
e814c040
e815c050
e816c060
e817c070
e818c080
e819c090
e81ac0a0
e81bc0b0
e81cc0c0
e81dc0d0
e81ec0e0
e81fc0f0
e820c100
e821c110
e822c120
e823c130
e824c140
e825c150
e826c160
e827c170
e828c180
e829c190
e82ac1a0
e82bc1b0
e82cc1c0
e82dc1d0
e82ec1e0
e82fc1f0
e830c200
e831c210
e832c220
e833c230
e834c240
e835c250
e836c260
e837c270
e838c280
e839c290
e83ac2a0
e83bc2b0
e83cc2c0
e83dc2d0
e83ec2e0
e83fc2f0
e840c300
e841c310
e842c320
e843c330
e844c340
e845c350
e846c360
e847c370
e848c380
e849c390
e84ac3a0
e84bc3b0
e84cc3c0
e84dc3d0
e84ec3e0
e84fc3f0
e850c400
e851c410
e852c420
e853c430
e854c440
e855c450
e856c460
e857c470
e858c480
e859c490
e85ac4a0
e85bc4b0
e85cc4c0
e85dc4d0
e85ec4e0
e85fc4f0
e860c500
e861c510
e862c520
e863c530
e864c540
e865c550
e866c560
e867c570
e868c580
e869c590
e86ac5a0
e86bc5b0
e86cc5c0
e86dc5d0
e86ec5e0
e86fc5f0
e870c600
e871c610
e872c620
e873c630
e874c640
e875c650
e876c660
e877c670
e878c680
e879c690
e87ac6a0
e87bc6b0
e87cc6c0
e87dc6d0
e87ec6e0
e87fc6f0
e8800000
e8813f10
e8823f20
e8833f30
e8843f40
e8853f50
e8863f60
e8873f70
e8883f80
e8893f90
e88a3fa0
e88b3fb0
e88c3fc0
e88d3fd0
e88e3fe0
e88f3ff0
e8904000
e8914010
e8924020
e8934030
e8944040
e8954050
e8964060
e8974070
e8984080
e8994090
e89a40a0
e89b40b0
e89c40c0
e89d40d0
e89e40e0
e89f40f0
e8a04100
e8a14110
e8a24120
e8a34130
e8a44140
e8a54150
e8a64160
e8a74170
e8a84180
e8a94190
e8aa41a0
e8ab41b0
e8ac41c0
e8ad41d0
e8ae41e0
e8af41f0
e8b04200
e8b14210
e8b24220
e8b34230
e8b44240
e8b54250
e8b64260
e8b74270
e8b84280
e8b94290
e8ba42a0
e8bb42b0
e8bc42c0
e8bd42d0
e8be42e0
e8bf42f0
e8c04300
e8c14310
e8c24320
e8c34330
e8c44340
e8c54350
e8c64360
e8c74370
e8c84380
e8c94390
e8ca43a0
e8cb43b0
e8cc43c0
e8cd43d0
e8ce43e0
e8cf43f0
e8d04400
e8d14410
e8d24420
e8d34430
e8d44440
e8d54450
e8d64460
e8d74470
e8d84480
e8d94490
e8da44a0
e8db44b0
e8dc44c0
e8dd44d0
e8de44e0
e8df44f0
e8e04500
e8e14510
e8e24520
e8e34530
e8e44540
e8e54550
e8e64560
e8e74570
e8e84580
e8e94590
e8ea45a0
e8eb45b0
e8ec45c0
e8ed45d0
e8ee45e0
e8ef45f0
e8f04600
e8f14610
e8f24620
e8f34630
e8f44640
e8f54650
e8f64660
e8f74670
e8f84680
e8f94690
e8fa46a0
e8fb46b0
e8fc46c0
e8fd46d0
e8fe46e0
e8ff46f0
e9000000
e901bf22
e902bf34
e903bf46
e904bf58
e905bf6a
e906bf7c
e907bf87
e908bf90
e909bfa2
e90abfb4
e90bbfc6
e90cbfd8
e90dbfea
e90ebffc
e90fc007
e910c010
e911c022
e912c034
e913c046
e914c058
e915c06a
e916c07c
e917c087
e918c090
e919c0a2
e91ac0b4
e91bc0c6
e91cc0d8
e91dc0ea
e91ec0fc
e91fc107
e920c110
e921c122
e922c134
e923c146
e924c158
e925c16a
e926c17c
e927c187
e928c190
e929c1a2
e92ac1b4
e92bc1c6
e92cc1d8
e92dc1ea
e92ec1fc
e92fc207
e930c210
e931c222
e932c234
e933c246
e934c258
e935c26a
e936c27c
e937c287
e938c290
e939c2a2
e93ac2b4
e93bc2c6
e93cc2d8
e93dc2ea
e93ec2fc
e93fc307
e940c310
e941c322
e942c334
e943c346
e944c358
e945c36a
e946c37c
e947c387
e948c390
e949c3a2
e94ac3b4
e94bc3c6
e94cc3d8
e94dc3ea
e94ec3fc
e94fc407
e950c410
e951c422
e952c434
e953c446
e954c458
e955c46a
e956c47c
e957c487
e958c490
e959c4a2
e95ac4b4
e95bc4c6
e95cc4d8
e95dc4ea
e95ec4fc
e95fc507
e960c510
e961c522
e962c534
e963c546
e964c558
e965c56a
e966c57c
e967c587
e968c590
e969c5a2
e96ac5b4
e96bc5c6
e96cc5d8
e96dc5ea
e96ec5fc
e96fc607
e970c610
e971c622
e972c634
e973c646
e974c658
e975c66a
e976c67c
e977c687
e978c690
e979c6a2
e97ac6b4
e97bc6c6
e97cc6d8
e97dc6ea
e97ec6fc
e97fc707
e9800000
e9813f22
e9823f34
e9833f46
e9843f58
e9853f6a
e9863f7c
e9873f87
e9883f90
e9893fa2
e98a3fb4
e98b3fc6
e98c3fd8
e98d3fea
e98e3ffc
e98f4007
e9904010
e9914022
e9924034
e9934046
e9944058
e995406a
e996407c
e9974087
e9984090
e99940a2
e99a40b4
e99b40c6
e99c40d8
e99d40ea
e99e40fc
e99f4107
e9a04110
e9a14122
e9a24134
e9a34146
e9a44158
e9a5416a
e9a6417c
e9a74187
e9a84190
e9a941a2
e9aa41b4
e9ab41c6
e9ac41d8
e9ad41ea
e9ae41fc
e9af4207
e9b04210
e9b14222
e9b24234
e9b34246
e9b44258
e9b5426a
e9b6427c
e9b74287
e9b84290
e9b942a2
e9ba42b4
e9bb42c6
e9bc42d8
e9bd42ea
e9be42fc
e9bf4307
e9c04310
e9c14322
e9c24334
e9c34346
e9c44358
e9c5436a
e9c6437c
e9c74387
e9c84390
e9c943a2
e9ca43b4
e9cb43c6
e9cc43d8
e9cd43ea
e9ce43fc
e9cf4407
e9d04410
e9d14422
e9d24434
e9d34446
e9d44458
e9d5446a
e9d6447c
e9d74487
e9d84490
e9d944a2
e9da44b4
e9db44c6
e9dc44d8
e9dd44ea
e9de44fc
e9df4507
e9e04510
e9e14522
e9e24534
e9e34546
e9e44558
e9e5456a
e9e6457c
e9e74587
e9e84590
e9e945a2
e9ea45b4
e9eb45c6
e9ec45d8
e9ed45ea
e9ee45fc
e9ef4607
e9f04610
e9f14622
e9f24634
e9f34646
e9f44658
e9f5466a
e9f6467c
e9f74687
e9f84690
e9f946a2
e9fa46b4
e9fb46c6
e9fc46d8
e9fd46ea
e9fe46fc
e9ff4707
ea000000
ea01bf34
ea02bf48
ea03bf5c
ea04bf70
ea05bf82
ea06bf8c
ea07bf96
ea08bfa0
ea09bfb4
ea0abfc8
ea0bbfdc
ea0cbff0
ea0dc002
ea0ec00c
ea0fc016
ea10c020
ea11c034
ea12c048
ea13c05c
ea14c070
ea15c082
ea16c08c
ea17c096
ea18c0a0
ea19c0b4
ea1ac0c8
ea1bc0dc
ea1cc0f0
ea1dc102
ea1ec10c
ea1fc116
ea20c120
ea21c134
ea22c148
ea23c15c
ea24c170
ea25c182
ea26c18c
ea27c196
ea28c1a0
ea29c1b4
ea2ac1c8
ea2bc1dc
ea2cc1f0
ea2dc202
ea2ec20c
ea2fc216
ea30c220
ea31c234
ea32c248
ea33c25c
ea34c270
ea35c282
ea36c28c
ea37c296
ea38c2a0
ea39c2b4
ea3ac2c8
ea3bc2dc
ea3cc2f0
ea3dc302
ea3ec30c
ea3fc316
ea40c320
ea41c334
ea42c348
ea43c35c
ea44c370
ea45c382
ea46c38c
ea47c396
ea48c3a0
ea49c3b4
ea4ac3c8
ea4bc3dc
ea4cc3f0
ea4dc402
ea4ec40c
ea4fc416
ea50c420
ea51c434
ea52c448
ea53c45c
ea54c470
ea55c482
ea56c48c
ea57c496
ea58c4a0
ea59c4b4
ea5ac4c8
ea5bc4dc
ea5cc4f0
ea5dc502
ea5ec50c
ea5fc516
ea60c520
ea61c534
ea62c548
ea63c55c
ea64c570
ea65c582
ea66c58c
ea67c596
ea68c5a0
ea69c5b4
ea6ac5c8
ea6bc5dc
ea6cc5f0
ea6dc602
ea6ec60c
ea6fc616
ea70c620
ea71c634
ea72c648
ea73c65c
ea74c670
ea75c682
ea76c68c
ea77c696
ea78c6a0
ea79c6b4
ea7ac6c8
ea7bc6dc
ea7cc6f0
ea7dc702
ea7ec70c
ea7fc716
ea800000
ea813f34
ea823f48
ea833f5c
ea843f70
ea853f82
ea863f8c
ea873f96
ea883fa0
ea893fb4
ea8a3fc8
ea8b3fdc
ea8c3ff0
ea8d4002
ea8e400c
ea8f4016
ea904020
ea914034
ea924048
ea93405c
ea944070
ea954082
ea96408c
ea974096
ea9840a0
ea9940b4
ea9a40c8
ea9b40dc
ea9c40f0
ea9d4102
ea9e410c
ea9f4116
eaa04120
eaa14134
eaa24148
eaa3415c
eaa44170
eaa54182
eaa6418c
eaa74196
eaa841a0
eaa941b4
eaaa41c8
eaab41dc
eaac41f0
eaad4202
eaae420c
eaaf4216
eab04220
eab14234
eab24248
eab3425c
eab44270
eab54282
eab6428c
eab74296
eab842a0
eab942b4
eaba42c8
eabb42dc
eabc42f0
eabd4302
eabe430c
eabf4316
eac04320
eac14334
eac24348
eac3435c
eac44370
eac54382
eac6438c
eac74396
eac843a0
eac943b4
eaca43c8
eacb43dc
eacc43f0
eacd4402
eace440c
eacf4416
ead04420
ead14434
ead24448
ead3445c
ead44470
ead54482
ead6448c
ead74496
ead844a0
ead944b4
eada44c8
eadb44dc
eadc44f0
eadd4502
eade450c
eadf4516
eae04520
eae14534
eae24548
eae3455c
eae44570
eae54582
eae6458c
eae74596
eae845a0
eae945b4
eaea45c8
eaeb45dc
eaec45f0
eaed4602
eaee460c
eaef4616
eaf04620
eaf14634
eaf24648
eaf3465c
eaf44670
eaf54682
eaf6468c
eaf74696
eaf846a0
eaf946b4
eafa46c8
eafb46dc
eafc46f0
eafd4702
eafe470c
eaff4716
eb000000
eb01bf46
eb02bf5c
eb03bf72
eb04bf84
eb05bf8f
eb06bf9a
eb07bfa5
eb08bfb0
eb09bfc6
eb0abfdc
eb0bbff2
eb0cc004
eb0dc00f
eb0ec01a
eb0fc025
eb10c030
eb11c046
eb12c05c
eb13c072
eb14c084
eb15c08f
eb16c09a
eb17c0a5
eb18c0b0
eb19c0c6
eb1ac0dc
eb1bc0f2
eb1cc104
eb1dc10f
eb1ec11a
eb1fc125
eb20c130
eb21c146
eb22c15c
eb23c172
eb24c184
eb25c18f
eb26c19a
eb27c1a5
eb28c1b0
eb29c1c6
eb2ac1dc
eb2bc1f2
eb2cc204
eb2dc20f
eb2ec21a
eb2fc225
eb30c230
eb31c246
eb32c25c
eb33c272
eb34c284
eb35c28f
eb36c29a
eb37c2a5
eb38c2b0
eb39c2c6
eb3ac2dc
eb3bc2f2
eb3cc304
eb3dc30f
eb3ec31a
eb3fc325
eb40c330
eb41c346
eb42c35c
eb43c372
eb44c384
eb45c38f
eb46c39a
eb47c3a5
eb48c3b0
eb49c3c6
eb4ac3dc
eb4bc3f2
eb4cc404
eb4dc40f
eb4ec41a
eb4fc425
eb50c430
eb51c446
eb52c45c
eb53c472
eb54c484
eb55c48f
eb56c49a
eb57c4a5
eb58c4b0
eb59c4c6
eb5ac4dc
eb5bc4f2
eb5cc504
eb5dc50f
eb5ec51a
eb5fc525
eb60c530
eb61c546
eb62c55c
eb63c572
eb64c584
eb65c58f
eb66c59a
eb67c5a5
eb68c5b0
eb69c5c6
eb6ac5dc
eb6bc5f2
eb6cc604
eb6dc60f
eb6ec61a
eb6fc625
eb70c630
eb71c646
eb72c65c
eb73c672
eb74c684
eb75c68f
eb76c69a
eb77c6a5
eb78c6b0
eb79c6c6
eb7ac6dc
eb7bc6f2
eb7cc704
eb7dc70f
eb7ec71a
eb7fc725
eb800000
eb813f46
eb823f5c
eb833f72
eb843f84
eb853f8f
eb863f9a
eb873fa5
eb883fb0
eb893fc6
eb8a3fdc
eb8b3ff2
eb8c4004
eb8d400f
eb8e401a
eb8f4025
eb904030
eb914046
eb92405c
eb934072
eb944084
eb95408f
eb96409a
eb9740a5
eb9840b0
eb9940c6
eb9a40dc
eb9b40f2
eb9c4104
eb9d410f
eb9e411a
eb9f4125
eba04130
eba14146
eba2415c
eba34172
eba44184
eba5418f
eba6419a
eba741a5
eba841b0
eba941c6
ebaa41dc
ebab41f2
ebac4204
ebad420f
ebae421a
ebaf4225
ebb04230
ebb14246
ebb2425c
ebb34272
ebb44284
ebb5428f
ebb6429a
ebb742a5
ebb842b0
ebb942c6
ebba42dc
ebbb42f2
ebbc4304
ebbd430f
ebbe431a
ebbf4325
ebc04330
ebc14346
ebc2435c
ebc34372
ebc44384
ebc5438f
ebc6439a
ebc743a5
ebc843b0
ebc943c6
ebca43dc
ebcb43f2
ebcc4404
ebcd440f
ebce441a
ebcf4425
ebd04430
ebd14446
ebd2445c
ebd34472
ebd44484
ebd5448f
ebd6449a
ebd744a5
ebd844b0
ebd944c6
ebda44dc
ebdb44f2
ebdc4504
ebdd450f
ebde451a
ebdf4525
ebe04530
ebe14546
ebe2455c
ebe34572
ebe44584
ebe5458f
ebe6459a
ebe745a5
ebe845b0
ebe945c6
ebea45dc
ebeb45f2
ebec4604
ebed460f
ebee461a
ebef4625
ebf04630
ebf14646
ebf2465c
ebf34672
ebf44684
ebf5468f
ebf6469a
ebf746a5
ebf846b0
ebf946c6
ebfa46dc
ebfb46f2
ebfc4704
ebfd470f
ebfe471a
ebff4725
ec000000
ec01bf58
ec02bf70
ec03bf84
ec04bf90
ec05bf9c
ec06bfa8
ec07bfb4
ec08bfc0
ec09bfd8
ec0abff0
ec0bc004
ec0cc010
ec0dc01c
ec0ec028
ec0fc034
ec10c040
ec11c058
ec12c070
ec13c084
ec14c090
ec15c09c
ec16c0a8
ec17c0b4
ec18c0c0
ec19c0d8
ec1ac0f0
ec1bc104
ec1cc110
ec1dc11c
ec1ec128
ec1fc134
ec20c140
ec21c158
ec22c170
ec23c184
ec24c190
ec25c19c
ec26c1a8
ec27c1b4
ec28c1c0
ec29c1d8
ec2ac1f0
ec2bc204
ec2cc210
ec2dc21c
ec2ec228
ec2fc234
ec30c240
ec31c258
ec32c270
ec33c284
ec34c290
ec35c29c
ec36c2a8
ec37c2b4
ec38c2c0
ec39c2d8
ec3ac2f0
ec3bc304
ec3cc310
ec3dc31c
ec3ec328
ec3fc334
ec40c340
ec41c358
ec42c370
ec43c384
ec44c390
ec45c39c
ec46c3a8
ec47c3b4
ec48c3c0
ec49c3d8
ec4ac3f0
ec4bc404
ec4cc410
ec4dc41c
ec4ec428
ec4fc434
ec50c440
ec51c458
ec52c470
ec53c484
ec54c490
ec55c49c
ec56c4a8
ec57c4b4
ec58c4c0
ec59c4d8
ec5ac4f0
ec5bc504
ec5cc510
ec5dc51c
ec5ec528
ec5fc534
ec60c540
ec61c558
ec62c570
ec63c584
ec64c590
ec65c59c
ec66c5a8
ec67c5b4
ec68c5c0
ec69c5d8
ec6ac5f0
ec6bc604
ec6cc610
ec6dc61c
ec6ec628
ec6fc634
ec70c640
ec71c658
ec72c670
ec73c684
ec74c690
ec75c69c
ec76c6a8
ec77c6b4
ec78c6c0
ec79c6d8
ec7ac6f0
ec7bc704
ec7cc710
ec7dc71c
ec7ec728
ec7fc734
ec800000
ec813f58
ec823f70
ec833f84
ec843f90
ec853f9c
ec863fa8
ec873fb4
ec883fc0
ec893fd8
ec8a3ff0
ec8b4004
ec8c4010
ec8d401c
ec8e4028
ec8f4034
ec904040
ec914058
ec924070
ec934084
ec944090
ec95409c
ec9640a8
ec9740b4
ec9840c0
ec9940d8
ec9a40f0
ec9b4104
ec9c4110
ec9d411c
ec9e4128
ec9f4134
eca04140
eca14158
eca24170
eca34184
eca44190
eca5419c
eca641a8
eca741b4
eca841c0
eca941d8
ecaa41f0
ecab4204
ecac4210
ecad421c
ecae4228
ecaf4234
ecb04240
ecb14258
ecb24270
ecb34284
ecb44290
ecb5429c
ecb642a8
ecb742b4
ecb842c0
ecb942d8
ecba42f0
ecbb4304
ecbc4310
ecbd431c
ecbe4328
ecbf4334
ecc04340
ecc14358
ecc24370
ecc34384
ecc44390
ecc5439c
ecc643a8
ecc743b4
ecc843c0
ecc943d8
ecca43f0
eccb4404
eccc4410
eccd441c
ecce4428
eccf4434
ecd04440
ecd14458
ecd24470
ecd34484
ecd44490
ecd5449c
ecd644a8
ecd744b4
ecd844c0
ecd944d8
ecda44f0
ecdb4504
ecdc4510
ecdd451c
ecde4528
ecdf4534
ece04540
ece14558
ece24570
ece34584
ece44590
ece5459c
ece645a8
ece745b4
ece845c0
ece945d8
ecea45f0
eceb4604
ecec4610
eced461c
ecee4628
ecef4634
ecf04640
ecf14658
ecf24670
ecf34684
ecf44690
ecf5469c
ecf646a8
ecf746b4
ecf846c0
ecf946d8
ecfa46f0
ecfb4704
ecfc4710
ecfd471c
ecfe4728
ecff4734
ed000000
ed01bf6a
ed02bf82
ed03bf8f
ed04bf9c
ed05bfa9
ed06bfb6
ed07bfc3
ed08bfd0
ed09bfea
ed0ac002
ed0bc00f
ed0cc01c
ed0dc029
ed0ec036
ed0fc043
ed10c050
ed11c06a
ed12c082
ed13c08f
ed14c09c
ed15c0a9
ed16c0b6
ed17c0c3
ed18c0d0
ed19c0ea
ed1ac102
ed1bc10f
ed1cc11c
ed1dc129
ed1ec136
ed1fc143
ed20c150
ed21c16a
ed22c182
ed23c18f
ed24c19c
ed25c1a9
ed26c1b6
ed27c1c3
ed28c1d0
ed29c1ea
ed2ac202
ed2bc20f
ed2cc21c
ed2dc229
ed2ec236
ed2fc243
ed30c250
ed31c26a
ed32c282
ed33c28f
ed34c29c
ed35c2a9
ed36c2b6
ed37c2c3
ed38c2d0
ed39c2ea
ed3ac302
ed3bc30f
ed3cc31c
ed3dc329
ed3ec336
ed3fc343
ed40c350
ed41c36a
ed42c382
ed43c38f
ed44c39c
ed45c3a9
ed46c3b6
ed47c3c3
ed48c3d0
ed49c3ea
ed4ac402
ed4bc40f
ed4cc41c
ed4dc429
ed4ec436
ed4fc443
ed50c450
ed51c46a
ed52c482
ed53c48f
ed54c49c
ed55c4a9
ed56c4b6
ed57c4c3
ed58c4d0
ed59c4ea
ed5ac502
ed5bc50f
ed5cc51c
ed5dc529
ed5ec536
ed5fc543
ed60c550
ed61c56a
ed62c582
ed63c58f
ed64c59c
ed65c5a9
ed66c5b6
ed67c5c3
ed68c5d0
ed69c5ea
ed6ac602
ed6bc60f
ed6cc61c
ed6dc629
ed6ec636
ed6fc643
ed70c650
ed71c66a
ed72c682
ed73c68f
ed74c69c
ed75c6a9
ed76c6b6
ed77c6c3
ed78c6d0
ed79c6ea
ed7ac702
ed7bc70f
ed7cc71c
ed7dc729
ed7ec736
ed7fc743
ed800000
ed813f6a
ed823f82
ed833f8f
ed843f9c
ed853fa9
ed863fb6
ed873fc3
ed883fd0
ed893fea
ed8a4002
ed8b400f
ed8c401c
ed8d4029
ed8e4036
ed8f4043
ed904050
ed91406a
ed924082
ed93408f
ed94409c
ed9540a9
ed9640b6
ed9740c3
ed9840d0
ed9940ea
ed9a4102
ed9b410f
ed9c411c
ed9d4129
ed9e4136
ed9f4143
eda04150
eda1416a
eda24182
eda3418f
eda4419c
eda541a9
eda641b6
eda741c3
eda841d0
eda941ea
edaa4202
edab420f
edac421c
edad4229
edae4236
edaf4243
edb04250
edb1426a
edb24282
edb3428f
edb4429c
edb542a9
edb642b6
edb742c3
edb842d0
edb942ea
edba4302
edbb430f
edbc431c
edbd4329
edbe4336
edbf4343
edc04350
edc1436a
edc24382
edc3438f
edc4439c
edc543a9
edc643b6
edc743c3
edc843d0
edc943ea
edca4402
edcb440f
edcc441c
edcd4429
edce4436
edcf4443
edd04450
edd1446a
edd24482
edd3448f
edd4449c
edd544a9
edd644b6
edd744c3
edd844d0
edd944ea
edda4502
eddb450f
eddc451c
eddd4529
edde4536
eddf4543
ede04550
ede1456a
ede24582
ede3458f
ede4459c
ede545a9
ede645b6
ede745c3
ede845d0
ede945ea
edea4602
edeb460f
edec461c
eded4629
edee4636
edef4643
edf04650
edf1466a
edf24682
edf3468f
edf4469c
edf546a9
edf646b6
edf746c3
edf846d0
edf946ea
edfa4702
edfb470f
edfc471c
edfd4729
edfe4736
edff4743
ee000000
ee01bf7c
ee02bf8c
ee03bf9a
ee04bfa8
ee05bfb6
ee06bfc4
ee07bfd2
ee08bfe0
ee09bffc
ee0ac00c
ee0bc01a
ee0cc028
ee0dc036
ee0ec044
ee0fc052
ee10c060
ee11c07c
ee12c08c
ee13c09a
ee14c0a8
ee15c0b6
ee16c0c4
ee17c0d2
ee18c0e0
ee19c0fc
ee1ac10c
ee1bc11a
ee1cc128
ee1dc136
ee1ec144
ee1fc152
ee20c160
ee21c17c
ee22c18c
ee23c19a
ee24c1a8
ee25c1b6
ee26c1c4
ee27c1d2
ee28c1e0
ee29c1fc
ee2ac20c
ee2bc21a
ee2cc228
ee2dc236
ee2ec244
ee2fc252
ee30c260
ee31c27c
ee32c28c
ee33c29a
ee34c2a8
ee35c2b6
ee36c2c4
ee37c2d2
ee38c2e0
ee39c2fc
ee3ac30c
ee3bc31a
ee3cc328
ee3dc336
ee3ec344
ee3fc352
ee40c360
ee41c37c
ee42c38c
ee43c39a
ee44c3a8
ee45c3b6
ee46c3c4
ee47c3d2
ee48c3e0
ee49c3fc
ee4ac40c
ee4bc41a
ee4cc428
ee4dc436
ee4ec444
ee4fc452
ee50c460
ee51c47c
ee52c48c
ee53c49a
ee54c4a8
ee55c4b6
ee56c4c4
ee57c4d2
ee58c4e0
ee59c4fc
ee5ac50c
ee5bc51a
ee5cc528
ee5dc536
ee5ec544
ee5fc552
ee60c560
ee61c57c
ee62c58c
ee63c59a
ee64c5a8
ee65c5b6
ee66c5c4
ee67c5d2
ee68c5e0
ee69c5fc
ee6ac60c
ee6bc61a
ee6cc628
ee6dc636
ee6ec644
ee6fc652
ee70c660
ee71c67c
ee72c68c
ee73c69a
ee74c6a8
ee75c6b6
ee76c6c4
ee77c6d2
ee78c6e0
ee79c6fc
ee7ac70c
ee7bc71a
ee7cc728
ee7dc736
ee7ec744
ee7fc752
ee800000
ee813f7c
ee823f8c
ee833f9a
ee843fa8
ee853fb6
ee863fc4
ee873fd2
ee883fe0
ee893ffc
ee8a400c
ee8b401a
ee8c4028
ee8d4036
ee8e4044
ee8f4052
ee904060
ee91407c
ee92408c
ee93409a
ee9440a8
ee9540b6
ee9640c4
ee9740d2
ee9840e0
ee9940fc
ee9a410c
ee9b411a
ee9c4128
ee9d4136
ee9e4144
ee9f4152
eea04160
eea1417c
eea2418c
eea3419a
eea441a8
eea541b6
eea641c4
eea741d2
eea841e0
eea941fc
eeaa420c
eeab421a
eeac4228
eead4236
eeae4244
eeaf4252
eeb04260
eeb1427c
eeb2428c
eeb3429a
eeb442a8
eeb542b6
eeb642c4
eeb742d2
eeb842e0
eeb942fc
eeba430c
eebb431a
eebc4328
eebd4336
eebe4344
eebf4352
eec04360
eec1437c
eec2438c
eec3439a
eec443a8
eec543b6
eec643c4
eec743d2
eec843e0
eec943fc
eeca440c
eecb441a
eecc4428
eecd4436
eece4444
eecf4452
eed04460
eed1447c
eed2448c
eed3449a
eed444a8
eed544b6
eed644c4
eed744d2
eed844e0
eed944fc
eeda450c
eedb451a
eedc4528
eedd4536
eede4544
eedf4552
eee04560
eee1457c
eee2458c
eee3459a
eee445a8
eee545b6
eee645c4
eee745d2
eee845e0
eee945fc
eeea460c
eeeb461a
eeec4628
eeed4636
eeee4644
eeef4652
eef04660
eef1467c
eef2468c
eef3469a
eef446a8
eef546b6
eef646c4
eef746d2
eef846e0
eef946fc
eefa470c
eefb471a
eefc4728
eefd4736
eefe4744
eeff4752
ef000000
ef01bf87
ef02bf96
ef03bfa5
ef04bfb4
ef05bfc3
ef06bfd2
ef07bfe1
ef08bff0
ef09c007
ef0ac016
ef0bc025
ef0cc034
ef0dc043
ef0ec052
ef0fc061
ef10c070
ef11c087
ef12c096
ef13c0a5
ef14c0b4
ef15c0c3
ef16c0d2
ef17c0e1
ef18c0f0
ef19c107
ef1ac116
ef1bc125
ef1cc134
ef1dc143
ef1ec152
ef1fc161
ef20c170
ef21c187
ef22c196
ef23c1a5
ef24c1b4
ef25c1c3
ef26c1d2
ef27c1e1
ef28c1f0
ef29c207
ef2ac216
ef2bc225
ef2cc234
ef2dc243
ef2ec252
ef2fc261
ef30c270
ef31c287
ef32c296
ef33c2a5
ef34c2b4
ef35c2c3
ef36c2d2
ef37c2e1
ef38c2f0
ef39c307
ef3ac316
ef3bc325
ef3cc334
ef3dc343
ef3ec352
ef3fc361
ef40c370
ef41c387
ef42c396
ef43c3a5
ef44c3b4
ef45c3c3
ef46c3d2
ef47c3e1
ef48c3f0
ef49c407
ef4ac416
ef4bc425
ef4cc434
ef4dc443
ef4ec452
ef4fc461
ef50c470
ef51c487
ef52c496
ef53c4a5
ef54c4b4
ef55c4c3
ef56c4d2
ef57c4e1
ef58c4f0
ef59c507
ef5ac516
ef5bc525
ef5cc534
ef5dc543
ef5ec552
ef5fc561
ef60c570
ef61c587
ef62c596
ef63c5a5
ef64c5b4
ef65c5c3
ef66c5d2
ef67c5e1
ef68c5f0
ef69c607
ef6ac616
ef6bc625
ef6cc634
ef6dc643
ef6ec652
ef6fc661
ef70c670
ef71c687
ef72c696
ef73c6a5
ef74c6b4
ef75c6c3
ef76c6d2
ef77c6e1
ef78c6f0
ef79c707
ef7ac716
ef7bc725
ef7cc734
ef7dc743
ef7ec752
ef7fc761
ef800000
ef813f87
ef823f96
ef833fa5
ef843fb4
ef853fc3
ef863fd2
ef873fe1
ef883ff0
ef894007
ef8a4016
ef8b4025
ef8c4034
ef8d4043
ef8e4052
ef8f4061
ef904070
ef914087
ef924096
ef9340a5
ef9440b4
ef9540c3
ef9640d2
ef9740e1
ef9840f0
ef994107
ef9a4116
ef9b4125
ef9c4134
ef9d4143
ef9e4152
ef9f4161
efa04170
efa14187
efa24196
efa341a5
efa441b4
efa541c3
efa641d2
efa741e1
efa841f0
efa94207
efaa4216
efab4225
efac4234
efad4243
efae4252
efaf4261
efb04270
efb14287
efb24296
efb342a5
efb442b4
efb542c3
efb642d2
efb742e1
efb842f0
efb94307
efba4316
efbb4325
efbc4334
efbd4343
efbe4352
efbf4361
efc04370
efc14387
efc24396
efc343a5
efc443b4
efc543c3
efc643d2
efc743e1
efc843f0
efc94407
efca4416
efcb4425
efcc4434
efcd4443
efce4452
efcf4461
efd04470
efd14487
efd24496
efd344a5
efd444b4
efd544c3
efd644d2
efd744e1
efd844f0
efd94507
efda4516
efdb4525
efdc4534
efdd4543
efde4552
efdf4561
efe04570
efe14587
efe24596
efe345a5
efe445b4
efe545c3
efe645d2
efe745e1
efe845f0
efe94607
efea4616
efeb4625
efec4634
efed4643
efee4652
efef4661
eff04670
eff14687
eff24696
eff346a5
eff446b4
eff546c3
eff646d2
eff746e1
eff846f0
eff94707
effa4716
effb4725
effc4734
effd4743
effe4752
efff4761
f0000000
f001bf90
f002bfa0
f003bfb0
f004bfc0
f005bfd0
f006bfe0
f007bff0
f008c000
f009c010
f00ac020
f00bc030
f00cc040
f00dc050
f00ec060
f00fc070
f010c080
f011c090
f012c0a0
f013c0b0
f014c0c0
f015c0d0
f016c0e0
f017c0f0
f018c100
f019c110
f01ac120
f01bc130
f01cc140
f01dc150
f01ec160
f01fc170
f020c180
f021c190
f022c1a0
f023c1b0
f024c1c0
f025c1d0
f026c1e0
f027c1f0
f028c200
f029c210
f02ac220
f02bc230
f02cc240
f02dc250
f02ec260
f02fc270
f030c280
f031c290
f032c2a0
f033c2b0
f034c2c0
f035c2d0
f036c2e0
f037c2f0
f038c300
f039c310
f03ac320
f03bc330
f03cc340
f03dc350
f03ec360
f03fc370
f040c380
f041c390
f042c3a0
f043c3b0
f044c3c0
f045c3d0
f046c3e0
f047c3f0
f048c400
f049c410
f04ac420
f04bc430
f04cc440
f04dc450
f04ec460
f04fc470
f050c480
f051c490
f052c4a0
f053c4b0
f054c4c0
f055c4d0
f056c4e0
f057c4f0
f058c500
f059c510
f05ac520
f05bc530
f05cc540
f05dc550
f05ec560
f05fc570
f060c580
f061c590
f062c5a0
f063c5b0
f064c5c0
f065c5d0
f066c5e0
f067c5f0
f068c600
f069c610
f06ac620
f06bc630
f06cc640
f06dc650
f06ec660
f06fc670
f070c680
f071c690
f072c6a0
f073c6b0
f074c6c0
f075c6d0
f076c6e0
f077c6f0
f078c700
f079c710
f07ac720
f07bc730
f07cc740
f07dc750
f07ec760
f07fc770
f0800000
f0813f90
f0823fa0
f0833fb0
f0843fc0
f0853fd0
f0863fe0
f0873ff0
f0884000
f0894010
f08a4020
f08b4030
f08c4040
f08d4050
f08e4060
f08f4070
f0904080
f0914090
f09240a0
f09340b0
f09440c0
f09540d0
f09640e0
f09740f0
f0984100
f0994110
f09a4120
f09b4130
f09c4140
f09d4150
f09e4160
f09f4170
f0a04180
f0a14190
f0a241a0
f0a341b0
f0a441c0
f0a541d0
f0a641e0
f0a741f0
f0a84200
f0a94210
f0aa4220
f0ab4230
f0ac4240
f0ad4250
f0ae4260
f0af4270
f0b04280
f0b14290
f0b242a0
f0b342b0
f0b442c0
f0b542d0
f0b642e0
f0b742f0
f0b84300
f0b94310
f0ba4320
f0bb4330
f0bc4340
f0bd4350
f0be4360
f0bf4370
f0c04380
f0c14390
f0c243a0
f0c343b0
f0c443c0
f0c543d0
f0c643e0
f0c743f0
f0c84400
f0c94410
f0ca4420
f0cb4430
f0cc4440
f0cd4450
f0ce4460
f0cf4470
f0d04480
f0d14490
f0d244a0
f0d344b0
f0d444c0
f0d544d0
f0d644e0
f0d744f0
f0d84500
f0d94510
f0da4520
f0db4530
f0dc4540
f0dd4550
f0de4560
f0df4570
f0e04580
f0e14590
f0e245a0
f0e345b0
f0e445c0
f0e545d0
f0e645e0
f0e745f0
f0e84600
f0e94610
f0ea4620
f0eb4630
f0ec4640
f0ed4650
f0ee4660
f0ef4670
f0f04680
f0f14690
f0f246a0
f0f346b0
f0f446c0
f0f546d0
f0f646e0
f0f746f0
f0f84700
f0f94710
f0fa4720
f0fb4730
f0fc4740
f0fd4750
f0fe4760
f0ff4770
f1000000
f101bfa2
f102bfb4
f103bfc6
f104bfd8
f105bfea
f106bffc
f107c007
f108c010
f109c022
f10ac034
f10bc046
f10cc058
f10dc06a
f10ec07c
f10fc087
f110c090
f111c0a2
f112c0b4
f113c0c6
f114c0d8
f115c0ea
f116c0fc
f117c107
f118c110
f119c122
f11ac134
f11bc146
f11cc158
f11dc16a
f11ec17c
f11fc187
f120c190
f121c1a2
f122c1b4
f123c1c6
f124c1d8
f125c1ea
f126c1fc
f127c207
f128c210
f129c222
f12ac234
f12bc246
f12cc258
f12dc26a
f12ec27c
f12fc287
f130c290
f131c2a2
f132c2b4
f133c2c6
f134c2d8
f135c2ea
f136c2fc
f137c307
f138c310
f139c322
f13ac334
f13bc346
f13cc358
f13dc36a
f13ec37c
f13fc387
f140c390
f141c3a2
f142c3b4
f143c3c6
f144c3d8
f145c3ea
f146c3fc
f147c407
f148c410
f149c422
f14ac434
f14bc446
f14cc458
f14dc46a
f14ec47c
f14fc487
f150c490
f151c4a2
f152c4b4
f153c4c6
f154c4d8
f155c4ea
f156c4fc
f157c507
f158c510
f159c522
f15ac534
f15bc546
f15cc558
f15dc56a
f15ec57c
f15fc587
f160c590
f161c5a2
f162c5b4
f163c5c6
f164c5d8
f165c5ea
f166c5fc
f167c607
f168c610
f169c622
f16ac634
f16bc646
f16cc658
f16dc66a
f16ec67c
f16fc687
f170c690
f171c6a2
f172c6b4
f173c6c6
f174c6d8
f175c6ea
f176c6fc
f177c707
f178c710
f179c722
f17ac734
f17bc746
f17cc758
f17dc76a
f17ec77c
f17fc787
f1800000
f1813fa2
f1823fb4
f1833fc6
f1843fd8
f1853fea
f1863ffc
f1874007
f1884010
f1894022
f18a4034
f18b4046
f18c4058
f18d406a
f18e407c
f18f4087
f1904090
f19140a2
f19240b4
f19340c6
f19440d8
f19540ea
f19640fc
f1974107
f1984110
f1994122
f19a4134
f19b4146
f19c4158
f19d416a
f19e417c
f19f4187
f1a04190
f1a141a2
f1a241b4
f1a341c6
f1a441d8
f1a541ea
f1a641fc
f1a74207
f1a84210
f1a94222
f1aa4234
f1ab4246
f1ac4258
f1ad426a
f1ae427c
f1af4287
f1b04290
f1b142a2
f1b242b4
f1b342c6
f1b442d8
f1b542ea
f1b642fc
f1b74307
f1b84310
f1b94322
f1ba4334
f1bb4346
f1bc4358
f1bd436a
f1be437c
f1bf4387
f1c04390
f1c143a2
f1c243b4
f1c343c6
f1c443d8
f1c543ea
f1c643fc
f1c74407
f1c84410
f1c94422
f1ca4434
f1cb4446
f1cc4458
f1cd446a
f1ce447c
f1cf4487
f1d04490
f1d144a2
f1d244b4
f1d344c6
f1d444d8
f1d544ea
f1d644fc
f1d74507
f1d84510
f1d94522
f1da4534
f1db4546
f1dc4558
f1dd456a
f1de457c
f1df4587
f1e04590
f1e145a2
f1e245b4
f1e345c6
f1e445d8
f1e545ea
f1e645fc
f1e74607
f1e84610
f1e94622
f1ea4634
f1eb4646
f1ec4658
f1ed466a
f1ee467c
f1ef4687
f1f04690
f1f146a2
f1f246b4
f1f346c6
f1f446d8
f1f546ea
f1f646fc
f1f74707
f1f84710
f1f94722
f1fa4734
f1fb4746
f1fc4758
f1fd476a
f1fe477c
f1ff4787
f2000000
f201bfb4
f202bfc8
f203bfdc
f204bff0
f205c002
f206c00c
f207c016
f208c020
f209c034
f20ac048
f20bc05c
f20cc070
f20dc082
f20ec08c
f20fc096
f210c0a0
f211c0b4
f212c0c8
f213c0dc
f214c0f0
f215c102
f216c10c
f217c116
f218c120
f219c134
f21ac148
f21bc15c
f21cc170
f21dc182
f21ec18c
f21fc196
f220c1a0
f221c1b4
f222c1c8
f223c1dc
f224c1f0
f225c202
f226c20c
f227c216
f228c220
f229c234
f22ac248
f22bc25c
f22cc270
f22dc282
f22ec28c
f22fc296
f230c2a0
f231c2b4
f232c2c8
f233c2dc
f234c2f0
f235c302
f236c30c
f237c316
f238c320
f239c334
f23ac348
f23bc35c
f23cc370
f23dc382
f23ec38c
f23fc396
f240c3a0
f241c3b4
f242c3c8
f243c3dc
f244c3f0
f245c402
f246c40c
f247c416
f248c420
f249c434
f24ac448
f24bc45c
f24cc470
f24dc482
f24ec48c
f24fc496
f250c4a0
f251c4b4
f252c4c8
f253c4dc
f254c4f0
f255c502
f256c50c
f257c516
f258c520
f259c534
f25ac548
f25bc55c
f25cc570
f25dc582
f25ec58c
f25fc596
f260c5a0
f261c5b4
f262c5c8
f263c5dc
f264c5f0
f265c602
f266c60c
f267c616
f268c620
f269c634
f26ac648
f26bc65c
f26cc670
f26dc682
f26ec68c
f26fc696
f270c6a0
f271c6b4
f272c6c8
f273c6dc
f274c6f0
f275c702
f276c70c
f277c716
f278c720
f279c734
f27ac748
f27bc75c
f27cc770
f27dc782
f27ec78c
f27fc796
f2800000
f2813fb4
f2823fc8
f2833fdc
f2843ff0
f2854002
f286400c
f2874016
f2884020
f2894034
f28a4048
f28b405c
f28c4070
f28d4082
f28e408c
f28f4096
f29040a0
f29140b4
f29240c8
f29340dc
f29440f0
f2954102
f296410c
f2974116
f2984120
f2994134
f29a4148
f29b415c
f29c4170
f29d4182
f29e418c
f29f4196
f2a041a0
f2a141b4
f2a241c8
f2a341dc
f2a441f0
f2a54202
f2a6420c
f2a74216
f2a84220
f2a94234
f2aa4248
f2ab425c
f2ac4270
f2ad4282
f2ae428c
f2af4296
f2b042a0
f2b142b4
f2b242c8
f2b342dc
f2b442f0
f2b54302
f2b6430c
f2b74316
f2b84320
f2b94334
f2ba4348
f2bb435c
f2bc4370
f2bd4382
f2be438c
f2bf4396
f2c043a0
f2c143b4
f2c243c8
f2c343dc
f2c443f0
f2c54402
f2c6440c
f2c74416
f2c84420
f2c94434
f2ca4448
f2cb445c
f2cc4470
f2cd4482
f2ce448c
f2cf4496
f2d044a0
f2d144b4
f2d244c8
f2d344dc
f2d444f0
f2d54502
f2d6450c
f2d74516
f2d84520
f2d94534
f2da4548
f2db455c
f2dc4570
f2dd4582
f2de458c
f2df4596
f2e045a0
f2e145b4
f2e245c8
f2e345dc
f2e445f0
f2e54602
f2e6460c
f2e74616
f2e84620
f2e94634
f2ea4648
f2eb465c
f2ec4670
f2ed4682
f2ee468c
f2ef4696
f2f046a0
f2f146b4
f2f246c8
f2f346dc
f2f446f0
f2f54702
f2f6470c
f2f74716
f2f84720
f2f94734
f2fa4748
f2fb475c
f2fc4770
f2fd4782
f2fe478c
f2ff4796
f3000000
f301bfc6
f302bfdc
f303bff2
f304c004
f305c00f
f306c01a
f307c025
f308c030
f309c046
f30ac05c
f30bc072
f30cc084
f30dc08f
f30ec09a
f30fc0a5
f310c0b0
f311c0c6
f312c0dc
f313c0f2
f314c104
f315c10f
f316c11a
f317c125
f318c130
f319c146
f31ac15c
f31bc172
f31cc184
f31dc18f
f31ec19a
f31fc1a5
f320c1b0
f321c1c6
f322c1dc
f323c1f2
f324c204
f325c20f
f326c21a
f327c225
f328c230
f329c246
f32ac25c
f32bc272
f32cc284
f32dc28f
f32ec29a
f32fc2a5
f330c2b0
f331c2c6
f332c2dc
f333c2f2
f334c304
f335c30f
f336c31a
f337c325
f338c330
f339c346
f33ac35c
f33bc372
f33cc384
f33dc38f
f33ec39a
f33fc3a5
f340c3b0
f341c3c6
f342c3dc
f343c3f2
f344c404
f345c40f
f346c41a
f347c425
f348c430
f349c446
f34ac45c
f34bc472
f34cc484
f34dc48f
f34ec49a
f34fc4a5
f350c4b0
f351c4c6
f352c4dc
f353c4f2
f354c504
f355c50f
f356c51a
f357c525
f358c530
f359c546
f35ac55c
f35bc572
f35cc584
f35dc58f
f35ec59a
f35fc5a5
f360c5b0
f361c5c6
f362c5dc
f363c5f2
f364c604
f365c60f
f366c61a
f367c625
f368c630
f369c646
f36ac65c
f36bc672
f36cc684
f36dc68f
f36ec69a
f36fc6a5
f370c6b0
f371c6c6
f372c6dc
f373c6f2
f374c704
f375c70f
f376c71a
f377c725
f378c730
f379c746
f37ac75c
f37bc772
f37cc784
f37dc78f
f37ec79a
f37fc7a5
f3800000
f3813fc6
f3823fdc
f3833ff2
f3844004
f385400f
f386401a
f3874025
f3884030
f3894046
f38a405c
f38b4072
f38c4084
f38d408f
f38e409a
f38f40a5
f39040b0
f39140c6
f39240dc
f39340f2
f3944104
f395410f
f396411a
f3974125
f3984130
f3994146
f39a415c
f39b4172
f39c4184
f39d418f
f39e419a
f39f41a5
f3a041b0
f3a141c6
f3a241dc
f3a341f2
f3a44204
f3a5420f
f3a6421a
f3a74225
f3a84230
f3a94246
f3aa425c
f3ab4272
f3ac4284
f3ad428f
f3ae429a
f3af42a5
f3b042b0
f3b142c6
f3b242dc
f3b342f2
f3b44304
f3b5430f
f3b6431a
f3b74325
f3b84330
f3b94346
f3ba435c
f3bb4372
f3bc4384
f3bd438f
f3be439a
f3bf43a5
f3c043b0
f3c143c6
f3c243dc
f3c343f2
f3c44404
f3c5440f
f3c6441a
f3c74425
f3c84430
f3c94446
f3ca445c
f3cb4472
f3cc4484
f3cd448f
f3ce449a
f3cf44a5
f3d044b0
f3d144c6
f3d244dc
f3d344f2
f3d44504
f3d5450f
f3d6451a
f3d74525
f3d84530
f3d94546
f3da455c
f3db4572
f3dc4584
f3dd458f
f3de459a
f3df45a5
f3e045b0
f3e145c6
f3e245dc
f3e345f2
f3e44604
f3e5460f
f3e6461a
f3e74625
f3e84630
f3e94646
f3ea465c
f3eb4672
f3ec4684
f3ed468f
f3ee469a
f3ef46a5
f3f046b0
f3f146c6
f3f246dc
f3f346f2
f3f44704
f3f5470f
f3f6471a
f3f74725
f3f84730
f3f94746
f3fa475c
f3fb4772
f3fc4784
f3fd478f
f3fe479a
f3ff47a5
f4000000
f401bfd8
f402bff0
f403c004
f404c010
f405c01c
f406c028
f407c034
f408c040
f409c058
f40ac070
f40bc084
f40cc090
f40dc09c
f40ec0a8
f40fc0b4
f410c0c0
f411c0d8
f412c0f0
f413c104
f414c110
f415c11c
f416c128
f417c134
f418c140
f419c158
f41ac170
f41bc184
f41cc190
f41dc19c
f41ec1a8
f41fc1b4
f420c1c0
f421c1d8
f422c1f0
f423c204
f424c210
f425c21c
f426c228
f427c234
f428c240
f429c258
f42ac270
f42bc284
f42cc290
f42dc29c
f42ec2a8
f42fc2b4
f430c2c0
f431c2d8
f432c2f0
f433c304
f434c310
f435c31c
f436c328
f437c334
f438c340
f439c358
f43ac370
f43bc384
f43cc390
f43dc39c
f43ec3a8
f43fc3b4
f440c3c0
f441c3d8
f442c3f0
f443c404
f444c410
f445c41c
f446c428
f447c434
f448c440
f449c458
f44ac470
f44bc484
f44cc490
f44dc49c
f44ec4a8
f44fc4b4
f450c4c0
f451c4d8
f452c4f0
f453c504
f454c510
f455c51c
f456c528
f457c534
f458c540
f459c558
f45ac570
f45bc584
f45cc590
f45dc59c
f45ec5a8
f45fc5b4
f460c5c0
f461c5d8
f462c5f0
f463c604
f464c610
f465c61c
f466c628
f467c634
f468c640
f469c658
f46ac670
f46bc684
f46cc690
f46dc69c
f46ec6a8
f46fc6b4
f470c6c0
f471c6d8
f472c6f0
f473c704
f474c710
f475c71c
f476c728
f477c734
f478c740
f479c758
f47ac770
f47bc784
f47cc790
f47dc79c
f47ec7a8
f47fc7b4
f4800000
f4813fd8
f4823ff0
f4834004
f4844010
f485401c
f4864028
f4874034
f4884040
f4894058
f48a4070
f48b4084
f48c4090
f48d409c
f48e40a8
f48f40b4
f49040c0
f49140d8
f49240f0
f4934104
f4944110
f495411c
f4964128
f4974134
f4984140
f4994158
f49a4170
f49b4184
f49c4190
f49d419c
f49e41a8
f49f41b4
f4a041c0
f4a141d8
f4a241f0
f4a34204
f4a44210
f4a5421c
f4a64228
f4a74234
f4a84240
f4a94258
f4aa4270
f4ab4284
f4ac4290
f4ad429c
f4ae42a8
f4af42b4
f4b042c0
f4b142d8
f4b242f0
f4b34304
f4b44310
f4b5431c
f4b64328
f4b74334
f4b84340
f4b94358
f4ba4370
f4bb4384
f4bc4390
f4bd439c
f4be43a8
f4bf43b4
f4c043c0
f4c143d8
f4c243f0
f4c34404
f4c44410
f4c5441c
f4c64428
f4c74434
f4c84440
f4c94458
f4ca4470
f4cb4484
f4cc4490
f4cd449c
f4ce44a8
f4cf44b4
f4d044c0
f4d144d8
f4d244f0
f4d34504
f4d44510
f4d5451c
f4d64528
f4d74534
f4d84540
f4d94558
f4da4570
f4db4584
f4dc4590
f4dd459c
f4de45a8
f4df45b4
f4e045c0
f4e145d8
f4e245f0
f4e34604
f4e44610
f4e5461c
f4e64628
f4e74634
f4e84640
f4e94658
f4ea4670
f4eb4684
f4ec4690
f4ed469c
f4ee46a8
f4ef46b4
f4f046c0
f4f146d8
f4f246f0
f4f34704
f4f44710
f4f5471c
f4f64728
f4f74734
f4f84740
f4f94758
f4fa4770
f4fb4784
f4fc4790
f4fd479c
f4fe47a8
f4ff47b4
f5000000
f501bfea
f502c002
f503c00f
f504c01c
f505c029
f506c036
f507c043
f508c050
f509c06a
f50ac082
f50bc08f
f50cc09c
f50dc0a9
f50ec0b6
f50fc0c3
f510c0d0
f511c0ea
f512c102
f513c10f
f514c11c
f515c129
f516c136
f517c143
f518c150
f519c16a
f51ac182
f51bc18f
f51cc19c
f51dc1a9
f51ec1b6
f51fc1c3
f520c1d0
f521c1ea
f522c202
f523c20f
f524c21c
f525c229
f526c236
f527c243
f528c250
f529c26a
f52ac282
f52bc28f
f52cc29c
f52dc2a9
f52ec2b6
f52fc2c3
f530c2d0
f531c2ea
f532c302
f533c30f
f534c31c
f535c329
f536c336
f537c343
f538c350
f539c36a
f53ac382
f53bc38f
f53cc39c
f53dc3a9
f53ec3b6
f53fc3c3
f540c3d0
f541c3ea
f542c402
f543c40f
f544c41c
f545c429
f546c436
f547c443
f548c450
f549c46a
f54ac482
f54bc48f
f54cc49c
f54dc4a9
f54ec4b6
f54fc4c3
f550c4d0
f551c4ea
f552c502
f553c50f
f554c51c
f555c529
f556c536
f557c543
f558c550
f559c56a
f55ac582
f55bc58f
f55cc59c
f55dc5a9
f55ec5b6
f55fc5c3
f560c5d0
f561c5ea
f562c602
f563c60f
f564c61c
f565c629
f566c636
f567c643
f568c650
f569c66a
f56ac682
f56bc68f
f56cc69c
f56dc6a9
f56ec6b6
f56fc6c3
f570c6d0
f571c6ea
f572c702
f573c70f
f574c71c
f575c729
f576c736
f577c743
f578c750
f579c76a
f57ac782
f57bc78f
f57cc79c
f57dc7a9
f57ec7b6
f57fc7c3
f5800000
f5813fea
f5824002
f583400f
f584401c
f5854029
f5864036
f5874043
f5884050
f589406a
f58a4082
f58b408f
f58c409c
f58d40a9
f58e40b6
f58f40c3
f59040d0
f59140ea
f5924102
f593410f
f594411c
f5954129
f5964136
f5974143
f5984150
f599416a
f59a4182
f59b418f
f59c419c
f59d41a9
f59e41b6
f59f41c3
f5a041d0
f5a141ea
f5a24202
f5a3420f
f5a4421c
f5a54229
f5a64236
f5a74243
f5a84250
f5a9426a
f5aa4282
f5ab428f
f5ac429c
f5ad42a9
f5ae42b6
f5af42c3
f5b042d0
f5b142ea
f5b24302
f5b3430f
f5b4431c
f5b54329
f5b64336
f5b74343
f5b84350
f5b9436a
f5ba4382
f5bb438f
f5bc439c
f5bd43a9
f5be43b6
f5bf43c3
f5c043d0
f5c143ea
f5c24402
f5c3440f
f5c4441c
f5c54429
f5c64436
f5c74443
f5c84450
f5c9446a
f5ca4482
f5cb448f
f5cc449c
f5cd44a9
f5ce44b6
f5cf44c3
f5d044d0
f5d144ea
f5d24502
f5d3450f
f5d4451c
f5d54529
f5d64536
f5d74543
f5d84550
f5d9456a
f5da4582
f5db458f
f5dc459c
f5dd45a9
f5de45b6
f5df45c3
f5e045d0
f5e145ea
f5e24602
f5e3460f
f5e4461c
f5e54629
f5e64636
f5e74643
f5e84650
f5e9466a
f5ea4682
f5eb468f
f5ec469c
f5ed46a9
f5ee46b6
f5ef46c3
f5f046d0
f5f146ea
f5f24702
f5f3470f
f5f4471c
f5f54729
f5f64736
f5f74743
f5f84750
f5f9476a
f5fa4782
f5fb478f
f5fc479c
f5fd47a9
f5fe47b6
f5ff47c3
f6000000
f601bffc
f602c00c
f603c01a
f604c028
f605c036
f606c044
f607c052
f608c060
f609c07c
f60ac08c
f60bc09a
f60cc0a8
f60dc0b6
f60ec0c4
f60fc0d2
f610c0e0
f611c0fc
f612c10c
f613c11a
f614c128
f615c136
f616c144
f617c152
f618c160
f619c17c
f61ac18c
f61bc19a
f61cc1a8
f61dc1b6
f61ec1c4
f61fc1d2
f620c1e0
f621c1fc
f622c20c
f623c21a
f624c228
f625c236
f626c244
f627c252
f628c260
f629c27c
f62ac28c
f62bc29a
f62cc2a8
f62dc2b6
f62ec2c4
f62fc2d2
f630c2e0
f631c2fc
f632c30c
f633c31a
f634c328
f635c336
f636c344
f637c352
f638c360
f639c37c
f63ac38c
f63bc39a
f63cc3a8
f63dc3b6
f63ec3c4
f63fc3d2
f640c3e0
f641c3fc
f642c40c
f643c41a
f644c428
f645c436
f646c444
f647c452
f648c460
f649c47c
f64ac48c
f64bc49a
f64cc4a8
f64dc4b6
f64ec4c4
f64fc4d2
f650c4e0
f651c4fc
f652c50c
f653c51a
f654c528
f655c536
f656c544
f657c552
f658c560
f659c57c
f65ac58c
f65bc59a
f65cc5a8
f65dc5b6
f65ec5c4
f65fc5d2
f660c5e0
f661c5fc
f662c60c
f663c61a
f664c628
f665c636
f666c644
f667c652
f668c660
f669c67c
f66ac68c
f66bc69a
f66cc6a8
f66dc6b6
f66ec6c4
f66fc6d2
f670c6e0
f671c6fc
f672c70c
f673c71a
f674c728
f675c736
f676c744
f677c752
f678c760
f679c77c
f67ac78c
f67bc79a
f67cc7a8
f67dc7b6
f67ec7c4
f67fc7d2
f6800000
f6813ffc
f682400c
f683401a
f6844028
f6854036
f6864044
f6874052
f6884060
f689407c
f68a408c
f68b409a
f68c40a8
f68d40b6
f68e40c4
f68f40d2
f69040e0
f69140fc
f692410c
f693411a
f6944128
f6954136
f6964144
f6974152
f6984160
f699417c
f69a418c
f69b419a
f69c41a8
f69d41b6
f69e41c4
f69f41d2
f6a041e0
f6a141fc
f6a2420c
f6a3421a
f6a44228
f6a54236
f6a64244
f6a74252
f6a84260
f6a9427c
f6aa428c
f6ab429a
f6ac42a8
f6ad42b6
f6ae42c4
f6af42d2
f6b042e0
f6b142fc
f6b2430c
f6b3431a
f6b44328
f6b54336
f6b64344
f6b74352
f6b84360
f6b9437c
f6ba438c
f6bb439a
f6bc43a8
f6bd43b6
f6be43c4
f6bf43d2
f6c043e0
f6c143fc
f6c2440c
f6c3441a
f6c44428
f6c54436
f6c64444
f6c74452
f6c84460
f6c9447c
f6ca448c
f6cb449a
f6cc44a8
f6cd44b6
f6ce44c4
f6cf44d2
f6d044e0
f6d144fc
f6d2450c
f6d3451a
f6d44528
f6d54536
f6d64544
f6d74552
f6d84560
f6d9457c
f6da458c
f6db459a
f6dc45a8
f6dd45b6
f6de45c4
f6df45d2
f6e045e0
f6e145fc
f6e2460c
f6e3461a
f6e44628
f6e54636
f6e64644
f6e74652
f6e84660
f6e9467c
f6ea468c
f6eb469a
f6ec46a8
f6ed46b6
f6ee46c4
f6ef46d2
f6f046e0
f6f146fc
f6f2470c
f6f3471a
f6f44728
f6f54736
f6f64744
f6f74752
f6f84760
f6f9477c
f6fa478c
f6fb479a
f6fc47a8
f6fd47b6
f6fe47c4
f6ff47d2
f7000000
f701c007
f702c016
f703c025
f704c034
f705c043
f706c052
f707c061
f708c070
f709c087
f70ac096
f70bc0a5
f70cc0b4
f70dc0c3
f70ec0d2
f70fc0e1
f710c0f0
f711c107
f712c116
f713c125
f714c134
f715c143
f716c152
f717c161
f718c170
f719c187
f71ac196
f71bc1a5
f71cc1b4
f71dc1c3
f71ec1d2
f71fc1e1
f720c1f0
f721c207
f722c216
f723c225
f724c234
f725c243
f726c252
f727c261
f728c270
f729c287
f72ac296
f72bc2a5
f72cc2b4
f72dc2c3
f72ec2d2
f72fc2e1
f730c2f0
f731c307
f732c316
f733c325
f734c334
f735c343
f736c352
f737c361
f738c370
f739c387
f73ac396
f73bc3a5
f73cc3b4
f73dc3c3
f73ec3d2
f73fc3e1
f740c3f0
f741c407
f742c416
f743c425
f744c434
f745c443
f746c452
f747c461
f748c470
f749c487
f74ac496
f74bc4a5
f74cc4b4
f74dc4c3
f74ec4d2
f74fc4e1
f750c4f0
f751c507
f752c516
f753c525
f754c534
f755c543
f756c552
f757c561
f758c570
f759c587
f75ac596
f75bc5a5
f75cc5b4
f75dc5c3
f75ec5d2
f75fc5e1
f760c5f0
f761c607
f762c616
f763c625
f764c634
f765c643
f766c652
f767c661
f768c670
f769c687
f76ac696
f76bc6a5
f76cc6b4
f76dc6c3
f76ec6d2
f76fc6e1
f770c6f0
f771c707
f772c716
f773c725
f774c734
f775c743
f776c752
f777c761
f778c770
f779c787
f77ac796
f77bc7a5
f77cc7b4
f77dc7c3
f77ec7d2
f77fc7e1
f7800000
f7814007
f7824016
f7834025
f7844034
f7854043
f7864052
f7874061
f7884070
f7894087
f78a4096
f78b40a5
f78c40b4
f78d40c3
f78e40d2
f78f40e1
f79040f0
f7914107
f7924116
f7934125
f7944134
f7954143
f7964152
f7974161
f7984170
f7994187
f79a4196
f79b41a5
f79c41b4
f79d41c3
f79e41d2
f79f41e1
f7a041f0
f7a14207
f7a24216
f7a34225
f7a44234
f7a54243
f7a64252
f7a74261
f7a84270
f7a94287
f7aa4296
f7ab42a5
f7ac42b4
f7ad42c3
f7ae42d2
f7af42e1
f7b042f0
f7b14307
f7b24316
f7b34325
f7b44334
f7b54343
f7b64352
f7b74361
f7b84370
f7b94387
f7ba4396
f7bb43a5
f7bc43b4
f7bd43c3
f7be43d2
f7bf43e1
f7c043f0
f7c14407
f7c24416
f7c34425
f7c44434
f7c54443
f7c64452
f7c74461
f7c84470
f7c94487
f7ca4496
f7cb44a5
f7cc44b4
f7cd44c3
f7ce44d2
f7cf44e1
f7d044f0
f7d14507
f7d24516
f7d34525
f7d44534
f7d54543
f7d64552
f7d74561
f7d84570
f7d94587
f7da4596
f7db45a5
f7dc45b4
f7dd45c3
f7de45d2
f7df45e1
f7e045f0
f7e14607
f7e24616
f7e34625
f7e44634
f7e54643
f7e64652
f7e74661
f7e84670
f7e94687
f7ea4696
f7eb46a5
f7ec46b4
f7ed46c3
f7ee46d2
f7ef46e1
f7f046f0
f7f14707
f7f24716
f7f34725
f7f44734
f7f54743
f7f64752
f7f74761
f7f84770
f7f94787
f7fa4796
f7fb47a5
f7fc47b4
f7fd47c3
f7fe47d2
f7ff47e1
f8000000
f801c010
f802c020
f803c030
f804c040
f805c050
f806c060
f807c070
f808c080
f809c090
f80ac0a0
f80bc0b0
f80cc0c0
f80dc0d0
f80ec0e0
f80fc0f0
f810c100
f811c110
f812c120
f813c130
f814c140
f815c150
f816c160
f817c170
f818c180
f819c190
f81ac1a0
f81bc1b0
f81cc1c0
f81dc1d0
f81ec1e0
f81fc1f0
f820c200
f821c210
f822c220
f823c230
f824c240
f825c250
f826c260
f827c270
f828c280
f829c290
f82ac2a0
f82bc2b0
f82cc2c0
f82dc2d0
f82ec2e0
f82fc2f0
f830c300
f831c310
f832c320
f833c330
f834c340
f835c350
f836c360
f837c370
f838c380
f839c390
f83ac3a0
f83bc3b0
f83cc3c0
f83dc3d0
f83ec3e0
f83fc3f0
f840c400
f841c410
f842c420
f843c430
f844c440
f845c450
f846c460
f847c470
f848c480
f849c490
f84ac4a0
f84bc4b0
f84cc4c0
f84dc4d0
f84ec4e0
f84fc4f0
f850c500
f851c510
f852c520
f853c530
f854c540
f855c550
f856c560
f857c570
f858c580
f859c590
f85ac5a0
f85bc5b0
f85cc5c0
f85dc5d0
f85ec5e0
f85fc5f0
f860c600
f861c610
f862c620
f863c630
f864c640
f865c650
f866c660
f867c670
f868c680
f869c690
f86ac6a0
f86bc6b0
f86cc6c0
f86dc6d0
f86ec6e0
f86fc6f0
f870c700
f871c710
f872c720
f873c730
f874c740
f875c750
f876c760
f877c770
f878c780
f879c790
f87ac7a0
f87bc7b0
f87cc7c0
f87dc7d0
f87ec7e0
f87fc7f0
f8800000
f8814010
f8824020
f8834030
f8844040
f8854050
f8864060
f8874070
f8884080
f8894090
f88a40a0
f88b40b0
f88c40c0
f88d40d0
f88e40e0
f88f40f0
f8904100
f8914110
f8924120
f8934130
f8944140
f8954150
f8964160
f8974170
f8984180
f8994190
f89a41a0
f89b41b0
f89c41c0
f89d41d0
f89e41e0
f89f41f0
f8a04200
f8a14210
f8a24220
f8a34230
f8a44240
f8a54250
f8a64260
f8a74270
f8a84280
f8a94290
f8aa42a0
f8ab42b0
f8ac42c0
f8ad42d0
f8ae42e0
f8af42f0
f8b04300
f8b14310
f8b24320
f8b34330
f8b44340
f8b54350
f8b64360
f8b74370
f8b84380
f8b94390
f8ba43a0
f8bb43b0
f8bc43c0
f8bd43d0
f8be43e0
f8bf43f0
f8c04400
f8c14410
f8c24420
f8c34430
f8c44440
f8c54450
f8c64460
f8c74470
f8c84480
f8c94490
f8ca44a0
f8cb44b0
f8cc44c0
f8cd44d0
f8ce44e0
f8cf44f0
f8d04500
f8d14510
f8d24520
f8d34530
f8d44540
f8d54550
f8d64560
f8d74570
f8d84580
f8d94590
f8da45a0
f8db45b0
f8dc45c0
f8dd45d0
f8de45e0
f8df45f0
f8e04600
f8e14610
f8e24620
f8e34630
f8e44640
f8e54650
f8e64660
f8e74670
f8e84680
f8e94690
f8ea46a0
f8eb46b0
f8ec46c0
f8ed46d0
f8ee46e0
f8ef46f0
f8f04700
f8f14710
f8f24720
f8f34730
f8f44740
f8f54750
f8f64760
f8f74770
f8f84780
f8f94790
f8fa47a0
f8fb47b0
f8fc47c0
f8fd47d0
f8fe47e0
f8ff47f0
f9000000
f901c022
f902c034
f903c046
f904c058
f905c06a
f906c07c
f907c087
f908c090
f909c0a2
f90ac0b4
f90bc0c6
f90cc0d8
f90dc0ea
f90ec0fc
f90fc107
f910c110
f911c122
f912c134
f913c146
f914c158
f915c16a
f916c17c
f917c187
f918c190
f919c1a2
f91ac1b4
f91bc1c6
f91cc1d8
f91dc1ea
f91ec1fc
f91fc207
f920c210
f921c222
f922c234
f923c246
f924c258
f925c26a
f926c27c
f927c287
f928c290
f929c2a2
f92ac2b4
f92bc2c6
f92cc2d8
f92dc2ea
f92ec2fc
f92fc307
f930c310
f931c322
f932c334
f933c346
f934c358
f935c36a
f936c37c
f937c387
f938c390
f939c3a2
f93ac3b4
f93bc3c6
f93cc3d8
f93dc3ea
f93ec3fc
f93fc407
f940c410
f941c422
f942c434
f943c446
f944c458
f945c46a
f946c47c
f947c487
f948c490
f949c4a2
f94ac4b4
f94bc4c6
f94cc4d8
f94dc4ea
f94ec4fc
f94fc507
f950c510
f951c522
f952c534
f953c546
f954c558
f955c56a
f956c57c
f957c587
f958c590
f959c5a2
f95ac5b4
f95bc5c6
f95cc5d8
f95dc5ea
f95ec5fc
f95fc607
f960c610
f961c622
f962c634
f963c646
f964c658
f965c66a
f966c67c
f967c687
f968c690
f969c6a2
f96ac6b4
f96bc6c6
f96cc6d8
f96dc6ea
f96ec6fc
f96fc707
f970c710
f971c722
f972c734
f973c746
f974c758
f975c76a
f976c77c
f977c787
f978c790
f979c7a2
f97ac7b4
f97bc7c6
f97cc7d8
f97dc7ea
f97ec7fc
f97fc807
f9800000
f9814022
f9824034
f9834046
f9844058
f985406a
f986407c
f9874087
f9884090
f98940a2
f98a40b4
f98b40c6
f98c40d8
f98d40ea
f98e40fc
f98f4107
f9904110
f9914122
f9924134
f9934146
f9944158
f995416a
f996417c
f9974187
f9984190
f99941a2
f99a41b4
f99b41c6
f99c41d8
f99d41ea
f99e41fc
f99f4207
f9a04210
f9a14222
f9a24234
f9a34246
f9a44258
f9a5426a
f9a6427c
f9a74287
f9a84290
f9a942a2
f9aa42b4
f9ab42c6
f9ac42d8
f9ad42ea
f9ae42fc
f9af4307
f9b04310
f9b14322
f9b24334
f9b34346
f9b44358
f9b5436a
f9b6437c
f9b74387
f9b84390
f9b943a2
f9ba43b4
f9bb43c6
f9bc43d8
f9bd43ea
f9be43fc
f9bf4407
f9c04410
f9c14422
f9c24434
f9c34446
f9c44458
f9c5446a
f9c6447c
f9c74487
f9c84490
f9c944a2
f9ca44b4
f9cb44c6
f9cc44d8
f9cd44ea
f9ce44fc
f9cf4507
f9d04510
f9d14522
f9d24534
f9d34546
f9d44558
f9d5456a
f9d6457c
f9d74587
f9d84590
f9d945a2
f9da45b4
f9db45c6
f9dc45d8
f9dd45ea
f9de45fc
f9df4607
f9e04610
f9e14622
f9e24634
f9e34646
f9e44658
f9e5466a
f9e6467c
f9e74687
f9e84690
f9e946a2
f9ea46b4
f9eb46c6
f9ec46d8
f9ed46ea
f9ee46fc
f9ef4707
f9f04710
f9f14722
f9f24734
f9f34746
f9f44758
f9f5476a
f9f6477c
f9f74787
f9f84790
f9f947a2
f9fa47b4
f9fb47c6
f9fc47d8
f9fd47ea
f9fe47fc
f9ff4807
fa000000
fa01c034
fa02c048
fa03c05c
fa04c070
fa05c082
fa06c08c
fa07c096
fa08c0a0
fa09c0b4
fa0ac0c8
fa0bc0dc
fa0cc0f0
fa0dc102
fa0ec10c
fa0fc116
fa10c120
fa11c134
fa12c148
fa13c15c
fa14c170
fa15c182
fa16c18c
fa17c196
fa18c1a0
fa19c1b4
fa1ac1c8
fa1bc1dc
fa1cc1f0
fa1dc202
fa1ec20c
fa1fc216
fa20c220
fa21c234
fa22c248
fa23c25c
fa24c270
fa25c282
fa26c28c
fa27c296
fa28c2a0
fa29c2b4
fa2ac2c8
fa2bc2dc
fa2cc2f0
fa2dc302
fa2ec30c
fa2fc316
fa30c320
fa31c334
fa32c348
fa33c35c
fa34c370
fa35c382
fa36c38c
fa37c396
fa38c3a0
fa39c3b4
fa3ac3c8
fa3bc3dc
fa3cc3f0
fa3dc402
fa3ec40c
fa3fc416
fa40c420
fa41c434
fa42c448
fa43c45c
fa44c470
fa45c482
fa46c48c
fa47c496
fa48c4a0
fa49c4b4
fa4ac4c8
fa4bc4dc
fa4cc4f0
fa4dc502
fa4ec50c
fa4fc516
fa50c520
fa51c534
fa52c548
fa53c55c
fa54c570
fa55c582
fa56c58c
fa57c596
fa58c5a0
fa59c5b4
fa5ac5c8
fa5bc5dc
fa5cc5f0
fa5dc602
fa5ec60c
fa5fc616
fa60c620
fa61c634
fa62c648
fa63c65c
fa64c670
fa65c682
fa66c68c
fa67c696
fa68c6a0
fa69c6b4
fa6ac6c8
fa6bc6dc
fa6cc6f0
fa6dc702
fa6ec70c
fa6fc716
fa70c720
fa71c734
fa72c748
fa73c75c
fa74c770
fa75c782
fa76c78c
fa77c796
fa78c7a0
fa79c7b4
fa7ac7c8
fa7bc7dc
fa7cc7f0
fa7dc802
fa7ec80c
fa7fc816
fa800000
fa814034
fa824048
fa83405c
fa844070
fa854082
fa86408c
fa874096
fa8840a0
fa8940b4
fa8a40c8
fa8b40dc
fa8c40f0
fa8d4102
fa8e410c
fa8f4116
fa904120
fa914134
fa924148
fa93415c
fa944170
fa954182
fa96418c
fa974196
fa9841a0
fa9941b4
fa9a41c8
fa9b41dc
fa9c41f0
fa9d4202
fa9e420c
fa9f4216
faa04220
faa14234
faa24248
faa3425c
faa44270
faa54282
faa6428c
faa74296
faa842a0
faa942b4
faaa42c8
faab42dc
faac42f0
faad4302
faae430c
faaf4316
fab04320
fab14334
fab24348
fab3435c
fab44370
fab54382
fab6438c
fab74396
fab843a0
fab943b4
faba43c8
fabb43dc
fabc43f0
fabd4402
fabe440c
fabf4416
fac04420
fac14434
fac24448
fac3445c
fac44470
fac54482
fac6448c
fac74496
fac844a0
fac944b4
faca44c8
facb44dc
facc44f0
facd4502
face450c
facf4516
fad04520
fad14534
fad24548
fad3455c
fad44570
fad54582
fad6458c
fad74596
fad845a0
fad945b4
fada45c8
fadb45dc
fadc45f0
fadd4602
fade460c
fadf4616
fae04620
fae14634
fae24648
fae3465c
fae44670
fae54682
fae6468c
fae74696
fae846a0
fae946b4
faea46c8
faeb46dc
faec46f0
faed4702
faee470c
faef4716
faf04720
faf14734
faf24748
faf3475c
faf44770
faf54782
faf6478c
faf74796
faf847a0
faf947b4
fafa47c8
fafb47dc
fafc47f0
fafd4802
fafe480c
faff4816
fb000000
fb01c046
fb02c05c
fb03c072
fb04c084
fb05c08f
fb06c09a
fb07c0a5
fb08c0b0
fb09c0c6
fb0ac0dc
fb0bc0f2
fb0cc104
fb0dc10f
fb0ec11a
fb0fc125
fb10c130
fb11c146
fb12c15c
fb13c172
fb14c184
fb15c18f
fb16c19a
fb17c1a5
fb18c1b0
fb19c1c6
fb1ac1dc
fb1bc1f2
fb1cc204
fb1dc20f
fb1ec21a
fb1fc225
fb20c230
fb21c246
fb22c25c
fb23c272
fb24c284
fb25c28f
fb26c29a
fb27c2a5
fb28c2b0
fb29c2c6
fb2ac2dc
fb2bc2f2
fb2cc304
fb2dc30f
fb2ec31a
fb2fc325
fb30c330
fb31c346
fb32c35c
fb33c372
fb34c384
fb35c38f
fb36c39a
fb37c3a5
fb38c3b0
fb39c3c6
fb3ac3dc
fb3bc3f2
fb3cc404
fb3dc40f
fb3ec41a
fb3fc425
fb40c430
fb41c446
fb42c45c
fb43c472
fb44c484
fb45c48f
fb46c49a
fb47c4a5
fb48c4b0
fb49c4c6
fb4ac4dc
fb4bc4f2
fb4cc504
fb4dc50f
fb4ec51a
fb4fc525
fb50c530
fb51c546
fb52c55c
fb53c572
fb54c584
fb55c58f
fb56c59a
fb57c5a5
fb58c5b0
fb59c5c6
fb5ac5dc
fb5bc5f2
fb5cc604
fb5dc60f
fb5ec61a
fb5fc625
fb60c630
fb61c646
fb62c65c
fb63c672
fb64c684
fb65c68f
fb66c69a
fb67c6a5
fb68c6b0
fb69c6c6
fb6ac6dc
fb6bc6f2
fb6cc704
fb6dc70f
fb6ec71a
fb6fc725
fb70c730
fb71c746
fb72c75c
fb73c772
fb74c784
fb75c78f
fb76c79a
fb77c7a5
fb78c7b0
fb79c7c6
fb7ac7dc
fb7bc7f2
fb7cc804
fb7dc80f
fb7ec81a
fb7fc825
fb800000
fb814046
fb82405c
fb834072
fb844084
fb85408f
fb86409a
fb8740a5
fb8840b0
fb8940c6
fb8a40dc
fb8b40f2
fb8c4104
fb8d410f
fb8e411a
fb8f4125
fb904130
fb914146
fb92415c
fb934172
fb944184
fb95418f
fb96419a
fb9741a5
fb9841b0
fb9941c6
fb9a41dc
fb9b41f2
fb9c4204
fb9d420f
fb9e421a
fb9f4225
fba04230
fba14246
fba2425c
fba34272
fba44284
fba5428f
fba6429a
fba742a5
fba842b0
fba942c6
fbaa42dc
fbab42f2
fbac4304
fbad430f
fbae431a
fbaf4325
fbb04330
fbb14346
fbb2435c
fbb34372
fbb44384
fbb5438f
fbb6439a
fbb743a5
fbb843b0
fbb943c6
fbba43dc
fbbb43f2
fbbc4404
fbbd440f
fbbe441a
fbbf4425
fbc04430
fbc14446
fbc2445c
fbc34472
fbc44484
fbc5448f
fbc6449a
fbc744a5
fbc844b0
fbc944c6
fbca44dc
fbcb44f2
fbcc4504
fbcd450f
fbce451a
fbcf4525
fbd04530
fbd14546
fbd2455c
fbd34572
fbd44584
fbd5458f
fbd6459a
fbd745a5
fbd845b0
fbd945c6
fbda45dc
fbdb45f2
fbdc4604
fbdd460f
fbde461a
fbdf4625
fbe04630
fbe14646
fbe2465c
fbe34672
fbe44684
fbe5468f
fbe6469a
fbe746a5
fbe846b0
fbe946c6
fbea46dc
fbeb46f2
fbec4704
fbed470f
fbee471a
fbef4725
fbf04730
fbf14746
fbf2475c
fbf34772
fbf44784
fbf5478f
fbf6479a
fbf747a5
fbf847b0
fbf947c6
fbfa47dc
fbfb47f2
fbfc4804
fbfd480f
fbfe481a
fbff4825
fc000000
fc01c058
fc02c070
fc03c084
fc04c090
fc05c09c
fc06c0a8
fc07c0b4
fc08c0c0
fc09c0d8
fc0ac0f0
fc0bc104
fc0cc110
fc0dc11c
fc0ec128
fc0fc134
fc10c140
fc11c158
fc12c170
fc13c184
fc14c190
fc15c19c
fc16c1a8
fc17c1b4
fc18c1c0
fc19c1d8
fc1ac1f0
fc1bc204
fc1cc210
fc1dc21c
fc1ec228
fc1fc234
fc20c240
fc21c258
fc22c270
fc23c284
fc24c290
fc25c29c
fc26c2a8
fc27c2b4
fc28c2c0
fc29c2d8
fc2ac2f0
fc2bc304
fc2cc310
fc2dc31c
fc2ec328
fc2fc334
fc30c340
fc31c358
fc32c370
fc33c384
fc34c390
fc35c39c
fc36c3a8
fc37c3b4
fc38c3c0
fc39c3d8
fc3ac3f0
fc3bc404
fc3cc410
fc3dc41c
fc3ec428
fc3fc434
fc40c440
fc41c458
fc42c470
fc43c484
fc44c490
fc45c49c
fc46c4a8
fc47c4b4
fc48c4c0
fc49c4d8
fc4ac4f0
fc4bc504
fc4cc510
fc4dc51c
fc4ec528
fc4fc534
fc50c540
fc51c558
fc52c570
fc53c584
fc54c590
fc55c59c
fc56c5a8
fc57c5b4
fc58c5c0
fc59c5d8
fc5ac5f0
fc5bc604
fc5cc610
fc5dc61c
fc5ec628
fc5fc634
fc60c640
fc61c658
fc62c670
fc63c684
fc64c690
fc65c69c
fc66c6a8
fc67c6b4
fc68c6c0
fc69c6d8
fc6ac6f0
fc6bc704
fc6cc710
fc6dc71c
fc6ec728
fc6fc734
fc70c740
fc71c758
fc72c770
fc73c784
fc74c790
fc75c79c
fc76c7a8
fc77c7b4
fc78c7c0
fc79c7d8
fc7ac7f0
fc7bc804
fc7cc810
fc7dc81c
fc7ec828
fc7fc834
fc800000
fc814058
fc824070
fc834084
fc844090
fc85409c
fc8640a8
fc8740b4
fc8840c0
fc8940d8
fc8a40f0
fc8b4104
fc8c4110
fc8d411c
fc8e4128
fc8f4134
fc904140
fc914158
fc924170
fc934184
fc944190
fc95419c
fc9641a8
fc9741b4
fc9841c0
fc9941d8
fc9a41f0
fc9b4204
fc9c4210
fc9d421c
fc9e4228
fc9f4234
fca04240
fca14258
fca24270
fca34284
fca44290
fca5429c
fca642a8
fca742b4
fca842c0
fca942d8
fcaa42f0
fcab4304
fcac4310
fcad431c
fcae4328
fcaf4334
fcb04340
fcb14358
fcb24370
fcb34384
fcb44390
fcb5439c
fcb643a8
fcb743b4
fcb843c0
fcb943d8
fcba43f0
fcbb4404
fcbc4410
fcbd441c
fcbe4428
fcbf4434
fcc04440
fcc14458
fcc24470
fcc34484
fcc44490
fcc5449c
fcc644a8
fcc744b4
fcc844c0
fcc944d8
fcca44f0
fccb4504
fccc4510
fccd451c
fcce4528
fccf4534
fcd04540
fcd14558
fcd24570
fcd34584
fcd44590
fcd5459c
fcd645a8
fcd745b4
fcd845c0
fcd945d8
fcda45f0
fcdb4604
fcdc4610
fcdd461c
fcde4628
fcdf4634
fce04640
fce14658
fce24670
fce34684
fce44690
fce5469c
fce646a8
fce746b4
fce846c0
fce946d8
fcea46f0
fceb4704
fcec4710
fced471c
fcee4728
fcef4734
fcf04740
fcf14758
fcf24770
fcf34784
fcf44790
fcf5479c
fcf647a8
fcf747b4
fcf847c0
fcf947d8
fcfa47f0
fcfb4804
fcfc4810
fcfd481c
fcfe4828
fcff4834
fd000000
fd01c06a
fd02c082
fd03c08f
fd04c09c
fd05c0a9
fd06c0b6
fd07c0c3
fd08c0d0
fd09c0ea
fd0ac102
fd0bc10f
fd0cc11c
fd0dc129
fd0ec136
fd0fc143
fd10c150
fd11c16a
fd12c182
fd13c18f
fd14c19c
fd15c1a9
fd16c1b6
fd17c1c3
fd18c1d0
fd19c1ea
fd1ac202
fd1bc20f
fd1cc21c
fd1dc229
fd1ec236
fd1fc243
fd20c250
fd21c26a
fd22c282
fd23c28f
fd24c29c
fd25c2a9
fd26c2b6
fd27c2c3
fd28c2d0
fd29c2ea
fd2ac302
fd2bc30f
fd2cc31c
fd2dc329
fd2ec336
fd2fc343
fd30c350
fd31c36a
fd32c382
fd33c38f
fd34c39c
fd35c3a9
fd36c3b6
fd37c3c3
fd38c3d0
fd39c3ea
fd3ac402
fd3bc40f
fd3cc41c
fd3dc429
fd3ec436
fd3fc443
fd40c450
fd41c46a
fd42c482
fd43c48f
fd44c49c
fd45c4a9
fd46c4b6
fd47c4c3
fd48c4d0
fd49c4ea
fd4ac502
fd4bc50f
fd4cc51c
fd4dc529
fd4ec536
fd4fc543
fd50c550
fd51c56a
fd52c582
fd53c58f
fd54c59c
fd55c5a9
fd56c5b6
fd57c5c3
fd58c5d0
fd59c5ea
fd5ac602
fd5bc60f
fd5cc61c
fd5dc629
fd5ec636
fd5fc643
fd60c650
fd61c66a
fd62c682
fd63c68f
fd64c69c
fd65c6a9
fd66c6b6
fd67c6c3
fd68c6d0
fd69c6ea
fd6ac702
fd6bc70f
fd6cc71c
fd6dc729
fd6ec736
fd6fc743
fd70c750
fd71c76a
fd72c782
fd73c78f
fd74c79c
fd75c7a9
fd76c7b6
fd77c7c3
fd78c7d0
fd79c7ea
fd7ac802
fd7bc80f
fd7cc81c
fd7dc829
fd7ec836
fd7fc843
fd800000
fd81406a
fd824082
fd83408f
fd84409c
fd8540a9
fd8640b6
fd8740c3
fd8840d0
fd8940ea
fd8a4102
fd8b410f
fd8c411c
fd8d4129
fd8e4136
fd8f4143
fd904150
fd91416a
fd924182
fd93418f
fd94419c
fd9541a9
fd9641b6
fd9741c3
fd9841d0
fd9941ea
fd9a4202
fd9b420f
fd9c421c
fd9d4229
fd9e4236
fd9f4243
fda04250
fda1426a
fda24282
fda3428f
fda4429c
fda542a9
fda642b6
fda742c3
fda842d0
fda942ea
fdaa4302
fdab430f
fdac431c
fdad4329
fdae4336
fdaf4343
fdb04350
fdb1436a
fdb24382
fdb3438f
fdb4439c
fdb543a9
fdb643b6
fdb743c3
fdb843d0
fdb943ea
fdba4402
fdbb440f
fdbc441c
fdbd4429
fdbe4436
fdbf4443
fdc04450
fdc1446a
fdc24482
fdc3448f
fdc4449c
fdc544a9
fdc644b6
fdc744c3
fdc844d0
fdc944ea
fdca4502
fdcb450f
fdcc451c
fdcd4529
fdce4536
fdcf4543
fdd04550
fdd1456a
fdd24582
fdd3458f
fdd4459c
fdd545a9
fdd645b6
fdd745c3
fdd845d0
fdd945ea
fdda4602
fddb460f
fddc461c
fddd4629
fdde4636
fddf4643
fde04650
fde1466a
fde24682
fde3468f
fde4469c
fde546a9
fde646b6
fde746c3
fde846d0
fde946ea
fdea4702
fdeb470f
fdec471c
fded4729
fdee4736
fdef4743
fdf04750
fdf1476a
fdf24782
fdf3478f
fdf4479c
fdf547a9
fdf647b6
fdf747c3
fdf847d0
fdf947ea
fdfa4802
fdfb480f
fdfc481c
fdfd4829
fdfe4836
fdff4843
fe000000
fe01c07c
fe02c08c
fe03c09a
fe04c0a8
fe05c0b6
fe06c0c4
fe07c0d2
fe08c0e0
fe09c0fc
fe0ac10c
fe0bc11a
fe0cc128
fe0dc136
fe0ec144
fe0fc152
fe10c160
fe11c17c
fe12c18c
fe13c19a
fe14c1a8
fe15c1b6
fe16c1c4
fe17c1d2
fe18c1e0
fe19c1fc
fe1ac20c
fe1bc21a
fe1cc228
fe1dc236
fe1ec244
fe1fc252
fe20c260
fe21c27c
fe22c28c
fe23c29a
fe24c2a8
fe25c2b6
fe26c2c4
fe27c2d2
fe28c2e0
fe29c2fc
fe2ac30c
fe2bc31a
fe2cc328
fe2dc336
fe2ec344
fe2fc352
fe30c360
fe31c37c
fe32c38c
fe33c39a
fe34c3a8
fe35c3b6
fe36c3c4
fe37c3d2
fe38c3e0
fe39c3fc
fe3ac40c
fe3bc41a
fe3cc428
fe3dc436
fe3ec444
fe3fc452
fe40c460
fe41c47c
fe42c48c
fe43c49a
fe44c4a8
fe45c4b6
fe46c4c4
fe47c4d2
fe48c4e0
fe49c4fc
fe4ac50c
fe4bc51a
fe4cc528
fe4dc536
fe4ec544
fe4fc552
fe50c560
fe51c57c
fe52c58c
fe53c59a
fe54c5a8
fe55c5b6
fe56c5c4
fe57c5d2
fe58c5e0
fe59c5fc
fe5ac60c
fe5bc61a
fe5cc628
fe5dc636
fe5ec644
fe5fc652
fe60c660
fe61c67c
fe62c68c
fe63c69a
fe64c6a8
fe65c6b6
fe66c6c4
fe67c6d2
fe68c6e0
fe69c6fc
fe6ac70c
fe6bc71a
fe6cc728
fe6dc736
fe6ec744
fe6fc752
fe70c760
fe71c77c
fe72c78c
fe73c79a
fe74c7a8
fe75c7b6
fe76c7c4
fe77c7d2
fe78c7e0
fe79c7fc
fe7ac80c
fe7bc81a
fe7cc828
fe7dc836
fe7ec844
fe7fc852
fe800000
fe81407c
fe82408c
fe83409a
fe8440a8
fe8540b6
fe8640c4
fe8740d2
fe8840e0
fe8940fc
fe8a410c
fe8b411a
fe8c4128
fe8d4136
fe8e4144
fe8f4152
fe904160
fe91417c
fe92418c
fe93419a
fe9441a8
fe9541b6
fe9641c4
fe9741d2
fe9841e0
fe9941fc
fe9a420c
fe9b421a
fe9c4228
fe9d4236
fe9e4244
fe9f4252
fea04260
fea1427c
fea2428c
fea3429a
fea442a8
fea542b6
fea642c4
fea742d2
fea842e0
fea942fc
feaa430c
feab431a
feac4328
fead4336
feae4344
feaf4352
feb04360
feb1437c
feb2438c
feb3439a
feb443a8
feb543b6
feb643c4
feb743d2
feb843e0
feb943fc
feba440c
febb441a
febc4428
febd4436
febe4444
febf4452
fec04460
fec1447c
fec2448c
fec3449a
fec444a8
fec544b6
fec644c4
fec744d2
fec844e0
fec944fc
feca450c
fecb451a
fecc4528
fecd4536
fece4544
fecf4552
fed04560
fed1457c
fed2458c
fed3459a
fed445a8
fed545b6
fed645c4
fed745d2
fed845e0
fed945fc
feda460c
fedb461a
fedc4628
fedd4636
fede4644
fedf4652
fee04660
fee1467c
fee2468c
fee3469a
fee446a8
fee546b6
fee646c4
fee746d2
fee846e0
fee946fc
feea470c
feeb471a
feec4728
feed4736
feee4744
feef4752
fef04760
fef1477c
fef2478c
fef3479a
fef447a8
fef547b6
fef647c4
fef747d2
fef847e0
fef947fc
fefa480c
fefb481a
fefc4828
fefd4836
fefe4844
feff4852
ff000000
ff01c087
ff02c096
ff03c0a5
ff04c0b4
ff05c0c3
ff06c0d2
ff07c0e1
ff08c0f0
ff09c107
ff0ac116
ff0bc125
ff0cc134
ff0dc143
ff0ec152
ff0fc161
ff10c170
ff11c187
ff12c196
ff13c1a5
ff14c1b4
ff15c1c3
ff16c1d2
ff17c1e1
ff18c1f0
ff19c207
ff1ac216
ff1bc225
ff1cc234
ff1dc243
ff1ec252
ff1fc261
ff20c270
ff21c287
ff22c296
ff23c2a5
ff24c2b4
ff25c2c3
ff26c2d2
ff27c2e1
ff28c2f0
ff29c307
ff2ac316
ff2bc325
ff2cc334
ff2dc343
ff2ec352
ff2fc361
ff30c370
ff31c387
ff32c396
ff33c3a5
ff34c3b4
ff35c3c3
ff36c3d2
ff37c3e1
ff38c3f0
ff39c407
ff3ac416
ff3bc425
ff3cc434
ff3dc443
ff3ec452
ff3fc461
ff40c470
ff41c487
ff42c496
ff43c4a5
ff44c4b4
ff45c4c3
ff46c4d2
ff47c4e1
ff48c4f0
ff49c507
ff4ac516
ff4bc525
ff4cc534
ff4dc543
ff4ec552
ff4fc561
ff50c570
ff51c587
ff52c596
ff53c5a5
ff54c5b4
ff55c5c3
ff56c5d2
ff57c5e1
ff58c5f0
ff59c607
ff5ac616
ff5bc625
ff5cc634
ff5dc643
ff5ec652
ff5fc661
ff60c670
ff61c687
ff62c696
ff63c6a5
ff64c6b4
ff65c6c3
ff66c6d2
ff67c6e1
ff68c6f0
ff69c707
ff6ac716
ff6bc725
ff6cc734
ff6dc743
ff6ec752
ff6fc761
ff70c770
ff71c787
ff72c796
ff73c7a5
ff74c7b4
ff75c7c3
ff76c7d2
ff77c7e1
ff78c7f0
ff79c807
ff7ac816
ff7bc825
ff7cc834
ff7dc843
ff7ec852
ff7fc861
ff800000
ff814087
ff824096
ff8340a5
ff8440b4
ff8540c3
ff8640d2
ff8740e1
ff8840f0
ff894107
ff8a4116
ff8b4125
ff8c4134
ff8d4143
ff8e4152
ff8f4161
ff904170
ff914187
ff924196
ff9341a5
ff9441b4
ff9541c3
ff9641d2
ff9741e1
ff9841f0
ff994207
ff9a4216
ff9b4225
ff9c4234
ff9d4243
ff9e4252
ff9f4261
ffa04270
ffa14287
ffa24296
ffa342a5
ffa442b4
ffa542c3
ffa642d2
ffa742e1
ffa842f0
ffa94307
ffaa4316
ffab4325
ffac4334
ffad4343
ffae4352
ffaf4361
ffb04370
ffb14387
ffb24396
ffb343a5
ffb443b4
ffb543c3
ffb643d2
ffb743e1
ffb843f0
ffb94407
ffba4416
ffbb4425
ffbc4434
ffbd4443
ffbe4452
ffbf4461
ffc04470
ffc14487
ffc24496
ffc344a5
ffc444b4
ffc544c3
ffc644d2
ffc744e1
ffc844f0
ffc94507
ffca4516
ffcb4525
ffcc4534
ffcd4543
ffce4552
ffcf4561
ffd04570
ffd14587
ffd24596
ffd345a5
ffd445b4
ffd545c3
ffd645d2
ffd745e1
ffd845f0
ffd94607
ffda4616
ffdb4625
ffdc4634
ffdd4643
ffde4652
ffdf4661
ffe04670
ffe14687
ffe24696
ffe346a5
ffe446b4
ffe546c3
ffe646d2
ffe746e1
ffe846f0
ffe94707
ffea4716
ffeb4725
ffec4734
ffed4743
ffee4752
ffef4761
fff04770
fff14787
fff24796
fff347a5
fff447b4
fff547c3
fff647d2
fff747e1
fff847f0
fff94807
fffa4816
fffb4825
fffc4834
fffd4843
fffe4852
ffff4861
