000000
000100
000200
000300
000400
000500
000600
000700
000800
000900
000a00
000b00
000c00
000d00
000e00
000f00
001000
001100
001200
001300
001400
001500
001600
001700
001800
001900
001a00
001b00
001c00
001d00
001e00
001f00
002000
002100
002200
002300
002400
002500
002600
002700
002800
002900
002a00
002b00
002c00
002d00
002e00
002f00
003000
003100
003200
003300
003400
003500
003600
003700
003800
003900
003a00
003b00
003c00
003d00
003e00
003f00
004000
004100
004200
004300
004400
004500
004600
004700
004800
004900
004a00
004b00
004c00
004d00
004e00
004f00
005000
005100
005200
005300
005400
005500
005600
005700
005800
005900
005a00
005b00
005c00
005d00
005e00
005f00
006000
006100
006200
006300
006400
006500
006600
006700
006800
006900
006a00
006b00
006c00
006d00
006e00
006f00
007000
007100
007200
007300
007400
007500
007600
007700
007800
007900
007a00
007b00
007c00
007d00
007e00
007f00
008000
008100
008200
008300
008400
008500
008600
008700
008800
008900
008a00
008b00
008c00
008d00
008e00
008f00
009000
009100
009200
009300
009400
009500
009600
009700
009800
009900
009a00
009b00
009c00
009d00
009e00
009f00
00a000
00a100
00a200
00a300
00a400
00a500
00a600
00a700
00a800
00a900
00aa00
00ab00
00ac00
00ad00
00ae00
00af00
00b000
00b100
00b200
00b300
00b400
00b500
00b600
00b700
00b800
00b900
00ba00
00bb00
00bc00
00bd00
00be00
00bf00
00c000
00c100
00c200
00c300
00c400
00c500
00c600
00c700
00c800
00c900
00ca00
00cb00
00cc00
00cd00
00ce00
00cf00
00d000
00d100
00d200
00d300
00d400
00d500
00d600
00d700
00d800
00d900
00da00
00db00
00dc00
00dd00
00de00
00df00
00e000
00e100
00e200
00e300
00e400
00e500
00e600
00e700
00e800
00e900
00ea00
00eb00
00ec00
00ed00
00ee00
00ef00
00f000
00f100
00f200
00f300
00f400
00f500
00f600
00f700
00f800
00f900
00fa00
00fb00
00fc00
00fd00
00fe00
00ff00
010000
010100
010200
010300
010400
010500
010600
010700
010800
010900
010a00
010b00
010c00
010d00
010e00
010f00
011000
011100
011200
011300
011400
011500
011600
011700
011800
011900
011a00
011b00
011c00
011d00
011e00
011f00
012000
012100
012200
012300
012400
012500
012600
012700
012800
012900
012a00
012b00
012c00
012d00
012e00
012f00
013000
013100
013200
013300
013400
013500
013600
013700
013800
013900
013a00
013b00
013c00
013d00
013e00
013f00
014000
014100
014200
014300
014400
014500
014600
014700
014800
014900
014a00
014b00
014c00
014d00
014e00
014f00
015000
015100
015200
015300
015400
015500
015600
015700
015800
015900
015a00
015b00
015c00
015d00
015e00
015f00
016000
016100
016200
016300
016400
016500
016600
016700
016800
016900
016a00
016b00
016c00
016d00
016e00
016f00
017000
017100
017200
017300
017400
017500
017600
017700
017800
017900
017a00
017b00
017c00
017d00
017e00
017f00
018000
018100
018200
018300
018400
018500
018600
018700
018800
018900
018a00
018b00
018c00
018d00
018e00
018f00
019000
019100
019200
019300
019400
019500
019600
019700
019800
019900
019a00
019b00
019c00
019d00
019e00
019f00
01a000
01a100
01a200
01a300
01a400
01a500
01a600
01a700
01a800
01a900
01aa00
01ab00
01ac00
01ad00
01ae00
01af00
01b000
01b100
01b200
01b300
01b400
01b500
01b600
01b700
01b800
01b900
01ba00
01bb00
01bc00
01bd00
01be00
01bf00
01c000
01c100
01c200
01c300
01c400
01c500
01c600
01c700
01c800
01c900
01ca00
01cb00
01cc00
01cd00
01ce00
01cf00
01d000
01d100
01d200
01d300
01d400
01d500
01d600
01d700
01d800
01d900
01da00
01db00
01dc00
01dd00
01de00
01df00
01e000
01e100
01e200
01e300
01e400
01e500
01e600
01e700
01e800
01e900
01ea00
01eb00
01ec00
01ed00
01ee00
01ef00
01f000
01f100
01f200
01f300
01f400
01f500
01f600
01f700
01f800
01f900
01fa00
01fb00
01fc00
01fd00
01fe00
01ff00
020000
020100
020200
020300
020400
020500
020600
020700
020800
020900
020a00
020b00
020c00
020d00
020e00
020f00
021000
021100
021200
021300
021400
021500
021600
021700
021800
021900
021a00
021b00
021c00
021d00
021e00
021f00
022000
022100
022200
022300
022400
022500
022600
022700
022800
022900
022a00
022b00
022c00
022d00
022e00
022f00
023000
023100
023200
023300
023400
023500
023600
023700
023800
023900
023a00
023b00
023c00
023d00
023e00
023f00
024000
024100
024200
024300
024400
024500
024600
024700
024800
024900
024a00
024b00
024c00
024d00
024e00
024f00
025000
025100
025200
025300
025400
025500
025600
025700
025800
025900
025a00
025b00
025c00
025d00
025e00
025f00
026000
026100
026200
026300
026400
026500
026600
026700
026800
026900
026a00
026b00
026c00
026d00
026e00
026f00
027000
027100
027200
027300
027400
027500
027600
027700
027800
027900
027a00
027b00
027c00
027d00
027e00
027f00
028000
028100
028200
028300
028400
028500
028600
028700
028800
028900
028a00
028b00
028c00
028d00
028e00
028f00
029000
029100
029200
029300
029400
029500
029600
029700
029800
029900
029a00
029b00
029c00
029d00
029e00
029f00
02a000
02a100
02a200
02a300
02a400
02a500
02a600
02a700
02a800
02a900
02aa00
02ab00
02ac00
02ad00
02ae00
02af00
02b000
02b100
02b200
02b300
02b400
02b500
02b600
02b700
02b800
02b900
02ba00
02bb00
02bc00
02bd00
02be00
02bf00
02c000
02c100
02c200
02c300
02c400
02c500
02c600
02c700
02c800
02c900
02ca00
02cb00
02cc00
02cd00
02ce00
02cf00
02d000
02d100
02d200
02d300
02d400
02d500
02d600
02d700
02d800
02d900
02da00
02db00
02dc00
02dd00
02de00
02df00
02e000
02e100
02e200
02e300
02e400
02e500
02e600
02e700
02e800
02e900
02ea00
02eb00
02ec00
02ed00
02ee00
02ef00
02f000
02f100
02f200
02f300
02f400
02f500
02f600
02f700
02f800
02f900
02fa00
02fb00
02fc00
02fd00
02fe00
02ff00
030000
030100
030200
030300
030400
030500
030600
030700
030800
030900
030a00
030b00
030c00
030d00
030e00
030f00
031000
031100
031200
031300
031400
031500
031600
031700
031800
031900
031a00
031b00
031c00
031d00
031e00
031f00
032000
032100
032200
032300
032400
032500
032600
032700
032800
032900
032a00
032b00
032c00
032d00
032e00
032f00
033000
033100
033200
033300
033400
033500
033600
033700
033800
033900
033a00
033b00
033c00
033d00
033e00
033f00
034000
034100
034200
034300
034400
034500
034600
034700
034800
034900
034a00
034b00
034c00
034d00
034e00
034f00
035000
035100
035200
035300
035400
035500
035600
035700
035800
035900
035a00
035b00
035c00
035d00
035e00
035f00
036000
036100
036200
036300
036400
036500
036600
036700
036800
036900
036a00
036b00
036c00
036d00
036e00
036f00
037000
037100
037200
037300
037400
037500
037600
037700
037800
037900
037a00
037b00
037c00
037d00
037e00
037f00
038000
038100
038200
038300
038400
038500
038600
038700
038800
038900
038a00
038b00
038c00
038d00
038e00
038f00
039000
039100
039200
039300
039400
039500
039600
039700
039800
039900
039a00
039b00
039c00
039d00
039e00
039f00
03a000
03a100
03a200
03a300
03a400
03a500
03a600
03a700
03a800
03a900
03aa00
03ab00
03ac00
03ad00
03ae00
03af00
03b000
03b100
03b200
03b300
03b400
03b500
03b600
03b700
03b800
03b900
03ba00
03bb00
03bc00
03bd00
03be00
03bf00
03c000
03c100
03c200
03c300
03c400
03c500
03c600
03c700
03c800
03c900
03ca00
03cb00
03cc00
03cd00
03ce00
03cf00
03d000
03d100
03d200
03d300
03d400
03d500
03d600
03d700
03d800
03d900
03da00
03db00
03dc00
03dd00
03de00
03df00
03e000
03e100
03e200
03e300
03e400
03e500
03e600
03e700
03e800
03e900
03ea00
03eb00
03ec00
03ed00
03ee00
03ef00
03f000
03f100
03f200
03f300
03f400
03f500
03f600
03f700
03f800
03f900
03fa00
03fb00
03fc00
03fd00
03fe00
03ff00
040000
040100
040200
040300
040400
040500
040600
040700
040800
040900
040a00
040b00
040c00
040d00
040e00
040f00
041000
041100
041200
041300
041400
041500
041600
041700
041800
041900
041a00
041b00
041c00
041d00
041e00
041f00
042000
042100
042200
042300
042400
042500
042600
042700
042800
042900
042a00
042b00
042c00
042d00
042e00
042f00
043000
043100
043200
043300
043400
043500
043600
043700
043800
043900
043a00
043b00
043c00
043d00
043e00
043f00
044000
044100
044200
044300
044400
044500
044600
044700
044800
044900
044a00
044b00
044c00
044d00
044e00
044f00
045000
045100
045200
045300
045400
045500
045600
045700
045800
045900
045a00
045b00
045c00
045d00
045e00
045f00
046000
046100
046200
046300
046400
046500
046600
046700
046800
046900
046a00
046b00
046c00
046d00
046e00
046f00
047000
047100
047200
047300
047400
047500
047600
047700
047800
047900
047a00
047b00
047c00
047d00
047e00
047f00
048000
048100
048200
048300
048400
048500
048600
048700
048800
048900
048a00
048b00
048c00
048d00
048e00
048f00
049000
049100
049200
049300
049400
049500
049600
049700
049800
049900
049a00
049b00
049c00
049d00
049e00
049f00
04a000
04a100
04a200
04a300
04a400
04a500
04a600
04a700
04a800
04a900
04aa00
04ab00
04ac00
04ad00
04ae00
04af00
04b000
04b100
04b200
04b300
04b400
04b500
04b600
04b700
04b800
04b900
04ba00
04bb00
04bc00
04bd00
04be00
04bf00
04c000
04c100
04c200
04c300
04c400
04c500
04c600
04c700
04c800
04c900
04ca00
04cb00
04cc00
04cd00
04ce00
04cf00
04d000
04d100
04d200
04d300
04d400
04d500
04d600
04d700
04d800
04d900
04da00
04db00
04dc00
04dd00
04de00
04df00
04e000
04e100
04e200
04e300
04e400
04e500
04e600
04e700
04e800
04e900
04ea00
04eb00
04ec00
04ed00
04ee00
04ef00
04f000
04f100
04f200
04f300
04f400
04f500
04f600
04f700
04f800
04f900
04fa00
04fb00
04fc00
04fd00
04fe00
04ff00
050000
050100
050200
050300
050400
050500
050600
050700
050800
050900
050a00
050b00
050c00
050d00
050e00
050f00
051000
051100
051200
051300
051400
051500
051600
051700
051800
051900
051a00
051b00
051c00
051d00
051e00
051f00
052000
052100
052200
052300
052400
052500
052600
052700
052800
052900
052a00
052b00
052c00
052d00
052e00
052f00
053000
053100
053200
053300
053400
053500
053600
053700
053800
053900
053a00
053b00
053c00
053d00
053e00
053f00
054000
054100
054200
054300
054400
054500
054600
054700
054800
054900
054a00
054b00
054c00
054d00
054e00
054f00
055000
055100
055200
055300
055400
055500
055600
055700
055800
055900
055a00
055b00
055c00
055d00
055e00
055f00
056000
056100
056200
056300
056400
056500
056600
056700
056800
056900
056a00
056b00
056c00
056d00
056e00
056f00
057000
057100
057200
057300
057400
057500
057600
057700
057800
057900
057a00
057b00
057c00
057d00
057e00
057f00
058000
058100
058200
058300
058400
058500
058600
058700
058800
058900
058a00
058b00
058c00
058d00
058e00
058f00
059000
059100
059200
059300
059400
059500
059600
059700
059800
059900
059a00
059b00
059c00
059d00
059e00
059f00
05a000
05a100
05a200
05a300
05a400
05a500
05a600
05a700
05a800
05a900
05aa00
05ab00
05ac00
05ad00
05ae00
05af00
05b000
05b100
05b200
05b300
05b400
05b500
05b600
05b700
05b800
05b900
05ba00
05bb00
05bc00
05bd00
05be00
05bf00
05c000
05c100
05c200
05c300
05c400
05c500
05c600
05c700
05c800
05c900
05ca00
05cb00
05cc00
05cd00
05ce00
05cf00
05d000
05d100
05d200
05d300
05d400
05d500
05d600
05d700
05d800
05d900
05da00
05db00
05dc00
05dd00
05de00
05df00
05e000
05e100
05e200
05e300
05e400
05e500
05e600
05e700
05e800
05e900
05ea00
05eb00
05ec00
05ed00
05ee00
05ef00
05f000
05f100
05f200
05f300
05f400
05f500
05f600
05f700
05f800
05f900
05fa00
05fb00
05fc00
05fd00
05fe00
05ff00
060000
060100
060200
060300
060400
060500
060600
060700
060800
060900
060a00
060b00
060c00
060d00
060e00
060f00
061000
061100
061200
061300
061400
061500
061600
061700
061800
061900
061a00
061b00
061c00
061d00
061e00
061f00
062000
062100
062200
062300
062400
062500
062600
062700
062800
062900
062a00
062b00
062c00
062d00
062e00
062f00
063000
063100
063200
063300
063400
063500
063600
063700
063800
063900
063a00
063b00
063c00
063d00
063e00
063f00
064000
064100
064200
064300
064400
064500
064600
064700
064800
064900
064a00
064b00
064c00
064d00
064e00
064f00
065000
065100
065200
065300
065400
065500
065600
065700
065800
065900
065a00
065b00
065c00
065d00
065e00
065f00
066000
066100
066200
066300
066400
066500
066600
066700
066800
066900
066a00
066b00
066c00
066d00
066e00
066f00
067000
067100
067200
067300
067400
067500
067600
067700
067800
067900
067a00
067b00
067c00
067d00
067e00
067f00
068000
068100
068200
068300
068400
068500
068600
068700
068800
068900
068a00
068b00
068c00
068d00
068e00
068f00
069000
069100
069200
069300
069400
069500
069600
069700
069800
069900
069a00
069b00
069c00
069d00
069e00
069f00
06a000
06a100
06a200
06a300
06a400
06a500
06a600
06a700
06a800
06a900
06aa00
06ab00
06ac00
06ad00
06ae00
06af00
06b000
06b100
06b200
06b300
06b400
06b500
06b600
06b700
06b800
06b900
06ba00
06bb00
06bc00
06bd00
06be00
06bf00
06c000
06c100
06c200
06c300
06c400
06c500
06c600
06c700
06c800
06c900
06ca00
06cb00
06cc00
06cd00
06ce00
06cf00
06d000
06d100
06d200
06d300
06d400
06d500
06d600
06d700
06d800
06d900
06da00
06db00
06dc00
06dd00
06de00
06df00
06e000
06e100
06e200
06e300
06e400
06e500
06e600
06e700
06e800
06e900
06ea00
06eb00
06ec00
06ed00
06ee00
06ef00
06f000
06f100
06f200
06f300
06f400
06f500
06f600
06f700
06f800
06f900
06fa00
06fb00
06fc00
06fd00
06fe00
06ff00
070000
070100
070200
070300
070400
070500
070600
070700
070800
070900
070a00
070b00
070c00
070d00
070e00
070f00
071000
071100
071200
071300
071400
071500
071600
071700
071800
071900
071a00
071b00
071c00
071d00
071e00
071f00
072000
072100
072200
072300
072400
072500
072600
072700
072800
072900
072a00
072b00
072c00
072d00
072e00
072f00
073000
073100
073200
073300
073400
073500
073600
073700
073800
073900
073a00
073b00
073c00
073d00
073e00
073f00
074000
074100
074200
074300
074400
074500
074600
074700
074800
074900
074a00
074b00
074c00
074d00
074e00
074f00
075000
075100
075200
075300
075400
075500
075600
075700
075800
075900
075a00
075b00
075c00
075d00
075e00
075f00
076000
076100
076200
076300
076400
076500
076600
076700
076800
076900
076a00
076b00
076c00
076d00
076e00
076f00
077000
077100
077200
077300
077400
077500
077600
077700
077800
077900
077a00
077b00
077c00
077d00
077e00
077f00
078000
078100
078200
078300
078400
078500
078600
078700
078800
078900
078a00
078b00
078c00
078d00
078e00
078f00
079000
079100
079200
079300
079400
079500
079600
079700
079800
079900
079a00
079b00
079c00
079d00
079e00
079f00
07a000
07a100
07a200
07a300
07a400
07a500
07a600
07a700
07a800
07a900
07aa00
07ab00
07ac00
07ad00
07ae00
07af00
07b000
07b100
07b200
07b300
07b400
07b500
07b600
07b700
07b800
07b900
07ba00
07bb00
07bc00
07bd00
07be00
07bf00
07c000
07c100
07c200
07c300
07c400
07c500
07c600
07c700
07c800
07c900
07ca00
07cb00
07cc00
07cd00
07ce00
07cf00
07d000
07d100
07d200
07d300
07d400
07d500
07d600
07d700
07d800
07d900
07da00
07db00
07dc00
07dd00
07de00
07df00
07e000
07e100
07e200
07e300
07e400
07e500
07e600
07e700
07e800
07e900
07ea00
07eb00
07ec00
07ed00
07ee00
07ef00
07f000
07f100
07f200
07f300
07f400
07f500
07f600
07f700
07f800
07f900
07fa00
07fb00
07fc00
07fd00
07fe00
07ff00
080000
080100
080200
080300
080400
080500
080600
080700
080800
080900
080a00
080b00
080c00
080d00
080e00
080f00
081000
081100
081200
081300
081400
081500
081600
081700
081800
081900
081a00
081b00
081c00
081d00
081e00
081f00
082000
082100
082200
082300
082400
082500
082600
082700
082800
082900
082a00
082b00
082c00
082d00
082e00
082f00
083000
083100
083200
083300
083400
083500
083600
083700
083800
083900
083a00
083b00
083c00
083d00
083e00
083f00
084000
084100
084200
084300
084400
084500
084600
084700
084800
084900
084a00
084b00
084c00
084d00
084e00
084f00
085000
085100
085200
085300
085400
085500
085600
085700
085800
085900
085a00
085b00
085c00
085d00
085e00
085f00
086000
086100
086200
086300
086400
086500
086600
086700
086800
086900
086a00
086b00
086c00
086d00
086e00
086f00
087000
087100
087200
087300
087400
087500
087600
087700
087800
087900
087a00
087b00
087c00
087d00
087e00
087f00
088000
088100
088200
088300
088400
088500
088600
088700
088800
088900
088a00
088b00
088c00
088d00
088e00
088f00
089000
089100
089200
089300
089400
089500
089600
089700
089800
089900
089a00
089b00
089c00
089d00
089e00
089f00
08a000
08a100
08a200
08a300
08a400
08a500
08a600
08a700
08a800
08a900
08aa00
08ab00
08ac00
08ad00
08ae00
08af00
08b000
08b100
08b200
08b300
08b400
08b500
08b600
08b700
08b800
08b900
08ba00
08bb00
08bc00
08bd00
08be00
08bf00
08c000
08c100
08c200
08c300
08c400
08c500
08c600
08c700
08c800
08c900
08ca00
08cb00
08cc00
08cd00
08ce00
08cf00
08d000
08d100
08d200
08d300
08d400
08d500
08d600
08d700
08d800
08d900
08da00
08db00
08dc00
08dd00
08de00
08df00
08e000
08e100
08e200
08e300
08e400
08e500
08e600
08e700
08e800
08e900
08ea00
08eb00
08ec00
08ed00
08ee00
08ef00
08f000
08f100
08f200
08f300
08f400
08f500
08f600
08f700
08f800
08f900
08fa00
08fb00
08fc00
08fd00
08fe00
08ff00
090000
090100
090200
090300
090400
090500
090600
090700
090800
090900
090a00
090b00
090c00
090d00
090e00
090f00
091000
091100
091200
091300
091400
091500
091600
091700
091800
091900
091a00
091b00
091c00
091d00
091e00
091f00
092000
092100
092200
092300
092400
092500
092600
092700
092800
092900
092a00
092b00
092c00
092d00
092e00
092f00
093000
093100
093200
093300
093400
093500
093600
093700
093800
093900
093a00
093b00
093c00
093d00
093e00
093f00
094000
094100
094200
094300
094400
094500
094600
094700
094800
094900
094a00
094b00
094c00
094d00
094e00
094f00
095000
095100
095200
095300
095400
095500
095600
095700
095800
095900
095a00
095b00
095c00
095d00
095e00
095f00
096000
096100
096200
096300
096400
096500
096600
096700
096800
096900
096a00
096b00
096c00
096d00
096e00
096f00
097000
097100
097200
097300
097400
097500
097600
097700
097800
097900
097a00
097b00
097c00
097d00
097e00
097f00
098000
098100
098200
098300
098400
098500
098600
098700
098800
098900
098a00
098b00
098c00
098d00
098e00
098f00
099000
099100
099200
099300
099400
099500
099600
099700
099800
099900
099a00
099b00
099c00
099d00
099e00
099f00
09a000
09a100
09a200
09a300
09a400
09a500
09a600
09a700
09a800
09a900
09aa00
09ab00
09ac00
09ad00
09ae00
09af00
09b000
09b100
09b200
09b300
09b400
09b500
09b600
09b700
09b800
09b900
09ba00
09bb00
09bc00
09bd00
09be00
09bf00
09c000
09c100
09c200
09c300
09c400
09c500
09c600
09c700
09c800
09c900
09ca00
09cb00
09cc00
09cd00
09ce00
09cf00
09d000
09d100
09d200
09d300
09d400
09d500
09d600
09d700
09d800
09d900
09da00
09db00
09dc00
09dd00
09de00
09df00
09e000
09e100
09e200
09e300
09e400
09e500
09e600
09e700
09e800
09e900
09ea00
09eb00
09ec00
09ed00
09ee00
09ef00
09f000
09f100
09f200
09f300
09f400
09f500
09f600
09f700
09f800
09f900
09fa00
09fb00
09fc00
09fd00
09fe00
09ff00
0a0000
0a0100
0a0200
0a0300
0a0400
0a0500
0a0600
0a0700
0a0800
0a0900
0a0a00
0a0b00
0a0c00
0a0d00
0a0e00
0a0f00
0a1000
0a1100
0a1200
0a1300
0a1400
0a1500
0a1600
0a1700
0a1800
0a1900
0a1a00
0a1b00
0a1c00
0a1d00
0a1e00
0a1f00
0a2000
0a2100
0a2200
0a2300
0a2400
0a2500
0a2600
0a2700
0a2800
0a2900
0a2a00
0a2b00
0a2c00
0a2d00
0a2e00
0a2f00
0a3000
0a3100
0a3200
0a3300
0a3400
0a3500
0a3600
0a3700
0a3800
0a3900
0a3a00
0a3b00
0a3c00
0a3d00
0a3e00
0a3f00
0a4000
0a4100
0a4200
0a4300
0a4400
0a4500
0a4600
0a4700
0a4800
0a4900
0a4a00
0a4b00
0a4c00
0a4d00
0a4e00
0a4f00
0a5000
0a5100
0a5200
0a5300
0a5400
0a5500
0a5600
0a5700
0a5800
0a5900
0a5a00
0a5b00
0a5c00
0a5d00
0a5e00
0a5f00
0a6000
0a6100
0a6200
0a6300
0a6400
0a6500
0a6600
0a6700
0a6800
0a6900
0a6a00
0a6b00
0a6c00
0a6d00
0a6e00
0a6f00
0a7000
0a7100
0a7200
0a7300
0a7400
0a7500
0a7600
0a7700
0a7800
0a7900
0a7a00
0a7b00
0a7c00
0a7d00
0a7e00
0a7f00
0a8000
0a8100
0a8200
0a8300
0a8400
0a8500
0a8600
0a8700
0a8800
0a8900
0a8a00
0a8b00
0a8c00
0a8d00
0a8e00
0a8f00
0a9000
0a9100
0a9200
0a9300
0a9400
0a9500
0a9600
0a9700
0a9800
0a9900
0a9a00
0a9b00
0a9c00
0a9d00
0a9e00
0a9f00
0aa000
0aa100
0aa200
0aa300
0aa400
0aa500
0aa600
0aa700
0aa800
0aa900
0aaa00
0aab00
0aac00
0aad00
0aae00
0aaf00
0ab000
0ab100
0ab200
0ab300
0ab400
0ab500
0ab600
0ab700
0ab800
0ab900
0aba00
0abb00
0abc00
0abd00
0abe00
0abf00
0ac000
0ac100
0ac200
0ac300
0ac400
0ac500
0ac600
0ac700
0ac800
0ac900
0aca00
0acb00
0acc00
0acd00
0ace00
0acf00
0ad000
0ad100
0ad200
0ad300
0ad400
0ad500
0ad600
0ad700
0ad800
0ad900
0ada00
0adb00
0adc00
0add00
0ade00
0adf00
0ae000
0ae100
0ae200
0ae300
0ae400
0ae500
0ae600
0ae700
0ae800
0ae900
0aea00
0aeb00
0aec00
0aed00
0aee00
0aef00
0af000
0af100
0af200
0af300
0af400
0af500
0af600
0af700
0af800
0af900
0afa00
0afb00
0afc00
0afd00
0afe00
0aff00
0b0000
0b0100
0b0200
0b0300
0b0400
0b0500
0b0600
0b0700
0b0800
0b0900
0b0a00
0b0b00
0b0c00
0b0d00
0b0e00
0b0f00
0b1000
0b1100
0b1200
0b1300
0b1400
0b1500
0b1600
0b1700
0b1800
0b1900
0b1a00
0b1b00
0b1c00
0b1d00
0b1e00
0b1f00
0b2000
0b2100
0b2200
0b2300
0b2400
0b2500
0b2600
0b2700
0b2800
0b2900
0b2a00
0b2b00
0b2c00
0b2d00
0b2e00
0b2f00
0b3000
0b3100
0b3200
0b3300
0b3400
0b3500
0b3600
0b3700
0b3800
0b3900
0b3a00
0b3b00
0b3c00
0b3d00
0b3e00
0b3f00
0b4000
0b4100
0b4200
0b4300
0b4400
0b4500
0b4600
0b4700
0b4800
0b4900
0b4a00
0b4b00
0b4c00
0b4d00
0b4e00
0b4f00
0b5000
0b5100
0b5200
0b5300
0b5400
0b5500
0b5600
0b5700
0b5800
0b5900
0b5a00
0b5b00
0b5c00
0b5d00
0b5e00
0b5f00
0b6000
0b6100
0b6200
0b6300
0b6400
0b6500
0b6600
0b6700
0b6800
0b6900
0b6a00
0b6b00
0b6c00
0b6d00
0b6e00
0b6f00
0b7000
0b7100
0b7200
0b7300
0b7400
0b7500
0b7600
0b7700
0b7800
0b7900
0b7a00
0b7b00
0b7c00
0b7d00
0b7e00
0b7f00
0b8000
0b8100
0b8200
0b8300
0b8400
0b8500
0b8600
0b8700
0b8800
0b8900
0b8a00
0b8b00
0b8c00
0b8d00
0b8e00
0b8f00
0b9000
0b9100
0b9200
0b9300
0b9400
0b9500
0b9600
0b9700
0b9800
0b9900
0b9a00
0b9b00
0b9c00
0b9d00
0b9e00
0b9f00
0ba000
0ba100
0ba200
0ba300
0ba400
0ba500
0ba600
0ba700
0ba800
0ba900
0baa00
0bab00
0bac00
0bad00
0bae00
0baf00
0bb000
0bb100
0bb200
0bb300
0bb400
0bb500
0bb600
0bb700
0bb800
0bb900
0bba00
0bbb00
0bbc00
0bbd00
0bbe00
0bbf00
0bc000
0bc100
0bc200
0bc300
0bc400
0bc500
0bc600
0bc700
0bc800
0bc900
0bca00
0bcb00
0bcc00
0bcd00
0bce00
0bcf00
0bd000
0bd100
0bd200
0bd300
0bd400
0bd500
0bd600
0bd700
0bd800
0bd900
0bda00
0bdb00
0bdc00
0bdd00
0bde00
0bdf00
0be000
0be100
0be200
0be300
0be400
0be500
0be600
0be700
0be800
0be900
0bea00
0beb00
0bec00
0bed00
0bee00
0bef00
0bf000
0bf100
0bf200
0bf300
0bf400
0bf500
0bf600
0bf700
0bf800
0bf900
0bfa00
0bfb00
0bfc00
0bfd00
0bfe00
0bff00
0c0000
0c0100
0c0200
0c0300
0c0400
0c0500
0c0600
0c0700
0c0800
0c0900
0c0a00
0c0b00
0c0c00
0c0d00
0c0e00
0c0f00
0c1000
0c1100
0c1200
0c1300
0c1400
0c1500
0c1600
0c1700
0c1800
0c1900
0c1a00
0c1b00
0c1c00
0c1d00
0c1e00
0c1f00
0c2000
0c2100
0c2200
0c2300
0c2400
0c2500
0c2600
0c2700
0c2800
0c2900
0c2a00
0c2b00
0c2c00
0c2d00
0c2e00
0c2f00
0c3000
0c3100
0c3200
0c3300
0c3400
0c3500
0c3600
0c3700
0c3800
0c3900
0c3a00
0c3b00
0c3c00
0c3d00
0c3e00
0c3f00
0c4000
0c4100
0c4200
0c4300
0c4400
0c4500
0c4600
0c4700
0c4800
0c4900
0c4a00
0c4b00
0c4c00
0c4d00
0c4e00
0c4f00
0c5000
0c5100
0c5200
0c5300
0c5400
0c5500
0c5600
0c5700
0c5800
0c5900
0c5a00
0c5b00
0c5c00
0c5d00
0c5e00
0c5f00
0c6000
0c6100
0c6200
0c6300
0c6400
0c6500
0c6600
0c6700
0c6800
0c6900
0c6a00
0c6b00
0c6c00
0c6d00
0c6e00
0c6f00
0c7000
0c7100
0c7200
0c7300
0c7400
0c7500
0c7600
0c7700
0c7800
0c7900
0c7a00
0c7b00
0c7c00
0c7d00
0c7e00
0c7f00
0c8000
0c8100
0c8200
0c8300
0c8400
0c8500
0c8600
0c8700
0c8800
0c8900
0c8a00
0c8b00
0c8c00
0c8d00
0c8e00
0c8f00
0c9000
0c9100
0c9200
0c9300
0c9400
0c9500
0c9600
0c9700
0c9800
0c9900
0c9a00
0c9b00
0c9c00
0c9d00
0c9e00
0c9f00
0ca000
0ca100
0ca200
0ca300
0ca400
0ca500
0ca600
0ca700
0ca800
0ca900
0caa00
0cab00
0cac00
0cad00
0cae00
0caf00
0cb000
0cb100
0cb200
0cb300
0cb400
0cb500
0cb600
0cb700
0cb800
0cb900
0cba00
0cbb00
0cbc00
0cbd00
0cbe00
0cbf00
0cc000
0cc100
0cc200
0cc300
0cc400
0cc500
0cc600
0cc700
0cc800
0cc900
0cca00
0ccb00
0ccc00
0ccd00
0cce00
0ccf00
0cd000
0cd100
0cd200
0cd300
0cd400
0cd500
0cd600
0cd700
0cd800
0cd900
0cda00
0cdb00
0cdc00
0cdd00
0cde00
0cdf00
0ce000
0ce100
0ce200
0ce300
0ce400
0ce500
0ce600
0ce700
0ce800
0ce900
0cea00
0ceb00
0cec00
0ced00
0cee00
0cef00
0cf000
0cf100
0cf200
0cf300
0cf400
0cf500
0cf600
0cf700
0cf800
0cf900
0cfa00
0cfb00
0cfc00
0cfd00
0cfe00
0cff00
0d0000
0d0100
0d0200
0d0300
0d0400
0d0500
0d0600
0d0700
0d0800
0d0900
0d0a00
0d0b00
0d0c00
0d0d00
0d0e00
0d0f00
0d1000
0d1100
0d1200
0d1300
0d1400
0d1500
0d1600
0d1700
0d1800
0d1900
0d1a00
0d1b00
0d1c00
0d1d00
0d1e00
0d1f00
0d2000
0d2100
0d2200
0d2300
0d2400
0d2500
0d2600
0d2700
0d2800
0d2900
0d2a00
0d2b00
0d2c00
0d2d00
0d2e00
0d2f00
0d3000
0d3100
0d3200
0d3300
0d3400
0d3500
0d3600
0d3700
0d3800
0d3900
0d3a00
0d3b00
0d3c00
0d3d00
0d3e00
0d3f00
0d4000
0d4100
0d4200
0d4300
0d4400
0d4500
0d4600
0d4700
0d4800
0d4900
0d4a00
0d4b00
0d4c00
0d4d00
0d4e00
0d4f00
0d5000
0d5100
0d5200
0d5300
0d5400
0d5500
0d5600
0d5700
0d5800
0d5900
0d5a00
0d5b00
0d5c00
0d5d00
0d5e00
0d5f00
0d6000
0d6100
0d6200
0d6300
0d6400
0d6500
0d6600
0d6700
0d6800
0d6900
0d6a00
0d6b00
0d6c00
0d6d00
0d6e00
0d6f00
0d7000
0d7100
0d7200
0d7300
0d7400
0d7500
0d7600
0d7700
0d7800
0d7900
0d7a00
0d7b00
0d7c00
0d7d00
0d7e00
0d7f00
0d8000
0d8100
0d8200
0d8300
0d8400
0d8500
0d8600
0d8700
0d8800
0d8900
0d8a00
0d8b00
0d8c00
0d8d00
0d8e00
0d8f00
0d9000
0d9100
0d9200
0d9300
0d9400
0d9500
0d9600
0d9700
0d9800
0d9900
0d9a00
0d9b00
0d9c00
0d9d00
0d9e00
0d9f00
0da000
0da100
0da200
0da300
0da400
0da500
0da600
0da700
0da800
0da900
0daa00
0dab00
0dac00
0dad00
0dae00
0daf00
0db000
0db100
0db200
0db300
0db400
0db500
0db600
0db700
0db800
0db900
0dba00
0dbb00
0dbc00
0dbd00
0dbe00
0dbf00
0dc000
0dc100
0dc200
0dc300
0dc400
0dc500
0dc600
0dc700
0dc800
0dc900
0dca00
0dcb00
0dcc00
0dcd00
0dce00
0dcf00
0dd000
0dd100
0dd200
0dd300
0dd400
0dd500
0dd600
0dd700
0dd800
0dd900
0dda00
0ddb00
0ddc00
0ddd00
0dde00
0ddf00
0de000
0de100
0de200
0de300
0de400
0de500
0de600
0de700
0de800
0de900
0dea00
0deb00
0dec00
0ded00
0dee00
0def00
0df000
0df100
0df200
0df300
0df400
0df500
0df600
0df700
0df800
0df900
0dfa00
0dfb00
0dfc00
0dfd00
0dfe00
0dff00
0e0000
0e0100
0e0200
0e0300
0e0400
0e0500
0e0600
0e0700
0e0800
0e0900
0e0a00
0e0b00
0e0c00
0e0d00
0e0e00
0e0f00
0e1000
0e1100
0e1200
0e1300
0e1400
0e1500
0e1600
0e1700
0e1800
0e1900
0e1a00
0e1b00
0e1c00
0e1d00
0e1e00
0e1f00
0e2000
0e2100
0e2200
0e2300
0e2400
0e2500
0e2600
0e2700
0e2800
0e2900
0e2a00
0e2b00
0e2c00
0e2d00
0e2e00
0e2f00
0e3000
0e3100
0e3200
0e3300
0e3400
0e3500
0e3600
0e3700
0e3800
0e3900
0e3a00
0e3b00
0e3c00
0e3d00
0e3e00
0e3f00
0e4000
0e4100
0e4200
0e4300
0e4400
0e4500
0e4600
0e4700
0e4800
0e4900
0e4a00
0e4b00
0e4c00
0e4d00
0e4e00
0e4f00
0e5000
0e5100
0e5200
0e5300
0e5400
0e5500
0e5600
0e5700
0e5800
0e5900
0e5a00
0e5b00
0e5c00
0e5d00
0e5e00
0e5f00
0e6000
0e6100
0e6200
0e6300
0e6400
0e6500
0e6600
0e6700
0e6800
0e6900
0e6a00
0e6b00
0e6c00
0e6d00
0e6e00
0e6f00
0e7000
0e7100
0e7200
0e7300
0e7400
0e7500
0e7600
0e7700
0e7800
0e7900
0e7a00
0e7b00
0e7c00
0e7d00
0e7e00
0e7f00
0e8000
0e8100
0e8200
0e8300
0e8400
0e8500
0e8600
0e8700
0e8800
0e8900
0e8a00
0e8b00
0e8c00
0e8d00
0e8e00
0e8f00
0e9000
0e9100
0e9200
0e9300
0e9400
0e9500
0e9600
0e9700
0e9800
0e9900
0e9a00
0e9b00
0e9c00
0e9d00
0e9e00
0e9f00
0ea000
0ea100
0ea200
0ea300
0ea400
0ea500
0ea600
0ea700
0ea800
0ea900
0eaa00
0eab00
0eac00
0ead00
0eae00
0eaf00
0eb000
0eb100
0eb200
0eb300
0eb400
0eb500
0eb600
0eb700
0eb800
0eb900
0eba00
0ebb00
0ebc00
0ebd00
0ebe00
0ebf00
0ec000
0ec100
0ec200
0ec300
0ec400
0ec500
0ec600
0ec700
0ec800
0ec900
0eca00
0ecb00
0ecc00
0ecd00
0ece00
0ecf00
0ed000
0ed100
0ed200
0ed300
0ed400
0ed500
0ed600
0ed700
0ed800
0ed900
0eda00
0edb00
0edc00
0edd00
0ede00
0edf00
0ee000
0ee100
0ee200
0ee300
0ee400
0ee500
0ee600
0ee700
0ee800
0ee900
0eea00
0eeb00
0eec00
0eed00
0eee00
0eef00
0ef000
0ef100
0ef200
0ef300
0ef400
0ef500
0ef600
0ef700
0ef800
0ef900
0efa00
0efb00
0efc00
0efd00
0efe00
0eff00
0f0000
0f0100
0f0200
0f0300
0f0400
0f0500
0f0600
0f0700
0f0800
0f0900
0f0a00
0f0b00
0f0c00
0f0d00
0f0e00
0f0f00
0f1000
0f1100
0f1200
0f1300
0f1400
0f1500
0f1600
0f1700
0f1800
0f1900
0f1a00
0f1b00
0f1c00
0f1d00
0f1e00
0f1f00
0f2000
0f2100
0f2200
0f2300
0f2400
0f2500
0f2600
0f2700
0f2800
0f2900
0f2a00
0f2b00
0f2c00
0f2d00
0f2e00
0f2f00
0f3000
0f3100
0f3200
0f3300
0f3400
0f3500
0f3600
0f3700
0f3800
0f3900
0f3a00
0f3b00
0f3c00
0f3d00
0f3e00
0f3f00
0f4000
0f4100
0f4200
0f4300
0f4400
0f4500
0f4600
0f4700
0f4800
0f4900
0f4a00
0f4b00
0f4c00
0f4d00
0f4e00
0f4f00
0f5000
0f5100
0f5200
0f5300
0f5400
0f5500
0f5600
0f5700
0f5800
0f5900
0f5a00
0f5b00
0f5c00
0f5d00
0f5e00
0f5f00
0f6000
0f6100
0f6200
0f6300
0f6400
0f6500
0f6600
0f6700
0f6800
0f6900
0f6a00
0f6b00
0f6c00
0f6d00
0f6e00
0f6f00
0f7000
0f7100
0f7200
0f7300
0f7400
0f7500
0f7600
0f7700
0f7800
0f7900
0f7a00
0f7b00
0f7c00
0f7d00
0f7e00
0f7f00
0f8000
0f8100
0f8200
0f8300
0f8400
0f8500
0f8600
0f8700
0f8800
0f8900
0f8a00
0f8b00
0f8c00
0f8d00
0f8e00
0f8f00
0f9000
0f9100
0f9200
0f9300
0f9400
0f9500
0f9600
0f9700
0f9800
0f9900
0f9a00
0f9b00
0f9c00
0f9d00
0f9e00
0f9f00
0fa000
0fa100
0fa200
0fa300
0fa400
0fa500
0fa600
0fa700
0fa800
0fa900
0faa00
0fab00
0fac00
0fad00
0fae00
0faf00
0fb000
0fb100
0fb200
0fb300
0fb400
0fb500
0fb600
0fb700
0fb800
0fb900
0fba00
0fbb00
0fbc00
0fbd00
0fbe00
0fbf00
0fc000
0fc100
0fc200
0fc300
0fc400
0fc500
0fc600
0fc700
0fc800
0fc900
0fca00
0fcb00
0fcc00
0fcd00
0fce00
0fcf00
0fd000
0fd100
0fd200
0fd300
0fd400
0fd500
0fd600
0fd700
0fd800
0fd900
0fda00
0fdb00
0fdc00
0fdd00
0fde00
0fdf00
0fe000
0fe100
0fe200
0fe300
0fe400
0fe500
0fe600
0fe700
0fe800
0fe900
0fea00
0feb00
0fec00
0fed00
0fee00
0fef00
0ff000
0ff100
0ff200
0ff300
0ff400
0ff500
0ff600
0ff700
0ff800
0ff900
0ffa00
0ffb00
0ffc00
0ffd00
0ffe00
0fff00
100000
100100
100200
100300
100400
100500
100600
100700
100800
100900
100a00
100b00
100c00
100d00
100e00
100f00
101000
101100
101200
101300
101400
101500
101600
101700
101800
101900
101a00
101b00
101c00
101d00
101e00
101f00
102000
102100
102200
102300
102400
102500
102600
102700
102800
102900
102a00
102b00
102c00
102d00
102e00
102f00
103000
103100
103200
103300
103400
103500
103600
103700
103800
103900
103a00
103b00
103c00
103d00
103e00
103f00
104000
104100
104200
104300
104400
104500
104600
104700
104800
104900
104a00
104b00
104c00
104d00
104e00
104f00
105000
105100
105200
105300
105400
105500
105600
105700
105800
105900
105a00
105b00
105c00
105d00
105e00
105f00
106000
106100
106200
106300
106400
106500
106600
106700
106800
106900
106a00
106b00
106c00
106d00
106e00
106f00
107000
107100
107200
107300
107400
107500
107600
107700
107800
107900
107a00
107b00
107c00
107d00
107e00
107f00
108000
108100
108200
108300
108400
108500
108600
108700
108800
108900
108a00
108b00
108c00
108d00
108e00
108f00
109000
109100
109200
109300
109400
109500
109600
109700
109800
109900
109a00
109b00
109c00
109d00
109e00
109f00
10a000
10a100
10a200
10a300
10a400
10a500
10a600
10a700
10a800
10a900
10aa00
10ab00
10ac00
10ad00
10ae00
10af00
10b000
10b100
10b200
10b300
10b400
10b500
10b600
10b700
10b800
10b900
10ba00
10bb00
10bc00
10bd00
10be00
10bf00
10c000
10c100
10c200
10c300
10c400
10c500
10c600
10c700
10c800
10c900
10ca00
10cb00
10cc00
10cd00
10ce00
10cf00
10d000
10d100
10d200
10d300
10d400
10d500
10d600
10d700
10d800
10d900
10da00
10db00
10dc00
10dd00
10de00
10df00
10e000
10e100
10e200
10e300
10e400
10e500
10e600
10e700
10e800
10e900
10ea00
10eb00
10ec00
10ed00
10ee00
10ef00
10f000
10f100
10f200
10f300
10f400
10f500
10f600
10f700
10f800
10f900
10fa00
10fb00
10fc00
10fd00
10fe00
10ff00
110000
110100
110200
110300
110400
110500
110600
110700
110800
110900
110a00
110b00
110c00
110d00
110e00
110f00
111000
111100
111200
111300
111400
111500
111600
111700
111800
111900
111a00
111b00
111c00
111d00
111e00
111f00
112000
112100
112200
112300
112400
112500
112600
112700
112800
112900
112a00
112b00
112c00
112d00
112e00
112f00
113000
113100
113200
113300
113400
113500
113600
113700
113800
113900
113a00
113b00
113c00
113d00
113e00
113f00
114000
114100
114200
114300
114400
114500
114600
114700
114800
114900
114a00
114b00
114c00
114d00
114e00
114f00
115000
115100
115200
115300
115400
115500
115600
115700
115800
115900
115a00
115b00
115c00
115d00
115e00
115f00
116000
116100
116200
116300
116400
116500
116600
116700
116800
116900
116a00
116b00
116c00
116d00
116e00
116f00
117000
117100
117200
117300
117400
117500
117600
117700
117800
117900
117a00
117b00
117c00
117d00
117e00
117f00
118000
118100
118200
118300
118400
118500
118600
118700
118800
118900
118a00
118b00
118c00
118d00
118e00
118f00
119000
119100
119200
119300
119400
119500
119600
119700
119800
119900
119a00
119b00
119c00
119d00
119e00
119f00
11a000
11a100
11a200
11a300
11a400
11a500
11a600
11a700
11a800
11a900
11aa00
11ab00
11ac00
11ad00
11ae00
11af00
11b000
11b100
11b200
11b300
11b400
11b500
11b600
11b700
11b800
11b900
11ba00
11bb00
11bc00
11bd00
11be00
11bf00
11c000
11c100
11c200
11c300
11c400
11c500
11c600
11c700
11c800
11c900
11ca00
11cb00
11cc00
11cd00
11ce00
11cf00
11d000
11d100
11d200
11d300
11d400
11d500
11d600
11d700
11d800
11d900
11da00
11db00
11dc00
11dd00
11de00
11df00
11e000
11e100
11e200
11e300
11e400
11e500
11e600
11e700
11e800
11e900
11ea00
11eb00
11ec00
11ed00
11ee00
11ef00
11f000
11f100
11f200
11f300
11f400
11f500
11f600
11f700
11f800
11f900
11fa00
11fb00
11fc00
11fd00
11fe00
11ff00
120000
120100
120200
120300
120400
120500
120600
120700
120800
120900
120a00
120b00
120c00
120d00
120e00
120f00
121000
121100
121200
121300
121400
121500
121600
121700
121800
121900
121a00
121b00
121c00
121d00
121e00
121f00
122000
122100
122200
122300
122400
122500
122600
122700
122800
122900
122a00
122b00
122c00
122d00
122e00
122f00
123000
123100
123200
123300
123400
123500
123600
123700
123800
123900
123a00
123b00
123c00
123d00
123e00
123f00
124000
124100
124200
124300
124400
124500
124600
124700
124800
124900
124a00
124b00
124c00
124d00
124e00
124f00
125000
125100
125200
125300
125400
125500
125600
125700
125800
125900
125a00
125b00
125c00
125d00
125e00
125f00
126000
126100
126200
126300
126400
126500
126600
126700
126800
126900
126a00
126b00
126c00
126d00
126e00
126f00
127000
127100
127200
127300
127400
127500
127600
127700
127800
127900
127a00
127b00
127c00
127d00
127e00
127f00
128000
128100
128200
128300
128400
128500
128600
128700
128800
128900
128a00
128b00
128c00
128d00
128e00
128f00
129000
129100
129200
129300
129400
129500
129600
129700
129800
129900
129a00
129b00
129c00
129d00
129e00
129f00
12a000
12a100
12a200
12a300
12a400
12a500
12a600
12a700
12a800
12a900
12aa00
12ab00
12ac00
12ad00
12ae00
12af00
12b000
12b100
12b200
12b300
12b400
12b500
12b600
12b700
12b800
12b900
12ba00
12bb00
12bc00
12bd00
12be00
12bf00
12c000
12c100
12c200
12c300
12c400
12c500
12c600
12c700
12c800
12c900
12ca00
12cb00
12cc00
12cd00
12ce00
12cf00
12d000
12d100
12d200
12d300
12d400
12d500
12d600
12d700
12d800
12d900
12da00
12db00
12dc00
12dd00
12de00
12df00
12e000
12e100
12e200
12e300
12e400
12e500
12e600
12e700
12e800
12e900
12ea00
12eb00
12ec00
12ed00
12ee00
12ef00
12f000
12f100
12f200
12f300
12f400
12f500
12f600
12f700
12f800
12f900
12fa00
12fb00
12fc00
12fd00
12fe00
12ff00
130000
130100
130200
130300
130400
130500
130600
130700
130800
130900
130a00
130b00
130c00
130d00
130e00
130f00
131000
131100
131200
131300
131400
131500
131600
131700
131800
131900
131a00
131b00
131c00
131d00
131e00
131f00
132000
132100
132200
132300
132400
132500
132600
132700
132800
132900
132a00
132b00
132c00
132d00
132e00
132f00
133000
133100
133200
133300
133400
133500
133600
133700
133800
133900
133a00
133b00
133c00
133d00
133e00
133f00
134000
134100
134200
134300
134400
134500
134600
134700
134800
134900
134a00
134b00
134c00
134d00
134e00
134f00
135000
135100
135200
135300
135400
135500
135600
135700
135800
135900
135a00
135b00
135c00
135d00
135e00
135f00
136000
136100
136200
136300
136400
136500
136600
136700
136800
136900
136a00
136b00
136c00
136d00
136e00
136f00
137000
137100
137200
137300
137400
137500
137600
137700
137800
137900
137a00
137b00
137c00
137d00
137e00
137f00
138000
138100
138200
138300
138400
138500
138600
138700
138800
138900
138a00
138b00
138c00
138d00
138e00
138f00
139000
139100
139200
139300
139400
139500
139600
139700
139800
139900
139a00
139b00
139c00
139d00
139e00
139f00
13a000
13a100
13a200
13a300
13a400
13a500
13a600
13a700
13a800
13a900
13aa00
13ab00
13ac00
13ad00
13ae00
13af00
13b000
13b100
13b200
13b300
13b400
13b500
13b600
13b700
13b800
13b900
13ba00
13bb00
13bc00
13bd00
13be00
13bf00
13c000
13c100
13c200
13c300
13c400
13c500
13c600
13c700
13c800
13c900
13ca00
13cb00
13cc00
13cd00
13ce00
13cf00
13d000
13d100
13d200
13d300
13d400
13d500
13d600
13d700
13d800
13d900
13da00
13db00
13dc00
13dd00
13de00
13df00
13e000
13e100
13e200
13e300
13e400
13e500
13e600
13e700
13e800
13e900
13ea00
13eb00
13ec00
13ed00
13ee00
13ef00
13f000
13f100
13f200
13f300
13f400
13f500
13f600
13f700
13f800
13f900
13fa00
13fb00
13fc00
13fd00
13fe00
13ff00
140000
140100
140200
140300
140400
140500
140600
140700
140800
140900
140a00
140b00
140c00
140d00
140e00
140f00
141000
141100
141200
141300
141400
141500
141600
141700
141800
141900
141a00
141b00
141c00
141d00
141e00
141f00
142000
142100
142200
142300
142400
142500
142600
142700
142800
142900
142a00
142b00
142c00
142d00
142e00
142f00
143000
143100
143200
143300
143400
143500
143600
143700
143800
143900
143a00
143b00
143c00
143d00
143e00
143f00
144000
144100
144200
144300
144400
144500
144600
144700
144800
144900
144a00
144b00
144c00
144d00
144e00
144f00
145000
145100
145200
145300
145400
145500
145600
145700
145800
145900
145a00
145b00
145c00
145d00
145e00
145f00
146000
146100
146200
146300
146400
146500
146600
146700
146800
146900
146a00
146b00
146c00
146d00
146e00
146f00
147000
147100
147200
147300
147400
147500
147600
147700
147800
147900
147a00
147b00
147c00
147d00
147e00
147f00
148000
148100
148200
148300
148400
148500
148600
148700
148800
148900
148a00
148b00
148c00
148d00
148e00
148f00
149000
149100
149200
149300
149400
149500
149600
149700
149800
149900
149a00
149b00
149c00
149d00
149e00
149f00
14a000
14a100
14a200
14a300
14a400
14a500
14a600
14a700
14a800
14a900
14aa00
14ab00
14ac00
14ad00
14ae00
14af00
14b000
14b100
14b200
14b300
14b400
14b500
14b600
14b700
14b800
14b900
14ba00
14bb00
14bc00
14bd00
14be00
14bf00
14c000
14c100
14c200
14c300
14c400
14c500
14c600
14c700
14c800
14c900
14ca00
14cb00
14cc00
14cd00
14ce00
14cf00
14d000
14d100
14d200
14d300
14d400
14d500
14d600
14d700
14d800
14d900
14da00
14db00
14dc00
14dd00
14de00
14df00
14e000
14e100
14e200
14e300
14e400
14e500
14e600
14e700
14e800
14e900
14ea00
14eb00
14ec00
14ed00
14ee00
14ef00
14f000
14f100
14f200
14f300
14f400
14f500
14f600
14f700
14f800
14f900
14fa00
14fb00
14fc00
14fd00
14fe00
14ff00
150000
150100
150200
150300
150400
150500
150600
150700
150800
150900
150a00
150b00
150c00
150d00
150e00
150f00
151000
151100
151200
151300
151400
151500
151600
151700
151800
151900
151a00
151b00
151c00
151d00
151e00
151f00
152000
152100
152200
152300
152400
152500
152600
152700
152800
152900
152a00
152b00
152c00
152d00
152e00
152f00
153000
153100
153200
153300
153400
153500
153600
153700
153800
153900
153a00
153b00
153c00
153d00
153e00
153f00
154000
154100
154200
154300
154400
154500
154600
154700
154800
154900
154a00
154b00
154c00
154d00
154e00
154f00
155000
155100
155200
155300
155400
155500
155600
155700
155800
155900
155a00
155b00
155c00
155d00
155e00
155f00
156000
156100
156200
156300
156400
156500
156600
156700
156800
156900
156a00
156b00
156c00
156d00
156e00
156f00
157000
157100
157200
157300
157400
157500
157600
157700
157800
157900
157a00
157b00
157c00
157d00
157e00
157f00
158000
158100
158200
158300
158400
158500
158600
158700
158800
158900
158a00
158b00
158c00
158d00
158e00
158f00
159000
159100
159200
159300
159400
159500
159600
159700
159800
159900
159a00
159b00
159c00
159d00
159e00
159f00
15a000
15a100
15a200
15a300
15a400
15a500
15a600
15a700
15a800
15a900
15aa00
15ab00
15ac00
15ad00
15ae00
15af00
15b000
15b100
15b200
15b300
15b400
15b500
15b600
15b700
15b800
15b900
15ba00
15bb00
15bc00
15bd00
15be00
15bf00
15c000
15c100
15c200
15c300
15c400
15c500
15c600
15c700
15c800
15c900
15ca00
15cb00
15cc00
15cd00
15ce00
15cf00
15d000
15d100
15d200
15d300
15d400
15d500
15d600
15d700
15d800
15d900
15da00
15db00
15dc00
15dd00
15de00
15df00
15e000
15e100
15e200
15e300
15e400
15e500
15e600
15e700
15e800
15e900
15ea00
15eb00
15ec00
15ed00
15ee00
15ef00
15f000
15f100
15f200
15f300
15f400
15f500
15f600
15f700
15f800
15f900
15fa00
15fb00
15fc00
15fd00
15fe00
15ff00
160000
160100
160200
160300
160400
160500
160600
160700
160800
160900
160a00
160b00
160c00
160d00
160e00
160f00
161000
161100
161200
161300
161400
161500
161600
161700
161800
161900
161a00
161b00
161c00
161d00
161e00
161f00
162000
162100
162200
162300
162400
162500
162600
162700
162800
162900
162a00
162b00
162c00
162d00
162e00
162f00
163000
163100
163200
163300
163400
163500
163600
163700
163800
163900
163a00
163b00
163c00
163d00
163e00
163f00
164000
164100
164200
164300
164400
164500
164600
164700
164800
164900
164a00
164b00
164c00
164d00
164e00
164f00
165000
165100
165200
165300
165400
165500
165600
165700
165800
165900
165a00
165b00
165c00
165d00
165e00
165f00
166000
166100
166200
166300
166400
166500
166600
166700
166800
166900
166a00
166b00
166c00
166d00
166e00
166f00
167000
167100
167200
167300
167400
167500
167600
167700
167800
167900
167a00
167b00
167c00
167d00
167e00
167f00
168000
168100
168200
168300
168400
168500
168600
168700
168800
168900
168a00
168b00
168c00
168d00
168e00
168f00
169000
169100
169200
169300
169400
169500
169600
169700
169800
169900
169a00
169b00
169c00
169d00
169e00
169f00
16a000
16a100
16a200
16a300
16a400
16a500
16a600
16a700
16a800
16a900
16aa00
16ab00
16ac00
16ad00
16ae00
16af00
16b000
16b100
16b200
16b300
16b400
16b500
16b600
16b700
16b800
16b900
16ba00
16bb00
16bc00
16bd00
16be00
16bf00
16c000
16c100
16c200
16c300
16c400
16c500
16c600
16c700
16c800
16c900
16ca00
16cb00
16cc00
16cd00
16ce00
16cf00
16d000
16d100
16d200
16d300
16d400
16d500
16d600
16d700
16d800
16d900
16da00
16db00
16dc00
16dd00
16de00
16df00
16e000
16e100
16e200
16e300
16e400
16e500
16e600
16e700
16e800
16e900
16ea00
16eb00
16ec00
16ed00
16ee00
16ef00
16f000
16f100
16f200
16f300
16f400
16f500
16f600
16f700
16f800
16f900
16fa00
16fb00
16fc00
16fd00
16fe00
16ff00
170000
170100
170200
170300
170400
170500
170600
170700
170800
170900
170a00
170b00
170c00
170d00
170e00
170f00
171000
171100
171200
171300
171400
171500
171600
171700
171800
171900
171a00
171b00
171c00
171d00
171e00
171f00
172000
172100
172200
172300
172400
172500
172600
172700
172800
172900
172a00
172b00
172c00
172d00
172e00
172f00
173000
173100
173200
173300
173400
173500
173600
173700
173800
173900
173a00
173b00
173c00
173d00
173e00
173f00
174000
174100
174200
174300
174400
174500
174600
174700
174800
174900
174a00
174b00
174c00
174d00
174e00
174f00
175000
175100
175200
175300
175400
175500
175600
175700
175800
175900
175a00
175b00
175c00
175d00
175e00
175f00
176000
176100
176200
176300
176400
176500
176600
176700
176800
176900
176a00
176b00
176c00
176d00
176e00
176f00
177000
177100
177200
177300
177400
177500
177600
177700
177800
177900
177a00
177b00
177c00
177d00
177e00
177f00
178000
178100
178200
178300
178400
178500
178600
178700
178800
178900
178a00
178b00
178c00
178d00
178e00
178f00
179000
179100
179200
179300
179400
179500
179600
179700
179800
179900
179a00
179b00
179c00
179d00
179e00
179f00
17a000
17a100
17a200
17a300
17a400
17a500
17a600
17a700
17a800
17a900
17aa00
17ab00
17ac00
17ad00
17ae00
17af00
17b000
17b100
17b200
17b300
17b400
17b500
17b600
17b700
17b800
17b900
17ba00
17bb00
17bc00
17bd00
17be00
17bf00
17c000
17c100
17c200
17c300
17c400
17c500
17c600
17c700
17c800
17c900
17ca00
17cb00
17cc00
17cd00
17ce00
17cf00
17d000
17d100
17d200
17d300
17d400
17d500
17d600
17d700
17d800
17d900
17da00
17db00
17dc00
17dd00
17de00
17df00
17e000
17e100
17e200
17e300
17e400
17e500
17e600
17e700
17e800
17e900
17ea00
17eb00
17ec00
17ed00
17ee00
17ef00
17f000
17f100
17f200
17f300
17f400
17f500
17f600
17f700
17f800
17f900
17fa00
17fb00
17fc00
17fd00
17fe00
17ff00
180000
180100
180200
180300
180400
180500
180600
180700
180800
180900
180a00
180b00
180c00
180d00
180e00
180f00
181000
181100
181200
181300
181400
181500
181600
181700
181800
181900
181a00
181b00
181c00
181d00
181e00
181f00
182000
182100
182200
182300
182400
182500
182600
182700
182800
182900
182a00
182b00
182c00
182d00
182e00
182f00
183000
183100
183200
183300
183400
183500
183600
183700
183800
183900
183a00
183b00
183c00
183d00
183e00
183f00
184000
184100
184200
184300
184400
184500
184600
184700
184800
184900
184a00
184b00
184c00
184d00
184e00
184f00
185000
185100
185200
185300
185400
185500
185600
185700
185800
185900
185a00
185b00
185c00
185d00
185e00
185f00
186000
186100
186200
186300
186400
186500
186600
186700
186800
186900
186a00
186b00
186c00
186d00
186e00
186f00
187000
187100
187200
187300
187400
187500
187600
187700
187800
187900
187a00
187b00
187c00
187d00
187e00
187f00
188000
188100
188200
188300
188400
188500
188600
188700
188800
188900
188a00
188b00
188c00
188d00
188e00
188f00
189000
189100
189200
189300
189400
189500
189600
189700
189800
189900
189a00
189b00
189c00
189d00
189e00
189f00
18a000
18a100
18a200
18a300
18a400
18a500
18a600
18a700
18a800
18a900
18aa00
18ab00
18ac00
18ad00
18ae00
18af00
18b000
18b100
18b200
18b300
18b400
18b500
18b600
18b700
18b800
18b900
18ba00
18bb00
18bc00
18bd00
18be00
18bf00
18c000
18c100
18c200
18c300
18c400
18c500
18c600
18c700
18c800
18c900
18ca00
18cb00
18cc00
18cd00
18ce00
18cf00
18d000
18d100
18d200
18d300
18d400
18d500
18d600
18d700
18d800
18d900
18da00
18db00
18dc00
18dd00
18de00
18df00
18e000
18e100
18e200
18e300
18e400
18e500
18e600
18e700
18e800
18e900
18ea00
18eb00
18ec00
18ed00
18ee00
18ef00
18f000
18f100
18f200
18f300
18f400
18f500
18f600
18f700
18f800
18f900
18fa00
18fb00
18fc00
18fd00
18fe00
18ff00
190000
190100
190200
190300
190400
190500
190600
190700
190800
190900
190a00
190b00
190c00
190d00
190e00
190f00
191000
191100
191200
191300
191400
191500
191600
191700
191800
191900
191a00
191b00
191c00
191d00
191e00
191f00
192000
192100
192200
192300
192400
192500
192600
192700
192800
192900
192a00
192b00
192c00
192d00
192e00
192f00
193000
193100
193200
193300
193400
193500
193600
193700
193800
193900
193a00
193b00
193c00
193d00
193e00
193f00
194000
194100
194200
194300
194400
194500
194600
194700
194800
194900
194a00
194b00
194c00
194d00
194e00
194f00
195000
195100
195200
195300
195400
195500
195600
195700
195800
195900
195a00
195b00
195c00
195d00
195e00
195f00
196000
196100
196200
196300
196400
196500
196600
196700
196800
196900
196a00
196b00
196c00
196d00
196e00
196f00
197000
197100
197200
197300
197400
197500
197600
197700
197800
197900
197a00
197b00
197c00
197d00
197e00
197f00
198000
198100
198200
198300
198400
198500
198600
198700
198800
198900
198a00
198b00
198c00
198d00
198e00
198f00
199000
199100
199200
199300
199400
199500
199600
199700
199800
199900
199a00
199b00
199c00
199d00
199e00
199f00
19a000
19a100
19a200
19a300
19a400
19a500
19a600
19a700
19a800
19a900
19aa00
19ab00
19ac00
19ad00
19ae00
19af00
19b000
19b100
19b200
19b300
19b400
19b500
19b600
19b700
19b800
19b900
19ba00
19bb00
19bc00
19bd00
19be00
19bf00
19c000
19c100
19c200
19c300
19c400
19c500
19c600
19c700
19c800
19c900
19ca00
19cb00
19cc00
19cd00
19ce00
19cf00
19d000
19d100
19d200
19d300
19d400
19d500
19d600
19d700
19d800
19d900
19da00
19db00
19dc00
19dd00
19de00
19df00
19e000
19e100
19e200
19e300
19e400
19e500
19e600
19e700
19e800
19e900
19ea00
19eb00
19ec00
19ed00
19ee00
19ef00
19f000
19f100
19f200
19f300
19f400
19f500
19f600
19f700
19f800
19f900
19fa00
19fb00
19fc00
19fd00
19fe00
19ff00
1a0000
1a0100
1a0200
1a0300
1a0400
1a0500
1a0600
1a0700
1a0800
1a0900
1a0a00
1a0b00
1a0c00
1a0d00
1a0e00
1a0f00
1a1000
1a1100
1a1200
1a1300
1a1400
1a1500
1a1600
1a1700
1a1800
1a1900
1a1a00
1a1b00
1a1c00
1a1d00
1a1e00
1a1f00
1a2000
1a2100
1a2200
1a2300
1a2400
1a2500
1a2600
1a2700
1a2800
1a2900
1a2a00
1a2b00
1a2c00
1a2d00
1a2e00
1a2f00
1a3000
1a3100
1a3200
1a3300
1a3400
1a3500
1a3600
1a3700
1a3800
1a3900
1a3a00
1a3b00
1a3c00
1a3d00
1a3e00
1a3f00
1a4000
1a4100
1a4200
1a4300
1a4400
1a4500
1a4600
1a4700
1a4800
1a4900
1a4a00
1a4b00
1a4c00
1a4d00
1a4e00
1a4f00
1a5000
1a5100
1a5200
1a5300
1a5400
1a5500
1a5600
1a5700
1a5800
1a5900
1a5a00
1a5b00
1a5c00
1a5d00
1a5e00
1a5f00
1a6000
1a6100
1a6200
1a6300
1a6400
1a6500
1a6600
1a6700
1a6800
1a6900
1a6a00
1a6b00
1a6c00
1a6d00
1a6e00
1a6f00
1a7000
1a7100
1a7200
1a7300
1a7400
1a7500
1a7600
1a7700
1a7800
1a7900
1a7a00
1a7b00
1a7c00
1a7d00
1a7e00
1a7f00
1a8000
1a8100
1a8200
1a8300
1a8400
1a8500
1a8600
1a8700
1a8800
1a8900
1a8a00
1a8b00
1a8c00
1a8d00
1a8e00
1a8f00
1a9000
1a9100
1a9200
1a9300
1a9400
1a9500
1a9600
1a9700
1a9800
1a9900
1a9a00
1a9b00
1a9c00
1a9d00
1a9e00
1a9f00
1aa000
1aa100
1aa200
1aa300
1aa400
1aa500
1aa600
1aa700
1aa800
1aa900
1aaa00
1aab00
1aac00
1aad00
1aae00
1aaf00
1ab000
1ab100
1ab200
1ab300
1ab400
1ab500
1ab600
1ab700
1ab800
1ab900
1aba00
1abb00
1abc00
1abd00
1abe00
1abf00
1ac000
1ac100
1ac200
1ac300
1ac400
1ac500
1ac600
1ac700
1ac800
1ac900
1aca00
1acb00
1acc00
1acd00
1ace00
1acf00
1ad000
1ad100
1ad200
1ad300
1ad400
1ad500
1ad600
1ad700
1ad800
1ad900
1ada00
1adb00
1adc00
1add00
1ade00
1adf00
1ae000
1ae100
1ae200
1ae300
1ae400
1ae500
1ae600
1ae700
1ae800
1ae900
1aea00
1aeb00
1aec00
1aed00
1aee00
1aef00
1af000
1af100
1af200
1af300
1af400
1af500
1af600
1af700
1af800
1af900
1afa00
1afb00
1afc00
1afd00
1afe00
1aff00
1b0000
1b0100
1b0200
1b0300
1b0400
1b0500
1b0600
1b0700
1b0800
1b0900
1b0a00
1b0b00
1b0c00
1b0d00
1b0e00
1b0f00
1b1000
1b1100
1b1200
1b1300
1b1400
1b1500
1b1600
1b1700
1b1800
1b1900
1b1a00
1b1b00
1b1c00
1b1d00
1b1e00
1b1f00
1b2000
1b2100
1b2200
1b2300
1b2400
1b2500
1b2600
1b2700
1b2800
1b2900
1b2a00
1b2b00
1b2c00
1b2d00
1b2e00
1b2f00
1b3000
1b3100
1b3200
1b3300
1b3400
1b3500
1b3600
1b3700
1b3800
1b3900
1b3a00
1b3b00
1b3c00
1b3d00
1b3e00
1b3f00
1b4000
1b4100
1b4200
1b4300
1b4400
1b4500
1b4600
1b4700
1b4800
1b4900
1b4a00
1b4b00
1b4c00
1b4d00
1b4e00
1b4f00
1b5000
1b5100
1b5200
1b5300
1b5400
1b5500
1b5600
1b5700
1b5800
1b5900
1b5a00
1b5b00
1b5c00
1b5d00
1b5e00
1b5f00
1b6000
1b6100
1b6200
1b6300
1b6400
1b6500
1b6600
1b6700
1b6800
1b6900
1b6a00
1b6b00
1b6c00
1b6d00
1b6e00
1b6f00
1b7000
1b7100
1b7200
1b7300
1b7400
1b7500
1b7600
1b7700
1b7800
1b7900
1b7a00
1b7b00
1b7c00
1b7d00
1b7e00
1b7f00
1b8000
1b8100
1b8200
1b8300
1b8400
1b8500
1b8600
1b8700
1b8800
1b8900
1b8a00
1b8b00
1b8c00
1b8d00
1b8e00
1b8f00
1b9000
1b9100
1b9200
1b9300
1b9400
1b9500
1b9600
1b9700
1b9800
1b9900
1b9a00
1b9b00
1b9c00
1b9d00
1b9e00
1b9f00
1ba000
1ba100
1ba200
1ba300
1ba400
1ba500
1ba600
1ba700
1ba800
1ba900
1baa00
1bab00
1bac00
1bad00
1bae00
1baf00
1bb000
1bb100
1bb200
1bb300
1bb400
1bb500
1bb600
1bb700
1bb800
1bb900
1bba00
1bbb00
1bbc00
1bbd00
1bbe00
1bbf00
1bc000
1bc100
1bc200
1bc300
1bc400
1bc500
1bc600
1bc700
1bc800
1bc900
1bca00
1bcb00
1bcc00
1bcd00
1bce00
1bcf00
1bd000
1bd100
1bd200
1bd300
1bd400
1bd500
1bd600
1bd700
1bd800
1bd900
1bda00
1bdb00
1bdc00
1bdd00
1bde00
1bdf00
1be000
1be100
1be200
1be300
1be400
1be500
1be600
1be700
1be800
1be900
1bea00
1beb00
1bec00
1bed00
1bee00
1bef00
1bf000
1bf100
1bf200
1bf300
1bf400
1bf500
1bf600
1bf700
1bf800
1bf900
1bfa00
1bfb00
1bfc00
1bfd00
1bfe00
1bff00
1c0000
1c0100
1c0200
1c0300
1c0400
1c0500
1c0600
1c0700
1c0800
1c0900
1c0a00
1c0b00
1c0c00
1c0d00
1c0e00
1c0f00
1c1000
1c1100
1c1200
1c1300
1c1400
1c1500
1c1600
1c1700
1c1800
1c1900
1c1a00
1c1b00
1c1c00
1c1d00
1c1e00
1c1f00
1c2000
1c2100
1c2200
1c2300
1c2400
1c2500
1c2600
1c2700
1c2800
1c2900
1c2a00
1c2b00
1c2c00
1c2d00
1c2e00
1c2f00
1c3000
1c3100
1c3200
1c3300
1c3400
1c3500
1c3600
1c3700
1c3800
1c3900
1c3a00
1c3b00
1c3c00
1c3d00
1c3e00
1c3f00
1c4000
1c4100
1c4200
1c4300
1c4400
1c4500
1c4600
1c4700
1c4800
1c4900
1c4a00
1c4b00
1c4c00
1c4d00
1c4e00
1c4f00
1c5000
1c5100
1c5200
1c5300
1c5400
1c5500
1c5600
1c5700
1c5800
1c5900
1c5a00
1c5b00
1c5c00
1c5d00
1c5e00
1c5f00
1c6000
1c6100
1c6200
1c6300
1c6400
1c6500
1c6600
1c6700
1c6800
1c6900
1c6a00
1c6b00
1c6c00
1c6d00
1c6e00
1c6f00
1c7000
1c7100
1c7200
1c7300
1c7400
1c7500
1c7600
1c7700
1c7800
1c7900
1c7a00
1c7b00
1c7c00
1c7d00
1c7e00
1c7f00
1c8000
1c8100
1c8200
1c8300
1c8400
1c8500
1c8600
1c8700
1c8800
1c8900
1c8a00
1c8b00
1c8c00
1c8d00
1c8e00
1c8f00
1c9000
1c9100
1c9200
1c9300
1c9400
1c9500
1c9600
1c9700
1c9800
1c9900
1c9a00
1c9b00
1c9c00
1c9d00
1c9e00
1c9f00
1ca000
1ca100
1ca200
1ca300
1ca400
1ca500
1ca600
1ca700
1ca800
1ca900
1caa00
1cab00
1cac00
1cad00
1cae00
1caf00
1cb000
1cb100
1cb200
1cb300
1cb400
1cb500
1cb600
1cb700
1cb800
1cb900
1cba00
1cbb00
1cbc00
1cbd00
1cbe00
1cbf00
1cc000
1cc100
1cc200
1cc300
1cc400
1cc500
1cc600
1cc700
1cc800
1cc900
1cca00
1ccb00
1ccc00
1ccd00
1cce00
1ccf00
1cd000
1cd100
1cd200
1cd300
1cd400
1cd500
1cd600
1cd700
1cd800
1cd900
1cda00
1cdb00
1cdc00
1cdd00
1cde00
1cdf00
1ce000
1ce100
1ce200
1ce300
1ce400
1ce500
1ce600
1ce700
1ce800
1ce900
1cea00
1ceb00
1cec00
1ced00
1cee00
1cef00
1cf000
1cf100
1cf200
1cf300
1cf400
1cf500
1cf600
1cf700
1cf800
1cf900
1cfa00
1cfb00
1cfc00
1cfd00
1cfe00
1cff00
1d0000
1d0100
1d0200
1d0300
1d0400
1d0500
1d0600
1d0700
1d0800
1d0900
1d0a00
1d0b00
1d0c00
1d0d00
1d0e00
1d0f00
1d1000
1d1100
1d1200
1d1300
1d1400
1d1500
1d1600
1d1700
1d1800
1d1900
1d1a00
1d1b00
1d1c00
1d1d00
1d1e00
1d1f00
1d2000
1d2100
1d2200
1d2300
1d2400
1d2500
1d2600
1d2700
1d2800
1d2900
1d2a00
1d2b00
1d2c00
1d2d00
1d2e00
1d2f00
1d3000
1d3100
1d3200
1d3300
1d3400
1d3500
1d3600
1d3700
1d3800
1d3900
1d3a00
1d3b00
1d3c00
1d3d00
1d3e00
1d3f00
1d4000
1d4100
1d4200
1d4300
1d4400
1d4500
1d4600
1d4700
1d4800
1d4900
1d4a00
1d4b00
1d4c00
1d4d00
1d4e00
1d4f00
1d5000
1d5100
1d5200
1d5300
1d5400
1d5500
1d5600
1d5700
1d5800
1d5900
1d5a00
1d5b00
1d5c00
1d5d00
1d5e00
1d5f00
1d6000
1d6100
1d6200
1d6300
1d6400
1d6500
1d6600
1d6700
1d6800
1d6900
1d6a00
1d6b00
1d6c00
1d6d00
1d6e00
1d6f00
1d7000
1d7100
1d7200
1d7300
1d7400
1d7500
1d7600
1d7700
1d7800
1d7900
1d7a00
1d7b00
1d7c00
1d7d00
1d7e00
1d7f00
1d8000
1d8100
1d8200
1d8300
1d8400
1d8500
1d8600
1d8700
1d8800
1d8900
1d8a00
1d8b00
1d8c00
1d8d00
1d8e00
1d8f00
1d9000
1d9100
1d9200
1d9300
1d9400
1d9500
1d9600
1d9700
1d9800
1d9900
1d9a00
1d9b00
1d9c00
1d9d00
1d9e00
1d9f00
1da000
1da100
1da200
1da300
1da400
1da500
1da600
1da700
1da800
1da900
1daa00
1dab00
1dac00
1dad00
1dae00
1daf00
1db000
1db100
1db200
1db300
1db400
1db500
1db600
1db700
1db800
1db900
1dba00
1dbb00
1dbc00
1dbd00
1dbe00
1dbf00
1dc000
1dc100
1dc200
1dc300
1dc400
1dc500
1dc600
1dc700
1dc800
1dc900
1dca00
1dcb00
1dcc00
1dcd00
1dce00
1dcf00
1dd000
1dd100
1dd200
1dd300
1dd400
1dd500
1dd600
1dd700
1dd800
1dd900
1dda00
1ddb00
1ddc00
1ddd00
1dde00
1ddf00
1de000
1de100
1de200
1de300
1de400
1de500
1de600
1de700
1de800
1de900
1dea00
1deb00
1dec00
1ded00
1dee00
1def00
1df000
1df100
1df200
1df300
1df400
1df500
1df600
1df700
1df800
1df900
1dfa00
1dfb00
1dfc00
1dfd00
1dfe00
1dff00
1e0000
1e0100
1e0200
1e0300
1e0400
1e0500
1e0600
1e0700
1e0800
1e0900
1e0a00
1e0b00
1e0c00
1e0d00
1e0e00
1e0f00
1e1000
1e1100
1e1200
1e1300
1e1400
1e1500
1e1600
1e1700
1e1800
1e1900
1e1a00
1e1b00
1e1c00
1e1d00
1e1e00
1e1f00
1e2000
1e2100
1e2200
1e2300
1e2400
1e2500
1e2600
1e2700
1e2800
1e2900
1e2a00
1e2b00
1e2c00
1e2d00
1e2e00
1e2f00
1e3000
1e3100
1e3200
1e3300
1e3400
1e3500
1e3600
1e3700
1e3800
1e3900
1e3a00
1e3b00
1e3c00
1e3d00
1e3e00
1e3f00
1e4000
1e4100
1e4200
1e4300
1e4400
1e4500
1e4600
1e4700
1e4800
1e4900
1e4a00
1e4b00
1e4c00
1e4d00
1e4e00
1e4f00
1e5000
1e5100
1e5200
1e5300
1e5400
1e5500
1e5600
1e5700
1e5800
1e5900
1e5a00
1e5b00
1e5c00
1e5d00
1e5e00
1e5f00
1e6000
1e6100
1e6200
1e6300
1e6400
1e6500
1e6600
1e6700
1e6800
1e6900
1e6a00
1e6b00
1e6c00
1e6d00
1e6e00
1e6f00
1e7000
1e7100
1e7200
1e7300
1e7400
1e7500
1e7600
1e7700
1e7800
1e7900
1e7a00
1e7b00
1e7c00
1e7d00
1e7e00
1e7f00
1e8000
1e8100
1e8200
1e8300
1e8400
1e8500
1e8600
1e8700
1e8800
1e8900
1e8a00
1e8b00
1e8c00
1e8d00
1e8e00
1e8f00
1e9000
1e9100
1e9200
1e9300
1e9400
1e9500
1e9600
1e9700
1e9800
1e9900
1e9a00
1e9b00
1e9c00
1e9d00
1e9e00
1e9f00
1ea000
1ea100
1ea200
1ea300
1ea400
1ea500
1ea600
1ea700
1ea800
1ea900
1eaa00
1eab00
1eac00
1ead00
1eae00
1eaf00
1eb000
1eb100
1eb200
1eb300
1eb400
1eb500
1eb600
1eb700
1eb800
1eb900
1eba00
1ebb00
1ebc00
1ebd00
1ebe00
1ebf00
1ec000
1ec100
1ec200
1ec300
1ec400
1ec500
1ec600
1ec700
1ec800
1ec900
1eca00
1ecb00
1ecc00
1ecd00
1ece00
1ecf00
1ed000
1ed100
1ed200
1ed300
1ed400
1ed500
1ed600
1ed700
1ed800
1ed900
1eda00
1edb00
1edc00
1edd00
1ede00
1edf00
1ee000
1ee100
1ee200
1ee300
1ee400
1ee500
1ee600
1ee700
1ee800
1ee900
1eea00
1eeb00
1eec00
1eed00
1eee00
1eef00
1ef000
1ef100
1ef200
1ef300
1ef400
1ef500
1ef600
1ef700
1ef800
1ef900
1efa00
1efb00
1efc00
1efd00
1efe00
1eff00
1f0000
1f0100
1f0200
1f0300
1f0400
1f0500
1f0600
1f0700
1f0800
1f0900
1f0a00
1f0b00
1f0c00
1f0d00
1f0e00
1f0f00
1f1000
1f1100
1f1200
1f1300
1f1400
1f1500
1f1600
1f1700
1f1800
1f1900
1f1a00
1f1b00
1f1c00
1f1d00
1f1e00
1f1f00
1f2000
1f2100
1f2200
1f2300
1f2400
1f2500
1f2600
1f2700
1f2800
1f2900
1f2a00
1f2b00
1f2c00
1f2d00
1f2e00
1f2f00
1f3000
1f3100
1f3200
1f3300
1f3400
1f3500
1f3600
1f3700
1f3800
1f3900
1f3a00
1f3b00
1f3c00
1f3d00
1f3e00
1f3f00
1f4000
1f4100
1f4200
1f4300
1f4400
1f4500
1f4600
1f4700
1f4800
1f4900
1f4a00
1f4b00
1f4c00
1f4d00
1f4e00
1f4f00
1f5000
1f5100
1f5200
1f5300
1f5400
1f5500
1f5600
1f5700
1f5800
1f5900
1f5a00
1f5b00
1f5c00
1f5d00
1f5e00
1f5f00
1f6000
1f6100
1f6200
1f6300
1f6400
1f6500
1f6600
1f6700
1f6800
1f6900
1f6a00
1f6b00
1f6c00
1f6d00
1f6e00
1f6f00
1f7000
1f7100
1f7200
1f7300
1f7400
1f7500
1f7600
1f7700
1f7800
1f7900
1f7a00
1f7b00
1f7c00
1f7d00
1f7e00
1f7f00
1f8000
1f8100
1f8200
1f8300
1f8400
1f8500
1f8600
1f8700
1f8800
1f8900
1f8a00
1f8b00
1f8c00
1f8d00
1f8e00
1f8f00
1f9000
1f9100
1f9200
1f9300
1f9400
1f9500
1f9600
1f9700
1f9800
1f9900
1f9a00
1f9b00
1f9c00
1f9d00
1f9e00
1f9f00
1fa000
1fa100
1fa200
1fa300
1fa400
1fa500
1fa600
1fa700
1fa800
1fa900
1faa00
1fab00
1fac00
1fad00
1fae00
1faf00
1fb000
1fb100
1fb200
1fb300
1fb400
1fb500
1fb600
1fb700
1fb800
1fb900
1fba00
1fbb00
1fbc00
1fbd00
1fbe00
1fbf00
1fc000
1fc100
1fc200
1fc300
1fc400
1fc500
1fc600
1fc700
1fc800
1fc900
1fca00
1fcb00
1fcc00
1fcd00
1fce00
1fcf00
1fd000
1fd100
1fd200
1fd300
1fd400
1fd500
1fd600
1fd700
1fd800
1fd900
1fda00
1fdb00
1fdc00
1fdd00
1fde00
1fdf00
1fe000
1fe100
1fe200
1fe300
1fe400
1fe500
1fe600
1fe700
1fe800
1fe900
1fea00
1feb00
1fec00
1fed00
1fee00
1fef00
1ff000
1ff100
1ff200
1ff300
1ff400
1ff500
1ff600
1ff700
1ff800
1ff900
1ffa00
1ffb00
1ffc00
1ffd00
1ffe00
1fff00
200000
200100
200200
200300
200400
200500
200600
200700
200800
200900
200a00
200b00
200c00
200d00
200e00
200f00
201000
201100
201200
201300
201400
201500
201600
201700
201800
201900
201a00
201b00
201c00
201d00
201e00
201f00
202000
202100
202200
202300
202400
202500
202600
202700
202800
202900
202a00
202b00
202c00
202d00
202e00
202f00
203000
203100
203200
203300
203400
203500
203600
203700
203800
203900
203a00
203b00
203c00
203d00
203e00
203f00
204000
204100
204200
204300
204400
204500
204600
204700
204800
204900
204a00
204b00
204c00
204d00
204e00
204f00
205000
205100
205200
205300
205400
205500
205600
205700
205800
205900
205a00
205b00
205c00
205d00
205e00
205f00
206000
206100
206200
206300
206400
206500
206600
206700
206800
206900
206a00
206b00
206c00
206d00
206e00
206f00
207000
207100
207200
207300
207400
207500
207600
207700
207800
207900
207a00
207b00
207c00
207d00
207e00
207f00
208000
208100
208200
208300
208400
208500
208600
208700
208800
208900
208a00
208b00
208c00
208d00
208e00
208f00
209000
209100
209200
209300
209400
209500
209600
209700
209800
209900
209a00
209b00
209c00
209d00
209e00
209f00
20a000
20a100
20a200
20a300
20a400
20a500
20a600
20a700
20a800
20a900
20aa00
20ab00
20ac00
20ad00
20ae00
20af00
20b000
20b100
20b200
20b300
20b400
20b500
20b600
20b700
20b800
20b900
20ba00
20bb00
20bc00
20bd00
20be00
20bf00
20c000
20c100
20c200
20c300
20c400
20c500
20c600
20c700
20c800
20c900
20ca00
20cb00
20cc00
20cd00
20ce00
20cf00
20d000
20d100
20d200
20d300
20d400
20d500
20d600
20d700
20d800
20d900
20da00
20db00
20dc00
20dd00
20de00
20df00
20e000
20e100
20e200
20e300
20e400
20e500
20e600
20e700
20e800
20e900
20ea00
20eb00
20ec00
20ed00
20ee00
20ef00
20f000
20f100
20f200
20f300
20f400
20f500
20f600
20f700
20f800
20f900
20fa00
20fb00
20fc00
20fd00
20fe00
20ff00
210000
210100
210200
210300
210400
210500
210600
210700
210800
210900
210a00
210b00
210c00
210d00
210e00
210f00
211000
211100
211200
211300
211400
211500
211600
211700
211800
211900
211a00
211b00
211c00
211d00
211e00
211f00
212000
212100
212200
212300
212400
212500
212600
212700
212800
212900
212a00
212b00
212c00
212d00
212e00
212f00
213000
213100
213200
213300
213400
213500
213600
213700
213800
213900
213a00
213b00
213c00
213d00
213e00
213f00
214000
214100
214200
214300
214400
214500
214600
214700
214800
214900
214a00
214b00
214c00
214d00
214e00
214f00
215000
215100
215200
215300
215400
215500
215600
215700
215800
215900
215a00
215b00
215c00
215d00
215e00
215f00
216000
216100
216200
216300
216400
216500
216600
216700
216800
216900
216a00
216b00
216c00
216d00
216e00
216f00
217000
217100
217200
217300
217400
217500
217600
217700
217800
217900
217a00
217b00
217c00
217d00
217e00
217f00
218000
218100
218200
218300
218400
218500
218600
218700
218800
218900
218a00
218b00
218c00
218d00
218e00
218f00
219000
219100
219200
219300
219400
219500
219600
219700
219800
219900
219a00
219b00
219c00
219d00
219e00
219f00
21a000
21a100
21a200
21a300
21a400
21a500
21a600
21a700
21a800
21a900
21aa00
21ab00
21ac00
21ad00
21ae00
21af00
21b000
21b100
21b200
21b300
21b400
21b500
21b600
21b700
21b800
21b900
21ba00
21bb00
21bc00
21bd00
21be00
21bf00
21c000
21c100
21c200
21c300
21c400
21c500
21c600
21c700
21c800
21c900
21ca00
21cb00
21cc00
21cd00
21ce00
21cf00
21d000
21d100
21d200
21d300
21d400
21d500
21d600
21d700
21d800
21d900
21da00
21db00
21dc00
21dd00
21de00
21df00
21e000
21e100
21e200
21e300
21e400
21e500
21e600
21e700
21e800
21e900
21ea00
21eb00
21ec00
21ed00
21ee00
21ef00
21f000
21f100
21f200
21f300
21f400
21f500
21f600
21f700
21f800
21f900
21fa00
21fb00
21fc00
21fd00
21fe00
21ff00
220000
220100
220200
220300
220400
220500
220600
220700
220800
220900
220a00
220b00
220c00
220d00
220e00
220f00
221000
221100
221200
221300
221400
221500
221600
221700
221800
221900
221a00
221b00
221c00
221d00
221e00
221f00
222000
222100
222200
222300
222400
222500
222600
222700
222800
222900
222a00
222b00
222c00
222d00
222e00
222f00
223000
223100
223200
223300
223400
223500
223600
223700
223800
223900
223a00
223b00
223c00
223d00
223e00
223f00
224000
224100
224200
224300
224400
224500
224600
224700
224800
224900
224a00
224b00
224c00
224d00
224e00
224f00
225000
225100
225200
225300
225400
225500
225600
225700
225800
225900
225a00
225b00
225c00
225d00
225e00
225f00
226000
226100
226200
226300
226400
226500
226600
226700
226800
226900
226a00
226b00
226c00
226d00
226e00
226f00
227000
227100
227200
227300
227400
227500
227600
227700
227800
227900
227a00
227b00
227c00
227d00
227e00
227f00
228000
228100
228200
228300
228400
228500
228600
228700
228800
228900
228a00
228b00
228c00
228d00
228e00
228f00
229000
229100
229200
229300
229400
229500
229600
229700
229800
229900
229a00
229b00
229c00
229d00
229e00
229f00
22a000
22a100
22a200
22a300
22a400
22a500
22a600
22a700
22a800
22a900
22aa00
22ab00
22ac00
22ad00
22ae00
22af00
22b000
22b100
22b200
22b300
22b400
22b500
22b600
22b700
22b800
22b900
22ba00
22bb00
22bc00
22bd00
22be00
22bf00
22c000
22c100
22c200
22c300
22c400
22c500
22c600
22c700
22c800
22c900
22ca00
22cb00
22cc00
22cd00
22ce00
22cf00
22d000
22d100
22d200
22d300
22d400
22d500
22d600
22d700
22d800
22d900
22da00
22db00
22dc00
22dd00
22de00
22df00
22e000
22e100
22e200
22e300
22e400
22e500
22e600
22e700
22e800
22e900
22ea00
22eb00
22ec00
22ed00
22ee00
22ef00
22f000
22f100
22f200
22f300
22f400
22f500
22f600
22f700
22f800
22f900
22fa00
22fb00
22fc00
22fd00
22fe00
22ff00
230000
230100
230200
230300
230400
230500
230600
230700
230800
230900
230a00
230b00
230c00
230d00
230e00
230f00
231000
231100
231200
231300
231400
231500
231600
231700
231800
231900
231a00
231b00
231c00
231d00
231e00
231f00
232000
232100
232200
232300
232400
232500
232600
232700
232800
232900
232a00
232b00
232c00
232d00
232e00
232f00
233000
233100
233200
233300
233400
233500
233600
233700
233800
233900
233a00
233b00
233c00
233d00
233e00
233f00
234000
234100
234200
234300
234400
234500
234600
234700
234800
234900
234a00
234b00
234c00
234d00
234e00
234f00
235000
235100
235200
235300
235400
235500
235600
235700
235800
235900
235a00
235b00
235c00
235d00
235e00
235f00
236000
236100
236200
236300
236400
236500
236600
236700
236800
236900
236a00
236b00
236c00
236d00
236e00
236f00
237000
237100
237200
237300
237400
237500
237600
237700
237800
237900
237a00
237b00
237c00
237d00
237e00
237f00
238000
238100
238200
238300
238400
238500
238600
238700
238800
238900
238a00
238b00
238c00
238d00
238e00
238f00
239000
239100
239200
239300
239400
239500
239600
239700
239800
239900
239a00
239b00
239c00
239d00
239e00
239f00
23a000
23a100
23a200
23a300
23a400
23a500
23a600
23a700
23a800
23a900
23aa00
23ab00
23ac00
23ad00
23ae00
23af00
23b000
23b100
23b200
23b300
23b400
23b500
23b600
23b700
23b800
23b900
23ba00
23bb00
23bc00
23bd00
23be00
23bf00
23c000
23c100
23c200
23c300
23c400
23c500
23c600
23c700
23c800
23c900
23ca00
23cb00
23cc00
23cd00
23ce00
23cf00
23d000
23d100
23d200
23d300
23d400
23d500
23d600
23d700
23d800
23d900
23da00
23db00
23dc00
23dd00
23de00
23df00
23e000
23e100
23e200
23e300
23e400
23e500
23e600
23e700
23e800
23e900
23ea00
23eb00
23ec00
23ed00
23ee00
23ef00
23f000
23f100
23f200
23f300
23f400
23f500
23f600
23f700
23f800
23f900
23fa00
23fb00
23fc00
23fd00
23fe00
23ff00
240000
240100
240200
240300
240400
240500
240600
240700
240800
240900
240a00
240b00
240c00
240d00
240e00
240f00
241000
241100
241200
241300
241400
241500
241600
241700
241800
241900
241a00
241b00
241c00
241d00
241e00
241f00
242000
242100
242200
242300
242400
242500
242600
242700
242800
242900
242a00
242b00
242c00
242d00
242e00
242f00
243000
243100
243200
243300
243400
243500
243600
243700
243800
243900
243a00
243b00
243c00
243d00
243e00
243f00
244000
244100
244200
244300
244400
244500
244600
244700
244800
244900
244a00
244b00
244c00
244d00
244e00
244f00
245000
245100
245200
245300
245400
245500
245600
245700
245800
245900
245a00
245b00
245c00
245d00
245e00
245f00
246000
246100
246200
246300
246400
246500
246600
246700
246800
246900
246a00
246b00
246c00
246d00
246e00
246f00
247000
247100
247200
247300
247400
247500
247600
247700
247800
247900
247a00
247b00
247c00
247d00
247e00
247f00
248000
248100
248200
248300
248400
248500
248600
248700
248800
248900
248a00
248b00
248c00
248d00
248e00
248f00
249000
249100
249200
249300
249400
249500
249600
249700
249800
249900
249a00
249b00
249c00
249d00
249e00
249f00
24a000
24a100
24a200
24a300
24a400
24a500
24a600
24a700
24a800
24a900
24aa00
24ab00
24ac00
24ad00
24ae00
24af00
24b000
24b100
24b200
24b300
24b400
24b500
24b600
24b700
24b800
24b900
24ba00
24bb00
24bc00
24bd00
24be00
24bf00
24c000
24c100
24c200
24c300
24c400
24c500
24c600
24c700
24c800
24c900
24ca00
24cb00
24cc00
24cd00
24ce00
24cf00
24d000
24d100
24d200
24d300
24d400
24d500
24d600
24d700
24d800
24d900
24da00
24db00
24dc00
24dd00
24de00
24df00
24e000
24e100
24e200
24e300
24e400
24e500
24e600
24e700
24e800
24e900
24ea00
24eb00
24ec00
24ed00
24ee00
24ef00
24f000
24f100
24f200
24f300
24f400
24f500
24f600
24f700
24f800
24f900
24fa00
24fb00
24fc00
24fd00
24fe00
24ff00
250000
250100
250200
250300
250400
250500
250600
250700
250800
250900
250a00
250b00
250c00
250d00
250e00
250f00
251000
251100
251200
251300
251400
251500
251600
251700
251800
251900
251a00
251b00
251c00
251d00
251e00
251f00
252000
252100
252200
252300
252400
252500
252600
252700
252800
252900
252a00
252b00
252c00
252d00
252e00
252f00
253000
253100
253200
253300
253400
253500
253600
253700
253800
253900
253a00
253b00
253c00
253d00
253e00
253f00
254000
254100
254200
254300
254400
254500
254600
254700
254800
254900
254a00
254b00
254c00
254d00
254e00
254f00
255000
255100
255200
255300
255400
255500
255600
255700
255800
255900
255a00
255b00
255c00
255d00
255e00
255f00
256000
256100
256200
256300
256400
256500
256600
256700
256800
256900
256a00
256b00
256c00
256d00
256e00
256f00
257000
257100
257200
257300
257400
257500
257600
257700
257800
257900
257a00
257b00
257c00
257d00
257e00
257f00
258000
258100
258200
258300
258400
258500
258600
258700
258800
258900
258a00
258b00
258c00
258d00
258e00
258f00
259000
259100
259200
259300
259400
259500
259600
259700
259800
259900
259a00
259b00
259c00
259d00
259e00
259f00
25a000
25a100
25a200
25a300
25a400
25a500
25a600
25a700
25a800
25a900
25aa00
25ab00
25ac00
25ad00
25ae00
25af00
25b000
25b100
25b200
25b300
25b400
25b500
25b600
25b700
25b800
25b900
25ba00
25bb00
25bc00
25bd00
25be00
25bf00
25c000
25c100
25c200
25c300
25c400
25c500
25c600
25c700
25c800
25c900
25ca00
25cb00
25cc00
25cd00
25ce00
25cf00
25d000
25d100
25d200
25d300
25d400
25d500
25d600
25d700
25d800
25d900
25da00
25db00
25dc00
25dd00
25de00
25df00
25e000
25e100
25e200
25e300
25e400
25e500
25e600
25e700
25e800
25e900
25ea00
25eb00
25ec00
25ed00
25ee00
25ef00
25f000
25f100
25f200
25f300
25f400
25f500
25f600
25f700
25f800
25f900
25fa00
25fb00
25fc00
25fd00
25fe00
25ff00
260000
260100
260200
260300
260400
260500
260600
260700
260800
260900
260a00
260b00
260c00
260d00
260e00
260f00
261000
261100
261200
261300
261400
261500
261600
261700
261800
261900
261a00
261b00
261c00
261d00
261e00
261f00
262000
262100
262200
262300
262400
262500
262600
262700
262800
262900
262a00
262b00
262c00
262d00
262e00
262f00
263000
263100
263200
263300
263400
263500
263600
263700
263800
263900
263a00
263b00
263c00
263d00
263e00
263f00
264000
264100
264200
264300
264400
264500
264600
264700
264800
264900
264a00
264b00
264c00
264d00
264e00
264f00
265000
265100
265200
265300
265400
265500
265600
265700
265800
265900
265a00
265b00
265c00
265d00
265e00
265f00
266000
266100
266200
266300
266400
266500
266600
266700
266800
266900
266a00
266b00
266c00
266d00
266e00
266f00
267000
267100
267200
267300
267400
267500
267600
267700
267800
267900
267a00
267b00
267c00
267d00
267e00
267f00
268000
268100
268200
268300
268400
268500
268600
268700
268800
268900
268a00
268b00
268c00
268d00
268e00
268f00
269000
269100
269200
269300
269400
269500
269600
269700
269800
269900
269a00
269b00
269c00
269d00
269e00
269f00
26a000
26a100
26a200
26a300
26a400
26a500
26a600
26a700
26a800
26a900
26aa00
26ab00
26ac00
26ad00
26ae00
26af00
26b000
26b100
26b200
26b300
26b400
26b500
26b600
26b700
26b800
26b900
26ba00
26bb00
26bc00
26bd00
26be00
26bf00
26c000
26c100
26c200
26c300
26c400
26c500
26c600
26c700
26c800
26c900
26ca00
26cb00
26cc00
26cd00
26ce00
26cf00
26d000
26d100
26d200
26d300
26d400
26d500
26d600
26d700
26d800
26d900
26da00
26db00
26dc00
26dd00
26de00
26df00
26e000
26e100
26e200
26e300
26e400
26e500
26e600
26e700
26e800
26e900
26ea00
26eb00
26ec00
26ed00
26ee00
26ef00
26f000
26f100
26f200
26f300
26f400
26f500
26f600
26f700
26f800
26f900
26fa00
26fb00
26fc00
26fd00
26fe00
26ff00
270000
270100
270200
270300
270400
270500
270600
270700
270800
270900
270a00
270b00
270c00
270d00
270e00
270f00
271000
271100
271200
271300
271400
271500
271600
271700
271800
271900
271a00
271b00
271c00
271d00
271e00
271f00
272000
272100
272200
272300
272400
272500
272600
272700
272800
272900
272a00
272b00
272c00
272d00
272e00
272f00
273000
273100
273200
273300
273400
273500
273600
273700
273800
273900
273a00
273b00
273c00
273d00
273e00
273f00
274000
274100
274200
274300
274400
274500
274600
274700
274800
274900
274a00
274b00
274c00
274d00
274e00
274f00
275000
275100
275200
275300
275400
275500
275600
275700
275800
275900
275a00
275b00
275c00
275d00
275e00
275f00
276000
276100
276200
276300
276400
276500
276600
276700
276800
276900
276a00
276b00
276c00
276d00
276e00
276f00
277000
277100
277200
277300
277400
277500
277600
277700
277800
277900
277a00
277b00
277c00
277d00
277e00
277f00
278000
278100
278200
278300
278400
278500
278600
278700
278800
278900
278a00
278b00
278c00
278d00
278e00
278f00
279000
279100
279200
279300
279400
279500
279600
279700
279800
279900
279a00
279b00
279c00
279d00
279e00
279f00
27a000
27a100
27a200
27a300
27a400
27a500
27a600
27a700
27a800
27a900
27aa00
27ab00
27ac00
27ad00
27ae00
27af00
27b000
27b100
27b200
27b300
27b400
27b500
27b600
27b700
27b800
27b900
27ba00
27bb00
27bc00
27bd00
27be00
27bf00
27c000
27c100
27c200
27c300
27c400
27c500
27c600
27c700
27c800
27c900
27ca00
27cb00
27cc00
27cd00
27ce00
27cf00
27d000
27d100
27d200
27d300
27d400
27d500
27d600
27d700
27d800
27d900
27da00
27db00
27dc00
27dd00
27de00
27df00
27e000
27e100
27e200
27e300
27e400
27e500
27e600
27e700
27e800
27e900
27ea00
27eb00
27ec00
27ed00
27ee00
27ef00
27f000
27f100
27f200
27f300
27f400
27f500
27f600
27f700
27f800
27f900
27fa00
27fb00
27fc00
27fd00
27fe00
27ff00
280000
280100
280200
280300
280400
280500
280600
280700
280800
280900
280a00
280b00
280c00
280d00
280e00
280f00
281000
281100
281200
281300
281400
281500
281600
281700
281800
281900
281a00
281b00
281c00
281d00
281e00
281f00
282000
282100
282200
282300
282400
282500
282600
282700
282800
282900
282a00
282b00
282c00
282d00
282e00
282f00
283000
283100
283200
283300
283400
283500
283600
283700
283800
283900
283a00
283b00
283c00
283d00
283e00
283f00
284000
284100
284200
284300
284400
284500
284600
284700
284800
284900
284a00
284b00
284c00
284d00
284e00
284f00
285000
285100
285200
285300
285400
285500
285600
285700
285800
285900
285a00
285b00
285c00
285d00
285e00
285f00
286000
286100
286200
286300
286400
286500
286600
286700
286800
286900
286a00
286b00
286c00
286d00
286e00
286f00
287000
287100
287200
287300
287400
287500
287600
287700
287800
287900
287a00
287b00
287c00
287d00
287e00
287f00
288000
288100
288200
288300
288400
288500
288600
288700
288800
288900
288a00
288b00
288c00
288d00
288e00
288f00
289000
289100
289200
289300
289400
289500
289600
289700
289800
289900
289a00
289b00
289c00
289d00
289e00
289f00
28a000
28a100
28a200
28a300
28a400
28a500
28a600
28a700
28a800
28a900
28aa00
28ab00
28ac00
28ad00
28ae00
28af00
28b000
28b100
28b200
28b300
28b400
28b500
28b600
28b700
28b800
28b900
28ba00
28bb00
28bc00
28bd00
28be00
28bf00
28c000
28c100
28c200
28c300
28c400
28c500
28c600
28c700
28c800
28c900
28ca00
28cb00
28cc00
28cd00
28ce00
28cf00
28d000
28d100
28d200
28d300
28d400
28d500
28d600
28d700
28d800
28d900
28da00
28db00
28dc00
28dd00
28de00
28df00
28e000
28e100
28e200
28e300
28e400
28e500
28e600
28e700
28e800
28e900
28ea00
28eb00
28ec00
28ed00
28ee00
28ef00
28f000
28f100
28f200
28f300
28f400
28f500
28f600
28f700
28f800
28f900
28fa00
28fb00
28fc00
28fd00
28fe00
28ff00
290000
290100
290200
290300
290400
290500
290600
290700
290800
290900
290a00
290b00
290c00
290d00
290e00
290f00
291000
291100
291200
291300
291400
291500
291600
291700
291800
291900
291a00
291b00
291c00
291d00
291e00
291f00
292000
292100
292200
292300
292400
292500
292600
292700
292800
292900
292a00
292b00
292c00
292d00
292e00
292f00
293000
293100
293200
293300
293400
293500
293600
293700
293800
293900
293a00
293b00
293c00
293d00
293e00
293f00
294000
294100
294200
294300
294400
294500
294600
294700
294800
294900
294a00
294b00
294c00
294d00
294e00
294f00
295000
295100
295200
295300
295400
295500
295600
295700
295800
295900
295a00
295b00
295c00
295d00
295e00
295f00
296000
296100
296200
296300
296400
296500
296600
296700
296800
296900
296a00
296b00
296c00
296d00
296e00
296f00
297000
297100
297200
297300
297400
297500
297600
297700
297800
297900
297a00
297b00
297c00
297d00
297e00
297f00
298000
298100
298200
298300
298400
298500
298600
298700
298800
298900
298a00
298b00
298c00
298d00
298e00
298f00
299000
299100
299200
299300
299400
299500
299600
299700
299800
299900
299a00
299b00
299c00
299d00
299e00
299f00
29a000
29a100
29a200
29a300
29a400
29a500
29a600
29a700
29a800
29a900
29aa00
29ab00
29ac00
29ad00
29ae00
29af00
29b000
29b100
29b200
29b300
29b400
29b500
29b600
29b700
29b800
29b900
29ba00
29bb00
29bc00
29bd00
29be00
29bf00
29c000
29c100
29c200
29c300
29c400
29c500
29c600
29c700
29c800
29c900
29ca00
29cb00
29cc00
29cd00
29ce00
29cf00
29d000
29d100
29d200
29d300
29d400
29d500
29d600
29d700
29d800
29d900
29da00
29db00
29dc00
29dd00
29de00
29df00
29e000
29e100
29e200
29e300
29e400
29e500
29e600
29e700
29e800
29e900
29ea00
29eb00
29ec00
29ed00
29ee00
29ef00
29f000
29f100
29f200
29f300
29f400
29f500
29f600
29f700
29f800
29f900
29fa00
29fb00
29fc00
29fd00
29fe00
29ff00
2a0000
2a0100
2a0200
2a0300
2a0400
2a0500
2a0600
2a0700
2a0800
2a0900
2a0a00
2a0b00
2a0c00
2a0d00
2a0e00
2a0f00
2a1000
2a1100
2a1200
2a1300
2a1400
2a1500
2a1600
2a1700
2a1800
2a1900
2a1a00
2a1b00
2a1c00
2a1d00
2a1e00
2a1f00
2a2000
2a2100
2a2200
2a2300
2a2400
2a2500
2a2600
2a2700
2a2800
2a2900
2a2a00
2a2b00
2a2c00
2a2d00
2a2e00
2a2f00
2a3000
2a3100
2a3200
2a3300
2a3400
2a3500
2a3600
2a3700
2a3800
2a3900
2a3a00
2a3b00
2a3c00
2a3d00
2a3e00
2a3f00
2a4000
2a4100
2a4200
2a4300
2a4400
2a4500
2a4600
2a4700
2a4800
2a4900
2a4a00
2a4b00
2a4c00
2a4d00
2a4e00
2a4f00
2a5000
2a5100
2a5200
2a5300
2a5400
2a5500
2a5600
2a5700
2a5800
2a5900
2a5a00
2a5b00
2a5c00
2a5d00
2a5e00
2a5f00
2a6000
2a6100
2a6200
2a6300
2a6400
2a6500
2a6600
2a6700
2a6800
2a6900
2a6a00
2a6b00
2a6c00
2a6d00
2a6e00
2a6f00
2a7000
2a7100
2a7200
2a7300
2a7400
2a7500
2a7600
2a7700
2a7800
2a7900
2a7a00
2a7b00
2a7c00
2a7d00
2a7e00
2a7f00
2a8000
2a8100
2a8200
2a8300
2a8400
2a8500
2a8600
2a8700
2a8800
2a8900
2a8a00
2a8b00
2a8c00
2a8d00
2a8e00
2a8f00
2a9000
2a9100
2a9200
2a9300
2a9400
2a9500
2a9600
2a9700
2a9800
2a9900
2a9a00
2a9b00
2a9c00
2a9d00
2a9e00
2a9f00
2aa000
2aa100
2aa200
2aa300
2aa400
2aa500
2aa600
2aa700
2aa800
2aa900
2aaa00
2aab00
2aac00
2aad00
2aae00
2aaf00
2ab000
2ab100
2ab200
2ab300
2ab400
2ab500
2ab600
2ab700
2ab800
2ab900
2aba00
2abb00
2abc00
2abd00
2abe00
2abf00
2ac000
2ac100
2ac200
2ac300
2ac400
2ac500
2ac600
2ac700
2ac800
2ac900
2aca00
2acb00
2acc00
2acd00
2ace00
2acf00
2ad000
2ad100
2ad200
2ad300
2ad400
2ad500
2ad600
2ad700
2ad800
2ad900
2ada00
2adb00
2adc00
2add00
2ade00
2adf00
2ae000
2ae100
2ae200
2ae300
2ae400
2ae500
2ae600
2ae700
2ae800
2ae900
2aea00
2aeb00
2aec00
2aed00
2aee00
2aef00
2af000
2af100
2af200
2af300
2af400
2af500
2af600
2af700
2af800
2af900
2afa00
2afb00
2afc00
2afd00
2afe00
2aff00
2b0000
2b0100
2b0200
2b0300
2b0400
2b0500
2b0600
2b0700
2b0800
2b0900
2b0a00
2b0b00
2b0c00
2b0d00
2b0e00
2b0f00
2b1000
2b1100
2b1200
2b1300
2b1400
2b1500
2b1600
2b1700
2b1800
2b1900
2b1a00
2b1b00
2b1c00
2b1d00
2b1e00
2b1f00
2b2000
2b2100
2b2200
2b2300
2b2400
2b2500
2b2600
2b2700
2b2800
2b2900
2b2a00
2b2b00
2b2c00
2b2d00
2b2e00
2b2f00
2b3000
2b3100
2b3200
2b3300
2b3400
2b3500
2b3600
2b3700
2b3800
2b3900
2b3a00
2b3b00
2b3c00
2b3d00
2b3e00
2b3f00
2b4000
2b4100
2b4200
2b4300
2b4400
2b4500
2b4600
2b4700
2b4800
2b4900
2b4a00
2b4b00
2b4c00
2b4d00
2b4e00
2b4f00
2b5000
2b5100
2b5200
2b5300
2b5400
2b5500
2b5600
2b5700
2b5800
2b5900
2b5a00
2b5b00
2b5c00
2b5d00
2b5e00
2b5f00
2b6000
2b6100
2b6200
2b6300
2b6400
2b6500
2b6600
2b6700
2b6800
2b6900
2b6a00
2b6b00
2b6c00
2b6d00
2b6e00
2b6f00
2b7000
2b7100
2b7200
2b7300
2b7400
2b7500
2b7600
2b7700
2b7800
2b7900
2b7a00
2b7b00
2b7c00
2b7d00
2b7e00
2b7f00
2b8000
2b8100
2b8200
2b8300
2b8400
2b8500
2b8600
2b8700
2b8800
2b8900
2b8a00
2b8b00
2b8c00
2b8d00
2b8e00
2b8f00
2b9000
2b9100
2b9200
2b9300
2b9400
2b9500
2b9600
2b9700
2b9800
2b9900
2b9a00
2b9b00
2b9c00
2b9d00
2b9e00
2b9f00
2ba000
2ba100
2ba200
2ba300
2ba400
2ba500
2ba600
2ba700
2ba800
2ba900
2baa00
2bab00
2bac00
2bad00
2bae00
2baf00
2bb000
2bb100
2bb200
2bb300
2bb400
2bb500
2bb600
2bb700
2bb800
2bb900
2bba00
2bbb00
2bbc00
2bbd00
2bbe00
2bbf00
2bc000
2bc100
2bc200
2bc300
2bc400
2bc500
2bc600
2bc700
2bc800
2bc900
2bca00
2bcb00
2bcc00
2bcd00
2bce00
2bcf00
2bd000
2bd100
2bd200
2bd300
2bd400
2bd500
2bd600
2bd700
2bd800
2bd900
2bda00
2bdb00
2bdc00
2bdd00
2bde00
2bdf00
2be000
2be100
2be200
2be300
2be400
2be500
2be600
2be700
2be800
2be900
2bea00
2beb00
2bec00
2bed00
2bee00
2bef00
2bf000
2bf100
2bf200
2bf300
2bf400
2bf500
2bf600
2bf700
2bf800
2bf900
2bfa00
2bfb00
2bfc00
2bfd00
2bfe00
2bff00
2c0000
2c0100
2c0200
2c0300
2c0400
2c0500
2c0600
2c0700
2c0800
2c0900
2c0a00
2c0b00
2c0c00
2c0d00
2c0e00
2c0f00
2c1000
2c1100
2c1200
2c1300
2c1400
2c1500
2c1600
2c1700
2c1800
2c1900
2c1a00
2c1b00
2c1c00
2c1d00
2c1e00
2c1f00
2c2000
2c2100
2c2200
2c2300
2c2400
2c2500
2c2600
2c2700
2c2800
2c2900
2c2a00
2c2b00
2c2c00
2c2d00
2c2e00
2c2f00
2c3000
2c3100
2c3200
2c3300
2c3400
2c3500
2c3600
2c3700
2c3800
2c3900
2c3a00
2c3b00
2c3c00
2c3d00
2c3e00
2c3f00
2c4000
2c4100
2c4200
2c4300
2c4400
2c4500
2c4600
2c4700
2c4800
2c4900
2c4a00
2c4b00
2c4c00
2c4d00
2c4e00
2c4f00
2c5000
2c5100
2c5200
2c5300
2c5400
2c5500
2c5600
2c5700
2c5800
2c5900
2c5a00
2c5b00
2c5c00
2c5d00
2c5e00
2c5f00
2c6000
2c6100
2c6200
2c6300
2c6400
2c6500
2c6600
2c6700
2c6800
2c6900
2c6a00
2c6b00
2c6c00
2c6d00
2c6e00
2c6f00
2c7000
2c7100
2c7200
2c7300
2c7400
2c7500
2c7600
2c7700
2c7800
2c7900
2c7a00
2c7b00
2c7c00
2c7d00
2c7e00
2c7f00
2c8000
2c8100
2c8200
2c8300
2c8400
2c8500
2c8600
2c8700
2c8800
2c8900
2c8a00
2c8b00
2c8c00
2c8d00
2c8e00
2c8f00
2c9000
2c9100
2c9200
2c9300
2c9400
2c9500
2c9600
2c9700
2c9800
2c9900
2c9a00
2c9b00
2c9c00
2c9d00
2c9e00
2c9f00
2ca000
2ca100
2ca200
2ca300
2ca400
2ca500
2ca600
2ca700
2ca800
2ca900
2caa00
2cab00
2cac00
2cad00
2cae00
2caf00
2cb000
2cb100
2cb200
2cb300
2cb400
2cb500
2cb600
2cb700
2cb800
2cb900
2cba00
2cbb00
2cbc00
2cbd00
2cbe00
2cbf00
2cc000
2cc100
2cc200
2cc300
2cc400
2cc500
2cc600
2cc700
2cc800
2cc900
2cca00
2ccb00
2ccc00
2ccd00
2cce00
2ccf00
2cd000
2cd100
2cd200
2cd300
2cd400
2cd500
2cd600
2cd700
2cd800
2cd900
2cda00
2cdb00
2cdc00
2cdd00
2cde00
2cdf00
2ce000
2ce100
2ce200
2ce300
2ce400
2ce500
2ce600
2ce700
2ce800
2ce900
2cea00
2ceb00
2cec00
2ced00
2cee00
2cef00
2cf000
2cf100
2cf200
2cf300
2cf400
2cf500
2cf600
2cf700
2cf800
2cf900
2cfa00
2cfb00
2cfc00
2cfd00
2cfe00
2cff00
2d0000
2d0100
2d0200
2d0300
2d0400
2d0500
2d0600
2d0700
2d0800
2d0900
2d0a00
2d0b00
2d0c00
2d0d00
2d0e00
2d0f00
2d1000
2d1100
2d1200
2d1300
2d1400
2d1500
2d1600
2d1700
2d1800
2d1900
2d1a00
2d1b00
2d1c00
2d1d00
2d1e00
2d1f00
2d2000
2d2100
2d2200
2d2300
2d2400
2d2500
2d2600
2d2700
2d2800
2d2900
2d2a00
2d2b00
2d2c00
2d2d00
2d2e00
2d2f00
2d3000
2d3100
2d3200
2d3300
2d3400
2d3500
2d3600
2d3700
2d3800
2d3900
2d3a00
2d3b00
2d3c00
2d3d00
2d3e00
2d3f00
2d4000
2d4100
2d4200
2d4300
2d4400
2d4500
2d4600
2d4700
2d4800
2d4900
2d4a00
2d4b00
2d4c00
2d4d00
2d4e00
2d4f00
2d5000
2d5100
2d5200
2d5300
2d5400
2d5500
2d5600
2d5700
2d5800
2d5900
2d5a00
2d5b00
2d5c00
2d5d00
2d5e00
2d5f00
2d6000
2d6100
2d6200
2d6300
2d6400
2d6500
2d6600
2d6700
2d6800
2d6900
2d6a00
2d6b00
2d6c00
2d6d00
2d6e00
2d6f00
2d7000
2d7100
2d7200
2d7300
2d7400
2d7500
2d7600
2d7700
2d7800
2d7900
2d7a00
2d7b00
2d7c00
2d7d00
2d7e00
2d7f00
2d8000
2d8100
2d8200
2d8300
2d8400
2d8500
2d8600
2d8700
2d8800
2d8900
2d8a00
2d8b00
2d8c00
2d8d00
2d8e00
2d8f00
2d9000
2d9100
2d9200
2d9300
2d9400
2d9500
2d9600
2d9700
2d9800
2d9900
2d9a00
2d9b00
2d9c00
2d9d00
2d9e00
2d9f00
2da000
2da100
2da200
2da300
2da400
2da500
2da600
2da700
2da800
2da900
2daa00
2dab00
2dac00
2dad00
2dae00
2daf00
2db000
2db100
2db200
2db300
2db400
2db500
2db600
2db700
2db800
2db900
2dba00
2dbb00
2dbc00
2dbd00
2dbe00
2dbf00
2dc000
2dc100
2dc200
2dc300
2dc400
2dc500
2dc600
2dc700
2dc800
2dc900
2dca00
2dcb00
2dcc00
2dcd00
2dce00
2dcf00
2dd000
2dd100
2dd200
2dd300
2dd400
2dd500
2dd600
2dd700
2dd800
2dd900
2dda00
2ddb00
2ddc00
2ddd00
2dde00
2ddf00
2de000
2de100
2de200
2de300
2de400
2de500
2de600
2de700
2de800
2de900
2dea00
2deb00
2dec00
2ded00
2dee00
2def00
2df000
2df100
2df200
2df300
2df400
2df500
2df600
2df700
2df800
2df900
2dfa00
2dfb00
2dfc00
2dfd00
2dfe00
2dff00
2e0000
2e0100
2e0200
2e0300
2e0400
2e0500
2e0600
2e0700
2e0800
2e0900
2e0a00
2e0b00
2e0c00
2e0d00
2e0e00
2e0f00
2e1000
2e1100
2e1200
2e1300
2e1400
2e1500
2e1600
2e1700
2e1800
2e1900
2e1a00
2e1b00
2e1c00
2e1d00
2e1e00
2e1f00
2e2000
2e2100
2e2200
2e2300
2e2400
2e2500
2e2600
2e2700
2e2800
2e2900
2e2a00
2e2b00
2e2c00
2e2d00
2e2e00
2e2f00
2e3000
2e3100
2e3200
2e3300
2e3400
2e3500
2e3600
2e3700
2e3800
2e3900
2e3a00
2e3b00
2e3c00
2e3d00
2e3e00
2e3f00
2e4000
2e4100
2e4200
2e4300
2e4400
2e4500
2e4600
2e4700
2e4800
2e4900
2e4a00
2e4b00
2e4c00
2e4d00
2e4e00
2e4f00
2e5000
2e5100
2e5200
2e5300
2e5400
2e5500
2e5600
2e5700
2e5800
2e5900
2e5a00
2e5b00
2e5c00
2e5d00
2e5e00
2e5f00
2e6000
2e6100
2e6200
2e6300
2e6400
2e6500
2e6600
2e6700
2e6800
2e6900
2e6a00
2e6b00
2e6c00
2e6d00
2e6e00
2e6f00
2e7000
2e7100
2e7200
2e7300
2e7400
2e7500
2e7600
2e7700
2e7800
2e7900
2e7a00
2e7b00
2e7c00
2e7d00
2e7e00
2e7f00
2e8000
2e8100
2e8200
2e8300
2e8400
2e8500
2e8600
2e8700
2e8800
2e8900
2e8a00
2e8b00
2e8c00
2e8d00
2e8e00
2e8f00
2e9000
2e9100
2e9200
2e9300
2e9400
2e9500
2e9600
2e9700
2e9800
2e9900
2e9a00
2e9b00
2e9c00
2e9d00
2e9e00
2e9f00
2ea000
2ea100
2ea200
2ea300
2ea400
2ea500
2ea600
2ea700
2ea800
2ea900
2eaa00
2eab00
2eac00
2ead00
2eae00
2eaf00
2eb000
2eb100
2eb200
2eb300
2eb400
2eb500
2eb600
2eb700
2eb800
2eb900
2eba00
2ebb00
2ebc00
2ebd00
2ebe00
2ebf00
2ec000
2ec100
2ec200
2ec300
2ec400
2ec500
2ec600
2ec700
2ec800
2ec900
2eca00
2ecb00
2ecc00
2ecd00
2ece00
2ecf00
2ed000
2ed100
2ed200
2ed300
2ed400
2ed500
2ed600
2ed700
2ed800
2ed900
2eda00
2edb00
2edc00
2edd00
2ede00
2edf00
2ee000
2ee100
2ee200
2ee300
2ee400
2ee500
2ee600
2ee700
2ee800
2ee900
2eea00
2eeb00
2eec00
2eed00
2eee00
2eef00
2ef000
2ef100
2ef200
2ef300
2ef400
2ef500
2ef600
2ef700
2ef800
2ef900
2efa00
2efb00
2efc00
2efd00
2efe00
2eff00
2f0000
2f0100
2f0200
2f0300
2f0400
2f0500
2f0600
2f0700
2f0800
2f0900
2f0a00
2f0b00
2f0c00
2f0d00
2f0e00
2f0f00
2f1000
2f1100
2f1200
2f1300
2f1400
2f1500
2f1600
2f1700
2f1800
2f1900
2f1a00
2f1b00
2f1c00
2f1d00
2f1e00
2f1f00
2f2000
2f2100
2f2200
2f2300
2f2400
2f2500
2f2600
2f2700
2f2800
2f2900
2f2a00
2f2b00
2f2c00
2f2d00
2f2e00
2f2f00
2f3000
2f3100
2f3200
2f3300
2f3400
2f3500
2f3600
2f3700
2f3800
2f3900
2f3a00
2f3b00
2f3c00
2f3d00
2f3e00
2f3f00
2f4000
2f4100
2f4200
2f4300
2f4400
2f4500
2f4600
2f4700
2f4800
2f4900
2f4a00
2f4b00
2f4c00
2f4d00
2f4e00
2f4f00
2f5000
2f5100
2f5200
2f5300
2f5400
2f5500
2f5600
2f5700
2f5800
2f5900
2f5a00
2f5b00
2f5c00
2f5d00
2f5e00
2f5f00
2f6000
2f6100
2f6200
2f6300
2f6400
2f6500
2f6600
2f6700
2f6800
2f6900
2f6a00
2f6b00
2f6c00
2f6d00
2f6e00
2f6f00
2f7000
2f7100
2f7200
2f7300
2f7400
2f7500
2f7600
2f7700
2f7800
2f7900
2f7a00
2f7b00
2f7c00
2f7d00
2f7e00
2f7f00
2f8000
2f8100
2f8200
2f8300
2f8400
2f8500
2f8600
2f8700
2f8800
2f8900
2f8a00
2f8b00
2f8c00
2f8d00
2f8e00
2f8f00
2f9000
2f9100
2f9200
2f9300
2f9400
2f9500
2f9600
2f9700
2f9800
2f9900
2f9a00
2f9b00
2f9c00
2f9d00
2f9e00
2f9f00
2fa000
2fa100
2fa200
2fa300
2fa400
2fa500
2fa600
2fa700
2fa800
2fa900
2faa00
2fab00
2fac00
2fad00
2fae00
2faf00
2fb000
2fb100
2fb200
2fb300
2fb400
2fb500
2fb600
2fb700
2fb800
2fb900
2fba00
2fbb00
2fbc00
2fbd00
2fbe00
2fbf00
2fc000
2fc100
2fc200
2fc300
2fc400
2fc500
2fc600
2fc700
2fc800
2fc900
2fca00
2fcb00
2fcc00
2fcd00
2fce00
2fcf00
2fd000
2fd100
2fd200
2fd300
2fd400
2fd500
2fd600
2fd700
2fd800
2fd900
2fda00
2fdb00
2fdc00
2fdd00
2fde00
2fdf00
2fe000
2fe100
2fe200
2fe300
2fe400
2fe500
2fe600
2fe700
2fe800
2fe900
2fea00
2feb00
2fec00
2fed00
2fee00
2fef00
2ff000
2ff100
2ff200
2ff300
2ff400
2ff500
2ff600
2ff700
2ff800
2ff900
2ffa00
2ffb00
2ffc00
2ffd00
2ffe00
2fff00
300000
300100
300200
300300
300400
300500
300600
300700
300800
300900
300a00
300b00
300c00
300d00
300e00
300f00
301000
301100
301200
301300
301400
301500
301600
301700
301800
301900
301a00
301b00
301c00
301d00
301e00
301f00
302000
302100
302200
302300
302400
302500
302600
302700
302800
302900
302a00
302b00
302c00
302d00
302e00
302f00
303000
303100
303200
303300
303400
303500
303600
303700
303800
303900
303a00
303b00
303c00
303d00
303e00
303f00
304000
304100
304200
304300
304400
304500
304600
304700
304800
304900
304a00
304b00
304c00
304d00
304e00
304f00
305000
305100
305200
305300
305400
305500
305600
305700
305800
305900
305a00
305b00
305c00
305d00
305e00
305f00
306000
306100
306200
306300
306400
306500
306600
306700
306800
306900
306a00
306b00
306c00
306d00
306e00
306f00
307000
307100
307200
307300
307400
307500
307600
307700
307800
307900
307a00
307b00
307c00
307d00
307e00
307f00
308000
308100
308200
308300
308400
308500
308600
308700
308800
308900
308a00
308b00
308c00
308d00
308e00
308f00
309000
309100
309200
309300
309400
309500
309600
309700
309800
309900
309a00
309b00
309c00
309d00
309e00
309f00
30a000
30a100
30a200
30a300
30a400
30a500
30a600
30a700
30a800
30a900
30aa00
30ab00
30ac00
30ad00
30ae00
30af00
30b000
30b100
30b200
30b300
30b400
30b500
30b600
30b700
30b800
30b900
30ba00
30bb00
30bc00
30bd00
30be00
30bf00
30c000
30c100
30c200
30c300
30c400
30c500
30c600
30c700
30c800
30c900
30ca00
30cb00
30cc00
30cd00
30ce00
30cf00
30d000
30d100
30d200
30d300
30d400
30d500
30d600
30d700
30d800
30d900
30da00
30db00
30dc00
30dd00
30de00
30df00
30e000
30e100
30e200
30e300
30e400
30e500
30e600
30e700
30e800
30e900
30ea00
30eb00
30ec00
30ed00
30ee00
30ef00
30f000
30f100
30f200
30f300
30f400
30f500
30f600
30f700
30f800
30f900
30fa00
30fb00
30fc00
30fd00
30fe00
30ff00
310000
310100
310200
310300
310400
310500
310600
310700
310800
310900
310a00
310b00
310c00
310d00
310e00
310f00
311000
311100
311200
311300
311400
311500
311600
311700
311800
311900
311a00
311b00
311c00
311d00
311e00
311f00
312000
312100
312200
312300
312400
312500
312600
312700
312800
312900
312a00
312b00
312c00
312d00
312e00
312f00
313000
313100
313200
313300
313400
313500
313600
313700
313800
313900
313a00
313b00
313c00
313d00
313e00
313f00
314000
314100
314200
314300
314400
314500
314600
314700
314800
314900
314a00
314b00
314c00
314d00
314e00
314f00
315000
315100
315200
315300
315400
315500
315600
315700
315800
315900
315a00
315b00
315c00
315d00
315e00
315f00
316000
316100
316200
316300
316400
316500
316600
316700
316800
316900
316a00
316b00
316c00
316d00
316e00
316f00
317000
317100
317200
317300
317400
317500
317600
317700
317800
317900
317a00
317b00
317c00
317d00
317e00
317f00
318000
318100
318200
318300
318400
318500
318600
318700
318800
318900
318a00
318b00
318c00
318d00
318e00
318f00
319000
319100
319200
319300
319400
319500
319600
319700
319800
319900
319a00
319b00
319c00
319d00
319e00
319f00
31a000
31a100
31a200
31a300
31a400
31a500
31a600
31a700
31a800
31a900
31aa00
31ab00
31ac00
31ad00
31ae00
31af00
31b000
31b100
31b200
31b300
31b400
31b500
31b600
31b700
31b800
31b900
31ba00
31bb00
31bc00
31bd00
31be00
31bf00
31c000
31c100
31c200
31c300
31c400
31c500
31c600
31c700
31c800
31c900
31ca00
31cb00
31cc00
31cd00
31ce00
31cf00
31d000
31d100
31d200
31d300
31d400
31d500
31d600
31d700
31d800
31d900
31da00
31db00
31dc00
31dd00
31de00
31df00
31e000
31e100
31e200
31e300
31e400
31e500
31e600
31e700
31e800
31e900
31ea00
31eb00
31ec00
31ed00
31ee00
31ef00
31f000
31f100
31f200
31f300
31f400
31f500
31f600
31f700
31f800
31f900
31fa00
31fb00
31fc00
31fd00
31fe00
31ff00
320000
320100
320200
320300
320400
320500
320600
320700
320800
320900
320a00
320b00
320c00
320d00
320e00
320f00
321000
321100
321200
321300
321400
321500
321600
321700
321800
321900
321a00
321b00
321c00
321d00
321e00
321f00
322000
322100
322200
322300
322400
322500
322600
322700
322800
322900
322a00
322b00
322c00
322d00
322e00
322f00
323000
323100
323200
323300
323400
323500
323600
323700
323800
323900
323a00
323b00
323c00
323d00
323e00
323f00
324000
324100
324200
324300
324400
324500
324600
324700
324800
324900
324a00
324b00
324c00
324d00
324e00
324f00
325000
325100
325200
325300
325400
325500
325600
325700
325800
325900
325a00
325b00
325c00
325d00
325e00
325f00
326000
326100
326200
326300
326400
326500
326600
326700
326800
326900
326a00
326b00
326c00
326d00
326e00
326f00
327000
327100
327200
327300
327400
327500
327600
327700
327800
327900
327a00
327b00
327c00
327d00
327e00
327f00
328000
328100
328200
328300
328400
328500
328600
328700
328800
328900
328a00
328b00
328c00
328d00
328e00
328f00
329000
329100
329200
329300
329400
329500
329600
329700
329800
329900
329a00
329b00
329c00
329d00
329e00
329f00
32a000
32a100
32a200
32a300
32a400
32a500
32a600
32a700
32a800
32a900
32aa00
32ab00
32ac00
32ad00
32ae00
32af00
32b000
32b100
32b200
32b300
32b400
32b500
32b600
32b700
32b800
32b900
32ba00
32bb00
32bc00
32bd00
32be00
32bf00
32c000
32c100
32c200
32c300
32c400
32c500
32c600
32c700
32c800
32c900
32ca00
32cb00
32cc00
32cd00
32ce00
32cf00
32d000
32d100
32d200
32d300
32d400
32d500
32d600
32d700
32d800
32d900
32da00
32db00
32dc00
32dd00
32de00
32df00
32e000
32e100
32e200
32e300
32e400
32e500
32e600
32e700
32e800
32e900
32ea00
32eb00
32ec00
32ed00
32ee00
32ef00
32f000
32f100
32f200
32f300
32f400
32f500
32f600
32f700
32f800
32f900
32fa00
32fb00
32fc00
32fd00
32fe00
32ff00
330000
330100
330200
330300
330400
330500
330600
330700
330800
330900
330a00
330b00
330c00
330d00
330e00
330f00
331000
331100
331200
331300
331400
331500
331600
331700
331800
331900
331a00
331b00
331c00
331d00
331e00
331f00
332000
332100
332200
332300
332400
332500
332600
332700
332800
332900
332a00
332b00
332c00
332d00
332e00
332f00
333000
333100
333200
333300
333400
333500
333600
333700
333800
333900
333a00
333b00
333c00
333d00
333e00
333f00
334000
334100
334200
334300
334400
334500
334600
334700
334800
334900
334a00
334b00
334c00
334d00
334e00
334f00
335000
335100
335200
335300
335400
335500
335600
335700
335800
335900
335a00
335b00
335c00
335d00
335e00
335f00
336000
336100
336200
336300
336400
336500
336600
336700
336800
336900
336a00
336b00
336c00
336d00
336e00
336f00
337000
337100
337200
337300
337400
337500
337600
337700
337800
337900
337a00
337b00
337c00
337d00
337e00
337f00
338000
338100
338200
338300
338400
338500
338600
338700
338800
338900
338a00
338b00
338c00
338d00
338e00
338f00
339000
339100
339200
339300
339400
339500
339600
339700
339800
339900
339a00
339b00
339c00
339d00
339e00
339f00
33a000
33a100
33a200
33a300
33a400
33a500
33a600
33a700
33a800
33a900
33aa00
33ab00
33ac00
33ad00
33ae00
33af00
33b000
33b100
33b200
33b300
33b400
33b500
33b600
33b700
33b800
33b900
33ba00
33bb00
33bc00
33bd00
33be00
33bf00
33c000
33c100
33c200
33c300
33c400
33c500
33c600
33c700
33c800
33c900
33ca00
33cb00
33cc00
33cd00
33ce00
33cf00
33d000
33d100
33d200
33d300
33d400
33d500
33d600
33d700
33d800
33d900
33da00
33db00
33dc00
33dd00
33de00
33df00
33e000
33e100
33e200
33e300
33e400
33e500
33e600
33e700
33e800
33e900
33ea00
33eb00
33ec00
33ed00
33ee00
33ef00
33f000
33f100
33f200
33f300
33f400
33f500
33f600
33f700
33f800
33f900
33fa00
33fb00
33fc00
33fd00
33fe00
33ff00
340000
340100
340200
340300
340400
340500
340600
340700
340800
340900
340a00
340b00
340c00
340d00
340e00
340f00
341000
341100
341200
341300
341400
341500
341600
341700
341800
341900
341a00
341b00
341c00
341d00
341e00
341f00
342000
342100
342200
342300
342400
342500
342600
342700
342800
342900
342a00
342b00
342c00
342d00
342e00
342f00
343000
343100
343200
343300
343400
343500
343600
343700
343800
343900
343a00
343b00
343c00
343d00
343e00
343f00
344000
344100
344200
344300
344400
344500
344600
344700
344800
344900
344a00
344b00
344c00
344d00
344e00
344f00
345000
345100
345200
345300
345400
345500
345600
345700
345800
345900
345a00
345b00
345c00
345d00
345e00
345f00
346000
346100
346200
346300
346400
346500
346600
346700
346800
346900
346a00
346b00
346c00
346d00
346e00
346f00
347000
347100
347200
347300
347400
347500
347600
347700
347800
347900
347a00
347b00
347c00
347d00
347e00
347f00
348000
348100
348200
348300
348400
348500
348600
348700
348800
348900
348a00
348b00
348c00
348d00
348e00
348f00
349000
349100
349200
349300
349400
349500
349600
349700
349800
349900
349a00
349b00
349c00
349d00
349e00
349f00
34a000
34a100
34a200
34a300
34a400
34a500
34a600
34a700
34a800
34a900
34aa00
34ab00
34ac00
34ad00
34ae00
34af00
34b000
34b100
34b200
34b300
34b400
34b500
34b600
34b700
34b800
34b900
34ba00
34bb00
34bc00
34bd00
34be00
34bf00
34c000
34c100
34c200
34c300
34c400
34c500
34c600
34c700
34c800
34c900
34ca00
34cb00
34cc00
34cd00
34ce00
34cf00
34d000
34d100
34d200
34d300
34d400
34d500
34d600
34d700
34d800
34d900
34da00
34db00
34dc00
34dd00
34de00
34df00
34e000
34e100
34e200
34e300
34e400
34e500
34e600
34e700
34e800
34e900
34ea00
34eb00
34ec00
34ed00
34ee00
34ef00
34f000
34f100
34f200
34f300
34f400
34f500
34f600
34f700
34f800
34f900
34fa00
34fb00
34fc00
34fd00
34fe00
34ff00
350000
350100
350200
350300
350400
350500
350600
350700
350800
350900
350a00
350b00
350c00
350d00
350e00
350f00
351000
351100
351200
351300
351400
351500
351600
351700
351800
351900
351a00
351b00
351c00
351d00
351e00
351f00
352000
352100
352200
352300
352400
352500
352600
352700
352800
352900
352a00
352b00
352c00
352d00
352e00
352f00
353000
353100
353200
353300
353400
353500
353600
353700
353800
353900
353a00
353b00
353c00
353d00
353e00
353f00
354000
354100
354200
354300
354400
354500
354600
354700
354800
354900
354a00
354b00
354c00
354d00
354e00
354f00
355000
355100
355200
355300
355400
355500
355600
355700
355800
355900
355a00
355b00
355c00
355d00
355e00
355f00
356000
356100
356200
356300
356400
356500
356600
356700
356800
356900
356a00
356b00
356c00
356d00
356e00
356f00
357000
357100
357200
357300
357400
357500
357600
357700
357800
357900
357a00
357b00
357c00
357d00
357e00
357f00
358000
358100
358200
358300
358400
358500
358600
358700
358800
358900
358a00
358b00
358c00
358d00
358e00
358f00
359000
359100
359200
359300
359400
359500
359600
359700
359800
359900
359a00
359b00
359c00
359d00
359e00
359f00
35a000
35a100
35a200
35a300
35a400
35a500
35a600
35a700
35a800
35a900
35aa00
35ab00
35ac00
35ad00
35ae00
35af00
35b000
35b100
35b200
35b300
35b400
35b500
35b600
35b700
35b800
35b900
35ba00
35bb00
35bc00
35bd00
35be00
35bf00
35c000
35c100
35c200
35c300
35c400
35c500
35c600
35c700
35c800
35c900
35ca00
35cb00
35cc00
35cd00
35ce00
35cf00
35d000
35d100
35d200
35d300
35d400
35d500
35d600
35d700
35d800
35d900
35da00
35db00
35dc00
35dd00
35de00
35df00
35e000
35e100
35e200
35e300
35e400
35e500
35e600
35e700
35e800
35e900
35ea00
35eb00
35ec00
35ed00
35ee00
35ef00
35f000
35f100
35f200
35f300
35f400
35f500
35f600
35f700
35f800
35f900
35fa00
35fb00
35fc00
35fd00
35fe00
35ff00
360000
360100
360200
360300
360400
360500
360600
360700
360800
360900
360a00
360b00
360c00
360d00
360e00
360f00
361000
361100
361200
361300
361400
361500
361600
361700
361800
361900
361a00
361b00
361c00
361d00
361e00
361f00
362000
362100
362200
362300
362400
362500
362600
362700
362800
362900
362a00
362b00
362c00
362d00
362e00
362f00
363000
363100
363200
363300
363400
363500
363600
363700
363800
363900
363a00
363b00
363c00
363d00
363e00
363f00
364000
364100
364200
364300
364400
364500
364600
364700
364800
364900
364a00
364b00
364c00
364d00
364e00
364f00
365000
365100
365200
365300
365400
365500
365600
365700
365800
365900
365a00
365b00
365c00
365d00
365e00
365f00
366000
366100
366200
366300
366400
366500
366600
366700
366800
366900
366a00
366b00
366c00
366d00
366e00
366f00
367000
367100
367200
367300
367400
367500
367600
367700
367800
367900
367a00
367b00
367c00
367d00
367e00
367f00
368000
368100
368200
368300
368400
368500
368600
368700
368800
368900
368a00
368b00
368c00
368d00
368e00
368f00
369000
369100
369200
369300
369400
369500
369600
369700
369800
369900
369a00
369b00
369c00
369d00
369e00
369f00
36a000
36a100
36a200
36a300
36a400
36a500
36a600
36a700
36a800
36a900
36aa00
36ab00
36ac00
36ad00
36ae00
36af00
36b000
36b100
36b200
36b300
36b400
36b500
36b600
36b700
36b800
36b900
36ba00
36bb00
36bc00
36bd00
36be00
36bf00
36c000
36c100
36c200
36c300
36c400
36c500
36c600
36c700
36c800
36c900
36ca00
36cb00
36cc00
36cd00
36ce00
36cf00
36d000
36d100
36d200
36d300
36d400
36d500
36d600
36d700
36d800
36d900
36da00
36db00
36dc00
36dd00
36de00
36df00
36e000
36e100
36e200
36e300
36e400
36e500
36e600
36e700
36e800
36e900
36ea00
36eb00
36ec00
36ed00
36ee00
36ef00
36f000
36f100
36f200
36f300
36f400
36f500
36f600
36f700
36f800
36f900
36fa00
36fb00
36fc00
36fd00
36fe00
36ff00
370000
370100
370200
370300
370400
370500
370600
370700
370800
370900
370a00
370b00
370c00
370d00
370e00
370f00
371000
371100
371200
371300
371400
371500
371600
371700
371800
371900
371a00
371b00
371c00
371d00
371e00
371f00
372000
372100
372200
372300
372400
372500
372600
372700
372800
372900
372a00
372b00
372c00
372d00
372e00
372f00
373000
373100
373200
373300
373400
373500
373600
373700
373800
373900
373a00
373b00
373c00
373d00
373e00
373f00
374000
374100
374200
374300
374400
374500
374600
374700
374800
374900
374a00
374b00
374c00
374d00
374e00
374f00
375000
375100
375200
375300
375400
375500
375600
375700
375800
375900
375a00
375b00
375c00
375d00
375e00
375f00
376000
376100
376200
376300
376400
376500
376600
376700
376800
376900
376a00
376b00
376c00
376d00
376e00
376f00
377000
377100
377200
377300
377400
377500
377600
377700
377800
377900
377a00
377b00
377c00
377d00
377e00
377f00
378000
378100
378200
378300
378400
378500
378600
378700
378800
378900
378a00
378b00
378c00
378d00
378e00
378f00
379000
379100
379200
379300
379400
379500
379600
379700
379800
379900
379a00
379b00
379c00
379d00
379e00
379f00
37a000
37a100
37a200
37a300
37a400
37a500
37a600
37a700
37a800
37a900
37aa00
37ab00
37ac00
37ad00
37ae00
37af00
37b000
37b100
37b200
37b300
37b400
37b500
37b600
37b700
37b800
37b900
37ba00
37bb00
37bc00
37bd00
37be00
37bf00
37c000
37c100
37c200
37c300
37c400
37c500
37c600
37c700
37c800
37c900
37ca00
37cb00
37cc00
37cd00
37ce00
37cf00
37d000
37d100
37d200
37d300
37d400
37d500
37d600
37d700
37d800
37d900
37da00
37db00
37dc00
37dd00
37de00
37df00
37e000
37e100
37e200
37e300
37e400
37e500
37e600
37e700
37e800
37e900
37ea00
37eb00
37ec00
37ed00
37ee00
37ef00
37f000
37f100
37f200
37f300
37f400
37f500
37f600
37f700
37f800
37f900
37fa00
37fb00
37fc00
37fd00
37fe00
37ff00
380000
380100
380200
380300
380400
380500
380600
380700
380800
380900
380a00
380b00
380c00
380d00
380e00
380f00
381000
381100
381200
381300
381400
381500
381600
381700
381800
381900
381a00
381b00
381c00
381d00
381e00
381f00
382000
382100
382200
382300
382400
382500
382600
382700
382800
382900
382a00
382b00
382c00
382d00
382e00
382f00
383000
383100
383200
383300
383400
383500
383600
383700
383800
383900
383a00
383b00
383c00
383d00
383e00
383f00
384000
384100
384200
384300
384400
384500
384600
384700
384800
384900
384a00
384b00
384c00
384d00
384e00
384f00
385000
385100
385200
385300
385400
385500
385600
385700
385800
385900
385a00
385b00
385c00
385d00
385e00
385f00
386000
386100
386200
386300
386400
386500
386600
386700
386800
386900
386a00
386b00
386c00
386d00
386e00
386f00
387000
387100
387200
387300
387400
387500
387600
387700
387800
387900
387a00
387b00
387c00
387d00
387e00
387f00
388000
388100
388200
388300
388400
388500
388600
388700
388800
388900
388a00
388b00
388c00
388d00
388e00
388f00
389000
389100
389200
389300
389400
389500
389600
389700
389800
389900
389a00
389b00
389c00
389d00
389e00
389f00
38a000
38a100
38a200
38a300
38a400
38a500
38a600
38a700
38a800
38a900
38aa00
38ab00
38ac00
38ad00
38ae00
38af00
38b000
38b100
38b200
38b300
38b400
38b500
38b600
38b700
38b800
38b900
38ba00
38bb00
38bc00
38bd00
38be00
38bf00
38c000
38c100
38c200
38c300
38c400
38c500
38c600
38c700
38c800
38c900
38ca00
38cb00
38cc00
38cd00
38ce00
38cf00
38d000
38d100
38d200
38d300
38d400
38d500
38d600
38d700
38d800
38d900
38da00
38db00
38dc00
38dd00
38de00
38df00
38e000
38e100
38e200
38e300
38e400
38e500
38e600
38e700
38e800
38e900
38ea00
38eb00
38ec00
38ed00
38ee00
38ef00
38f000
38f100
38f200
38f300
38f400
38f500
38f600
38f700
38f800
38f900
38fa00
38fb00
38fc00
38fd00
38fe00
38ff00
390000
390100
390200
390300
390400
390500
390600
390700
390800
390900
390a00
390b00
390c00
390d00
390e00
390f00
391000
391100
391200
391300
391400
391500
391600
391700
391800
391900
391a00
391b00
391c00
391d00
391e00
391f00
392000
392100
392200
392300
392400
392500
392600
392700
392800
392900
392a00
392b00
392c00
392d00
392e00
392f00
393000
393100
393200
393300
393400
393500
393600
393700
393800
393900
393a00
393b00
393c00
393d00
393e00
393f00
394000
394100
394200
394300
394400
394500
394600
394700
394800
394900
394a00
394b00
394c00
394d00
394e00
394f00
395000
395100
395200
395300
395400
395500
395600
395700
395800
395900
395a00
395b00
395c00
395d00
395e00
395f00
396000
396100
396200
396300
396400
396500
396600
396700
396800
396900
396a00
396b00
396c00
396d00
396e00
396f00
397000
397100
397200
397300
397400
397500
397600
397700
397800
397900
397a00
397b00
397c00
397d00
397e00
397f00
398000
398100
398200
398300
398400
398500
398600
398700
398800
398900
398a00
398b00
398c00
398d00
398e00
398f00
399000
399100
399200
399300
399400
399500
399600
399700
399800
399900
399a00
399b00
399c00
399d00
399e00
399f00
39a000
39a100
39a200
39a300
39a400
39a500
39a600
39a700
39a800
39a900
39aa00
39ab00
39ac00
39ad00
39ae00
39af00
39b000
39b100
39b200
39b300
39b400
39b500
39b600
39b700
39b800
39b900
39ba00
39bb00
39bc00
39bd00
39be00
39bf00
39c000
39c100
39c200
39c300
39c400
39c500
39c600
39c700
39c800
39c900
39ca00
39cb00
39cc00
39cd00
39ce00
39cf00
39d000
39d100
39d200
39d300
39d400
39d500
39d600
39d700
39d800
39d900
39da00
39db00
39dc00
39dd00
39de00
39df00
39e000
39e100
39e200
39e300
39e400
39e500
39e600
39e700
39e800
39e900
39ea00
39eb00
39ec00
39ed00
39ee00
39ef00
39f000
39f100
39f200
39f300
39f400
39f500
39f600
39f700
39f800
39f900
39fa00
39fb00
39fc00
39fd00
39fe00
39ff00
3a0000
3a0100
3a0200
3a0300
3a0400
3a0500
3a0600
3a0700
3a0800
3a0900
3a0a00
3a0b00
3a0c00
3a0d00
3a0e00
3a0f00
3a1000
3a1100
3a1200
3a1300
3a1400
3a1500
3a1600
3a1700
3a1800
3a1900
3a1a00
3a1b00
3a1c00
3a1d00
3a1e00
3a1f00
3a2000
3a2100
3a2200
3a2300
3a2400
3a2500
3a2600
3a2700
3a2800
3a2900
3a2a00
3a2b00
3a2c00
3a2d00
3a2e00
3a2f00
3a3000
3a3100
3a3200
3a3300
3a3400
3a3500
3a3600
3a3700
3a3800
3a3900
3a3a00
3a3b00
3a3c00
3a3d00
3a3e00
3a3f00
3a4000
3a4100
3a4200
3a4300
3a4400
3a4500
3a4600
3a4700
3a4800
3a4900
3a4a00
3a4b00
3a4c00
3a4d00
3a4e00
3a4f00
3a5000
3a5100
3a5200
3a5300
3a5400
3a5500
3a5600
3a5700
3a5800
3a5900
3a5a00
3a5b00
3a5c00
3a5d00
3a5e00
3a5f00
3a6000
3a6100
3a6200
3a6300
3a6400
3a6500
3a6600
3a6700
3a6800
3a6900
3a6a00
3a6b00
3a6c00
3a6d00
3a6e00
3a6f00
3a7000
3a7100
3a7200
3a7300
3a7400
3a7500
3a7600
3a7700
3a7800
3a7900
3a7a00
3a7b00
3a7c00
3a7d00
3a7e00
3a7f00
3a8000
3a8100
3a8200
3a8300
3a8400
3a8500
3a8600
3a8700
3a8800
3a8900
3a8a00
3a8b00
3a8c00
3a8d00
3a8e00
3a8f00
3a9000
3a9100
3a9200
3a9300
3a9400
3a9500
3a9600
3a9700
3a9800
3a9900
3a9a00
3a9b00
3a9c00
3a9d00
3a9e00
3a9f00
3aa000
3aa100
3aa200
3aa300
3aa400
3aa500
3aa600
3aa700
3aa800
3aa900
3aaa00
3aab00
3aac00
3aad00
3aae00
3aaf00
3ab000
3ab100
3ab200
3ab300
3ab400
3ab500
3ab600
3ab700
3ab800
3ab900
3aba00
3abb00
3abc00
3abd00
3abe00
3abf00
3ac000
3ac100
3ac200
3ac300
3ac400
3ac500
3ac600
3ac700
3ac800
3ac900
3aca00
3acb00
3acc00
3acd00
3ace00
3acf00
3ad000
3ad100
3ad200
3ad300
3ad400
3ad500
3ad600
3ad700
3ad800
3ad900
3ada00
3adb00
3adc00
3add00
3ade00
3adf00
3ae000
3ae100
3ae200
3ae300
3ae400
3ae500
3ae600
3ae700
3ae800
3ae900
3aea00
3aeb00
3aec00
3aed00
3aee00
3aef00
3af000
3af100
3af200
3af300
3af400
3af500
3af600
3af700
3af800
3af900
3afa00
3afb00
3afc00
3afd00
3afe00
3aff00
3b0000
3b0100
3b0200
3b0300
3b0400
3b0500
3b0600
3b0700
3b0800
3b0900
3b0a00
3b0b00
3b0c00
3b0d00
3b0e00
3b0f00
3b1000
3b1100
3b1200
3b1300
3b1400
3b1500
3b1600
3b1700
3b1800
3b1900
3b1a00
3b1b00
3b1c00
3b1d00
3b1e00
3b1f00
3b2000
3b2100
3b2200
3b2300
3b2400
3b2500
3b2600
3b2700
3b2800
3b2900
3b2a00
3b2b00
3b2c00
3b2d00
3b2e00
3b2f00
3b3000
3b3100
3b3200
3b3300
3b3400
3b3500
3b3600
3b3700
3b3800
3b3900
3b3a00
3b3b00
3b3c00
3b3d00
3b3e00
3b3f00
3b4000
3b4100
3b4200
3b4300
3b4400
3b4500
3b4600
3b4700
3b4800
3b4900
3b4a00
3b4b00
3b4c00
3b4d00
3b4e00
3b4f00
3b5000
3b5100
3b5200
3b5300
3b5400
3b5500
3b5600
3b5700
3b5800
3b5900
3b5a00
3b5b00
3b5c00
3b5d00
3b5e00
3b5f00
3b6000
3b6100
3b6200
3b6300
3b6400
3b6500
3b6600
3b6700
3b6800
3b6900
3b6a00
3b6b00
3b6c00
3b6d00
3b6e00
3b6f00
3b7000
3b7100
3b7200
3b7300
3b7400
3b7500
3b7600
3b7700
3b7800
3b7900
3b7a00
3b7b00
3b7c00
3b7d00
3b7e00
3b7f00
3b8000
3b8100
3b8200
3b8300
3b8400
3b8500
3b8600
3b8700
3b8800
3b8900
3b8a00
3b8b00
3b8c00
3b8d00
3b8e00
3b8f00
3b9000
3b9100
3b9200
3b9300
3b9400
3b9500
3b9600
3b9700
3b9800
3b9900
3b9a00
3b9b00
3b9c00
3b9d00
3b9e00
3b9f00
3ba000
3ba100
3ba200
3ba300
3ba400
3ba500
3ba600
3ba700
3ba800
3ba900
3baa00
3bab00
3bac00
3bad00
3bae00
3baf00
3bb000
3bb100
3bb200
3bb300
3bb400
3bb500
3bb600
3bb700
3bb800
3bb900
3bba00
3bbb00
3bbc00
3bbd00
3bbe00
3bbf00
3bc000
3bc100
3bc200
3bc300
3bc400
3bc500
3bc600
3bc700
3bc800
3bc900
3bca00
3bcb00
3bcc00
3bcd00
3bce00
3bcf00
3bd000
3bd100
3bd200
3bd300
3bd400
3bd500
3bd600
3bd700
3bd800
3bd900
3bda00
3bdb00
3bdc00
3bdd00
3bde00
3bdf00
3be000
3be100
3be200
3be300
3be400
3be500
3be600
3be700
3be800
3be900
3bea00
3beb00
3bec00
3bed00
3bee00
3bef00
3bf000
3bf100
3bf200
3bf300
3bf400
3bf500
3bf600
3bf700
3bf800
3bf900
3bfa00
3bfb00
3bfc00
3bfd00
3bfe00
3bff00
3c0000
3c0100
3c0200
3c0300
3c0400
3c0500
3c0600
3c0700
3c0800
3c0900
3c0a00
3c0b00
3c0c00
3c0d00
3c0e00
3c0f00
3c1000
3c1100
3c1200
3c1300
3c1400
3c1500
3c1600
3c1700
3c1800
3c1900
3c1a00
3c1b00
3c1c00
3c1d00
3c1e00
3c1f00
3c2000
3c2100
3c2200
3c2300
3c2400
3c2500
3c2600
3c2700
3c2800
3c2900
3c2a00
3c2b00
3c2c00
3c2d00
3c2e00
3c2f00
3c3000
3c3100
3c3200
3c3300
3c3400
3c3500
3c3600
3c3700
3c3800
3c3900
3c3a00
3c3b00
3c3c00
3c3d00
3c3e00
3c3f00
3c4000
3c4100
3c4200
3c4300
3c4400
3c4500
3c4600
3c4700
3c4800
3c4900
3c4a00
3c4b00
3c4c00
3c4d00
3c4e00
3c4f00
3c5000
3c5100
3c5200
3c5300
3c5400
3c5500
3c5600
3c5700
3c5800
3c5900
3c5a00
3c5b00
3c5c00
3c5d00
3c5e00
3c5f00
3c6000
3c6100
3c6200
3c6300
3c6400
3c6500
3c6600
3c6700
3c6800
3c6900
3c6a00
3c6b00
3c6c00
3c6d00
3c6e00
3c6f00
3c7000
3c7100
3c7200
3c7300
3c7400
3c7500
3c7600
3c7700
3c7800
3c7900
3c7a00
3c7b00
3c7c00
3c7d00
3c7e00
3c7f00
3c8008
3c8108
3c8208
3c8308
3c8408
3c8508
3c8608
3c8708
3c8808
3c8909
3c8a09
3c8b09
3c8c09
3c8d09
3c8e09
3c8f09
3c9009
3c9109
3c9209
3c9309
3c9409
3c9509
3c9609
3c9709
3c980a
3c990a
3c9a0a
3c9b0a
3c9c0a
3c9d0a
3c9e0a
3c9f0a
3ca00a
3ca10a
3ca20a
3ca30a
3ca40a
3ca50a
3ca60a
3ca70a
3ca80a
3ca90b
3caa0b
3cab0b
3cac0b
3cad0b
3cae0b
3caf0b
3cb00b
3cb10b
3cb20b
3cb30b
3cb40b
3cb50b
3cb60b
3cb70b
3cb80c
3cb90c
3cba0c
3cbb0c
3cbc0c
3cbd0c
3cbe0c
3cbf0c
3cc00c
3cc10c
3cc20c
3cc30c
3cc40c
3cc50c
3cc60c
3cc70c
3cc80c
3cc90d
3cca0d
3ccb0d
3ccc0d
3ccd0d
3cce0d
3ccf0d
3cd00d
3cd10d
3cd20d
3cd30d
3cd40d
3cd50d
3cd60d
3cd70d
3cd80e
3cd90e
3cda0e
3cdb0e
3cdc0e
3cdd0e
3cde0e
3cdf0e
3ce00e
3ce10e
3ce20e
3ce30e
3ce40e
3ce50e
3ce60e
3ce70e
3ce80e
3ce90f
3cea0f
3ceb0f
3cec0f
3ced0f
3cee0f
3cef0f
3cf00f
3cf10f
3cf20f
3cf30f
3cf40f
3cf50f
3cf60f
3cf70f
3cf810
3cf910
3cfa10
3cfb10
3cfc10
3cfd10
3cfe10
3cff10
3d0010
3d0110
3d0210
3d0310
3d0410
3d0510
3d0610
3d0710
3d0810
3d0911
3d0a11
3d0b11
3d0c11
3d0d11
3d0e11
3d0f11
3d1011
3d1111
3d1211
3d1311
3d1411
3d1511
3d1611
3d1711
3d1812
3d1912
3d1a12
3d1b12
3d1c12
3d1d12
3d1e12
3d1f12
3d2012
3d2112
3d2212
3d2312
3d2412
3d2512
3d2612
3d2712
3d2812
3d2913
3d2a13
3d2b13
3d2c13
3d2d13
3d2e13
3d2f13
3d3013
3d3113
3d3213
3d3313
3d3413
3d3513
3d3613
3d3713
3d3814
3d3914
3d3a14
3d3b14
3d3c14
3d3d14
3d3e14
3d3f14
3d4014
3d4114
3d4214
3d4314
3d4414
3d4514
3d4614
3d4714
3d4814
3d4915
3d4a15
3d4b15
3d4c15
3d4d15
3d4e15
3d4f15
3d5015
3d5115
3d5215
3d5315
3d5415
3d5515
3d5615
3d5715
3d5816
3d5916
3d5a16
3d5b16
3d5c16
3d5d16
3d5e16
3d5f16
3d6016
3d6116
3d6216
3d6316
3d6416
3d6516
3d6616
3d6716
3d6816
3d6917
3d6a17
3d6b17
3d6c17
3d6d17
3d6e17
3d6f17
3d7017
3d7117
3d7217
3d7317
3d7417
3d7517
3d7617
3d7717
3d7818
3d7918
3d7a18
3d7b18
3d7c18
3d7d18
3d7e18
3d7f18
3d8018
3d8118
3d8218
3d8318
3d8418
3d8518
3d8618
3d8718
3d8818
3d8919
3d8a19
3d8b19
3d8c19
3d8d19
3d8e19
3d8f19
3d9019
3d9119
3d9219
3d9319
3d9419
3d9519
3d9619
3d9719
3d981a
3d991a
3d9a1a
3d9b1a
3d9c1a
3d9d1a
3d9e1a
3d9f1a
3da01a
3da11a
3da21a
3da31a
3da41a
3da51a
3da61a
3da71a
3da81a
3da91b
3daa1b
3dab1b
3dac1b
3dad1b
3dae1b
3daf1b
3db01b
3db11b
3db21b
3db31b
3db41b
3db51b
3db61b
3db71b
3db81c
3db91c
3dba1c
3dbb1c
3dbc1c
3dbd1c
3dbe1c
3dbf1c
3dc01c
3dc11c
3dc21c
3dc31c
3dc41c
3dc51c
3dc61c
3dc71c
3dc81c
3dc91d
3dca1d
3dcb1d
3dcc1d
3dcd1d
3dce1d
3dcf1d
3dd01d
3dd11d
3dd21d
3dd31d
3dd41d
3dd51d
3dd61d
3dd71d
3dd81e
3dd91e
3dda1e
3ddb1e
3ddc1e
3ddd1e
3dde1e
3ddf1e
3de01e
3de11e
3de21e
3de31e
3de41e
3de51e
3de61e
3de71e
3de81e
3de91f
3dea1f
3deb1f
3dec1f
3ded1f
3dee1f
3def1f
3df01f
3df11f
3df21f
3df31f
3df41f
3df51f
3df61f
3df71f
3df820
3df920
3dfa20
3dfb20
3dfc20
3dfd20
3dfe20
3dff20
3e0020
3e0120
3e0220
3e0320
3e0420
3e0520
3e0620
3e0720
3e0820
3e0921
3e0a21
3e0b21
3e0c21
3e0d21
3e0e21
3e0f21
3e1021
3e1121
3e1221
3e1321
3e1421
3e1521
3e1621
3e1721
3e1822
3e1922
3e1a22
3e1b22
3e1c22
3e1d22
3e1e22
3e1f22
3e2022
3e2122
3e2222
3e2322
3e2422
3e2522
3e2622
3e2722
3e2822
3e2923
3e2a23
3e2b23
3e2c23
3e2d23
3e2e23
3e2f23
3e3023
3e3123
3e3223
3e3323
3e3423
3e3523
3e3623
3e3723
3e3824
3e3924
3e3a24
3e3b24
3e3c24
3e3d24
3e3e24
3e3f24
3e4024
3e4124
3e4224
3e4324
3e4424
3e4524
3e4624
3e4724
3e4824
3e4925
3e4a25
3e4b25
3e4c25
3e4d25
3e4e25
3e4f25
3e5025
3e5125
3e5225
3e5325
3e5425
3e5525
3e5625
3e5725
3e5826
3e5926
3e5a26
3e5b26
3e5c26
3e5d26
3e5e26
3e5f26
3e6026
3e6126
3e6226
3e6326
3e6426
3e6526
3e6626
3e6726
3e6826
3e6927
3e6a27
3e6b27
3e6c27
3e6d27
3e6e27
3e6f27
3e7027
3e7127
3e7227
3e7327
3e7427
3e7527
3e7627
3e7727
3e7828
3e7928
3e7a28
3e7b28
3e7c28
3e7d28
3e7e28
3e7f28
3e8028
3e8128
3e8228
3e8328
3e8428
3e8528
3e8628
3e8728
3e8828
3e8929
3e8a29
3e8b29
3e8c29
3e8d29
3e8e29
3e8f29
3e9029
3e9129
3e9229
3e9329
3e9429
3e9529
3e9629
3e9729
3e982a
3e992a
3e9a2a
3e9b2a
3e9c2a
3e9d2a
3e9e2a
3e9f2a
3ea02a
3ea12a
3ea22a
3ea32a
3ea42a
3ea52a
3ea62a
3ea72a
3ea82a
3ea92b
3eaa2b
3eab2b
3eac2b
3ead2b
3eae2b
3eaf2b
3eb02b
3eb12b
3eb22b
3eb32b
3eb42b
3eb52b
3eb62b
3eb72b
3eb82c
3eb92c
3eba2c
3ebb2c
3ebc2c
3ebd2c
3ebe2c
3ebf2c
3ec02c
3ec12c
3ec22c
3ec32c
3ec42c
3ec52c
3ec62c
3ec72c
3ec82c
3ec92d
3eca2d
3ecb2d
3ecc2d
3ecd2d
3ece2d
3ecf2d
3ed02d
3ed12d
3ed22d
3ed32d
3ed42d
3ed52d
3ed62d
3ed72d
3ed82e
3ed92e
3eda2e
3edb2e
3edc2e
3edd2e
3ede2e
3edf2e
3ee02e
3ee12e
3ee22e
3ee32e
3ee42e
3ee52e
3ee62e
3ee72e
3ee82e
3ee92f
3eea2f
3eeb2f
3eec2f
3eed2f
3eee2f
3eef2f
3ef02f
3ef12f
3ef22f
3ef32f
3ef42f
3ef52f
3ef62f
3ef72f
3ef830
3ef930
3efa30
3efb30
3efc30
3efd30
3efe30
3eff30
3f0030
3f0130
3f0230
3f0330
3f0430
3f0530
3f0630
3f0730
3f0830
3f0931
3f0a31
3f0b31
3f0c31
3f0d31
3f0e31
3f0f31
3f1031
3f1131
3f1231
3f1331
3f1431
3f1531
3f1631
3f1731
3f1832
3f1932
3f1a32
3f1b32
3f1c32
3f1d32
3f1e32
3f1f32
3f2032
3f2132
3f2232
3f2332
3f2432
3f2532
3f2632
3f2732
3f2832
3f2933
3f2a33
3f2b33
3f2c33
3f2d33
3f2e33
3f2f33
3f3033
3f3133
3f3233
3f3333
3f3433
3f3533
3f3633
3f3733
3f3834
3f3934
3f3a34
3f3b34
3f3c34
3f3d34
3f3e34
3f3f34
3f4034
3f4134
3f4234
3f4334
3f4434
3f4534
3f4634
3f4734
3f4834
3f4935
3f4a35
3f4b35
3f4c35
3f4d35
3f4e35
3f4f35
3f5035
3f5135
3f5235
3f5335
3f5435
3f5535
3f5635
3f5735
3f5836
3f5936
3f5a36
3f5b36
3f5c36
3f5d36
3f5e36
3f5f36
3f6036
3f6136
3f6236
3f6336
3f6436
3f6536
3f6636
3f6736
3f6836
3f6937
3f6a37
3f6b37
3f6c37
3f6d37
3f6e37
3f6f37
3f7037
3f7137
3f7237
3f7337
3f7437
3f7537
3f7637
3f7737
3f7838
3f7938
3f7a38
3f7b38
3f7c38
3f7d38
3f7e38
3f7f38
3f8038
3f8138
3f8238
3f8338
3f8438
3f8538
3f8638
3f8738
3f8838
3f8939
3f8a39
3f8b39
3f8c39
3f8d39
3f8e39
3f8f39
3f9039
3f9139
3f9239
3f9339
3f9439
3f9539
3f9639
3f9739
3f983a
3f993a
3f9a3a
3f9b3a
3f9c3a
3f9d3a
3f9e3a
3f9f3a
3fa03a
3fa13a
3fa23a
3fa33a
3fa43a
3fa53a
3fa63a
3fa73a
3fa83a
3fa93b
3faa3b
3fab3b
3fac3b
3fad3b
3fae3b
3faf3b
3fb03b
3fb13b
3fb23b
3fb33b
3fb43b
3fb53b
3fb63b
3fb73b
3fb83c
3fb93c
3fba3c
3fbb3c
3fbc3c
3fbd3c
3fbe3c
3fbf3c
3fc03c
3fc13c
3fc23c
3fc33c
3fc43c
3fc53c
3fc63c
3fc73c
3fc83c
3fc93d
3fca3d
3fcb3d
3fcc3d
3fcd3d
3fce3d
3fcf3d
3fd03d
3fd13d
3fd23d
3fd33d
3fd43d
3fd53d
3fd63d
3fd73d
3fd83e
3fd93e
3fda3e
3fdb3e
3fdc3e
3fdd3e
3fde3e
3fdf3e
3fe03e
3fe13e
3fe23e
3fe33e
3fe43e
3fe53e
3fe63e
3fe73e
3fe83e
3fe93f
3fea3f
3feb3f
3fec3f
3fed3f
3fee3f
3fef3f
3ff03f
3ff13f
3ff23f
3ff33f
3ff43f
3ff53f
3ff63f
3ff73f
3ff840
3ff940
3ffa40
3ffb40
3ffc40
3ffd40
3ffe40
3fff40
400040
400140
400240
400340
400440
400540
400640
400740
400840
400941
400a41
400b41
400c41
400d41
400e41
400f41
401041
401141
401241
401341
401441
401541
401641
401741
401842
401942
401a42
401b42
401c42
401d42
401e42
401f42
402042
402142
402242
402342
402442
402542
402642
402742
402842
402943
402a43
402b43
402c43
402d43
402e43
402f43
403043
403143
403243
403343
403443
403543
403643
403743
403844
403944
403a44
403b44
403c44
403d44
403e44
403f44
404044
404144
404244
404344
404444
404544
404644
404744
404844
404945
404a45
404b45
404c45
404d45
404e45
404f45
405045
405145
405245
405345
405445
405545
405645
405745
405846
405946
405a46
405b46
405c46
405d46
405e46
405f46
406046
406146
406246
406346
406446
406546
406646
406746
406846
406947
406a47
406b47
406c47
406d47
406e47
406f47
407047
407147
407247
407347
407447
407547
407647
407747
407848
407948
407a48
407b48
407c48
407d48
407e48
407f48
408048
408148
408248
408348
408448
408548
408648
408748
408848
408949
408a49
408b49
408c49
408d49
408e49
408f49
409049
409149
409249
409349
409449
409549
409649
409749
40984a
40994a
409a4a
409b4a
409c4a
409d4a
409e4a
409f4a
40a04a
40a14a
40a24a
40a34a
40a44a
40a54a
40a64a
40a74a
40a84a
40a94b
40aa4b
40ab4b
40ac4b
40ad4b
40ae4b
40af4b
40b04b
40b14b
40b24b
40b34b
40b44b
40b54b
40b64b
40b74b
40b84c
40b94c
40ba4c
40bb4c
40bc4c
40bd4c
40be4c
40bf4c
40c04c
40c14c
40c24c
40c34c
40c44c
40c54c
40c64c
40c74c
40c84c
40c94d
40ca4d
40cb4d
40cc4d
40cd4d
40ce4d
40cf4d
40d04d
40d14d
40d24d
40d34d
40d44d
40d54d
40d64d
40d74d
40d84e
40d94e
40da4e
40db4e
40dc4e
40dd4e
40de4e
40df4e
40e04e
40e14e
40e24e
40e34e
40e44e
40e54e
40e64e
40e74e
40e84e
40e94f
40ea4f
40eb4f
40ec4f
40ed4f
40ee4f
40ef4f
40f04f
40f14f
40f24f
40f34f
40f44f
40f54f
40f64f
40f74f
40f850
40f950
40fa50
40fb50
40fc50
40fd50
40fe50
40ff50
410050
410150
410250
410350
410450
410550
410650
410750
410850
410951
410a51
410b51
410c51
410d51
410e51
410f51
411051
411151
411251
411351
411451
411551
411651
411751
411852
411952
411a52
411b52
411c52
411d52
411e52
411f52
412052
412152
412252
412352
412452
412552
412652
412752
412852
412953
412a53
412b53
412c53
412d53
412e53
412f53
413053
413153
413253
413353
413453
413553
413653
413753
413854
413954
413a54
413b54
413c54
413d54
413e54
413f54
414054
414154
414254
414354
414454
414554
414654
414754
414854
414955
414a55
414b55
414c55
414d55
414e55
414f55
415055
415155
415255
415355
415455
415555
415655
415755
415856
415956
415a56
415b56
415c56
415d56
415e56
415f56
416056
416156
416256
416356
416456
416556
416656
416756
416856
416957
416a57
416b57
416c57
416d57
416e57
416f57
417057
417157
417257
417357
417457
417557
417657
417757
417858
417958
417a58
417b58
417c58
417d58
417e58
417f58
418058
418158
418258
418358
418458
418558
418658
418758
418858
418959
418a59
418b59
418c59
418d59
418e59
418f59
419059
419159
419259
419359
419459
419559
419659
419759
41985a
41995a
419a5a
419b5a
419c5a
419d5a
419e5a
419f5a
41a05a
41a15a
41a25a
41a35a
41a45a
41a55a
41a65a
41a75a
41a85a
41a95b
41aa5b
41ab5b
41ac5b
41ad5b
41ae5b
41af5b
41b05b
41b15b
41b25b
41b35b
41b45b
41b55b
41b65b
41b75b
41b85c
41b95c
41ba5c
41bb5c
41bc5c
41bd5c
41be5c
41bf5c
41c05c
41c15c
41c25c
41c35c
41c45c
41c55c
41c65c
41c75c
41c85c
41c95d
41ca5d
41cb5d
41cc5d
41cd5d
41ce5d
41cf5d
41d05d
41d15d
41d25d
41d35d
41d45d
41d55d
41d65d
41d75d
41d85e
41d95e
41da5e
41db5e
41dc5e
41dd5e
41de5e
41df5e
41e05e
41e15e
41e25e
41e35e
41e45e
41e55e
41e65e
41e75e
41e85e
41e95f
41ea5f
41eb5f
41ec5f
41ed5f
41ee5f
41ef5f
41f05f
41f15f
41f25f
41f35f
41f45f
41f55f
41f65f
41f75f
41f860
41f960
41fa60
41fb60
41fc60
41fd60
41fe60
41ff60
420060
420160
420260
420360
420460
420560
420660
420760
420860
420961
420a61
420b61
420c61
420d61
420e61
420f61
421061
421161
421261
421361
421461
421561
421661
421761
421862
421962
421a62
421b62
421c62
421d62
421e62
421f62
422062
422162
422262
422362
422462
422562
422662
422762
422862
422963
422a63
422b63
422c63
422d63
422e63
422f63
423063
423163
423263
423363
423463
423563
423663
423763
423864
423964
423a64
423b64
423c64
423d64
423e64
423f64
424064
424164
424264
424364
424464
424564
424664
424764
424864
424965
424a65
424b65
424c65
424d65
424e65
424f65
425065
425165
425265
425365
425465
425565
425665
425765
425866
425966
425a66
425b66
425c66
425d66
425e66
425f66
426066
426166
426266
426366
426466
426566
426666
426766
426866
426967
426a67
426b67
426c67
426d67
426e67
426f67
427067
427167
427267
427367
427467
427567
427667
427767
427868
427968
427a68
427b68
427c68
427d68
427e68
427f68
428068
428168
428268
428368
428468
428568
428668
428768
428868
428969
428a69
428b69
428c69
428d69
428e69
428f69
429069
429169
429269
429369
429469
429569
429669
429769
42986a
42996a
429a6a
429b6a
429c6a
429d6a
429e6a
429f6a
42a06a
42a16a
42a26a
42a36a
42a46a
42a56a
42a66a
42a76a
42a86a
42a96b
42aa6b
42ab6b
42ac6b
42ad6b
42ae6b
42af6b
42b06b
42b16b
42b26b
42b36b
42b46b
42b56b
42b66b
42b76b
42b86c
42b96c
42ba6c
42bb6c
42bc6c
42bd6c
42be6c
42bf6c
42c06c
42c16c
42c26c
42c36c
42c46c
42c56c
42c66c
42c76c
42c86c
42c96d
42ca6d
42cb6d
42cc6d
42cd6d
42ce6d
42cf6d
42d06d
42d16d
42d26d
42d36d
42d46d
42d56d
42d66d
42d76d
42d86e
42d96e
42da6e
42db6e
42dc6e
42dd6e
42de6e
42df6e
42e06e
42e16e
42e26e
42e36e
42e46e
42e56e
42e66e
42e76e
42e86e
42e96f
42ea6f
42eb6f
42ec6f
42ed6f
42ee6f
42ef6f
42f06f
42f16f
42f26f
42f36f
42f46f
42f56f
42f66f
42f76f
42f870
42f970
42fa70
42fb70
42fc70
42fd70
42fe70
42ff70
430070
430170
430270
430370
430470
430570
430670
430770
430870
430971
430a71
430b71
430c71
430d71
430e71
430f71
431071
431171
431271
431371
431471
431571
431671
431771
431872
431972
431a72
431b72
431c72
431d72
431e72
431f72
432072
432172
432272
432372
432472
432572
432672
432772
432872
432973
432a73
432b73
432c73
432d73
432e73
432f73
433073
433173
433273
433373
433473
433573
433673
433773
433874
433974
433a74
433b74
433c74
433d74
433e74
433f74
434074
434174
434274
434374
434474
434574
434674
434774
434874
434975
434a75
434b75
434c75
434d75
434e75
434f75
435075
435175
435275
435375
435475
435575
435675
435775
435876
435976
435a76
435b76
435c76
435d76
435e76
435f76
436076
436176
436276
436376
436476
436576
436676
436776
436876
436977
436a77
436b77
436c77
436d77
436e77
436f77
437077
437177
437277
437377
437477
437577
437677
437777
437878
437978
437a78
437b78
437c78
437d78
437e78
437f78
438078
438178
438278
438378
438478
438578
438678
438778
438878
438979
438a79
438b79
438c79
438d79
438e79
438f79
439079
439179
439279
439379
439479
439579
439679
439779
43987a
43997a
439a7a
439b7a
439c7a
439d7a
439e7a
439f7a
43a07a
43a17a
43a27a
43a37a
43a47a
43a57a
43a67a
43a77a
43a87a
43a97b
43aa7b
43ab7b
43ac7b
43ad7b
43ae7b
43af7b
43b07b
43b17b
43b27b
43b37b
43b47b
43b57b
43b67b
43b77b
43b87c
43b97c
43ba7c
43bb7c
43bc7c
43bd7c
43be7c
43bf7c
43c07c
43c17c
43c27c
43c37c
43c47c
43c57c
43c67c
43c77c
43c87c
43c97d
43ca7d
43cb7d
43cc7d
43cd7d
43ce7d
43cf7d
43d07d
43d17d
43d27d
43d37d
43d47d
43d57d
43d67d
43d77d
43d87e
43d97e
43da7e
43db7e
43dc7e
43dd7e
43de7e
43df7e
43e07e
43e17e
43e27e
43e37e
43e47e
43e57e
43e67e
43e77e
43e87e
43e97e
43ea7e
43eb7e
43ec7e
43ed7e
43ee7e
43ef7e
43f07e
43f17e
43f27e
43f37e
43f47e
43f57e
43f67e
43f77e
43f87e
43f97e
43fa7e
43fb7e
43fc7e
43fd7e
43fe7e
43ff7e
44007e
44017e
44027e
44037e
44047e
44057e
44067e
44077e
44087e
44097e
440a7e
440b7e
440c7e
440d7e
440e7e
440f7e
44107e
44117e
44127e
44137e
44147e
44157e
44167e
44177e
44187e
44197e
441a7e
441b7e
441c7e
441d7e
441e7e
441f7e
44207e
44217e
44227e
44237e
44247e
44257e
44267e
44277e
44287e
44297e
442a7e
442b7e
442c7e
442d7e
442e7e
442f7e
44307e
44317e
44327e
44337e
44347e
44357e
44367e
44377e
44387e
44397e
443a7e
443b7e
443c7e
443d7e
443e7e
443f7e
44407e
44417e
44427e
44437e
44447e
44457e
44467e
44477e
44487e
44497e
444a7e
444b7e
444c7e
444d7e
444e7e
444f7e
44507e
44517e
44527e
44537e
44547e
44557e
44567e
44577e
44587e
44597e
445a7e
445b7e
445c7e
445d7e
445e7e
445f7e
44607e
44617e
44627e
44637e
44647e
44657e
44667e
44677e
44687e
44697e
446a7e
446b7e
446c7e
446d7e
446e7e
446f7e
44707e
44717e
44727e
44737e
44747e
44757e
44767e
44777e
44787e
44797e
447a7e
447b7e
447c7e
447d7e
447e7e
447f7e
44807e
44817e
44827e
44837e
44847e
44857e
44867e
44877e
44887e
44897e
448a7e
448b7e
448c7e
448d7e
448e7e
448f7e
44907e
44917e
44927e
44937e
44947e
44957e
44967e
44977e
44987e
44997e
449a7e
449b7e
449c7e
449d7e
449e7e
449f7e
44a07e
44a17e
44a27e
44a37e
44a47e
44a57e
44a67e
44a77e
44a87e
44a97e
44aa7e
44ab7e
44ac7e
44ad7e
44ae7e
44af7e
44b07e
44b17e
44b27e
44b37e
44b47e
44b57e
44b67e
44b77e
44b87e
44b97e
44ba7e
44bb7e
44bc7e
44bd7e
44be7e
44bf7e
44c07e
44c17e
44c27e
44c37e
44c47e
44c57e
44c67e
44c77e
44c87e
44c97e
44ca7e
44cb7e
44cc7e
44cd7e
44ce7e
44cf7e
44d07e
44d17e
44d27e
44d37e
44d47e
44d57e
44d67e
44d77e
44d87e
44d97e
44da7e
44db7e
44dc7e
44dd7e
44de7e
44df7e
44e07e
44e17e
44e27e
44e37e
44e47e
44e57e
44e67e
44e77e
44e87e
44e97e
44ea7e
44eb7e
44ec7e
44ed7e
44ee7e
44ef7e
44f07e
44f17e
44f27e
44f37e
44f47e
44f57e
44f67e
44f77e
44f87e
44f97e
44fa7e
44fb7e
44fc7e
44fd7e
44fe7e
44ff7e
45007e
45017e
45027e
45037e
45047e
45057e
45067e
45077e
45087e
45097e
450a7e
450b7e
450c7e
450d7e
450e7e
450f7e
45107e
45117e
45127e
45137e
45147e
45157e
45167e
45177e
45187e
45197e
451a7e
451b7e
451c7e
451d7e
451e7e
451f7e
45207e
45217e
45227e
45237e
45247e
45257e
45267e
45277e
45287e
45297e
452a7e
452b7e
452c7e
452d7e
452e7e
452f7e
45307e
45317e
45327e
45337e
45347e
45357e
45367e
45377e
45387e
45397e
453a7e
453b7e
453c7e
453d7e
453e7e
453f7e
45407e
45417e
45427e
45437e
45447e
45457e
45467e
45477e
45487e
45497e
454a7e
454b7e
454c7e
454d7e
454e7e
454f7e
45507e
45517e
45527e
45537e
45547e
45557e
45567e
45577e
45587e
45597e
455a7e
455b7e
455c7e
455d7e
455e7e
455f7e
45607e
45617e
45627e
45637e
45647e
45657e
45667e
45677e
45687e
45697e
456a7e
456b7e
456c7e
456d7e
456e7e
456f7e
45707e
45717e
45727e
45737e
45747e
45757e
45767e
45777e
45787e
45797e
457a7e
457b7e
457c7e
457d7e
457e7e
457f7e
45807e
45817e
45827e
45837e
45847e
45857e
45867e
45877e
45887e
45897e
458a7e
458b7e
458c7e
458d7e
458e7e
458f7e
45907e
45917e
45927e
45937e
45947e
45957e
45967e
45977e
45987e
45997e
459a7e
459b7e
459c7e
459d7e
459e7e
459f7e
45a07e
45a17e
45a27e
45a37e
45a47e
45a57e
45a67e
45a77e
45a87e
45a97e
45aa7e
45ab7e
45ac7e
45ad7e
45ae7e
45af7e
45b07e
45b17e
45b27e
45b37e
45b47e
45b57e
45b67e
45b77e
45b87e
45b97e
45ba7e
45bb7e
45bc7e
45bd7e
45be7e
45bf7e
45c07e
45c17e
45c27e
45c37e
45c47e
45c57e
45c67e
45c77e
45c87e
45c97e
45ca7e
45cb7e
45cc7e
45cd7e
45ce7e
45cf7e
45d07e
45d17e
45d27e
45d37e
45d47e
45d57e
45d67e
45d77e
45d87e
45d97e
45da7e
45db7e
45dc7e
45dd7e
45de7e
45df7e
45e07e
45e17e
45e27e
45e37e
45e47e
45e57e
45e67e
45e77e
45e87e
45e97e
45ea7e
45eb7e
45ec7e
45ed7e
45ee7e
45ef7e
45f07e
45f17e
45f27e
45f37e
45f47e
45f57e
45f67e
45f77e
45f87e
45f97e
45fa7e
45fb7e
45fc7e
45fd7e
45fe7e
45ff7e
46007e
46017e
46027e
46037e
46047e
46057e
46067e
46077e
46087e
46097e
460a7e
460b7e
460c7e
460d7e
460e7e
460f7e
46107e
46117e
46127e
46137e
46147e
46157e
46167e
46177e
46187e
46197e
461a7e
461b7e
461c7e
461d7e
461e7e
461f7e
46207e
46217e
46227e
46237e
46247e
46257e
46267e
46277e
46287e
46297e
462a7e
462b7e
462c7e
462d7e
462e7e
462f7e
46307e
46317e
46327e
46337e
46347e
46357e
46367e
46377e
46387e
46397e
463a7e
463b7e
463c7e
463d7e
463e7e
463f7e
46407e
46417e
46427e
46437e
46447e
46457e
46467e
46477e
46487e
46497e
464a7e
464b7e
464c7e
464d7e
464e7e
464f7e
46507e
46517e
46527e
46537e
46547e
46557e
46567e
46577e
46587e
46597e
465a7e
465b7e
465c7e
465d7e
465e7e
465f7e
46607e
46617e
46627e
46637e
46647e
46657e
46667e
46677e
46687e
46697e
466a7e
466b7e
466c7e
466d7e
466e7e
466f7e
46707e
46717e
46727e
46737e
46747e
46757e
46767e
46777e
46787e
46797e
467a7e
467b7e
467c7e
467d7e
467e7e
467f7e
46807e
46817e
46827e
46837e
46847e
46857e
46867e
46877e
46887e
46897e
468a7e
468b7e
468c7e
468d7e
468e7e
468f7e
46907e
46917e
46927e
46937e
46947e
46957e
46967e
46977e
46987e
46997e
469a7e
469b7e
469c7e
469d7e
469e7e
469f7e
46a07e
46a17e
46a27e
46a37e
46a47e
46a57e
46a67e
46a77e
46a87e
46a97e
46aa7e
46ab7e
46ac7e
46ad7e
46ae7e
46af7e
46b07e
46b17e
46b27e
46b37e
46b47e
46b57e
46b67e
46b77e
46b87e
46b97e
46ba7e
46bb7e
46bc7e
46bd7e
46be7e
46bf7e
46c07e
46c17e
46c27e
46c37e
46c47e
46c57e
46c67e
46c77e
46c87e
46c97e
46ca7e
46cb7e
46cc7e
46cd7e
46ce7e
46cf7e
46d07e
46d17e
46d27e
46d37e
46d47e
46d57e
46d67e
46d77e
46d87e
46d97e
46da7e
46db7e
46dc7e
46dd7e
46de7e
46df7e
46e07e
46e17e
46e27e
46e37e
46e47e
46e57e
46e67e
46e77e
46e87e
46e97e
46ea7e
46eb7e
46ec7e
46ed7e
46ee7e
46ef7e
46f07e
46f17e
46f27e
46f37e
46f47e
46f57e
46f67e
46f77e
46f87e
46f97e
46fa7e
46fb7e
46fc7e
46fd7e
46fe7e
46ff7e
47007e
47017e
47027e
47037e
47047e
47057e
47067e
47077e
47087e
47097e
470a7e
470b7e
470c7e
470d7e
470e7e
470f7e
47107e
47117e
47127e
47137e
47147e
47157e
47167e
47177e
47187e
47197e
471a7e
471b7e
471c7e
471d7e
471e7e
471f7e
47207e
47217e
47227e
47237e
47247e
47257e
47267e
47277e
47287e
47297e
472a7e
472b7e
472c7e
472d7e
472e7e
472f7e
47307e
47317e
47327e
47337e
47347e
47357e
47367e
47377e
47387e
47397e
473a7e
473b7e
473c7e
473d7e
473e7e
473f7e
47407e
47417e
47427e
47437e
47447e
47457e
47467e
47477e
47487e
47497e
474a7e
474b7e
474c7e
474d7e
474e7e
474f7e
47507e
47517e
47527e
47537e
47547e
47557e
47567e
47577e
47587e
47597e
475a7e
475b7e
475c7e
475d7e
475e7e
475f7e
47607e
47617e
47627e
47637e
47647e
47657e
47667e
47677e
47687e
47697e
476a7e
476b7e
476c7e
476d7e
476e7e
476f7e
47707e
47717e
47727e
47737e
47747e
47757e
47767e
47777e
47787e
47797e
477a7e
477b7e
477c7e
477d7e
477e7e
477f7e
47807e
47817e
47827e
47837e
47847e
47857e
47867e
47877e
47887e
47897e
478a7e
478b7e
478c7e
478d7e
478e7e
478f7e
47907e
47917e
47927e
47937e
47947e
47957e
47967e
47977e
47987e
47997e
479a7e
479b7e
479c7e
479d7e
479e7e
479f7e
47a07e
47a17e
47a27e
47a37e
47a47e
47a57e
47a67e
47a77e
47a87e
47a97e
47aa7e
47ab7e
47ac7e
47ad7e
47ae7e
47af7e
47b07e
47b17e
47b27e
47b37e
47b47e
47b57e
47b67e
47b77e
47b87e
47b97e
47ba7e
47bb7e
47bc7e
47bd7e
47be7e
47bf7e
47c07e
47c17e
47c27e
47c37e
47c47e
47c57e
47c67e
47c77e
47c87e
47c97e
47ca7e
47cb7e
47cc7e
47cd7e
47ce7e
47cf7e
47d07e
47d17e
47d27e
47d37e
47d47e
47d57e
47d67e
47d77e
47d87e
47d97e
47da7e
47db7e
47dc7e
47dd7e
47de7e
47df7e
47e07e
47e17e
47e27e
47e37e
47e47e
47e57e
47e67e
47e77e
47e87e
47e97e
47ea7e
47eb7e
47ec7e
47ed7e
47ee7e
47ef7e
47f07e
47f17e
47f27e
47f37e
47f47e
47f57e
47f67e
47f77e
47f87e
47f97e
47fa7e
47fb7e
47fc7e
47fd7e
47fe7e
47ff7e
48007e
48017e
48027e
48037e
48047e
48057e
48067e
48077e
48087e
48097e
480a7e
480b7e
480c7e
480d7e
480e7e
480f7e
48107e
48117e
48127e
48137e
48147e
48157e
48167e
48177e
48187e
48197e
481a7e
481b7e
481c7e
481d7e
481e7e
481f7e
48207e
48217e
48227e
48237e
48247e
48257e
48267e
48277e
48287e
48297e
482a7e
482b7e
482c7e
482d7e
482e7e
482f7e
48307e
48317e
48327e
48337e
48347e
48357e
48367e
48377e
48387e
48397e
483a7e
483b7e
483c7e
483d7e
483e7e
483f7e
48407e
48417e
48427e
48437e
48447e
48457e
48467e
48477e
48487e
48497e
484a7e
484b7e
484c7e
484d7e
484e7e
484f7e
48507e
48517e
48527e
48537e
48547e
48557e
48567e
48577e
48587e
48597e
485a7e
485b7e
485c7e
485d7e
485e7e
485f7e
48607e
48617e
48627e
48637e
48647e
48657e
48667e
48677e
48687e
48697e
486a7e
486b7e
486c7e
486d7e
486e7e
486f7e
48707e
48717e
48727e
48737e
48747e
48757e
48767e
48777e
48787e
48797e
487a7e
487b7e
487c7e
487d7e
487e7e
487f7e
48807e
48817e
48827e
48837e
48847e
48857e
48867e
48877e
48887e
48897e
488a7e
488b7e
488c7e
488d7e
488e7e
488f7e
48907e
48917e
48927e
48937e
48947e
48957e
48967e
48977e
48987e
48997e
489a7e
489b7e
489c7e
489d7e
489e7e
489f7e
48a07e
48a17e
48a27e
48a37e
48a47e
48a57e
48a67e
48a77e
48a87e
48a97e
48aa7e
48ab7e
48ac7e
48ad7e
48ae7e
48af7e
48b07e
48b17e
48b27e
48b37e
48b47e
48b57e
48b67e
48b77e
48b87e
48b97e
48ba7e
48bb7e
48bc7e
48bd7e
48be7e
48bf7e
48c07e
48c17e
48c27e
48c37e
48c47e
48c57e
48c67e
48c77e
48c87e
48c97e
48ca7e
48cb7e
48cc7e
48cd7e
48ce7e
48cf7e
48d07e
48d17e
48d27e
48d37e
48d47e
48d57e
48d67e
48d77e
48d87e
48d97e
48da7e
48db7e
48dc7e
48dd7e
48de7e
48df7e
48e07e
48e17e
48e27e
48e37e
48e47e
48e57e
48e67e
48e77e
48e87e
48e97e
48ea7e
48eb7e
48ec7e
48ed7e
48ee7e
48ef7e
48f07e
48f17e
48f27e
48f37e
48f47e
48f57e
48f67e
48f77e
48f87e
48f97e
48fa7e
48fb7e
48fc7e
48fd7e
48fe7e
48ff7e
49007e
49017e
49027e
49037e
49047e
49057e
49067e
49077e
49087e
49097e
490a7e
490b7e
490c7e
490d7e
490e7e
490f7e
49107e
49117e
49127e
49137e
49147e
49157e
49167e
49177e
49187e
49197e
491a7e
491b7e
491c7e
491d7e
491e7e
491f7e
49207e
49217e
49227e
49237e
49247e
49257e
49267e
49277e
49287e
49297e
492a7e
492b7e
492c7e
492d7e
492e7e
492f7e
49307e
49317e
49327e
49337e
49347e
49357e
49367e
49377e
49387e
49397e
493a7e
493b7e
493c7e
493d7e
493e7e
493f7e
49407e
49417e
49427e
49437e
49447e
49457e
49467e
49477e
49487e
49497e
494a7e
494b7e
494c7e
494d7e
494e7e
494f7e
49507e
49517e
49527e
49537e
49547e
49557e
49567e
49577e
49587e
49597e
495a7e
495b7e
495c7e
495d7e
495e7e
495f7e
49607e
49617e
49627e
49637e
49647e
49657e
49667e
49677e
49687e
49697e
496a7e
496b7e
496c7e
496d7e
496e7e
496f7e
49707e
49717e
49727e
49737e
49747e
49757e
49767e
49777e
49787e
49797e
497a7e
497b7e
497c7e
497d7e
497e7e
497f7e
49807e
49817e
49827e
49837e
49847e
49857e
49867e
49877e
49887e
49897e
498a7e
498b7e
498c7e
498d7e
498e7e
498f7e
49907e
49917e
49927e
49937e
49947e
49957e
49967e
49977e
49987e
49997e
499a7e
499b7e
499c7e
499d7e
499e7e
499f7e
49a07e
49a17e
49a27e
49a37e
49a47e
49a57e
49a67e
49a77e
49a87e
49a97e
49aa7e
49ab7e
49ac7e
49ad7e
49ae7e
49af7e
49b07e
49b17e
49b27e
49b37e
49b47e
49b57e
49b67e
49b77e
49b87e
49b97e
49ba7e
49bb7e
49bc7e
49bd7e
49be7e
49bf7e
49c07e
49c17e
49c27e
49c37e
49c47e
49c57e
49c67e
49c77e
49c87e
49c97e
49ca7e
49cb7e
49cc7e
49cd7e
49ce7e
49cf7e
49d07e
49d17e
49d27e
49d37e
49d47e
49d57e
49d67e
49d77e
49d87e
49d97e
49da7e
49db7e
49dc7e
49dd7e
49de7e
49df7e
49e07e
49e17e
49e27e
49e37e
49e47e
49e57e
49e67e
49e77e
49e87e
49e97e
49ea7e
49eb7e
49ec7e
49ed7e
49ee7e
49ef7e
49f07e
49f17e
49f27e
49f37e
49f47e
49f57e
49f67e
49f77e
49f87e
49f97e
49fa7e
49fb7e
49fc7e
49fd7e
49fe7e
49ff7e
4a007e
4a017e
4a027e
4a037e
4a047e
4a057e
4a067e
4a077e
4a087e
4a097e
4a0a7e
4a0b7e
4a0c7e
4a0d7e
4a0e7e
4a0f7e
4a107e
4a117e
4a127e
4a137e
4a147e
4a157e
4a167e
4a177e
4a187e
4a197e
4a1a7e
4a1b7e
4a1c7e
4a1d7e
4a1e7e
4a1f7e
4a207e
4a217e
4a227e
4a237e
4a247e
4a257e
4a267e
4a277e
4a287e
4a297e
4a2a7e
4a2b7e
4a2c7e
4a2d7e
4a2e7e
4a2f7e
4a307e
4a317e
4a327e
4a337e
4a347e
4a357e
4a367e
4a377e
4a387e
4a397e
4a3a7e
4a3b7e
4a3c7e
4a3d7e
4a3e7e
4a3f7e
4a407e
4a417e
4a427e
4a437e
4a447e
4a457e
4a467e
4a477e
4a487e
4a497e
4a4a7e
4a4b7e
4a4c7e
4a4d7e
4a4e7e
4a4f7e
4a507e
4a517e
4a527e
4a537e
4a547e
4a557e
4a567e
4a577e
4a587e
4a597e
4a5a7e
4a5b7e
4a5c7e
4a5d7e
4a5e7e
4a5f7e
4a607e
4a617e
4a627e
4a637e
4a647e
4a657e
4a667e
4a677e
4a687e
4a697e
4a6a7e
4a6b7e
4a6c7e
4a6d7e
4a6e7e
4a6f7e
4a707e
4a717e
4a727e
4a737e
4a747e
4a757e
4a767e
4a777e
4a787e
4a797e
4a7a7e
4a7b7e
4a7c7e
4a7d7e
4a7e7e
4a7f7e
4a807e
4a817e
4a827e
4a837e
4a847e
4a857e
4a867e
4a877e
4a887e
4a897e
4a8a7e
4a8b7e
4a8c7e
4a8d7e
4a8e7e
4a8f7e
4a907e
4a917e
4a927e
4a937e
4a947e
4a957e
4a967e
4a977e
4a987e
4a997e
4a9a7e
4a9b7e
4a9c7e
4a9d7e
4a9e7e
4a9f7e
4aa07e
4aa17e
4aa27e
4aa37e
4aa47e
4aa57e
4aa67e
4aa77e
4aa87e
4aa97e
4aaa7e
4aab7e
4aac7e
4aad7e
4aae7e
4aaf7e
4ab07e
4ab17e
4ab27e
4ab37e
4ab47e
4ab57e
4ab67e
4ab77e
4ab87e
4ab97e
4aba7e
4abb7e
4abc7e
4abd7e
4abe7e
4abf7e
4ac07e
4ac17e
4ac27e
4ac37e
4ac47e
4ac57e
4ac67e
4ac77e
4ac87e
4ac97e
4aca7e
4acb7e
4acc7e
4acd7e
4ace7e
4acf7e
4ad07e
4ad17e
4ad27e
4ad37e
4ad47e
4ad57e
4ad67e
4ad77e
4ad87e
4ad97e
4ada7e
4adb7e
4adc7e
4add7e
4ade7e
4adf7e
4ae07e
4ae17e
4ae27e
4ae37e
4ae47e
4ae57e
4ae67e
4ae77e
4ae87e
4ae97e
4aea7e
4aeb7e
4aec7e
4aed7e
4aee7e
4aef7e
4af07e
4af17e
4af27e
4af37e
4af47e
4af57e
4af67e
4af77e
4af87e
4af97e
4afa7e
4afb7e
4afc7e
4afd7e
4afe7e
4aff7e
4b007e
4b017e
4b027e
4b037e
4b047e
4b057e
4b067e
4b077e
4b087e
4b097e
4b0a7e
4b0b7e
4b0c7e
4b0d7e
4b0e7e
4b0f7e
4b107e
4b117e
4b127e
4b137e
4b147e
4b157e
4b167e
4b177e
4b187e
4b197e
4b1a7e
4b1b7e
4b1c7e
4b1d7e
4b1e7e
4b1f7e
4b207e
4b217e
4b227e
4b237e
4b247e
4b257e
4b267e
4b277e
4b287e
4b297e
4b2a7e
4b2b7e
4b2c7e
4b2d7e
4b2e7e
4b2f7e
4b307e
4b317e
4b327e
4b337e
4b347e
4b357e
4b367e
4b377e
4b387e
4b397e
4b3a7e
4b3b7e
4b3c7e
4b3d7e
4b3e7e
4b3f7e
4b407e
4b417e
4b427e
4b437e
4b447e
4b457e
4b467e
4b477e
4b487e
4b497e
4b4a7e
4b4b7e
4b4c7e
4b4d7e
4b4e7e
4b4f7e
4b507e
4b517e
4b527e
4b537e
4b547e
4b557e
4b567e
4b577e
4b587e
4b597e
4b5a7e
4b5b7e
4b5c7e
4b5d7e
4b5e7e
4b5f7e
4b607e
4b617e
4b627e
4b637e
4b647e
4b657e
4b667e
4b677e
4b687e
4b697e
4b6a7e
4b6b7e
4b6c7e
4b6d7e
4b6e7e
4b6f7e
4b707e
4b717e
4b727e
4b737e
4b747e
4b757e
4b767e
4b777e
4b787e
4b797e
4b7a7e
4b7b7e
4b7c7e
4b7d7e
4b7e7e
4b7f7e
4b807e
4b817e
4b827e
4b837e
4b847e
4b857e
4b867e
4b877e
4b887e
4b897e
4b8a7e
4b8b7e
4b8c7e
4b8d7e
4b8e7e
4b8f7e
4b907e
4b917e
4b927e
4b937e
4b947e
4b957e
4b967e
4b977e
4b987e
4b997e
4b9a7e
4b9b7e
4b9c7e
4b9d7e
4b9e7e
4b9f7e
4ba07e
4ba17e
4ba27e
4ba37e
4ba47e
4ba57e
4ba67e
4ba77e
4ba87e
4ba97e
4baa7e
4bab7e
4bac7e
4bad7e
4bae7e
4baf7e
4bb07e
4bb17e
4bb27e
4bb37e
4bb47e
4bb57e
4bb67e
4bb77e
4bb87e
4bb97e
4bba7e
4bbb7e
4bbc7e
4bbd7e
4bbe7e
4bbf7e
4bc07e
4bc17e
4bc27e
4bc37e
4bc47e
4bc57e
4bc67e
4bc77e
4bc87e
4bc97e
4bca7e
4bcb7e
4bcc7e
4bcd7e
4bce7e
4bcf7e
4bd07e
4bd17e
4bd27e
4bd37e
4bd47e
4bd57e
4bd67e
4bd77e
4bd87e
4bd97e
4bda7e
4bdb7e
4bdc7e
4bdd7e
4bde7e
4bdf7e
4be07e
4be17e
4be27e
4be37e
4be47e
4be57e
4be67e
4be77e
4be87e
4be97e
4bea7e
4beb7e
4bec7e
4bed7e
4bee7e
4bef7e
4bf07e
4bf17e
4bf27e
4bf37e
4bf47e
4bf57e
4bf67e
4bf77e
4bf87e
4bf97e
4bfa7e
4bfb7e
4bfc7e
4bfd7e
4bfe7e
4bff7e
4c007e
4c017e
4c027e
4c037e
4c047e
4c057e
4c067e
4c077e
4c087e
4c097e
4c0a7e
4c0b7e
4c0c7e
4c0d7e
4c0e7e
4c0f7e
4c107e
4c117e
4c127e
4c137e
4c147e
4c157e
4c167e
4c177e
4c187e
4c197e
4c1a7e
4c1b7e
4c1c7e
4c1d7e
4c1e7e
4c1f7e
4c207e
4c217e
4c227e
4c237e
4c247e
4c257e
4c267e
4c277e
4c287e
4c297e
4c2a7e
4c2b7e
4c2c7e
4c2d7e
4c2e7e
4c2f7e
4c307e
4c317e
4c327e
4c337e
4c347e
4c357e
4c367e
4c377e
4c387e
4c397e
4c3a7e
4c3b7e
4c3c7e
4c3d7e
4c3e7e
4c3f7e
4c407e
4c417e
4c427e
4c437e
4c447e
4c457e
4c467e
4c477e
4c487e
4c497e
4c4a7e
4c4b7e
4c4c7e
4c4d7e
4c4e7e
4c4f7e
4c507e
4c517e
4c527e
4c537e
4c547e
4c557e
4c567e
4c577e
4c587e
4c597e
4c5a7e
4c5b7e
4c5c7e
4c5d7e
4c5e7e
4c5f7e
4c607e
4c617e
4c627e
4c637e
4c647e
4c657e
4c667e
4c677e
4c687e
4c697e
4c6a7e
4c6b7e
4c6c7e
4c6d7e
4c6e7e
4c6f7e
4c707e
4c717e
4c727e
4c737e
4c747e
4c757e
4c767e
4c777e
4c787e
4c797e
4c7a7e
4c7b7e
4c7c7e
4c7d7e
4c7e7e
4c7f7e
4c807e
4c817e
4c827e
4c837e
4c847e
4c857e
4c867e
4c877e
4c887e
4c897e
4c8a7e
4c8b7e
4c8c7e
4c8d7e
4c8e7e
4c8f7e
4c907e
4c917e
4c927e
4c937e
4c947e
4c957e
4c967e
4c977e
4c987e
4c997e
4c9a7e
4c9b7e
4c9c7e
4c9d7e
4c9e7e
4c9f7e
4ca07e
4ca17e
4ca27e
4ca37e
4ca47e
4ca57e
4ca67e
4ca77e
4ca87e
4ca97e
4caa7e
4cab7e
4cac7e
4cad7e
4cae7e
4caf7e
4cb07e
4cb17e
4cb27e
4cb37e
4cb47e
4cb57e
4cb67e
4cb77e
4cb87e
4cb97e
4cba7e
4cbb7e
4cbc7e
4cbd7e
4cbe7e
4cbf7e
4cc07e
4cc17e
4cc27e
4cc37e
4cc47e
4cc57e
4cc67e
4cc77e
4cc87e
4cc97e
4cca7e
4ccb7e
4ccc7e
4ccd7e
4cce7e
4ccf7e
4cd07e
4cd17e
4cd27e
4cd37e
4cd47e
4cd57e
4cd67e
4cd77e
4cd87e
4cd97e
4cda7e
4cdb7e
4cdc7e
4cdd7e
4cde7e
4cdf7e
4ce07e
4ce17e
4ce27e
4ce37e
4ce47e
4ce57e
4ce67e
4ce77e
4ce87e
4ce97e
4cea7e
4ceb7e
4cec7e
4ced7e
4cee7e
4cef7e
4cf07e
4cf17e
4cf27e
4cf37e
4cf47e
4cf57e
4cf67e
4cf77e
4cf87e
4cf97e
4cfa7e
4cfb7e
4cfc7e
4cfd7e
4cfe7e
4cff7e
4d007e
4d017e
4d027e
4d037e
4d047e
4d057e
4d067e
4d077e
4d087e
4d097e
4d0a7e
4d0b7e
4d0c7e
4d0d7e
4d0e7e
4d0f7e
4d107e
4d117e
4d127e
4d137e
4d147e
4d157e
4d167e
4d177e
4d187e
4d197e
4d1a7e
4d1b7e
4d1c7e
4d1d7e
4d1e7e
4d1f7e
4d207e
4d217e
4d227e
4d237e
4d247e
4d257e
4d267e
4d277e
4d287e
4d297e
4d2a7e
4d2b7e
4d2c7e
4d2d7e
4d2e7e
4d2f7e
4d307e
4d317e
4d327e
4d337e
4d347e
4d357e
4d367e
4d377e
4d387e
4d397e
4d3a7e
4d3b7e
4d3c7e
4d3d7e
4d3e7e
4d3f7e
4d407e
4d417e
4d427e
4d437e
4d447e
4d457e
4d467e
4d477e
4d487e
4d497e
4d4a7e
4d4b7e
4d4c7e
4d4d7e
4d4e7e
4d4f7e
4d507e
4d517e
4d527e
4d537e
4d547e
4d557e
4d567e
4d577e
4d587e
4d597e
4d5a7e
4d5b7e
4d5c7e
4d5d7e
4d5e7e
4d5f7e
4d607e
4d617e
4d627e
4d637e
4d647e
4d657e
4d667e
4d677e
4d687e
4d697e
4d6a7e
4d6b7e
4d6c7e
4d6d7e
4d6e7e
4d6f7e
4d707e
4d717e
4d727e
4d737e
4d747e
4d757e
4d767e
4d777e
4d787e
4d797e
4d7a7e
4d7b7e
4d7c7e
4d7d7e
4d7e7e
4d7f7e
4d807e
4d817e
4d827e
4d837e
4d847e
4d857e
4d867e
4d877e
4d887e
4d897e
4d8a7e
4d8b7e
4d8c7e
4d8d7e
4d8e7e
4d8f7e
4d907e
4d917e
4d927e
4d937e
4d947e
4d957e
4d967e
4d977e
4d987e
4d997e
4d9a7e
4d9b7e
4d9c7e
4d9d7e
4d9e7e
4d9f7e
4da07e
4da17e
4da27e
4da37e
4da47e
4da57e
4da67e
4da77e
4da87e
4da97e
4daa7e
4dab7e
4dac7e
4dad7e
4dae7e
4daf7e
4db07e
4db17e
4db27e
4db37e
4db47e
4db57e
4db67e
4db77e
4db87e
4db97e
4dba7e
4dbb7e
4dbc7e
4dbd7e
4dbe7e
4dbf7e
4dc07e
4dc17e
4dc27e
4dc37e
4dc47e
4dc57e
4dc67e
4dc77e
4dc87e
4dc97e
4dca7e
4dcb7e
4dcc7e
4dcd7e
4dce7e
4dcf7e
4dd07e
4dd17e
4dd27e
4dd37e
4dd47e
4dd57e
4dd67e
4dd77e
4dd87e
4dd97e
4dda7e
4ddb7e
4ddc7e
4ddd7e
4dde7e
4ddf7e
4de07e
4de17e
4de27e
4de37e
4de47e
4de57e
4de67e
4de77e
4de87e
4de97e
4dea7e
4deb7e
4dec7e
4ded7e
4dee7e
4def7e
4df07e
4df17e
4df27e
4df37e
4df47e
4df57e
4df67e
4df77e
4df87e
4df97e
4dfa7e
4dfb7e
4dfc7e
4dfd7e
4dfe7e
4dff7e
4e007e
4e017e
4e027e
4e037e
4e047e
4e057e
4e067e
4e077e
4e087e
4e097e
4e0a7e
4e0b7e
4e0c7e
4e0d7e
4e0e7e
4e0f7e
4e107e
4e117e
4e127e
4e137e
4e147e
4e157e
4e167e
4e177e
4e187e
4e197e
4e1a7e
4e1b7e
4e1c7e
4e1d7e
4e1e7e
4e1f7e
4e207e
4e217e
4e227e
4e237e
4e247e
4e257e
4e267e
4e277e
4e287e
4e297e
4e2a7e
4e2b7e
4e2c7e
4e2d7e
4e2e7e
4e2f7e
4e307e
4e317e
4e327e
4e337e
4e347e
4e357e
4e367e
4e377e
4e387e
4e397e
4e3a7e
4e3b7e
4e3c7e
4e3d7e
4e3e7e
4e3f7e
4e407e
4e417e
4e427e
4e437e
4e447e
4e457e
4e467e
4e477e
4e487e
4e497e
4e4a7e
4e4b7e
4e4c7e
4e4d7e
4e4e7e
4e4f7e
4e507e
4e517e
4e527e
4e537e
4e547e
4e557e
4e567e
4e577e
4e587e
4e597e
4e5a7e
4e5b7e
4e5c7e
4e5d7e
4e5e7e
4e5f7e
4e607e
4e617e
4e627e
4e637e
4e647e
4e657e
4e667e
4e677e
4e687e
4e697e
4e6a7e
4e6b7e
4e6c7e
4e6d7e
4e6e7e
4e6f7e
4e707e
4e717e
4e727e
4e737e
4e747e
4e757e
4e767e
4e777e
4e787e
4e797e
4e7a7e
4e7b7e
4e7c7e
4e7d7e
4e7e7e
4e7f7e
4e807e
4e817e
4e827e
4e837e
4e847e
4e857e
4e867e
4e877e
4e887e
4e897e
4e8a7e
4e8b7e
4e8c7e
4e8d7e
4e8e7e
4e8f7e
4e907e
4e917e
4e927e
4e937e
4e947e
4e957e
4e967e
4e977e
4e987e
4e997e
4e9a7e
4e9b7e
4e9c7e
4e9d7e
4e9e7e
4e9f7e
4ea07e
4ea17e
4ea27e
4ea37e
4ea47e
4ea57e
4ea67e
4ea77e
4ea87e
4ea97e
4eaa7e
4eab7e
4eac7e
4ead7e
4eae7e
4eaf7e
4eb07e
4eb17e
4eb27e
4eb37e
4eb47e
4eb57e
4eb67e
4eb77e
4eb87e
4eb97e
4eba7e
4ebb7e
4ebc7e
4ebd7e
4ebe7e
4ebf7e
4ec07e
4ec17e
4ec27e
4ec37e
4ec47e
4ec57e
4ec67e
4ec77e
4ec87e
4ec97e
4eca7e
4ecb7e
4ecc7e
4ecd7e
4ece7e
4ecf7e
4ed07e
4ed17e
4ed27e
4ed37e
4ed47e
4ed57e
4ed67e
4ed77e
4ed87e
4ed97e
4eda7e
4edb7e
4edc7e
4edd7e
4ede7e
4edf7e
4ee07e
4ee17e
4ee27e
4ee37e
4ee47e
4ee57e
4ee67e
4ee77e
4ee87e
4ee97e
4eea7e
4eeb7e
4eec7e
4eed7e
4eee7e
4eef7e
4ef07e
4ef17e
4ef27e
4ef37e
4ef47e
4ef57e
4ef67e
4ef77e
4ef87e
4ef97e
4efa7e
4efb7e
4efc7e
4efd7e
4efe7e
4eff7e
4f007e
4f017e
4f027e
4f037e
4f047e
4f057e
4f067e
4f077e
4f087e
4f097e
4f0a7e
4f0b7e
4f0c7e
4f0d7e
4f0e7e
4f0f7e
4f107e
4f117e
4f127e
4f137e
4f147e
4f157e
4f167e
4f177e
4f187e
4f197e
4f1a7e
4f1b7e
4f1c7e
4f1d7e
4f1e7e
4f1f7e
4f207e
4f217e
4f227e
4f237e
4f247e
4f257e
4f267e
4f277e
4f287e
4f297e
4f2a7e
4f2b7e
4f2c7e
4f2d7e
4f2e7e
4f2f7e
4f307e
4f317e
4f327e
4f337e
4f347e
4f357e
4f367e
4f377e
4f387e
4f397e
4f3a7e
4f3b7e
4f3c7e
4f3d7e
4f3e7e
4f3f7e
4f407e
4f417e
4f427e
4f437e
4f447e
4f457e
4f467e
4f477e
4f487e
4f497e
4f4a7e
4f4b7e
4f4c7e
4f4d7e
4f4e7e
4f4f7e
4f507e
4f517e
4f527e
4f537e
4f547e
4f557e
4f567e
4f577e
4f587e
4f597e
4f5a7e
4f5b7e
4f5c7e
4f5d7e
4f5e7e
4f5f7e
4f607e
4f617e
4f627e
4f637e
4f647e
4f657e
4f667e
4f677e
4f687e
4f697e
4f6a7e
4f6b7e
4f6c7e
4f6d7e
4f6e7e
4f6f7e
4f707e
4f717e
4f727e
4f737e
4f747e
4f757e
4f767e
4f777e
4f787e
4f797e
4f7a7e
4f7b7e
4f7c7e
4f7d7e
4f7e7e
4f7f7e
4f807e
4f817e
4f827e
4f837e
4f847e
4f857e
4f867e
4f877e
4f887e
4f897e
4f8a7e
4f8b7e
4f8c7e
4f8d7e
4f8e7e
4f8f7e
4f907e
4f917e
4f927e
4f937e
4f947e
4f957e
4f967e
4f977e
4f987e
4f997e
4f9a7e
4f9b7e
4f9c7e
4f9d7e
4f9e7e
4f9f7e
4fa07e
4fa17e
4fa27e
4fa37e
4fa47e
4fa57e
4fa67e
4fa77e
4fa87e
4fa97e
4faa7e
4fab7e
4fac7e
4fad7e
4fae7e
4faf7e
4fb07e
4fb17e
4fb27e
4fb37e
4fb47e
4fb57e
4fb67e
4fb77e
4fb87e
4fb97e
4fba7e
4fbb7e
4fbc7e
4fbd7e
4fbe7e
4fbf7e
4fc07e
4fc17e
4fc27e
4fc37e
4fc47e
4fc57e
4fc67e
4fc77e
4fc87e
4fc97e
4fca7e
4fcb7e
4fcc7e
4fcd7e
4fce7e
4fcf7e
4fd07e
4fd17e
4fd27e
4fd37e
4fd47e
4fd57e
4fd67e
4fd77e
4fd87e
4fd97e
4fda7e
4fdb7e
4fdc7e
4fdd7e
4fde7e
4fdf7e
4fe07e
4fe17e
4fe27e
4fe37e
4fe47e
4fe57e
4fe67e
4fe77e
4fe87e
4fe97e
4fea7e
4feb7e
4fec7e
4fed7e
4fee7e
4fef7e
4ff07e
4ff17e
4ff27e
4ff37e
4ff47e
4ff57e
4ff67e
4ff77e
4ff87e
4ff97e
4ffa7e
4ffb7e
4ffc7e
4ffd7e
4ffe7e
4fff7e
50007e
50017e
50027e
50037e
50047e
50057e
50067e
50077e
50087e
50097e
500a7e
500b7e
500c7e
500d7e
500e7e
500f7e
50107e
50117e
50127e
50137e
50147e
50157e
50167e
50177e
50187e
50197e
501a7e
501b7e
501c7e
501d7e
501e7e
501f7e
50207e
50217e
50227e
50237e
50247e
50257e
50267e
50277e
50287e
50297e
502a7e
502b7e
502c7e
502d7e
502e7e
502f7e
50307e
50317e
50327e
50337e
50347e
50357e
50367e
50377e
50387e
50397e
503a7e
503b7e
503c7e
503d7e
503e7e
503f7e
50407e
50417e
50427e
50437e
50447e
50457e
50467e
50477e
50487e
50497e
504a7e
504b7e
504c7e
504d7e
504e7e
504f7e
50507e
50517e
50527e
50537e
50547e
50557e
50567e
50577e
50587e
50597e
505a7e
505b7e
505c7e
505d7e
505e7e
505f7e
50607e
50617e
50627e
50637e
50647e
50657e
50667e
50677e
50687e
50697e
506a7e
506b7e
506c7e
506d7e
506e7e
506f7e
50707e
50717e
50727e
50737e
50747e
50757e
50767e
50777e
50787e
50797e
507a7e
507b7e
507c7e
507d7e
507e7e
507f7e
50807e
50817e
50827e
50837e
50847e
50857e
50867e
50877e
50887e
50897e
508a7e
508b7e
508c7e
508d7e
508e7e
508f7e
50907e
50917e
50927e
50937e
50947e
50957e
50967e
50977e
50987e
50997e
509a7e
509b7e
509c7e
509d7e
509e7e
509f7e
50a07e
50a17e
50a27e
50a37e
50a47e
50a57e
50a67e
50a77e
50a87e
50a97e
50aa7e
50ab7e
50ac7e
50ad7e
50ae7e
50af7e
50b07e
50b17e
50b27e
50b37e
50b47e
50b57e
50b67e
50b77e
50b87e
50b97e
50ba7e
50bb7e
50bc7e
50bd7e
50be7e
50bf7e
50c07e
50c17e
50c27e
50c37e
50c47e
50c57e
50c67e
50c77e
50c87e
50c97e
50ca7e
50cb7e
50cc7e
50cd7e
50ce7e
50cf7e
50d07e
50d17e
50d27e
50d37e
50d47e
50d57e
50d67e
50d77e
50d87e
50d97e
50da7e
50db7e
50dc7e
50dd7e
50de7e
50df7e
50e07e
50e17e
50e27e
50e37e
50e47e
50e57e
50e67e
50e77e
50e87e
50e97e
50ea7e
50eb7e
50ec7e
50ed7e
50ee7e
50ef7e
50f07e
50f17e
50f27e
50f37e
50f47e
50f57e
50f67e
50f77e
50f87e
50f97e
50fa7e
50fb7e
50fc7e
50fd7e
50fe7e
50ff7e
51007e
51017e
51027e
51037e
51047e
51057e
51067e
51077e
51087e
51097e
510a7e
510b7e
510c7e
510d7e
510e7e
510f7e
51107e
51117e
51127e
51137e
51147e
51157e
51167e
51177e
51187e
51197e
511a7e
511b7e
511c7e
511d7e
511e7e
511f7e
51207e
51217e
51227e
51237e
51247e
51257e
51267e
51277e
51287e
51297e
512a7e
512b7e
512c7e
512d7e
512e7e
512f7e
51307e
51317e
51327e
51337e
51347e
51357e
51367e
51377e
51387e
51397e
513a7e
513b7e
513c7e
513d7e
513e7e
513f7e
51407e
51417e
51427e
51437e
51447e
51457e
51467e
51477e
51487e
51497e
514a7e
514b7e
514c7e
514d7e
514e7e
514f7e
51507e
51517e
51527e
51537e
51547e
51557e
51567e
51577e
51587e
51597e
515a7e
515b7e
515c7e
515d7e
515e7e
515f7e
51607e
51617e
51627e
51637e
51647e
51657e
51667e
51677e
51687e
51697e
516a7e
516b7e
516c7e
516d7e
516e7e
516f7e
51707e
51717e
51727e
51737e
51747e
51757e
51767e
51777e
51787e
51797e
517a7e
517b7e
517c7e
517d7e
517e7e
517f7e
51807e
51817e
51827e
51837e
51847e
51857e
51867e
51877e
51887e
51897e
518a7e
518b7e
518c7e
518d7e
518e7e
518f7e
51907e
51917e
51927e
51937e
51947e
51957e
51967e
51977e
51987e
51997e
519a7e
519b7e
519c7e
519d7e
519e7e
519f7e
51a07e
51a17e
51a27e
51a37e
51a47e
51a57e
51a67e
51a77e
51a87e
51a97e
51aa7e
51ab7e
51ac7e
51ad7e
51ae7e
51af7e
51b07e
51b17e
51b27e
51b37e
51b47e
51b57e
51b67e
51b77e
51b87e
51b97e
51ba7e
51bb7e
51bc7e
51bd7e
51be7e
51bf7e
51c07e
51c17e
51c27e
51c37e
51c47e
51c57e
51c67e
51c77e
51c87e
51c97e
51ca7e
51cb7e
51cc7e
51cd7e
51ce7e
51cf7e
51d07e
51d17e
51d27e
51d37e
51d47e
51d57e
51d67e
51d77e
51d87e
51d97e
51da7e
51db7e
51dc7e
51dd7e
51de7e
51df7e
51e07e
51e17e
51e27e
51e37e
51e47e
51e57e
51e67e
51e77e
51e87e
51e97e
51ea7e
51eb7e
51ec7e
51ed7e
51ee7e
51ef7e
51f07e
51f17e
51f27e
51f37e
51f47e
51f57e
51f67e
51f77e
51f87e
51f97e
51fa7e
51fb7e
51fc7e
51fd7e
51fe7e
51ff7e
52007e
52017e
52027e
52037e
52047e
52057e
52067e
52077e
52087e
52097e
520a7e
520b7e
520c7e
520d7e
520e7e
520f7e
52107e
52117e
52127e
52137e
52147e
52157e
52167e
52177e
52187e
52197e
521a7e
521b7e
521c7e
521d7e
521e7e
521f7e
52207e
52217e
52227e
52237e
52247e
52257e
52267e
52277e
52287e
52297e
522a7e
522b7e
522c7e
522d7e
522e7e
522f7e
52307e
52317e
52327e
52337e
52347e
52357e
52367e
52377e
52387e
52397e
523a7e
523b7e
523c7e
523d7e
523e7e
523f7e
52407e
52417e
52427e
52437e
52447e
52457e
52467e
52477e
52487e
52497e
524a7e
524b7e
524c7e
524d7e
524e7e
524f7e
52507e
52517e
52527e
52537e
52547e
52557e
52567e
52577e
52587e
52597e
525a7e
525b7e
525c7e
525d7e
525e7e
525f7e
52607e
52617e
52627e
52637e
52647e
52657e
52667e
52677e
52687e
52697e
526a7e
526b7e
526c7e
526d7e
526e7e
526f7e
52707e
52717e
52727e
52737e
52747e
52757e
52767e
52777e
52787e
52797e
527a7e
527b7e
527c7e
527d7e
527e7e
527f7e
52807e
52817e
52827e
52837e
52847e
52857e
52867e
52877e
52887e
52897e
528a7e
528b7e
528c7e
528d7e
528e7e
528f7e
52907e
52917e
52927e
52937e
52947e
52957e
52967e
52977e
52987e
52997e
529a7e
529b7e
529c7e
529d7e
529e7e
529f7e
52a07e
52a17e
52a27e
52a37e
52a47e
52a57e
52a67e
52a77e
52a87e
52a97e
52aa7e
52ab7e
52ac7e
52ad7e
52ae7e
52af7e
52b07e
52b17e
52b27e
52b37e
52b47e
52b57e
52b67e
52b77e
52b87e
52b97e
52ba7e
52bb7e
52bc7e
52bd7e
52be7e
52bf7e
52c07e
52c17e
52c27e
52c37e
52c47e
52c57e
52c67e
52c77e
52c87e
52c97e
52ca7e
52cb7e
52cc7e
52cd7e
52ce7e
52cf7e
52d07e
52d17e
52d27e
52d37e
52d47e
52d57e
52d67e
52d77e
52d87e
52d97e
52da7e
52db7e
52dc7e
52dd7e
52de7e
52df7e
52e07e
52e17e
52e27e
52e37e
52e47e
52e57e
52e67e
52e77e
52e87e
52e97e
52ea7e
52eb7e
52ec7e
52ed7e
52ee7e
52ef7e
52f07e
52f17e
52f27e
52f37e
52f47e
52f57e
52f67e
52f77e
52f87e
52f97e
52fa7e
52fb7e
52fc7e
52fd7e
52fe7e
52ff7e
53007e
53017e
53027e
53037e
53047e
53057e
53067e
53077e
53087e
53097e
530a7e
530b7e
530c7e
530d7e
530e7e
530f7e
53107e
53117e
53127e
53137e
53147e
53157e
53167e
53177e
53187e
53197e
531a7e
531b7e
531c7e
531d7e
531e7e
531f7e
53207e
53217e
53227e
53237e
53247e
53257e
53267e
53277e
53287e
53297e
532a7e
532b7e
532c7e
532d7e
532e7e
532f7e
53307e
53317e
53327e
53337e
53347e
53357e
53367e
53377e
53387e
53397e
533a7e
533b7e
533c7e
533d7e
533e7e
533f7e
53407e
53417e
53427e
53437e
53447e
53457e
53467e
53477e
53487e
53497e
534a7e
534b7e
534c7e
534d7e
534e7e
534f7e
53507e
53517e
53527e
53537e
53547e
53557e
53567e
53577e
53587e
53597e
535a7e
535b7e
535c7e
535d7e
535e7e
535f7e
53607e
53617e
53627e
53637e
53647e
53657e
53667e
53677e
53687e
53697e
536a7e
536b7e
536c7e
536d7e
536e7e
536f7e
53707e
53717e
53727e
53737e
53747e
53757e
53767e
53777e
53787e
53797e
537a7e
537b7e
537c7e
537d7e
537e7e
537f7e
53807e
53817e
53827e
53837e
53847e
53857e
53867e
53877e
53887e
53897e
538a7e
538b7e
538c7e
538d7e
538e7e
538f7e
53907e
53917e
53927e
53937e
53947e
53957e
53967e
53977e
53987e
53997e
539a7e
539b7e
539c7e
539d7e
539e7e
539f7e
53a07e
53a17e
53a27e
53a37e
53a47e
53a57e
53a67e
53a77e
53a87e
53a97e
53aa7e
53ab7e
53ac7e
53ad7e
53ae7e
53af7e
53b07e
53b17e
53b27e
53b37e
53b47e
53b57e
53b67e
53b77e
53b87e
53b97e
53ba7e
53bb7e
53bc7e
53bd7e
53be7e
53bf7e
53c07e
53c17e
53c27e
53c37e
53c47e
53c57e
53c67e
53c77e
53c87e
53c97e
53ca7e
53cb7e
53cc7e
53cd7e
53ce7e
53cf7e
53d07e
53d17e
53d27e
53d37e
53d47e
53d57e
53d67e
53d77e
53d87e
53d97e
53da7e
53db7e
53dc7e
53dd7e
53de7e
53df7e
53e07e
53e17e
53e27e
53e37e
53e47e
53e57e
53e67e
53e77e
53e87e
53e97e
53ea7e
53eb7e
53ec7e
53ed7e
53ee7e
53ef7e
53f07e
53f17e
53f27e
53f37e
53f47e
53f57e
53f67e
53f77e
53f87e
53f97e
53fa7e
53fb7e
53fc7e
53fd7e
53fe7e
53ff7e
54007e
54017e
54027e
54037e
54047e
54057e
54067e
54077e
54087e
54097e
540a7e
540b7e
540c7e
540d7e
540e7e
540f7e
54107e
54117e
54127e
54137e
54147e
54157e
54167e
54177e
54187e
54197e
541a7e
541b7e
541c7e
541d7e
541e7e
541f7e
54207e
54217e
54227e
54237e
54247e
54257e
54267e
54277e
54287e
54297e
542a7e
542b7e
542c7e
542d7e
542e7e
542f7e
54307e
54317e
54327e
54337e
54347e
54357e
54367e
54377e
54387e
54397e
543a7e
543b7e
543c7e
543d7e
543e7e
543f7e
54407e
54417e
54427e
54437e
54447e
54457e
54467e
54477e
54487e
54497e
544a7e
544b7e
544c7e
544d7e
544e7e
544f7e
54507e
54517e
54527e
54537e
54547e
54557e
54567e
54577e
54587e
54597e
545a7e
545b7e
545c7e
545d7e
545e7e
545f7e
54607e
54617e
54627e
54637e
54647e
54657e
54667e
54677e
54687e
54697e
546a7e
546b7e
546c7e
546d7e
546e7e
546f7e
54707e
54717e
54727e
54737e
54747e
54757e
54767e
54777e
54787e
54797e
547a7e
547b7e
547c7e
547d7e
547e7e
547f7e
54807e
54817e
54827e
54837e
54847e
54857e
54867e
54877e
54887e
54897e
548a7e
548b7e
548c7e
548d7e
548e7e
548f7e
54907e
54917e
54927e
54937e
54947e
54957e
54967e
54977e
54987e
54997e
549a7e
549b7e
549c7e
549d7e
549e7e
549f7e
54a07e
54a17e
54a27e
54a37e
54a47e
54a57e
54a67e
54a77e
54a87e
54a97e
54aa7e
54ab7e
54ac7e
54ad7e
54ae7e
54af7e
54b07e
54b17e
54b27e
54b37e
54b47e
54b57e
54b67e
54b77e
54b87e
54b97e
54ba7e
54bb7e
54bc7e
54bd7e
54be7e
54bf7e
54c07e
54c17e
54c27e
54c37e
54c47e
54c57e
54c67e
54c77e
54c87e
54c97e
54ca7e
54cb7e
54cc7e
54cd7e
54ce7e
54cf7e
54d07e
54d17e
54d27e
54d37e
54d47e
54d57e
54d67e
54d77e
54d87e
54d97e
54da7e
54db7e
54dc7e
54dd7e
54de7e
54df7e
54e07e
54e17e
54e27e
54e37e
54e47e
54e57e
54e67e
54e77e
54e87e
54e97e
54ea7e
54eb7e
54ec7e
54ed7e
54ee7e
54ef7e
54f07e
54f17e
54f27e
54f37e
54f47e
54f57e
54f67e
54f77e
54f87e
54f97e
54fa7e
54fb7e
54fc7e
54fd7e
54fe7e
54ff7e
55007e
55017e
55027e
55037e
55047e
55057e
55067e
55077e
55087e
55097e
550a7e
550b7e
550c7e
550d7e
550e7e
550f7e
55107e
55117e
55127e
55137e
55147e
55157e
55167e
55177e
55187e
55197e
551a7e
551b7e
551c7e
551d7e
551e7e
551f7e
55207e
55217e
55227e
55237e
55247e
55257e
55267e
55277e
55287e
55297e
552a7e
552b7e
552c7e
552d7e
552e7e
552f7e
55307e
55317e
55327e
55337e
55347e
55357e
55367e
55377e
55387e
55397e
553a7e
553b7e
553c7e
553d7e
553e7e
553f7e
55407e
55417e
55427e
55437e
55447e
55457e
55467e
55477e
55487e
55497e
554a7e
554b7e
554c7e
554d7e
554e7e
554f7e
55507e
55517e
55527e
55537e
55547e
55557e
55567e
55577e
55587e
55597e
555a7e
555b7e
555c7e
555d7e
555e7e
555f7e
55607e
55617e
55627e
55637e
55647e
55657e
55667e
55677e
55687e
55697e
556a7e
556b7e
556c7e
556d7e
556e7e
556f7e
55707e
55717e
55727e
55737e
55747e
55757e
55767e
55777e
55787e
55797e
557a7e
557b7e
557c7e
557d7e
557e7e
557f7e
55807e
55817e
55827e
55837e
55847e
55857e
55867e
55877e
55887e
55897e
558a7e
558b7e
558c7e
558d7e
558e7e
558f7e
55907e
55917e
55927e
55937e
55947e
55957e
55967e
55977e
55987e
55997e
559a7e
559b7e
559c7e
559d7e
559e7e
559f7e
55a07e
55a17e
55a27e
55a37e
55a47e
55a57e
55a67e
55a77e
55a87e
55a97e
55aa7e
55ab7e
55ac7e
55ad7e
55ae7e
55af7e
55b07e
55b17e
55b27e
55b37e
55b47e
55b57e
55b67e
55b77e
55b87e
55b97e
55ba7e
55bb7e
55bc7e
55bd7e
55be7e
55bf7e
55c07e
55c17e
55c27e
55c37e
55c47e
55c57e
55c67e
55c77e
55c87e
55c97e
55ca7e
55cb7e
55cc7e
55cd7e
55ce7e
55cf7e
55d07e
55d17e
55d27e
55d37e
55d47e
55d57e
55d67e
55d77e
55d87e
55d97e
55da7e
55db7e
55dc7e
55dd7e
55de7e
55df7e
55e07e
55e17e
55e27e
55e37e
55e47e
55e57e
55e67e
55e77e
55e87e
55e97e
55ea7e
55eb7e
55ec7e
55ed7e
55ee7e
55ef7e
55f07e
55f17e
55f27e
55f37e
55f47e
55f57e
55f67e
55f77e
55f87e
55f97e
55fa7e
55fb7e
55fc7e
55fd7e
55fe7e
55ff7e
56007e
56017e
56027e
56037e
56047e
56057e
56067e
56077e
56087e
56097e
560a7e
560b7e
560c7e
560d7e
560e7e
560f7e
56107e
56117e
56127e
56137e
56147e
56157e
56167e
56177e
56187e
56197e
561a7e
561b7e
561c7e
561d7e
561e7e
561f7e
56207e
56217e
56227e
56237e
56247e
56257e
56267e
56277e
56287e
56297e
562a7e
562b7e
562c7e
562d7e
562e7e
562f7e
56307e
56317e
56327e
56337e
56347e
56357e
56367e
56377e
56387e
56397e
563a7e
563b7e
563c7e
563d7e
563e7e
563f7e
56407e
56417e
56427e
56437e
56447e
56457e
56467e
56477e
56487e
56497e
564a7e
564b7e
564c7e
564d7e
564e7e
564f7e
56507e
56517e
56527e
56537e
56547e
56557e
56567e
56577e
56587e
56597e
565a7e
565b7e
565c7e
565d7e
565e7e
565f7e
56607e
56617e
56627e
56637e
56647e
56657e
56667e
56677e
56687e
56697e
566a7e
566b7e
566c7e
566d7e
566e7e
566f7e
56707e
56717e
56727e
56737e
56747e
56757e
56767e
56777e
56787e
56797e
567a7e
567b7e
567c7e
567d7e
567e7e
567f7e
56807e
56817e
56827e
56837e
56847e
56857e
56867e
56877e
56887e
56897e
568a7e
568b7e
568c7e
568d7e
568e7e
568f7e
56907e
56917e
56927e
56937e
56947e
56957e
56967e
56977e
56987e
56997e
569a7e
569b7e
569c7e
569d7e
569e7e
569f7e
56a07e
56a17e
56a27e
56a37e
56a47e
56a57e
56a67e
56a77e
56a87e
56a97e
56aa7e
56ab7e
56ac7e
56ad7e
56ae7e
56af7e
56b07e
56b17e
56b27e
56b37e
56b47e
56b57e
56b67e
56b77e
56b87e
56b97e
56ba7e
56bb7e
56bc7e
56bd7e
56be7e
56bf7e
56c07e
56c17e
56c27e
56c37e
56c47e
56c57e
56c67e
56c77e
56c87e
56c97e
56ca7e
56cb7e
56cc7e
56cd7e
56ce7e
56cf7e
56d07e
56d17e
56d27e
56d37e
56d47e
56d57e
56d67e
56d77e
56d87e
56d97e
56da7e
56db7e
56dc7e
56dd7e
56de7e
56df7e
56e07e
56e17e
56e27e
56e37e
56e47e
56e57e
56e67e
56e77e
56e87e
56e97e
56ea7e
56eb7e
56ec7e
56ed7e
56ee7e
56ef7e
56f07e
56f17e
56f27e
56f37e
56f47e
56f57e
56f67e
56f77e
56f87e
56f97e
56fa7e
56fb7e
56fc7e
56fd7e
56fe7e
56ff7e
57007e
57017e
57027e
57037e
57047e
57057e
57067e
57077e
57087e
57097e
570a7e
570b7e
570c7e
570d7e
570e7e
570f7e
57107e
57117e
57127e
57137e
57147e
57157e
57167e
57177e
57187e
57197e
571a7e
571b7e
571c7e
571d7e
571e7e
571f7e
57207e
57217e
57227e
57237e
57247e
57257e
57267e
57277e
57287e
57297e
572a7e
572b7e
572c7e
572d7e
572e7e
572f7e
57307e
57317e
57327e
57337e
57347e
57357e
57367e
57377e
57387e
57397e
573a7e
573b7e
573c7e
573d7e
573e7e
573f7e
57407e
57417e
57427e
57437e
57447e
57457e
57467e
57477e
57487e
57497e
574a7e
574b7e
574c7e
574d7e
574e7e
574f7e
57507e
57517e
57527e
57537e
57547e
57557e
57567e
57577e
57587e
57597e
575a7e
575b7e
575c7e
575d7e
575e7e
575f7e
57607e
57617e
57627e
57637e
57647e
57657e
57667e
57677e
57687e
57697e
576a7e
576b7e
576c7e
576d7e
576e7e
576f7e
57707e
57717e
57727e
57737e
57747e
57757e
57767e
57777e
57787e
57797e
577a7e
577b7e
577c7e
577d7e
577e7e
577f7e
57807e
57817e
57827e
57837e
57847e
57857e
57867e
57877e
57887e
57897e
578a7e
578b7e
578c7e
578d7e
578e7e
578f7e
57907e
57917e
57927e
57937e
57947e
57957e
57967e
57977e
57987e
57997e
579a7e
579b7e
579c7e
579d7e
579e7e
579f7e
57a07e
57a17e
57a27e
57a37e
57a47e
57a57e
57a67e
57a77e
57a87e
57a97e
57aa7e
57ab7e
57ac7e
57ad7e
57ae7e
57af7e
57b07e
57b17e
57b27e
57b37e
57b47e
57b57e
57b67e
57b77e
57b87e
57b97e
57ba7e
57bb7e
57bc7e
57bd7e
57be7e
57bf7e
57c07e
57c17e
57c27e
57c37e
57c47e
57c57e
57c67e
57c77e
57c87e
57c97e
57ca7e
57cb7e
57cc7e
57cd7e
57ce7e
57cf7e
57d07e
57d17e
57d27e
57d37e
57d47e
57d57e
57d67e
57d77e
57d87e
57d97e
57da7e
57db7e
57dc7e
57dd7e
57de7e
57df7e
57e07e
57e17e
57e27e
57e37e
57e47e
57e57e
57e67e
57e77e
57e87e
57e97e
57ea7e
57eb7e
57ec7e
57ed7e
57ee7e
57ef7e
57f07e
57f17e
57f27e
57f37e
57f47e
57f57e
57f67e
57f77e
57f87e
57f97e
57fa7e
57fb7e
57fc7e
57fd7e
57fe7e
57ff7e
58007e
58017e
58027e
58037e
58047e
58057e
58067e
58077e
58087e
58097e
580a7e
580b7e
580c7e
580d7e
580e7e
580f7e
58107e
58117e
58127e
58137e
58147e
58157e
58167e
58177e
58187e
58197e
581a7e
581b7e
581c7e
581d7e
581e7e
581f7e
58207e
58217e
58227e
58237e
58247e
58257e
58267e
58277e
58287e
58297e
582a7e
582b7e
582c7e
582d7e
582e7e
582f7e
58307e
58317e
58327e
58337e
58347e
58357e
58367e
58377e
58387e
58397e
583a7e
583b7e
583c7e
583d7e
583e7e
583f7e
58407e
58417e
58427e
58437e
58447e
58457e
58467e
58477e
58487e
58497e
584a7e
584b7e
584c7e
584d7e
584e7e
584f7e
58507e
58517e
58527e
58537e
58547e
58557e
58567e
58577e
58587e
58597e
585a7e
585b7e
585c7e
585d7e
585e7e
585f7e
58607e
58617e
58627e
58637e
58647e
58657e
58667e
58677e
58687e
58697e
586a7e
586b7e
586c7e
586d7e
586e7e
586f7e
58707e
58717e
58727e
58737e
58747e
58757e
58767e
58777e
58787e
58797e
587a7e
587b7e
587c7e
587d7e
587e7e
587f7e
58807e
58817e
58827e
58837e
58847e
58857e
58867e
58877e
58887e
58897e
588a7e
588b7e
588c7e
588d7e
588e7e
588f7e
58907e
58917e
58927e
58937e
58947e
58957e
58967e
58977e
58987e
58997e
589a7e
589b7e
589c7e
589d7e
589e7e
589f7e
58a07e
58a17e
58a27e
58a37e
58a47e
58a57e
58a67e
58a77e
58a87e
58a97e
58aa7e
58ab7e
58ac7e
58ad7e
58ae7e
58af7e
58b07e
58b17e
58b27e
58b37e
58b47e
58b57e
58b67e
58b77e
58b87e
58b97e
58ba7e
58bb7e
58bc7e
58bd7e
58be7e
58bf7e
58c07e
58c17e
58c27e
58c37e
58c47e
58c57e
58c67e
58c77e
58c87e
58c97e
58ca7e
58cb7e
58cc7e
58cd7e
58ce7e
58cf7e
58d07e
58d17e
58d27e
58d37e
58d47e
58d57e
58d67e
58d77e
58d87e
58d97e
58da7e
58db7e
58dc7e
58dd7e
58de7e
58df7e
58e07e
58e17e
58e27e
58e37e
58e47e
58e57e
58e67e
58e77e
58e87e
58e97e
58ea7e
58eb7e
58ec7e
58ed7e
58ee7e
58ef7e
58f07e
58f17e
58f27e
58f37e
58f47e
58f57e
58f67e
58f77e
58f87e
58f97e
58fa7e
58fb7e
58fc7e
58fd7e
58fe7e
58ff7e
59007e
59017e
59027e
59037e
59047e
59057e
59067e
59077e
59087e
59097e
590a7e
590b7e
590c7e
590d7e
590e7e
590f7e
59107e
59117e
59127e
59137e
59147e
59157e
59167e
59177e
59187e
59197e
591a7e
591b7e
591c7e
591d7e
591e7e
591f7e
59207e
59217e
59227e
59237e
59247e
59257e
59267e
59277e
59287e
59297e
592a7e
592b7e
592c7e
592d7e
592e7e
592f7e
59307e
59317e
59327e
59337e
59347e
59357e
59367e
59377e
59387e
59397e
593a7e
593b7e
593c7e
593d7e
593e7e
593f7e
59407e
59417e
59427e
59437e
59447e
59457e
59467e
59477e
59487e
59497e
594a7e
594b7e
594c7e
594d7e
594e7e
594f7e
59507e
59517e
59527e
59537e
59547e
59557e
59567e
59577e
59587e
59597e
595a7e
595b7e
595c7e
595d7e
595e7e
595f7e
59607e
59617e
59627e
59637e
59647e
59657e
59667e
59677e
59687e
59697e
596a7e
596b7e
596c7e
596d7e
596e7e
596f7e
59707e
59717e
59727e
59737e
59747e
59757e
59767e
59777e
59787e
59797e
597a7e
597b7e
597c7e
597d7e
597e7e
597f7e
59807e
59817e
59827e
59837e
59847e
59857e
59867e
59877e
59887e
59897e
598a7e
598b7e
598c7e
598d7e
598e7e
598f7e
59907e
59917e
59927e
59937e
59947e
59957e
59967e
59977e
59987e
59997e
599a7e
599b7e
599c7e
599d7e
599e7e
599f7e
59a07e
59a17e
59a27e
59a37e
59a47e
59a57e
59a67e
59a77e
59a87e
59a97e
59aa7e
59ab7e
59ac7e
59ad7e
59ae7e
59af7e
59b07e
59b17e
59b27e
59b37e
59b47e
59b57e
59b67e
59b77e
59b87e
59b97e
59ba7e
59bb7e
59bc7e
59bd7e
59be7e
59bf7e
59c07e
59c17e
59c27e
59c37e
59c47e
59c57e
59c67e
59c77e
59c87e
59c97e
59ca7e
59cb7e
59cc7e
59cd7e
59ce7e
59cf7e
59d07e
59d17e
59d27e
59d37e
59d47e
59d57e
59d67e
59d77e
59d87e
59d97e
59da7e
59db7e
59dc7e
59dd7e
59de7e
59df7e
59e07e
59e17e
59e27e
59e37e
59e47e
59e57e
59e67e
59e77e
59e87e
59e97e
59ea7e
59eb7e
59ec7e
59ed7e
59ee7e
59ef7e
59f07e
59f17e
59f27e
59f37e
59f47e
59f57e
59f67e
59f77e
59f87e
59f97e
59fa7e
59fb7e
59fc7e
59fd7e
59fe7e
59ff7e
5a007e
5a017e
5a027e
5a037e
5a047e
5a057e
5a067e
5a077e
5a087e
5a097e
5a0a7e
5a0b7e
5a0c7e
5a0d7e
5a0e7e
5a0f7e
5a107e
5a117e
5a127e
5a137e
5a147e
5a157e
5a167e
5a177e
5a187e
5a197e
5a1a7e
5a1b7e
5a1c7e
5a1d7e
5a1e7e
5a1f7e
5a207e
5a217e
5a227e
5a237e
5a247e
5a257e
5a267e
5a277e
5a287e
5a297e
5a2a7e
5a2b7e
5a2c7e
5a2d7e
5a2e7e
5a2f7e
5a307e
5a317e
5a327e
5a337e
5a347e
5a357e
5a367e
5a377e
5a387e
5a397e
5a3a7e
5a3b7e
5a3c7e
5a3d7e
5a3e7e
5a3f7e
5a407e
5a417e
5a427e
5a437e
5a447e
5a457e
5a467e
5a477e
5a487e
5a497e
5a4a7e
5a4b7e
5a4c7e
5a4d7e
5a4e7e
5a4f7e
5a507e
5a517e
5a527e
5a537e
5a547e
5a557e
5a567e
5a577e
5a587e
5a597e
5a5a7e
5a5b7e
5a5c7e
5a5d7e
5a5e7e
5a5f7e
5a607e
5a617e
5a627e
5a637e
5a647e
5a657e
5a667e
5a677e
5a687e
5a697e
5a6a7e
5a6b7e
5a6c7e
5a6d7e
5a6e7e
5a6f7e
5a707e
5a717e
5a727e
5a737e
5a747e
5a757e
5a767e
5a777e
5a787e
5a797e
5a7a7e
5a7b7e
5a7c7e
5a7d7e
5a7e7e
5a7f7e
5a807e
5a817e
5a827e
5a837e
5a847e
5a857e
5a867e
5a877e
5a887e
5a897e
5a8a7e
5a8b7e
5a8c7e
5a8d7e
5a8e7e
5a8f7e
5a907e
5a917e
5a927e
5a937e
5a947e
5a957e
5a967e
5a977e
5a987e
5a997e
5a9a7e
5a9b7e
5a9c7e
5a9d7e
5a9e7e
5a9f7e
5aa07e
5aa17e
5aa27e
5aa37e
5aa47e
5aa57e
5aa67e
5aa77e
5aa87e
5aa97e
5aaa7e
5aab7e
5aac7e
5aad7e
5aae7e
5aaf7e
5ab07e
5ab17e
5ab27e
5ab37e
5ab47e
5ab57e
5ab67e
5ab77e
5ab87e
5ab97e
5aba7e
5abb7e
5abc7e
5abd7e
5abe7e
5abf7e
5ac07e
5ac17e
5ac27e
5ac37e
5ac47e
5ac57e
5ac67e
5ac77e
5ac87e
5ac97e
5aca7e
5acb7e
5acc7e
5acd7e
5ace7e
5acf7e
5ad07e
5ad17e
5ad27e
5ad37e
5ad47e
5ad57e
5ad67e
5ad77e
5ad87e
5ad97e
5ada7e
5adb7e
5adc7e
5add7e
5ade7e
5adf7e
5ae07e
5ae17e
5ae27e
5ae37e
5ae47e
5ae57e
5ae67e
5ae77e
5ae87e
5ae97e
5aea7e
5aeb7e
5aec7e
5aed7e
5aee7e
5aef7e
5af07e
5af17e
5af27e
5af37e
5af47e
5af57e
5af67e
5af77e
5af87e
5af97e
5afa7e
5afb7e
5afc7e
5afd7e
5afe7e
5aff7e
5b007e
5b017e
5b027e
5b037e
5b047e
5b057e
5b067e
5b077e
5b087e
5b097e
5b0a7e
5b0b7e
5b0c7e
5b0d7e
5b0e7e
5b0f7e
5b107e
5b117e
5b127e
5b137e
5b147e
5b157e
5b167e
5b177e
5b187e
5b197e
5b1a7e
5b1b7e
5b1c7e
5b1d7e
5b1e7e
5b1f7e
5b207e
5b217e
5b227e
5b237e
5b247e
5b257e
5b267e
5b277e
5b287e
5b297e
5b2a7e
5b2b7e
5b2c7e
5b2d7e
5b2e7e
5b2f7e
5b307e
5b317e
5b327e
5b337e
5b347e
5b357e
5b367e
5b377e
5b387e
5b397e
5b3a7e
5b3b7e
5b3c7e
5b3d7e
5b3e7e
5b3f7e
5b407e
5b417e
5b427e
5b437e
5b447e
5b457e
5b467e
5b477e
5b487e
5b497e
5b4a7e
5b4b7e
5b4c7e
5b4d7e
5b4e7e
5b4f7e
5b507e
5b517e
5b527e
5b537e
5b547e
5b557e
5b567e
5b577e
5b587e
5b597e
5b5a7e
5b5b7e
5b5c7e
5b5d7e
5b5e7e
5b5f7e
5b607e
5b617e
5b627e
5b637e
5b647e
5b657e
5b667e
5b677e
5b687e
5b697e
5b6a7e
5b6b7e
5b6c7e
5b6d7e
5b6e7e
5b6f7e
5b707e
5b717e
5b727e
5b737e
5b747e
5b757e
5b767e
5b777e
5b787e
5b797e
5b7a7e
5b7b7e
5b7c7e
5b7d7e
5b7e7e
5b7f7e
5b807e
5b817e
5b827e
5b837e
5b847e
5b857e
5b867e
5b877e
5b887e
5b897e
5b8a7e
5b8b7e
5b8c7e
5b8d7e
5b8e7e
5b8f7e
5b907e
5b917e
5b927e
5b937e
5b947e
5b957e
5b967e
5b977e
5b987e
5b997e
5b9a7e
5b9b7e
5b9c7e
5b9d7e
5b9e7e
5b9f7e
5ba07e
5ba17e
5ba27e
5ba37e
5ba47e
5ba57e
5ba67e
5ba77e
5ba87e
5ba97e
5baa7e
5bab7e
5bac7e
5bad7e
5bae7e
5baf7e
5bb07e
5bb17e
5bb27e
5bb37e
5bb47e
5bb57e
5bb67e
5bb77e
5bb87e
5bb97e
5bba7e
5bbb7e
5bbc7e
5bbd7e
5bbe7e
5bbf7e
5bc07e
5bc17e
5bc27e
5bc37e
5bc47e
5bc57e
5bc67e
5bc77e
5bc87e
5bc97e
5bca7e
5bcb7e
5bcc7e
5bcd7e
5bce7e
5bcf7e
5bd07e
5bd17e
5bd27e
5bd37e
5bd47e
5bd57e
5bd67e
5bd77e
5bd87e
5bd97e
5bda7e
5bdb7e
5bdc7e
5bdd7e
5bde7e
5bdf7e
5be07e
5be17e
5be27e
5be37e
5be47e
5be57e
5be67e
5be77e
5be87e
5be97e
5bea7e
5beb7e
5bec7e
5bed7e
5bee7e
5bef7e
5bf07e
5bf17e
5bf27e
5bf37e
5bf47e
5bf57e
5bf67e
5bf77e
5bf87e
5bf97e
5bfa7e
5bfb7e
5bfc7e
5bfd7e
5bfe7e
5bff7e
5c007e
5c017e
5c027e
5c037e
5c047e
5c057e
5c067e
5c077e
5c087e
5c097e
5c0a7e
5c0b7e
5c0c7e
5c0d7e
5c0e7e
5c0f7e
5c107e
5c117e
5c127e
5c137e
5c147e
5c157e
5c167e
5c177e
5c187e
5c197e
5c1a7e
5c1b7e
5c1c7e
5c1d7e
5c1e7e
5c1f7e
5c207e
5c217e
5c227e
5c237e
5c247e
5c257e
5c267e
5c277e
5c287e
5c297e
5c2a7e
5c2b7e
5c2c7e
5c2d7e
5c2e7e
5c2f7e
5c307e
5c317e
5c327e
5c337e
5c347e
5c357e
5c367e
5c377e
5c387e
5c397e
5c3a7e
5c3b7e
5c3c7e
5c3d7e
5c3e7e
5c3f7e
5c407e
5c417e
5c427e
5c437e
5c447e
5c457e
5c467e
5c477e
5c487e
5c497e
5c4a7e
5c4b7e
5c4c7e
5c4d7e
5c4e7e
5c4f7e
5c507e
5c517e
5c527e
5c537e
5c547e
5c557e
5c567e
5c577e
5c587e
5c597e
5c5a7e
5c5b7e
5c5c7e
5c5d7e
5c5e7e
5c5f7e
5c607e
5c617e
5c627e
5c637e
5c647e
5c657e
5c667e
5c677e
5c687e
5c697e
5c6a7e
5c6b7e
5c6c7e
5c6d7e
5c6e7e
5c6f7e
5c707e
5c717e
5c727e
5c737e
5c747e
5c757e
5c767e
5c777e
5c787e
5c797e
5c7a7e
5c7b7e
5c7c7e
5c7d7e
5c7e7e
5c7f7e
5c807e
5c817e
5c827e
5c837e
5c847e
5c857e
5c867e
5c877e
5c887e
5c897e
5c8a7e
5c8b7e
5c8c7e
5c8d7e
5c8e7e
5c8f7e
5c907e
5c917e
5c927e
5c937e
5c947e
5c957e
5c967e
5c977e
5c987e
5c997e
5c9a7e
5c9b7e
5c9c7e
5c9d7e
5c9e7e
5c9f7e
5ca07e
5ca17e
5ca27e
5ca37e
5ca47e
5ca57e
5ca67e
5ca77e
5ca87e
5ca97e
5caa7e
5cab7e
5cac7e
5cad7e
5cae7e
5caf7e
5cb07e
5cb17e
5cb27e
5cb37e
5cb47e
5cb57e
5cb67e
5cb77e
5cb87e
5cb97e
5cba7e
5cbb7e
5cbc7e
5cbd7e
5cbe7e
5cbf7e
5cc07e
5cc17e
5cc27e
5cc37e
5cc47e
5cc57e
5cc67e
5cc77e
5cc87e
5cc97e
5cca7e
5ccb7e
5ccc7e
5ccd7e
5cce7e
5ccf7e
5cd07e
5cd17e
5cd27e
5cd37e
5cd47e
5cd57e
5cd67e
5cd77e
5cd87e
5cd97e
5cda7e
5cdb7e
5cdc7e
5cdd7e
5cde7e
5cdf7e
5ce07e
5ce17e
5ce27e
5ce37e
5ce47e
5ce57e
5ce67e
5ce77e
5ce87e
5ce97e
5cea7e
5ceb7e
5cec7e
5ced7e
5cee7e
5cef7e
5cf07e
5cf17e
5cf27e
5cf37e
5cf47e
5cf57e
5cf67e
5cf77e
5cf87e
5cf97e
5cfa7e
5cfb7e
5cfc7e
5cfd7e
5cfe7e
5cff7e
5d007e
5d017e
5d027e
5d037e
5d047e
5d057e
5d067e
5d077e
5d087e
5d097e
5d0a7e
5d0b7e
5d0c7e
5d0d7e
5d0e7e
5d0f7e
5d107e
5d117e
5d127e
5d137e
5d147e
5d157e
5d167e
5d177e
5d187e
5d197e
5d1a7e
5d1b7e
5d1c7e
5d1d7e
5d1e7e
5d1f7e
5d207e
5d217e
5d227e
5d237e
5d247e
5d257e
5d267e
5d277e
5d287e
5d297e
5d2a7e
5d2b7e
5d2c7e
5d2d7e
5d2e7e
5d2f7e
5d307e
5d317e
5d327e
5d337e
5d347e
5d357e
5d367e
5d377e
5d387e
5d397e
5d3a7e
5d3b7e
5d3c7e
5d3d7e
5d3e7e
5d3f7e
5d407e
5d417e
5d427e
5d437e
5d447e
5d457e
5d467e
5d477e
5d487e
5d497e
5d4a7e
5d4b7e
5d4c7e
5d4d7e
5d4e7e
5d4f7e
5d507e
5d517e
5d527e
5d537e
5d547e
5d557e
5d567e
5d577e
5d587e
5d597e
5d5a7e
5d5b7e
5d5c7e
5d5d7e
5d5e7e
5d5f7e
5d607e
5d617e
5d627e
5d637e
5d647e
5d657e
5d667e
5d677e
5d687e
5d697e
5d6a7e
5d6b7e
5d6c7e
5d6d7e
5d6e7e
5d6f7e
5d707e
5d717e
5d727e
5d737e
5d747e
5d757e
5d767e
5d777e
5d787e
5d797e
5d7a7e
5d7b7e
5d7c7e
5d7d7e
5d7e7e
5d7f7e
5d807e
5d817e
5d827e
5d837e
5d847e
5d857e
5d867e
5d877e
5d887e
5d897e
5d8a7e
5d8b7e
5d8c7e
5d8d7e
5d8e7e
5d8f7e
5d907e
5d917e
5d927e
5d937e
5d947e
5d957e
5d967e
5d977e
5d987e
5d997e
5d9a7e
5d9b7e
5d9c7e
5d9d7e
5d9e7e
5d9f7e
5da07e
5da17e
5da27e
5da37e
5da47e
5da57e
5da67e
5da77e
5da87e
5da97e
5daa7e
5dab7e
5dac7e
5dad7e
5dae7e
5daf7e
5db07e
5db17e
5db27e
5db37e
5db47e
5db57e
5db67e
5db77e
5db87e
5db97e
5dba7e
5dbb7e
5dbc7e
5dbd7e
5dbe7e
5dbf7e
5dc07e
5dc17e
5dc27e
5dc37e
5dc47e
5dc57e
5dc67e
5dc77e
5dc87e
5dc97e
5dca7e
5dcb7e
5dcc7e
5dcd7e
5dce7e
5dcf7e
5dd07e
5dd17e
5dd27e
5dd37e
5dd47e
5dd57e
5dd67e
5dd77e
5dd87e
5dd97e
5dda7e
5ddb7e
5ddc7e
5ddd7e
5dde7e
5ddf7e
5de07e
5de17e
5de27e
5de37e
5de47e
5de57e
5de67e
5de77e
5de87e
5de97e
5dea7e
5deb7e
5dec7e
5ded7e
5dee7e
5def7e
5df07e
5df17e
5df27e
5df37e
5df47e
5df57e
5df67e
5df77e
5df87e
5df97e
5dfa7e
5dfb7e
5dfc7e
5dfd7e
5dfe7e
5dff7e
5e007e
5e017e
5e027e
5e037e
5e047e
5e057e
5e067e
5e077e
5e087e
5e097e
5e0a7e
5e0b7e
5e0c7e
5e0d7e
5e0e7e
5e0f7e
5e107e
5e117e
5e127e
5e137e
5e147e
5e157e
5e167e
5e177e
5e187e
5e197e
5e1a7e
5e1b7e
5e1c7e
5e1d7e
5e1e7e
5e1f7e
5e207e
5e217e
5e227e
5e237e
5e247e
5e257e
5e267e
5e277e
5e287e
5e297e
5e2a7e
5e2b7e
5e2c7e
5e2d7e
5e2e7e
5e2f7e
5e307e
5e317e
5e327e
5e337e
5e347e
5e357e
5e367e
5e377e
5e387e
5e397e
5e3a7e
5e3b7e
5e3c7e
5e3d7e
5e3e7e
5e3f7e
5e407e
5e417e
5e427e
5e437e
5e447e
5e457e
5e467e
5e477e
5e487e
5e497e
5e4a7e
5e4b7e
5e4c7e
5e4d7e
5e4e7e
5e4f7e
5e507e
5e517e
5e527e
5e537e
5e547e
5e557e
5e567e
5e577e
5e587e
5e597e
5e5a7e
5e5b7e
5e5c7e
5e5d7e
5e5e7e
5e5f7e
5e607e
5e617e
5e627e
5e637e
5e647e
5e657e
5e667e
5e677e
5e687e
5e697e
5e6a7e
5e6b7e
5e6c7e
5e6d7e
5e6e7e
5e6f7e
5e707e
5e717e
5e727e
5e737e
5e747e
5e757e
5e767e
5e777e
5e787e
5e797e
5e7a7e
5e7b7e
5e7c7e
5e7d7e
5e7e7e
5e7f7e
5e807e
5e817e
5e827e
5e837e
5e847e
5e857e
5e867e
5e877e
5e887e
5e897e
5e8a7e
5e8b7e
5e8c7e
5e8d7e
5e8e7e
5e8f7e
5e907e
5e917e
5e927e
5e937e
5e947e
5e957e
5e967e
5e977e
5e987e
5e997e
5e9a7e
5e9b7e
5e9c7e
5e9d7e
5e9e7e
5e9f7e
5ea07e
5ea17e
5ea27e
5ea37e
5ea47e
5ea57e
5ea67e
5ea77e
5ea87e
5ea97e
5eaa7e
5eab7e
5eac7e
5ead7e
5eae7e
5eaf7e
5eb07e
5eb17e
5eb27e
5eb37e
5eb47e
5eb57e
5eb67e
5eb77e
5eb87e
5eb97e
5eba7e
5ebb7e
5ebc7e
5ebd7e
5ebe7e
5ebf7e
5ec07e
5ec17e
5ec27e
5ec37e
5ec47e
5ec57e
5ec67e
5ec77e
5ec87e
5ec97e
5eca7e
5ecb7e
5ecc7e
5ecd7e
5ece7e
5ecf7e
5ed07e
5ed17e
5ed27e
5ed37e
5ed47e
5ed57e
5ed67e
5ed77e
5ed87e
5ed97e
5eda7e
5edb7e
5edc7e
5edd7e
5ede7e
5edf7e
5ee07e
5ee17e
5ee27e
5ee37e
5ee47e
5ee57e
5ee67e
5ee77e
5ee87e
5ee97e
5eea7e
5eeb7e
5eec7e
5eed7e
5eee7e
5eef7e
5ef07e
5ef17e
5ef27e
5ef37e
5ef47e
5ef57e
5ef67e
5ef77e
5ef87e
5ef97e
5efa7e
5efb7e
5efc7e
5efd7e
5efe7e
5eff7e
5f007e
5f017e
5f027e
5f037e
5f047e
5f057e
5f067e
5f077e
5f087e
5f097e
5f0a7e
5f0b7e
5f0c7e
5f0d7e
5f0e7e
5f0f7e
5f107e
5f117e
5f127e
5f137e
5f147e
5f157e
5f167e
5f177e
5f187e
5f197e
5f1a7e
5f1b7e
5f1c7e
5f1d7e
5f1e7e
5f1f7e
5f207e
5f217e
5f227e
5f237e
5f247e
5f257e
5f267e
5f277e
5f287e
5f297e
5f2a7e
5f2b7e
5f2c7e
5f2d7e
5f2e7e
5f2f7e
5f307e
5f317e
5f327e
5f337e
5f347e
5f357e
5f367e
5f377e
5f387e
5f397e
5f3a7e
5f3b7e
5f3c7e
5f3d7e
5f3e7e
5f3f7e
5f407e
5f417e
5f427e
5f437e
5f447e
5f457e
5f467e
5f477e
5f487e
5f497e
5f4a7e
5f4b7e
5f4c7e
5f4d7e
5f4e7e
5f4f7e
5f507e
5f517e
5f527e
5f537e
5f547e
5f557e
5f567e
5f577e
5f587e
5f597e
5f5a7e
5f5b7e
5f5c7e
5f5d7e
5f5e7e
5f5f7e
5f607e
5f617e
5f627e
5f637e
5f647e
5f657e
5f667e
5f677e
5f687e
5f697e
5f6a7e
5f6b7e
5f6c7e
5f6d7e
5f6e7e
5f6f7e
5f707e
5f717e
5f727e
5f737e
5f747e
5f757e
5f767e
5f777e
5f787e
5f797e
5f7a7e
5f7b7e
5f7c7e
5f7d7e
5f7e7e
5f7f7e
5f807e
5f817e
5f827e
5f837e
5f847e
5f857e
5f867e
5f877e
5f887e
5f897e
5f8a7e
5f8b7e
5f8c7e
5f8d7e
5f8e7e
5f8f7e
5f907e
5f917e
5f927e
5f937e
5f947e
5f957e
5f967e
5f977e
5f987e
5f997e
5f9a7e
5f9b7e
5f9c7e
5f9d7e
5f9e7e
5f9f7e
5fa07e
5fa17e
5fa27e
5fa37e
5fa47e
5fa57e
5fa67e
5fa77e
5fa87e
5fa97e
5faa7e
5fab7e
5fac7e
5fad7e
5fae7e
5faf7e
5fb07e
5fb17e
5fb27e
5fb37e
5fb47e
5fb57e
5fb67e
5fb77e
5fb87e
5fb97e
5fba7e
5fbb7e
5fbc7e
5fbd7e
5fbe7e
5fbf7e
5fc07e
5fc17e
5fc27e
5fc37e
5fc47e
5fc57e
5fc67e
5fc77e
5fc87e
5fc97e
5fca7e
5fcb7e
5fcc7e
5fcd7e
5fce7e
5fcf7e
5fd07e
5fd17e
5fd27e
5fd37e
5fd47e
5fd57e
5fd67e
5fd77e
5fd87e
5fd97e
5fda7e
5fdb7e
5fdc7e
5fdd7e
5fde7e
5fdf7e
5fe07e
5fe17e
5fe27e
5fe37e
5fe47e
5fe57e
5fe67e
5fe77e
5fe87e
5fe97e
5fea7e
5feb7e
5fec7e
5fed7e
5fee7e
5fef7e
5ff07e
5ff17e
5ff27e
5ff37e
5ff47e
5ff57e
5ff67e
5ff77e
5ff87e
5ff97e
5ffa7e
5ffb7e
5ffc7e
5ffd7e
5ffe7e
5fff7e
60007e
60017e
60027e
60037e
60047e
60057e
60067e
60077e
60087e
60097e
600a7e
600b7e
600c7e
600d7e
600e7e
600f7e
60107e
60117e
60127e
60137e
60147e
60157e
60167e
60177e
60187e
60197e
601a7e
601b7e
601c7e
601d7e
601e7e
601f7e
60207e
60217e
60227e
60237e
60247e
60257e
60267e
60277e
60287e
60297e
602a7e
602b7e
602c7e
602d7e
602e7e
602f7e
60307e
60317e
60327e
60337e
60347e
60357e
60367e
60377e
60387e
60397e
603a7e
603b7e
603c7e
603d7e
603e7e
603f7e
60407e
60417e
60427e
60437e
60447e
60457e
60467e
60477e
60487e
60497e
604a7e
604b7e
604c7e
604d7e
604e7e
604f7e
60507e
60517e
60527e
60537e
60547e
60557e
60567e
60577e
60587e
60597e
605a7e
605b7e
605c7e
605d7e
605e7e
605f7e
60607e
60617e
60627e
60637e
60647e
60657e
60667e
60677e
60687e
60697e
606a7e
606b7e
606c7e
606d7e
606e7e
606f7e
60707e
60717e
60727e
60737e
60747e
60757e
60767e
60777e
60787e
60797e
607a7e
607b7e
607c7e
607d7e
607e7e
607f7e
60807e
60817e
60827e
60837e
60847e
60857e
60867e
60877e
60887e
60897e
608a7e
608b7e
608c7e
608d7e
608e7e
608f7e
60907e
60917e
60927e
60937e
60947e
60957e
60967e
60977e
60987e
60997e
609a7e
609b7e
609c7e
609d7e
609e7e
609f7e
60a07e
60a17e
60a27e
60a37e
60a47e
60a57e
60a67e
60a77e
60a87e
60a97e
60aa7e
60ab7e
60ac7e
60ad7e
60ae7e
60af7e
60b07e
60b17e
60b27e
60b37e
60b47e
60b57e
60b67e
60b77e
60b87e
60b97e
60ba7e
60bb7e
60bc7e
60bd7e
60be7e
60bf7e
60c07e
60c17e
60c27e
60c37e
60c47e
60c57e
60c67e
60c77e
60c87e
60c97e
60ca7e
60cb7e
60cc7e
60cd7e
60ce7e
60cf7e
60d07e
60d17e
60d27e
60d37e
60d47e
60d57e
60d67e
60d77e
60d87e
60d97e
60da7e
60db7e
60dc7e
60dd7e
60de7e
60df7e
60e07e
60e17e
60e27e
60e37e
60e47e
60e57e
60e67e
60e77e
60e87e
60e97e
60ea7e
60eb7e
60ec7e
60ed7e
60ee7e
60ef7e
60f07e
60f17e
60f27e
60f37e
60f47e
60f57e
60f67e
60f77e
60f87e
60f97e
60fa7e
60fb7e
60fc7e
60fd7e
60fe7e
60ff7e
61007e
61017e
61027e
61037e
61047e
61057e
61067e
61077e
61087e
61097e
610a7e
610b7e
610c7e
610d7e
610e7e
610f7e
61107e
61117e
61127e
61137e
61147e
61157e
61167e
61177e
61187e
61197e
611a7e
611b7e
611c7e
611d7e
611e7e
611f7e
61207e
61217e
61227e
61237e
61247e
61257e
61267e
61277e
61287e
61297e
612a7e
612b7e
612c7e
612d7e
612e7e
612f7e
61307e
61317e
61327e
61337e
61347e
61357e
61367e
61377e
61387e
61397e
613a7e
613b7e
613c7e
613d7e
613e7e
613f7e
61407e
61417e
61427e
61437e
61447e
61457e
61467e
61477e
61487e
61497e
614a7e
614b7e
614c7e
614d7e
614e7e
614f7e
61507e
61517e
61527e
61537e
61547e
61557e
61567e
61577e
61587e
61597e
615a7e
615b7e
615c7e
615d7e
615e7e
615f7e
61607e
61617e
61627e
61637e
61647e
61657e
61667e
61677e
61687e
61697e
616a7e
616b7e
616c7e
616d7e
616e7e
616f7e
61707e
61717e
61727e
61737e
61747e
61757e
61767e
61777e
61787e
61797e
617a7e
617b7e
617c7e
617d7e
617e7e
617f7e
61807e
61817e
61827e
61837e
61847e
61857e
61867e
61877e
61887e
61897e
618a7e
618b7e
618c7e
618d7e
618e7e
618f7e
61907e
61917e
61927e
61937e
61947e
61957e
61967e
61977e
61987e
61997e
619a7e
619b7e
619c7e
619d7e
619e7e
619f7e
61a07e
61a17e
61a27e
61a37e
61a47e
61a57e
61a67e
61a77e
61a87e
61a97e
61aa7e
61ab7e
61ac7e
61ad7e
61ae7e
61af7e
61b07e
61b17e
61b27e
61b37e
61b47e
61b57e
61b67e
61b77e
61b87e
61b97e
61ba7e
61bb7e
61bc7e
61bd7e
61be7e
61bf7e
61c07e
61c17e
61c27e
61c37e
61c47e
61c57e
61c67e
61c77e
61c87e
61c97e
61ca7e
61cb7e
61cc7e
61cd7e
61ce7e
61cf7e
61d07e
61d17e
61d27e
61d37e
61d47e
61d57e
61d67e
61d77e
61d87e
61d97e
61da7e
61db7e
61dc7e
61dd7e
61de7e
61df7e
61e07e
61e17e
61e27e
61e37e
61e47e
61e57e
61e67e
61e77e
61e87e
61e97e
61ea7e
61eb7e
61ec7e
61ed7e
61ee7e
61ef7e
61f07e
61f17e
61f27e
61f37e
61f47e
61f57e
61f67e
61f77e
61f87e
61f97e
61fa7e
61fb7e
61fc7e
61fd7e
61fe7e
61ff7e
62007e
62017e
62027e
62037e
62047e
62057e
62067e
62077e
62087e
62097e
620a7e
620b7e
620c7e
620d7e
620e7e
620f7e
62107e
62117e
62127e
62137e
62147e
62157e
62167e
62177e
62187e
62197e
621a7e
621b7e
621c7e
621d7e
621e7e
621f7e
62207e
62217e
62227e
62237e
62247e
62257e
62267e
62277e
62287e
62297e
622a7e
622b7e
622c7e
622d7e
622e7e
622f7e
62307e
62317e
62327e
62337e
62347e
62357e
62367e
62377e
62387e
62397e
623a7e
623b7e
623c7e
623d7e
623e7e
623f7e
62407e
62417e
62427e
62437e
62447e
62457e
62467e
62477e
62487e
62497e
624a7e
624b7e
624c7e
624d7e
624e7e
624f7e
62507e
62517e
62527e
62537e
62547e
62557e
62567e
62577e
62587e
62597e
625a7e
625b7e
625c7e
625d7e
625e7e
625f7e
62607e
62617e
62627e
62637e
62647e
62657e
62667e
62677e
62687e
62697e
626a7e
626b7e
626c7e
626d7e
626e7e
626f7e
62707e
62717e
62727e
62737e
62747e
62757e
62767e
62777e
62787e
62797e
627a7e
627b7e
627c7e
627d7e
627e7e
627f7e
62807e
62817e
62827e
62837e
62847e
62857e
62867e
62877e
62887e
62897e
628a7e
628b7e
628c7e
628d7e
628e7e
628f7e
62907e
62917e
62927e
62937e
62947e
62957e
62967e
62977e
62987e
62997e
629a7e
629b7e
629c7e
629d7e
629e7e
629f7e
62a07e
62a17e
62a27e
62a37e
62a47e
62a57e
62a67e
62a77e
62a87e
62a97e
62aa7e
62ab7e
62ac7e
62ad7e
62ae7e
62af7e
62b07e
62b17e
62b27e
62b37e
62b47e
62b57e
62b67e
62b77e
62b87e
62b97e
62ba7e
62bb7e
62bc7e
62bd7e
62be7e
62bf7e
62c07e
62c17e
62c27e
62c37e
62c47e
62c57e
62c67e
62c77e
62c87e
62c97e
62ca7e
62cb7e
62cc7e
62cd7e
62ce7e
62cf7e
62d07e
62d17e
62d27e
62d37e
62d47e
62d57e
62d67e
62d77e
62d87e
62d97e
62da7e
62db7e
62dc7e
62dd7e
62de7e
62df7e
62e07e
62e17e
62e27e
62e37e
62e47e
62e57e
62e67e
62e77e
62e87e
62e97e
62ea7e
62eb7e
62ec7e
62ed7e
62ee7e
62ef7e
62f07e
62f17e
62f27e
62f37e
62f47e
62f57e
62f67e
62f77e
62f87e
62f97e
62fa7e
62fb7e
62fc7e
62fd7e
62fe7e
62ff7e
63007e
63017e
63027e
63037e
63047e
63057e
63067e
63077e
63087e
63097e
630a7e
630b7e
630c7e
630d7e
630e7e
630f7e
63107e
63117e
63127e
63137e
63147e
63157e
63167e
63177e
63187e
63197e
631a7e
631b7e
631c7e
631d7e
631e7e
631f7e
63207e
63217e
63227e
63237e
63247e
63257e
63267e
63277e
63287e
63297e
632a7e
632b7e
632c7e
632d7e
632e7e
632f7e
63307e
63317e
63327e
63337e
63347e
63357e
63367e
63377e
63387e
63397e
633a7e
633b7e
633c7e
633d7e
633e7e
633f7e
63407e
63417e
63427e
63437e
63447e
63457e
63467e
63477e
63487e
63497e
634a7e
634b7e
634c7e
634d7e
634e7e
634f7e
63507e
63517e
63527e
63537e
63547e
63557e
63567e
63577e
63587e
63597e
635a7e
635b7e
635c7e
635d7e
635e7e
635f7e
63607e
63617e
63627e
63637e
63647e
63657e
63667e
63677e
63687e
63697e
636a7e
636b7e
636c7e
636d7e
636e7e
636f7e
63707e
63717e
63727e
63737e
63747e
63757e
63767e
63777e
63787e
63797e
637a7e
637b7e
637c7e
637d7e
637e7e
637f7e
63807e
63817e
63827e
63837e
63847e
63857e
63867e
63877e
63887e
63897e
638a7e
638b7e
638c7e
638d7e
638e7e
638f7e
63907e
63917e
63927e
63937e
63947e
63957e
63967e
63977e
63987e
63997e
639a7e
639b7e
639c7e
639d7e
639e7e
639f7e
63a07e
63a17e
63a27e
63a37e
63a47e
63a57e
63a67e
63a77e
63a87e
63a97e
63aa7e
63ab7e
63ac7e
63ad7e
63ae7e
63af7e
63b07e
63b17e
63b27e
63b37e
63b47e
63b57e
63b67e
63b77e
63b87e
63b97e
63ba7e
63bb7e
63bc7e
63bd7e
63be7e
63bf7e
63c07e
63c17e
63c27e
63c37e
63c47e
63c57e
63c67e
63c77e
63c87e
63c97e
63ca7e
63cb7e
63cc7e
63cd7e
63ce7e
63cf7e
63d07e
63d17e
63d27e
63d37e
63d47e
63d57e
63d67e
63d77e
63d87e
63d97e
63da7e
63db7e
63dc7e
63dd7e
63de7e
63df7e
63e07e
63e17e
63e27e
63e37e
63e47e
63e57e
63e67e
63e77e
63e87e
63e97e
63ea7e
63eb7e
63ec7e
63ed7e
63ee7e
63ef7e
63f07e
63f17e
63f27e
63f37e
63f47e
63f57e
63f67e
63f77e
63f87e
63f97e
63fa7e
63fb7e
63fc7e
63fd7e
63fe7e
63ff7e
64007e
64017e
64027e
64037e
64047e
64057e
64067e
64077e
64087e
64097e
640a7e
640b7e
640c7e
640d7e
640e7e
640f7e
64107e
64117e
64127e
64137e
64147e
64157e
64167e
64177e
64187e
64197e
641a7e
641b7e
641c7e
641d7e
641e7e
641f7e
64207e
64217e
64227e
64237e
64247e
64257e
64267e
64277e
64287e
64297e
642a7e
642b7e
642c7e
642d7e
642e7e
642f7e
64307e
64317e
64327e
64337e
64347e
64357e
64367e
64377e
64387e
64397e
643a7e
643b7e
643c7e
643d7e
643e7e
643f7e
64407e
64417e
64427e
64437e
64447e
64457e
64467e
64477e
64487e
64497e
644a7e
644b7e
644c7e
644d7e
644e7e
644f7e
64507e
64517e
64527e
64537e
64547e
64557e
64567e
64577e
64587e
64597e
645a7e
645b7e
645c7e
645d7e
645e7e
645f7e
64607e
64617e
64627e
64637e
64647e
64657e
64667e
64677e
64687e
64697e
646a7e
646b7e
646c7e
646d7e
646e7e
646f7e
64707e
64717e
64727e
64737e
64747e
64757e
64767e
64777e
64787e
64797e
647a7e
647b7e
647c7e
647d7e
647e7e
647f7e
64807e
64817e
64827e
64837e
64847e
64857e
64867e
64877e
64887e
64897e
648a7e
648b7e
648c7e
648d7e
648e7e
648f7e
64907e
64917e
64927e
64937e
64947e
64957e
64967e
64977e
64987e
64997e
649a7e
649b7e
649c7e
649d7e
649e7e
649f7e
64a07e
64a17e
64a27e
64a37e
64a47e
64a57e
64a67e
64a77e
64a87e
64a97e
64aa7e
64ab7e
64ac7e
64ad7e
64ae7e
64af7e
64b07e
64b17e
64b27e
64b37e
64b47e
64b57e
64b67e
64b77e
64b87e
64b97e
64ba7e
64bb7e
64bc7e
64bd7e
64be7e
64bf7e
64c07e
64c17e
64c27e
64c37e
64c47e
64c57e
64c67e
64c77e
64c87e
64c97e
64ca7e
64cb7e
64cc7e
64cd7e
64ce7e
64cf7e
64d07e
64d17e
64d27e
64d37e
64d47e
64d57e
64d67e
64d77e
64d87e
64d97e
64da7e
64db7e
64dc7e
64dd7e
64de7e
64df7e
64e07e
64e17e
64e27e
64e37e
64e47e
64e57e
64e67e
64e77e
64e87e
64e97e
64ea7e
64eb7e
64ec7e
64ed7e
64ee7e
64ef7e
64f07e
64f17e
64f27e
64f37e
64f47e
64f57e
64f67e
64f77e
64f87e
64f97e
64fa7e
64fb7e
64fc7e
64fd7e
64fe7e
64ff7e
65007e
65017e
65027e
65037e
65047e
65057e
65067e
65077e
65087e
65097e
650a7e
650b7e
650c7e
650d7e
650e7e
650f7e
65107e
65117e
65127e
65137e
65147e
65157e
65167e
65177e
65187e
65197e
651a7e
651b7e
651c7e
651d7e
651e7e
651f7e
65207e
65217e
65227e
65237e
65247e
65257e
65267e
65277e
65287e
65297e
652a7e
652b7e
652c7e
652d7e
652e7e
652f7e
65307e
65317e
65327e
65337e
65347e
65357e
65367e
65377e
65387e
65397e
653a7e
653b7e
653c7e
653d7e
653e7e
653f7e
65407e
65417e
65427e
65437e
65447e
65457e
65467e
65477e
65487e
65497e
654a7e
654b7e
654c7e
654d7e
654e7e
654f7e
65507e
65517e
65527e
65537e
65547e
65557e
65567e
65577e
65587e
65597e
655a7e
655b7e
655c7e
655d7e
655e7e
655f7e
65607e
65617e
65627e
65637e
65647e
65657e
65667e
65677e
65687e
65697e
656a7e
656b7e
656c7e
656d7e
656e7e
656f7e
65707e
65717e
65727e
65737e
65747e
65757e
65767e
65777e
65787e
65797e
657a7e
657b7e
657c7e
657d7e
657e7e
657f7e
65807e
65817e
65827e
65837e
65847e
65857e
65867e
65877e
65887e
65897e
658a7e
658b7e
658c7e
658d7e
658e7e
658f7e
65907e
65917e
65927e
65937e
65947e
65957e
65967e
65977e
65987e
65997e
659a7e
659b7e
659c7e
659d7e
659e7e
659f7e
65a07e
65a17e
65a27e
65a37e
65a47e
65a57e
65a67e
65a77e
65a87e
65a97e
65aa7e
65ab7e
65ac7e
65ad7e
65ae7e
65af7e
65b07e
65b17e
65b27e
65b37e
65b47e
65b57e
65b67e
65b77e
65b87e
65b97e
65ba7e
65bb7e
65bc7e
65bd7e
65be7e
65bf7e
65c07e
65c17e
65c27e
65c37e
65c47e
65c57e
65c67e
65c77e
65c87e
65c97e
65ca7e
65cb7e
65cc7e
65cd7e
65ce7e
65cf7e
65d07e
65d17e
65d27e
65d37e
65d47e
65d57e
65d67e
65d77e
65d87e
65d97e
65da7e
65db7e
65dc7e
65dd7e
65de7e
65df7e
65e07e
65e17e
65e27e
65e37e
65e47e
65e57e
65e67e
65e77e
65e87e
65e97e
65ea7e
65eb7e
65ec7e
65ed7e
65ee7e
65ef7e
65f07e
65f17e
65f27e
65f37e
65f47e
65f57e
65f67e
65f77e
65f87e
65f97e
65fa7e
65fb7e
65fc7e
65fd7e
65fe7e
65ff7e
66007e
66017e
66027e
66037e
66047e
66057e
66067e
66077e
66087e
66097e
660a7e
660b7e
660c7e
660d7e
660e7e
660f7e
66107e
66117e
66127e
66137e
66147e
66157e
66167e
66177e
66187e
66197e
661a7e
661b7e
661c7e
661d7e
661e7e
661f7e
66207e
66217e
66227e
66237e
66247e
66257e
66267e
66277e
66287e
66297e
662a7e
662b7e
662c7e
662d7e
662e7e
662f7e
66307e
66317e
66327e
66337e
66347e
66357e
66367e
66377e
66387e
66397e
663a7e
663b7e
663c7e
663d7e
663e7e
663f7e
66407e
66417e
66427e
66437e
66447e
66457e
66467e
66477e
66487e
66497e
664a7e
664b7e
664c7e
664d7e
664e7e
664f7e
66507e
66517e
66527e
66537e
66547e
66557e
66567e
66577e
66587e
66597e
665a7e
665b7e
665c7e
665d7e
665e7e
665f7e
66607e
66617e
66627e
66637e
66647e
66657e
66667e
66677e
66687e
66697e
666a7e
666b7e
666c7e
666d7e
666e7e
666f7e
66707e
66717e
66727e
66737e
66747e
66757e
66767e
66777e
66787e
66797e
667a7e
667b7e
667c7e
667d7e
667e7e
667f7e
66807e
66817e
66827e
66837e
66847e
66857e
66867e
66877e
66887e
66897e
668a7e
668b7e
668c7e
668d7e
668e7e
668f7e
66907e
66917e
66927e
66937e
66947e
66957e
66967e
66977e
66987e
66997e
669a7e
669b7e
669c7e
669d7e
669e7e
669f7e
66a07e
66a17e
66a27e
66a37e
66a47e
66a57e
66a67e
66a77e
66a87e
66a97e
66aa7e
66ab7e
66ac7e
66ad7e
66ae7e
66af7e
66b07e
66b17e
66b27e
66b37e
66b47e
66b57e
66b67e
66b77e
66b87e
66b97e
66ba7e
66bb7e
66bc7e
66bd7e
66be7e
66bf7e
66c07e
66c17e
66c27e
66c37e
66c47e
66c57e
66c67e
66c77e
66c87e
66c97e
66ca7e
66cb7e
66cc7e
66cd7e
66ce7e
66cf7e
66d07e
66d17e
66d27e
66d37e
66d47e
66d57e
66d67e
66d77e
66d87e
66d97e
66da7e
66db7e
66dc7e
66dd7e
66de7e
66df7e
66e07e
66e17e
66e27e
66e37e
66e47e
66e57e
66e67e
66e77e
66e87e
66e97e
66ea7e
66eb7e
66ec7e
66ed7e
66ee7e
66ef7e
66f07e
66f17e
66f27e
66f37e
66f47e
66f57e
66f67e
66f77e
66f87e
66f97e
66fa7e
66fb7e
66fc7e
66fd7e
66fe7e
66ff7e
67007e
67017e
67027e
67037e
67047e
67057e
67067e
67077e
67087e
67097e
670a7e
670b7e
670c7e
670d7e
670e7e
670f7e
67107e
67117e
67127e
67137e
67147e
67157e
67167e
67177e
67187e
67197e
671a7e
671b7e
671c7e
671d7e
671e7e
671f7e
67207e
67217e
67227e
67237e
67247e
67257e
67267e
67277e
67287e
67297e
672a7e
672b7e
672c7e
672d7e
672e7e
672f7e
67307e
67317e
67327e
67337e
67347e
67357e
67367e
67377e
67387e
67397e
673a7e
673b7e
673c7e
673d7e
673e7e
673f7e
67407e
67417e
67427e
67437e
67447e
67457e
67467e
67477e
67487e
67497e
674a7e
674b7e
674c7e
674d7e
674e7e
674f7e
67507e
67517e
67527e
67537e
67547e
67557e
67567e
67577e
67587e
67597e
675a7e
675b7e
675c7e
675d7e
675e7e
675f7e
67607e
67617e
67627e
67637e
67647e
67657e
67667e
67677e
67687e
67697e
676a7e
676b7e
676c7e
676d7e
676e7e
676f7e
67707e
67717e
67727e
67737e
67747e
67757e
67767e
67777e
67787e
67797e
677a7e
677b7e
677c7e
677d7e
677e7e
677f7e
67807e
67817e
67827e
67837e
67847e
67857e
67867e
67877e
67887e
67897e
678a7e
678b7e
678c7e
678d7e
678e7e
678f7e
67907e
67917e
67927e
67937e
67947e
67957e
67967e
67977e
67987e
67997e
679a7e
679b7e
679c7e
679d7e
679e7e
679f7e
67a07e
67a17e
67a27e
67a37e
67a47e
67a57e
67a67e
67a77e
67a87e
67a97e
67aa7e
67ab7e
67ac7e
67ad7e
67ae7e
67af7e
67b07e
67b17e
67b27e
67b37e
67b47e
67b57e
67b67e
67b77e
67b87e
67b97e
67ba7e
67bb7e
67bc7e
67bd7e
67be7e
67bf7e
67c07e
67c17e
67c27e
67c37e
67c47e
67c57e
67c67e
67c77e
67c87e
67c97e
67ca7e
67cb7e
67cc7e
67cd7e
67ce7e
67cf7e
67d07e
67d17e
67d27e
67d37e
67d47e
67d57e
67d67e
67d77e
67d87e
67d97e
67da7e
67db7e
67dc7e
67dd7e
67de7e
67df7e
67e07e
67e17e
67e27e
67e37e
67e47e
67e57e
67e67e
67e77e
67e87e
67e97e
67ea7e
67eb7e
67ec7e
67ed7e
67ee7e
67ef7e
67f07e
67f17e
67f27e
67f37e
67f47e
67f57e
67f67e
67f77e
67f87e
67f97e
67fa7e
67fb7e
67fc7e
67fd7e
67fe7e
67ff7e
68007e
68017e
68027e
68037e
68047e
68057e
68067e
68077e
68087e
68097e
680a7e
680b7e
680c7e
680d7e
680e7e
680f7e
68107e
68117e
68127e
68137e
68147e
68157e
68167e
68177e
68187e
68197e
681a7e
681b7e
681c7e
681d7e
681e7e
681f7e
68207e
68217e
68227e
68237e
68247e
68257e
68267e
68277e
68287e
68297e
682a7e
682b7e
682c7e
682d7e
682e7e
682f7e
68307e
68317e
68327e
68337e
68347e
68357e
68367e
68377e
68387e
68397e
683a7e
683b7e
683c7e
683d7e
683e7e
683f7e
68407e
68417e
68427e
68437e
68447e
68457e
68467e
68477e
68487e
68497e
684a7e
684b7e
684c7e
684d7e
684e7e
684f7e
68507e
68517e
68527e
68537e
68547e
68557e
68567e
68577e
68587e
68597e
685a7e
685b7e
685c7e
685d7e
685e7e
685f7e
68607e
68617e
68627e
68637e
68647e
68657e
68667e
68677e
68687e
68697e
686a7e
686b7e
686c7e
686d7e
686e7e
686f7e
68707e
68717e
68727e
68737e
68747e
68757e
68767e
68777e
68787e
68797e
687a7e
687b7e
687c7e
687d7e
687e7e
687f7e
68807e
68817e
68827e
68837e
68847e
68857e
68867e
68877e
68887e
68897e
688a7e
688b7e
688c7e
688d7e
688e7e
688f7e
68907e
68917e
68927e
68937e
68947e
68957e
68967e
68977e
68987e
68997e
689a7e
689b7e
689c7e
689d7e
689e7e
689f7e
68a07e
68a17e
68a27e
68a37e
68a47e
68a57e
68a67e
68a77e
68a87e
68a97e
68aa7e
68ab7e
68ac7e
68ad7e
68ae7e
68af7e
68b07e
68b17e
68b27e
68b37e
68b47e
68b57e
68b67e
68b77e
68b87e
68b97e
68ba7e
68bb7e
68bc7e
68bd7e
68be7e
68bf7e
68c07e
68c17e
68c27e
68c37e
68c47e
68c57e
68c67e
68c77e
68c87e
68c97e
68ca7e
68cb7e
68cc7e
68cd7e
68ce7e
68cf7e
68d07e
68d17e
68d27e
68d37e
68d47e
68d57e
68d67e
68d77e
68d87e
68d97e
68da7e
68db7e
68dc7e
68dd7e
68de7e
68df7e
68e07e
68e17e
68e27e
68e37e
68e47e
68e57e
68e67e
68e77e
68e87e
68e97e
68ea7e
68eb7e
68ec7e
68ed7e
68ee7e
68ef7e
68f07e
68f17e
68f27e
68f37e
68f47e
68f57e
68f67e
68f77e
68f87e
68f97e
68fa7e
68fb7e
68fc7e
68fd7e
68fe7e
68ff7e
69007e
69017e
69027e
69037e
69047e
69057e
69067e
69077e
69087e
69097e
690a7e
690b7e
690c7e
690d7e
690e7e
690f7e
69107e
69117e
69127e
69137e
69147e
69157e
69167e
69177e
69187e
69197e
691a7e
691b7e
691c7e
691d7e
691e7e
691f7e
69207e
69217e
69227e
69237e
69247e
69257e
69267e
69277e
69287e
69297e
692a7e
692b7e
692c7e
692d7e
692e7e
692f7e
69307e
69317e
69327e
69337e
69347e
69357e
69367e
69377e
69387e
69397e
693a7e
693b7e
693c7e
693d7e
693e7e
693f7e
69407e
69417e
69427e
69437e
69447e
69457e
69467e
69477e
69487e
69497e
694a7e
694b7e
694c7e
694d7e
694e7e
694f7e
69507e
69517e
69527e
69537e
69547e
69557e
69567e
69577e
69587e
69597e
695a7e
695b7e
695c7e
695d7e
695e7e
695f7e
69607e
69617e
69627e
69637e
69647e
69657e
69667e
69677e
69687e
69697e
696a7e
696b7e
696c7e
696d7e
696e7e
696f7e
69707e
69717e
69727e
69737e
69747e
69757e
69767e
69777e
69787e
69797e
697a7e
697b7e
697c7e
697d7e
697e7e
697f7e
69807e
69817e
69827e
69837e
69847e
69857e
69867e
69877e
69887e
69897e
698a7e
698b7e
698c7e
698d7e
698e7e
698f7e
69907e
69917e
69927e
69937e
69947e
69957e
69967e
69977e
69987e
69997e
699a7e
699b7e
699c7e
699d7e
699e7e
699f7e
69a07e
69a17e
69a27e
69a37e
69a47e
69a57e
69a67e
69a77e
69a87e
69a97e
69aa7e
69ab7e
69ac7e
69ad7e
69ae7e
69af7e
69b07e
69b17e
69b27e
69b37e
69b47e
69b57e
69b67e
69b77e
69b87e
69b97e
69ba7e
69bb7e
69bc7e
69bd7e
69be7e
69bf7e
69c07e
69c17e
69c27e
69c37e
69c47e
69c57e
69c67e
69c77e
69c87e
69c97e
69ca7e
69cb7e
69cc7e
69cd7e
69ce7e
69cf7e
69d07e
69d17e
69d27e
69d37e
69d47e
69d57e
69d67e
69d77e
69d87e
69d97e
69da7e
69db7e
69dc7e
69dd7e
69de7e
69df7e
69e07e
69e17e
69e27e
69e37e
69e47e
69e57e
69e67e
69e77e
69e87e
69e97e
69ea7e
69eb7e
69ec7e
69ed7e
69ee7e
69ef7e
69f07e
69f17e
69f27e
69f37e
69f47e
69f57e
69f67e
69f77e
69f87e
69f97e
69fa7e
69fb7e
69fc7e
69fd7e
69fe7e
69ff7e
6a007e
6a017e
6a027e
6a037e
6a047e
6a057e
6a067e
6a077e
6a087e
6a097e
6a0a7e
6a0b7e
6a0c7e
6a0d7e
6a0e7e
6a0f7e
6a107e
6a117e
6a127e
6a137e
6a147e
6a157e
6a167e
6a177e
6a187e
6a197e
6a1a7e
6a1b7e
6a1c7e
6a1d7e
6a1e7e
6a1f7e
6a207e
6a217e
6a227e
6a237e
6a247e
6a257e
6a267e
6a277e
6a287e
6a297e
6a2a7e
6a2b7e
6a2c7e
6a2d7e
6a2e7e
6a2f7e
6a307e
6a317e
6a327e
6a337e
6a347e
6a357e
6a367e
6a377e
6a387e
6a397e
6a3a7e
6a3b7e
6a3c7e
6a3d7e
6a3e7e
6a3f7e
6a407e
6a417e
6a427e
6a437e
6a447e
6a457e
6a467e
6a477e
6a487e
6a497e
6a4a7e
6a4b7e
6a4c7e
6a4d7e
6a4e7e
6a4f7e
6a507e
6a517e
6a527e
6a537e
6a547e
6a557e
6a567e
6a577e
6a587e
6a597e
6a5a7e
6a5b7e
6a5c7e
6a5d7e
6a5e7e
6a5f7e
6a607e
6a617e
6a627e
6a637e
6a647e
6a657e
6a667e
6a677e
6a687e
6a697e
6a6a7e
6a6b7e
6a6c7e
6a6d7e
6a6e7e
6a6f7e
6a707e
6a717e
6a727e
6a737e
6a747e
6a757e
6a767e
6a777e
6a787e
6a797e
6a7a7e
6a7b7e
6a7c7e
6a7d7e
6a7e7e
6a7f7e
6a807e
6a817e
6a827e
6a837e
6a847e
6a857e
6a867e
6a877e
6a887e
6a897e
6a8a7e
6a8b7e
6a8c7e
6a8d7e
6a8e7e
6a8f7e
6a907e
6a917e
6a927e
6a937e
6a947e
6a957e
6a967e
6a977e
6a987e
6a997e
6a9a7e
6a9b7e
6a9c7e
6a9d7e
6a9e7e
6a9f7e
6aa07e
6aa17e
6aa27e
6aa37e
6aa47e
6aa57e
6aa67e
6aa77e
6aa87e
6aa97e
6aaa7e
6aab7e
6aac7e
6aad7e
6aae7e
6aaf7e
6ab07e
6ab17e
6ab27e
6ab37e
6ab47e
6ab57e
6ab67e
6ab77e
6ab87e
6ab97e
6aba7e
6abb7e
6abc7e
6abd7e
6abe7e
6abf7e
6ac07e
6ac17e
6ac27e
6ac37e
6ac47e
6ac57e
6ac67e
6ac77e
6ac87e
6ac97e
6aca7e
6acb7e
6acc7e
6acd7e
6ace7e
6acf7e
6ad07e
6ad17e
6ad27e
6ad37e
6ad47e
6ad57e
6ad67e
6ad77e
6ad87e
6ad97e
6ada7e
6adb7e
6adc7e
6add7e
6ade7e
6adf7e
6ae07e
6ae17e
6ae27e
6ae37e
6ae47e
6ae57e
6ae67e
6ae77e
6ae87e
6ae97e
6aea7e
6aeb7e
6aec7e
6aed7e
6aee7e
6aef7e
6af07e
6af17e
6af27e
6af37e
6af47e
6af57e
6af67e
6af77e
6af87e
6af97e
6afa7e
6afb7e
6afc7e
6afd7e
6afe7e
6aff7e
6b007e
6b017e
6b027e
6b037e
6b047e
6b057e
6b067e
6b077e
6b087e
6b097e
6b0a7e
6b0b7e
6b0c7e
6b0d7e
6b0e7e
6b0f7e
6b107e
6b117e
6b127e
6b137e
6b147e
6b157e
6b167e
6b177e
6b187e
6b197e
6b1a7e
6b1b7e
6b1c7e
6b1d7e
6b1e7e
6b1f7e
6b207e
6b217e
6b227e
6b237e
6b247e
6b257e
6b267e
6b277e
6b287e
6b297e
6b2a7e
6b2b7e
6b2c7e
6b2d7e
6b2e7e
6b2f7e
6b307e
6b317e
6b327e
6b337e
6b347e
6b357e
6b367e
6b377e
6b387e
6b397e
6b3a7e
6b3b7e
6b3c7e
6b3d7e
6b3e7e
6b3f7e
6b407e
6b417e
6b427e
6b437e
6b447e
6b457e
6b467e
6b477e
6b487e
6b497e
6b4a7e
6b4b7e
6b4c7e
6b4d7e
6b4e7e
6b4f7e
6b507e
6b517e
6b527e
6b537e
6b547e
6b557e
6b567e
6b577e
6b587e
6b597e
6b5a7e
6b5b7e
6b5c7e
6b5d7e
6b5e7e
6b5f7e
6b607e
6b617e
6b627e
6b637e
6b647e
6b657e
6b667e
6b677e
6b687e
6b697e
6b6a7e
6b6b7e
6b6c7e
6b6d7e
6b6e7e
6b6f7e
6b707e
6b717e
6b727e
6b737e
6b747e
6b757e
6b767e
6b777e
6b787e
6b797e
6b7a7e
6b7b7e
6b7c7e
6b7d7e
6b7e7e
6b7f7e
6b807e
6b817e
6b827e
6b837e
6b847e
6b857e
6b867e
6b877e
6b887e
6b897e
6b8a7e
6b8b7e
6b8c7e
6b8d7e
6b8e7e
6b8f7e
6b907e
6b917e
6b927e
6b937e
6b947e
6b957e
6b967e
6b977e
6b987e
6b997e
6b9a7e
6b9b7e
6b9c7e
6b9d7e
6b9e7e
6b9f7e
6ba07e
6ba17e
6ba27e
6ba37e
6ba47e
6ba57e
6ba67e
6ba77e
6ba87e
6ba97e
6baa7e
6bab7e
6bac7e
6bad7e
6bae7e
6baf7e
6bb07e
6bb17e
6bb27e
6bb37e
6bb47e
6bb57e
6bb67e
6bb77e
6bb87e
6bb97e
6bba7e
6bbb7e
6bbc7e
6bbd7e
6bbe7e
6bbf7e
6bc07e
6bc17e
6bc27e
6bc37e
6bc47e
6bc57e
6bc67e
6bc77e
6bc87e
6bc97e
6bca7e
6bcb7e
6bcc7e
6bcd7e
6bce7e
6bcf7e
6bd07e
6bd17e
6bd27e
6bd37e
6bd47e
6bd57e
6bd67e
6bd77e
6bd87e
6bd97e
6bda7e
6bdb7e
6bdc7e
6bdd7e
6bde7e
6bdf7e
6be07e
6be17e
6be27e
6be37e
6be47e
6be57e
6be67e
6be77e
6be87e
6be97e
6bea7e
6beb7e
6bec7e
6bed7e
6bee7e
6bef7e
6bf07e
6bf17e
6bf27e
6bf37e
6bf47e
6bf57e
6bf67e
6bf77e
6bf87e
6bf97e
6bfa7e
6bfb7e
6bfc7e
6bfd7e
6bfe7e
6bff7e
6c007e
6c017e
6c027e
6c037e
6c047e
6c057e
6c067e
6c077e
6c087e
6c097e
6c0a7e
6c0b7e
6c0c7e
6c0d7e
6c0e7e
6c0f7e
6c107e
6c117e
6c127e
6c137e
6c147e
6c157e
6c167e
6c177e
6c187e
6c197e
6c1a7e
6c1b7e
6c1c7e
6c1d7e
6c1e7e
6c1f7e
6c207e
6c217e
6c227e
6c237e
6c247e
6c257e
6c267e
6c277e
6c287e
6c297e
6c2a7e
6c2b7e
6c2c7e
6c2d7e
6c2e7e
6c2f7e
6c307e
6c317e
6c327e
6c337e
6c347e
6c357e
6c367e
6c377e
6c387e
6c397e
6c3a7e
6c3b7e
6c3c7e
6c3d7e
6c3e7e
6c3f7e
6c407e
6c417e
6c427e
6c437e
6c447e
6c457e
6c467e
6c477e
6c487e
6c497e
6c4a7e
6c4b7e
6c4c7e
6c4d7e
6c4e7e
6c4f7e
6c507e
6c517e
6c527e
6c537e
6c547e
6c557e
6c567e
6c577e
6c587e
6c597e
6c5a7e
6c5b7e
6c5c7e
6c5d7e
6c5e7e
6c5f7e
6c607e
6c617e
6c627e
6c637e
6c647e
6c657e
6c667e
6c677e
6c687e
6c697e
6c6a7e
6c6b7e
6c6c7e
6c6d7e
6c6e7e
6c6f7e
6c707e
6c717e
6c727e
6c737e
6c747e
6c757e
6c767e
6c777e
6c787e
6c797e
6c7a7e
6c7b7e
6c7c7e
6c7d7e
6c7e7e
6c7f7e
6c807e
6c817e
6c827e
6c837e
6c847e
6c857e
6c867e
6c877e
6c887e
6c897e
6c8a7e
6c8b7e
6c8c7e
6c8d7e
6c8e7e
6c8f7e
6c907e
6c917e
6c927e
6c937e
6c947e
6c957e
6c967e
6c977e
6c987e
6c997e
6c9a7e
6c9b7e
6c9c7e
6c9d7e
6c9e7e
6c9f7e
6ca07e
6ca17e
6ca27e
6ca37e
6ca47e
6ca57e
6ca67e
6ca77e
6ca87e
6ca97e
6caa7e
6cab7e
6cac7e
6cad7e
6cae7e
6caf7e
6cb07e
6cb17e
6cb27e
6cb37e
6cb47e
6cb57e
6cb67e
6cb77e
6cb87e
6cb97e
6cba7e
6cbb7e
6cbc7e
6cbd7e
6cbe7e
6cbf7e
6cc07e
6cc17e
6cc27e
6cc37e
6cc47e
6cc57e
6cc67e
6cc77e
6cc87e
6cc97e
6cca7e
6ccb7e
6ccc7e
6ccd7e
6cce7e
6ccf7e
6cd07e
6cd17e
6cd27e
6cd37e
6cd47e
6cd57e
6cd67e
6cd77e
6cd87e
6cd97e
6cda7e
6cdb7e
6cdc7e
6cdd7e
6cde7e
6cdf7e
6ce07e
6ce17e
6ce27e
6ce37e
6ce47e
6ce57e
6ce67e
6ce77e
6ce87e
6ce97e
6cea7e
6ceb7e
6cec7e
6ced7e
6cee7e
6cef7e
6cf07e
6cf17e
6cf27e
6cf37e
6cf47e
6cf57e
6cf67e
6cf77e
6cf87e
6cf97e
6cfa7e
6cfb7e
6cfc7e
6cfd7e
6cfe7e
6cff7e
6d007e
6d017e
6d027e
6d037e
6d047e
6d057e
6d067e
6d077e
6d087e
6d097e
6d0a7e
6d0b7e
6d0c7e
6d0d7e
6d0e7e
6d0f7e
6d107e
6d117e
6d127e
6d137e
6d147e
6d157e
6d167e
6d177e
6d187e
6d197e
6d1a7e
6d1b7e
6d1c7e
6d1d7e
6d1e7e
6d1f7e
6d207e
6d217e
6d227e
6d237e
6d247e
6d257e
6d267e
6d277e
6d287e
6d297e
6d2a7e
6d2b7e
6d2c7e
6d2d7e
6d2e7e
6d2f7e
6d307e
6d317e
6d327e
6d337e
6d347e
6d357e
6d367e
6d377e
6d387e
6d397e
6d3a7e
6d3b7e
6d3c7e
6d3d7e
6d3e7e
6d3f7e
6d407e
6d417e
6d427e
6d437e
6d447e
6d457e
6d467e
6d477e
6d487e
6d497e
6d4a7e
6d4b7e
6d4c7e
6d4d7e
6d4e7e
6d4f7e
6d507e
6d517e
6d527e
6d537e
6d547e
6d557e
6d567e
6d577e
6d587e
6d597e
6d5a7e
6d5b7e
6d5c7e
6d5d7e
6d5e7e
6d5f7e
6d607e
6d617e
6d627e
6d637e
6d647e
6d657e
6d667e
6d677e
6d687e
6d697e
6d6a7e
6d6b7e
6d6c7e
6d6d7e
6d6e7e
6d6f7e
6d707e
6d717e
6d727e
6d737e
6d747e
6d757e
6d767e
6d777e
6d787e
6d797e
6d7a7e
6d7b7e
6d7c7e
6d7d7e
6d7e7e
6d7f7e
6d807e
6d817e
6d827e
6d837e
6d847e
6d857e
6d867e
6d877e
6d887e
6d897e
6d8a7e
6d8b7e
6d8c7e
6d8d7e
6d8e7e
6d8f7e
6d907e
6d917e
6d927e
6d937e
6d947e
6d957e
6d967e
6d977e
6d987e
6d997e
6d9a7e
6d9b7e
6d9c7e
6d9d7e
6d9e7e
6d9f7e
6da07e
6da17e
6da27e
6da37e
6da47e
6da57e
6da67e
6da77e
6da87e
6da97e
6daa7e
6dab7e
6dac7e
6dad7e
6dae7e
6daf7e
6db07e
6db17e
6db27e
6db37e
6db47e
6db57e
6db67e
6db77e
6db87e
6db97e
6dba7e
6dbb7e
6dbc7e
6dbd7e
6dbe7e
6dbf7e
6dc07e
6dc17e
6dc27e
6dc37e
6dc47e
6dc57e
6dc67e
6dc77e
6dc87e
6dc97e
6dca7e
6dcb7e
6dcc7e
6dcd7e
6dce7e
6dcf7e
6dd07e
6dd17e
6dd27e
6dd37e
6dd47e
6dd57e
6dd67e
6dd77e
6dd87e
6dd97e
6dda7e
6ddb7e
6ddc7e
6ddd7e
6dde7e
6ddf7e
6de07e
6de17e
6de27e
6de37e
6de47e
6de57e
6de67e
6de77e
6de87e
6de97e
6dea7e
6deb7e
6dec7e
6ded7e
6dee7e
6def7e
6df07e
6df17e
6df27e
6df37e
6df47e
6df57e
6df67e
6df77e
6df87e
6df97e
6dfa7e
6dfb7e
6dfc7e
6dfd7e
6dfe7e
6dff7e
6e007e
6e017e
6e027e
6e037e
6e047e
6e057e
6e067e
6e077e
6e087e
6e097e
6e0a7e
6e0b7e
6e0c7e
6e0d7e
6e0e7e
6e0f7e
6e107e
6e117e
6e127e
6e137e
6e147e
6e157e
6e167e
6e177e
6e187e
6e197e
6e1a7e
6e1b7e
6e1c7e
6e1d7e
6e1e7e
6e1f7e
6e207e
6e217e
6e227e
6e237e
6e247e
6e257e
6e267e
6e277e
6e287e
6e297e
6e2a7e
6e2b7e
6e2c7e
6e2d7e
6e2e7e
6e2f7e
6e307e
6e317e
6e327e
6e337e
6e347e
6e357e
6e367e
6e377e
6e387e
6e397e
6e3a7e
6e3b7e
6e3c7e
6e3d7e
6e3e7e
6e3f7e
6e407e
6e417e
6e427e
6e437e
6e447e
6e457e
6e467e
6e477e
6e487e
6e497e
6e4a7e
6e4b7e
6e4c7e
6e4d7e
6e4e7e
6e4f7e
6e507e
6e517e
6e527e
6e537e
6e547e
6e557e
6e567e
6e577e
6e587e
6e597e
6e5a7e
6e5b7e
6e5c7e
6e5d7e
6e5e7e
6e5f7e
6e607e
6e617e
6e627e
6e637e
6e647e
6e657e
6e667e
6e677e
6e687e
6e697e
6e6a7e
6e6b7e
6e6c7e
6e6d7e
6e6e7e
6e6f7e
6e707e
6e717e
6e727e
6e737e
6e747e
6e757e
6e767e
6e777e
6e787e
6e797e
6e7a7e
6e7b7e
6e7c7e
6e7d7e
6e7e7e
6e7f7e
6e807e
6e817e
6e827e
6e837e
6e847e
6e857e
6e867e
6e877e
6e887e
6e897e
6e8a7e
6e8b7e
6e8c7e
6e8d7e
6e8e7e
6e8f7e
6e907e
6e917e
6e927e
6e937e
6e947e
6e957e
6e967e
6e977e
6e987e
6e997e
6e9a7e
6e9b7e
6e9c7e
6e9d7e
6e9e7e
6e9f7e
6ea07e
6ea17e
6ea27e
6ea37e
6ea47e
6ea57e
6ea67e
6ea77e
6ea87e
6ea97e
6eaa7e
6eab7e
6eac7e
6ead7e
6eae7e
6eaf7e
6eb07e
6eb17e
6eb27e
6eb37e
6eb47e
6eb57e
6eb67e
6eb77e
6eb87e
6eb97e
6eba7e
6ebb7e
6ebc7e
6ebd7e
6ebe7e
6ebf7e
6ec07e
6ec17e
6ec27e
6ec37e
6ec47e
6ec57e
6ec67e
6ec77e
6ec87e
6ec97e
6eca7e
6ecb7e
6ecc7e
6ecd7e
6ece7e
6ecf7e
6ed07e
6ed17e
6ed27e
6ed37e
6ed47e
6ed57e
6ed67e
6ed77e
6ed87e
6ed97e
6eda7e
6edb7e
6edc7e
6edd7e
6ede7e
6edf7e
6ee07e
6ee17e
6ee27e
6ee37e
6ee47e
6ee57e
6ee67e
6ee77e
6ee87e
6ee97e
6eea7e
6eeb7e
6eec7e
6eed7e
6eee7e
6eef7e
6ef07e
6ef17e
6ef27e
6ef37e
6ef47e
6ef57e
6ef67e
6ef77e
6ef87e
6ef97e
6efa7e
6efb7e
6efc7e
6efd7e
6efe7e
6eff7e
6f007e
6f017e
6f027e
6f037e
6f047e
6f057e
6f067e
6f077e
6f087e
6f097e
6f0a7e
6f0b7e
6f0c7e
6f0d7e
6f0e7e
6f0f7e
6f107e
6f117e
6f127e
6f137e
6f147e
6f157e
6f167e
6f177e
6f187e
6f197e
6f1a7e
6f1b7e
6f1c7e
6f1d7e
6f1e7e
6f1f7e
6f207e
6f217e
6f227e
6f237e
6f247e
6f257e
6f267e
6f277e
6f287e
6f297e
6f2a7e
6f2b7e
6f2c7e
6f2d7e
6f2e7e
6f2f7e
6f307e
6f317e
6f327e
6f337e
6f347e
6f357e
6f367e
6f377e
6f387e
6f397e
6f3a7e
6f3b7e
6f3c7e
6f3d7e
6f3e7e
6f3f7e
6f407e
6f417e
6f427e
6f437e
6f447e
6f457e
6f467e
6f477e
6f487e
6f497e
6f4a7e
6f4b7e
6f4c7e
6f4d7e
6f4e7e
6f4f7e
6f507e
6f517e
6f527e
6f537e
6f547e
6f557e
6f567e
6f577e
6f587e
6f597e
6f5a7e
6f5b7e
6f5c7e
6f5d7e
6f5e7e
6f5f7e
6f607e
6f617e
6f627e
6f637e
6f647e
6f657e
6f667e
6f677e
6f687e
6f697e
6f6a7e
6f6b7e
6f6c7e
6f6d7e
6f6e7e
6f6f7e
6f707e
6f717e
6f727e
6f737e
6f747e
6f757e
6f767e
6f777e
6f787e
6f797e
6f7a7e
6f7b7e
6f7c7e
6f7d7e
6f7e7e
6f7f7e
6f807e
6f817e
6f827e
6f837e
6f847e
6f857e
6f867e
6f877e
6f887e
6f897e
6f8a7e
6f8b7e
6f8c7e
6f8d7e
6f8e7e
6f8f7e
6f907e
6f917e
6f927e
6f937e
6f947e
6f957e
6f967e
6f977e
6f987e
6f997e
6f9a7e
6f9b7e
6f9c7e
6f9d7e
6f9e7e
6f9f7e
6fa07e
6fa17e
6fa27e
6fa37e
6fa47e
6fa57e
6fa67e
6fa77e
6fa87e
6fa97e
6faa7e
6fab7e
6fac7e
6fad7e
6fae7e
6faf7e
6fb07e
6fb17e
6fb27e
6fb37e
6fb47e
6fb57e
6fb67e
6fb77e
6fb87e
6fb97e
6fba7e
6fbb7e
6fbc7e
6fbd7e
6fbe7e
6fbf7e
6fc07e
6fc17e
6fc27e
6fc37e
6fc47e
6fc57e
6fc67e
6fc77e
6fc87e
6fc97e
6fca7e
6fcb7e
6fcc7e
6fcd7e
6fce7e
6fcf7e
6fd07e
6fd17e
6fd27e
6fd37e
6fd47e
6fd57e
6fd67e
6fd77e
6fd87e
6fd97e
6fda7e
6fdb7e
6fdc7e
6fdd7e
6fde7e
6fdf7e
6fe07e
6fe17e
6fe27e
6fe37e
6fe47e
6fe57e
6fe67e
6fe77e
6fe87e
6fe97e
6fea7e
6feb7e
6fec7e
6fed7e
6fee7e
6fef7e
6ff07e
6ff17e
6ff27e
6ff37e
6ff47e
6ff57e
6ff67e
6ff77e
6ff87e
6ff97e
6ffa7e
6ffb7e
6ffc7e
6ffd7e
6ffe7e
6fff7e
70007e
70017e
70027e
70037e
70047e
70057e
70067e
70077e
70087e
70097e
700a7e
700b7e
700c7e
700d7e
700e7e
700f7e
70107e
70117e
70127e
70137e
70147e
70157e
70167e
70177e
70187e
70197e
701a7e
701b7e
701c7e
701d7e
701e7e
701f7e
70207e
70217e
70227e
70237e
70247e
70257e
70267e
70277e
70287e
70297e
702a7e
702b7e
702c7e
702d7e
702e7e
702f7e
70307e
70317e
70327e
70337e
70347e
70357e
70367e
70377e
70387e
70397e
703a7e
703b7e
703c7e
703d7e
703e7e
703f7e
70407e
70417e
70427e
70437e
70447e
70457e
70467e
70477e
70487e
70497e
704a7e
704b7e
704c7e
704d7e
704e7e
704f7e
70507e
70517e
70527e
70537e
70547e
70557e
70567e
70577e
70587e
70597e
705a7e
705b7e
705c7e
705d7e
705e7e
705f7e
70607e
70617e
70627e
70637e
70647e
70657e
70667e
70677e
70687e
70697e
706a7e
706b7e
706c7e
706d7e
706e7e
706f7e
70707e
70717e
70727e
70737e
70747e
70757e
70767e
70777e
70787e
70797e
707a7e
707b7e
707c7e
707d7e
707e7e
707f7e
70807e
70817e
70827e
70837e
70847e
70857e
70867e
70877e
70887e
70897e
708a7e
708b7e
708c7e
708d7e
708e7e
708f7e
70907e
70917e
70927e
70937e
70947e
70957e
70967e
70977e
70987e
70997e
709a7e
709b7e
709c7e
709d7e
709e7e
709f7e
70a07e
70a17e
70a27e
70a37e
70a47e
70a57e
70a67e
70a77e
70a87e
70a97e
70aa7e
70ab7e
70ac7e
70ad7e
70ae7e
70af7e
70b07e
70b17e
70b27e
70b37e
70b47e
70b57e
70b67e
70b77e
70b87e
70b97e
70ba7e
70bb7e
70bc7e
70bd7e
70be7e
70bf7e
70c07e
70c17e
70c27e
70c37e
70c47e
70c57e
70c67e
70c77e
70c87e
70c97e
70ca7e
70cb7e
70cc7e
70cd7e
70ce7e
70cf7e
70d07e
70d17e
70d27e
70d37e
70d47e
70d57e
70d67e
70d77e
70d87e
70d97e
70da7e
70db7e
70dc7e
70dd7e
70de7e
70df7e
70e07e
70e17e
70e27e
70e37e
70e47e
70e57e
70e67e
70e77e
70e87e
70e97e
70ea7e
70eb7e
70ec7e
70ed7e
70ee7e
70ef7e
70f07e
70f17e
70f27e
70f37e
70f47e
70f57e
70f67e
70f77e
70f87e
70f97e
70fa7e
70fb7e
70fc7e
70fd7e
70fe7e
70ff7e
71007e
71017e
71027e
71037e
71047e
71057e
71067e
71077e
71087e
71097e
710a7e
710b7e
710c7e
710d7e
710e7e
710f7e
71107e
71117e
71127e
71137e
71147e
71157e
71167e
71177e
71187e
71197e
711a7e
711b7e
711c7e
711d7e
711e7e
711f7e
71207e
71217e
71227e
71237e
71247e
71257e
71267e
71277e
71287e
71297e
712a7e
712b7e
712c7e
712d7e
712e7e
712f7e
71307e
71317e
71327e
71337e
71347e
71357e
71367e
71377e
71387e
71397e
713a7e
713b7e
713c7e
713d7e
713e7e
713f7e
71407e
71417e
71427e
71437e
71447e
71457e
71467e
71477e
71487e
71497e
714a7e
714b7e
714c7e
714d7e
714e7e
714f7e
71507e
71517e
71527e
71537e
71547e
71557e
71567e
71577e
71587e
71597e
715a7e
715b7e
715c7e
715d7e
715e7e
715f7e
71607e
71617e
71627e
71637e
71647e
71657e
71667e
71677e
71687e
71697e
716a7e
716b7e
716c7e
716d7e
716e7e
716f7e
71707e
71717e
71727e
71737e
71747e
71757e
71767e
71777e
71787e
71797e
717a7e
717b7e
717c7e
717d7e
717e7e
717f7e
71807e
71817e
71827e
71837e
71847e
71857e
71867e
71877e
71887e
71897e
718a7e
718b7e
718c7e
718d7e
718e7e
718f7e
71907e
71917e
71927e
71937e
71947e
71957e
71967e
71977e
71987e
71997e
719a7e
719b7e
719c7e
719d7e
719e7e
719f7e
71a07e
71a17e
71a27e
71a37e
71a47e
71a57e
71a67e
71a77e
71a87e
71a97e
71aa7e
71ab7e
71ac7e
71ad7e
71ae7e
71af7e
71b07e
71b17e
71b27e
71b37e
71b47e
71b57e
71b67e
71b77e
71b87e
71b97e
71ba7e
71bb7e
71bc7e
71bd7e
71be7e
71bf7e
71c07e
71c17e
71c27e
71c37e
71c47e
71c57e
71c67e
71c77e
71c87e
71c97e
71ca7e
71cb7e
71cc7e
71cd7e
71ce7e
71cf7e
71d07e
71d17e
71d27e
71d37e
71d47e
71d57e
71d67e
71d77e
71d87e
71d97e
71da7e
71db7e
71dc7e
71dd7e
71de7e
71df7e
71e07e
71e17e
71e27e
71e37e
71e47e
71e57e
71e67e
71e77e
71e87e
71e97e
71ea7e
71eb7e
71ec7e
71ed7e
71ee7e
71ef7e
71f07e
71f17e
71f27e
71f37e
71f47e
71f57e
71f67e
71f77e
71f87e
71f97e
71fa7e
71fb7e
71fc7e
71fd7e
71fe7e
71ff7e
72007e
72017e
72027e
72037e
72047e
72057e
72067e
72077e
72087e
72097e
720a7e
720b7e
720c7e
720d7e
720e7e
720f7e
72107e
72117e
72127e
72137e
72147e
72157e
72167e
72177e
72187e
72197e
721a7e
721b7e
721c7e
721d7e
721e7e
721f7e
72207e
72217e
72227e
72237e
72247e
72257e
72267e
72277e
72287e
72297e
722a7e
722b7e
722c7e
722d7e
722e7e
722f7e
72307e
72317e
72327e
72337e
72347e
72357e
72367e
72377e
72387e
72397e
723a7e
723b7e
723c7e
723d7e
723e7e
723f7e
72407e
72417e
72427e
72437e
72447e
72457e
72467e
72477e
72487e
72497e
724a7e
724b7e
724c7e
724d7e
724e7e
724f7e
72507e
72517e
72527e
72537e
72547e
72557e
72567e
72577e
72587e
72597e
725a7e
725b7e
725c7e
725d7e
725e7e
725f7e
72607e
72617e
72627e
72637e
72647e
72657e
72667e
72677e
72687e
72697e
726a7e
726b7e
726c7e
726d7e
726e7e
726f7e
72707e
72717e
72727e
72737e
72747e
72757e
72767e
72777e
72787e
72797e
727a7e
727b7e
727c7e
727d7e
727e7e
727f7e
72807e
72817e
72827e
72837e
72847e
72857e
72867e
72877e
72887e
72897e
728a7e
728b7e
728c7e
728d7e
728e7e
728f7e
72907e
72917e
72927e
72937e
72947e
72957e
72967e
72977e
72987e
72997e
729a7e
729b7e
729c7e
729d7e
729e7e
729f7e
72a07e
72a17e
72a27e
72a37e
72a47e
72a57e
72a67e
72a77e
72a87e
72a97e
72aa7e
72ab7e
72ac7e
72ad7e
72ae7e
72af7e
72b07e
72b17e
72b27e
72b37e
72b47e
72b57e
72b67e
72b77e
72b87e
72b97e
72ba7e
72bb7e
72bc7e
72bd7e
72be7e
72bf7e
72c07e
72c17e
72c27e
72c37e
72c47e
72c57e
72c67e
72c77e
72c87e
72c97e
72ca7e
72cb7e
72cc7e
72cd7e
72ce7e
72cf7e
72d07e
72d17e
72d27e
72d37e
72d47e
72d57e
72d67e
72d77e
72d87e
72d97e
72da7e
72db7e
72dc7e
72dd7e
72de7e
72df7e
72e07e
72e17e
72e27e
72e37e
72e47e
72e57e
72e67e
72e77e
72e87e
72e97e
72ea7e
72eb7e
72ec7e
72ed7e
72ee7e
72ef7e
72f07e
72f17e
72f27e
72f37e
72f47e
72f57e
72f67e
72f77e
72f87e
72f97e
72fa7e
72fb7e
72fc7e
72fd7e
72fe7e
72ff7e
73007e
73017e
73027e
73037e
73047e
73057e
73067e
73077e
73087e
73097e
730a7e
730b7e
730c7e
730d7e
730e7e
730f7e
73107e
73117e
73127e
73137e
73147e
73157e
73167e
73177e
73187e
73197e
731a7e
731b7e
731c7e
731d7e
731e7e
731f7e
73207e
73217e
73227e
73237e
73247e
73257e
73267e
73277e
73287e
73297e
732a7e
732b7e
732c7e
732d7e
732e7e
732f7e
73307e
73317e
73327e
73337e
73347e
73357e
73367e
73377e
73387e
73397e
733a7e
733b7e
733c7e
733d7e
733e7e
733f7e
73407e
73417e
73427e
73437e
73447e
73457e
73467e
73477e
73487e
73497e
734a7e
734b7e
734c7e
734d7e
734e7e
734f7e
73507e
73517e
73527e
73537e
73547e
73557e
73567e
73577e
73587e
73597e
735a7e
735b7e
735c7e
735d7e
735e7e
735f7e
73607e
73617e
73627e
73637e
73647e
73657e
73667e
73677e
73687e
73697e
736a7e
736b7e
736c7e
736d7e
736e7e
736f7e
73707e
73717e
73727e
73737e
73747e
73757e
73767e
73777e
73787e
73797e
737a7e
737b7e
737c7e
737d7e
737e7e
737f7e
73807e
73817e
73827e
73837e
73847e
73857e
73867e
73877e
73887e
73897e
738a7e
738b7e
738c7e
738d7e
738e7e
738f7e
73907e
73917e
73927e
73937e
73947e
73957e
73967e
73977e
73987e
73997e
739a7e
739b7e
739c7e
739d7e
739e7e
739f7e
73a07e
73a17e
73a27e
73a37e
73a47e
73a57e
73a67e
73a77e
73a87e
73a97e
73aa7e
73ab7e
73ac7e
73ad7e
73ae7e
73af7e
73b07e
73b17e
73b27e
73b37e
73b47e
73b57e
73b67e
73b77e
73b87e
73b97e
73ba7e
73bb7e
73bc7e
73bd7e
73be7e
73bf7e
73c07e
73c17e
73c27e
73c37e
73c47e
73c57e
73c67e
73c77e
73c87e
73c97e
73ca7e
73cb7e
73cc7e
73cd7e
73ce7e
73cf7e
73d07e
73d17e
73d27e
73d37e
73d47e
73d57e
73d67e
73d77e
73d87e
73d97e
73da7e
73db7e
73dc7e
73dd7e
73de7e
73df7e
73e07e
73e17e
73e27e
73e37e
73e47e
73e57e
73e67e
73e77e
73e87e
73e97e
73ea7e
73eb7e
73ec7e
73ed7e
73ee7e
73ef7e
73f07e
73f17e
73f27e
73f37e
73f47e
73f57e
73f67e
73f77e
73f87e
73f97e
73fa7e
73fb7e
73fc7e
73fd7e
73fe7e
73ff7e
74007e
74017e
74027e
74037e
74047e
74057e
74067e
74077e
74087e
74097e
740a7e
740b7e
740c7e
740d7e
740e7e
740f7e
74107e
74117e
74127e
74137e
74147e
74157e
74167e
74177e
74187e
74197e
741a7e
741b7e
741c7e
741d7e
741e7e
741f7e
74207e
74217e
74227e
74237e
74247e
74257e
74267e
74277e
74287e
74297e
742a7e
742b7e
742c7e
742d7e
742e7e
742f7e
74307e
74317e
74327e
74337e
74347e
74357e
74367e
74377e
74387e
74397e
743a7e
743b7e
743c7e
743d7e
743e7e
743f7e
74407e
74417e
74427e
74437e
74447e
74457e
74467e
74477e
74487e
74497e
744a7e
744b7e
744c7e
744d7e
744e7e
744f7e
74507e
74517e
74527e
74537e
74547e
74557e
74567e
74577e
74587e
74597e
745a7e
745b7e
745c7e
745d7e
745e7e
745f7e
74607e
74617e
74627e
74637e
74647e
74657e
74667e
74677e
74687e
74697e
746a7e
746b7e
746c7e
746d7e
746e7e
746f7e
74707e
74717e
74727e
74737e
74747e
74757e
74767e
74777e
74787e
74797e
747a7e
747b7e
747c7e
747d7e
747e7e
747f7e
74807e
74817e
74827e
74837e
74847e
74857e
74867e
74877e
74887e
74897e
748a7e
748b7e
748c7e
748d7e
748e7e
748f7e
74907e
74917e
74927e
74937e
74947e
74957e
74967e
74977e
74987e
74997e
749a7e
749b7e
749c7e
749d7e
749e7e
749f7e
74a07e
74a17e
74a27e
74a37e
74a47e
74a57e
74a67e
74a77e
74a87e
74a97e
74aa7e
74ab7e
74ac7e
74ad7e
74ae7e
74af7e
74b07e
74b17e
74b27e
74b37e
74b47e
74b57e
74b67e
74b77e
74b87e
74b97e
74ba7e
74bb7e
74bc7e
74bd7e
74be7e
74bf7e
74c07e
74c17e
74c27e
74c37e
74c47e
74c57e
74c67e
74c77e
74c87e
74c97e
74ca7e
74cb7e
74cc7e
74cd7e
74ce7e
74cf7e
74d07e
74d17e
74d27e
74d37e
74d47e
74d57e
74d67e
74d77e
74d87e
74d97e
74da7e
74db7e
74dc7e
74dd7e
74de7e
74df7e
74e07e
74e17e
74e27e
74e37e
74e47e
74e57e
74e67e
74e77e
74e87e
74e97e
74ea7e
74eb7e
74ec7e
74ed7e
74ee7e
74ef7e
74f07e
74f17e
74f27e
74f37e
74f47e
74f57e
74f67e
74f77e
74f87e
74f97e
74fa7e
74fb7e
74fc7e
74fd7e
74fe7e
74ff7e
75007e
75017e
75027e
75037e
75047e
75057e
75067e
75077e
75087e
75097e
750a7e
750b7e
750c7e
750d7e
750e7e
750f7e
75107e
75117e
75127e
75137e
75147e
75157e
75167e
75177e
75187e
75197e
751a7e
751b7e
751c7e
751d7e
751e7e
751f7e
75207e
75217e
75227e
75237e
75247e
75257e
75267e
75277e
75287e
75297e
752a7e
752b7e
752c7e
752d7e
752e7e
752f7e
75307e
75317e
75327e
75337e
75347e
75357e
75367e
75377e
75387e
75397e
753a7e
753b7e
753c7e
753d7e
753e7e
753f7e
75407e
75417e
75427e
75437e
75447e
75457e
75467e
75477e
75487e
75497e
754a7e
754b7e
754c7e
754d7e
754e7e
754f7e
75507e
75517e
75527e
75537e
75547e
75557e
75567e
75577e
75587e
75597e
755a7e
755b7e
755c7e
755d7e
755e7e
755f7e
75607e
75617e
75627e
75637e
75647e
75657e
75667e
75677e
75687e
75697e
756a7e
756b7e
756c7e
756d7e
756e7e
756f7e
75707e
75717e
75727e
75737e
75747e
75757e
75767e
75777e
75787e
75797e
757a7e
757b7e
757c7e
757d7e
757e7e
757f7e
75807e
75817e
75827e
75837e
75847e
75857e
75867e
75877e
75887e
75897e
758a7e
758b7e
758c7e
758d7e
758e7e
758f7e
75907e
75917e
75927e
75937e
75947e
75957e
75967e
75977e
75987e
75997e
759a7e
759b7e
759c7e
759d7e
759e7e
759f7e
75a07e
75a17e
75a27e
75a37e
75a47e
75a57e
75a67e
75a77e
75a87e
75a97e
75aa7e
75ab7e
75ac7e
75ad7e
75ae7e
75af7e
75b07e
75b17e
75b27e
75b37e
75b47e
75b57e
75b67e
75b77e
75b87e
75b97e
75ba7e
75bb7e
75bc7e
75bd7e
75be7e
75bf7e
75c07e
75c17e
75c27e
75c37e
75c47e
75c57e
75c67e
75c77e
75c87e
75c97e
75ca7e
75cb7e
75cc7e
75cd7e
75ce7e
75cf7e
75d07e
75d17e
75d27e
75d37e
75d47e
75d57e
75d67e
75d77e
75d87e
75d97e
75da7e
75db7e
75dc7e
75dd7e
75de7e
75df7e
75e07e
75e17e
75e27e
75e37e
75e47e
75e57e
75e67e
75e77e
75e87e
75e97e
75ea7e
75eb7e
75ec7e
75ed7e
75ee7e
75ef7e
75f07e
75f17e
75f27e
75f37e
75f47e
75f57e
75f67e
75f77e
75f87e
75f97e
75fa7e
75fb7e
75fc7e
75fd7e
75fe7e
75ff7e
76007e
76017e
76027e
76037e
76047e
76057e
76067e
76077e
76087e
76097e
760a7e
760b7e
760c7e
760d7e
760e7e
760f7e
76107e
76117e
76127e
76137e
76147e
76157e
76167e
76177e
76187e
76197e
761a7e
761b7e
761c7e
761d7e
761e7e
761f7e
76207e
76217e
76227e
76237e
76247e
76257e
76267e
76277e
76287e
76297e
762a7e
762b7e
762c7e
762d7e
762e7e
762f7e
76307e
76317e
76327e
76337e
76347e
76357e
76367e
76377e
76387e
76397e
763a7e
763b7e
763c7e
763d7e
763e7e
763f7e
76407e
76417e
76427e
76437e
76447e
76457e
76467e
76477e
76487e
76497e
764a7e
764b7e
764c7e
764d7e
764e7e
764f7e
76507e
76517e
76527e
76537e
76547e
76557e
76567e
76577e
76587e
76597e
765a7e
765b7e
765c7e
765d7e
765e7e
765f7e
76607e
76617e
76627e
76637e
76647e
76657e
76667e
76677e
76687e
76697e
766a7e
766b7e
766c7e
766d7e
766e7e
766f7e
76707e
76717e
76727e
76737e
76747e
76757e
76767e
76777e
76787e
76797e
767a7e
767b7e
767c7e
767d7e
767e7e
767f7e
76807e
76817e
76827e
76837e
76847e
76857e
76867e
76877e
76887e
76897e
768a7e
768b7e
768c7e
768d7e
768e7e
768f7e
76907e
76917e
76927e
76937e
76947e
76957e
76967e
76977e
76987e
76997e
769a7e
769b7e
769c7e
769d7e
769e7e
769f7e
76a07e
76a17e
76a27e
76a37e
76a47e
76a57e
76a67e
76a77e
76a87e
76a97e
76aa7e
76ab7e
76ac7e
76ad7e
76ae7e
76af7e
76b07e
76b17e
76b27e
76b37e
76b47e
76b57e
76b67e
76b77e
76b87e
76b97e
76ba7e
76bb7e
76bc7e
76bd7e
76be7e
76bf7e
76c07e
76c17e
76c27e
76c37e
76c47e
76c57e
76c67e
76c77e
76c87e
76c97e
76ca7e
76cb7e
76cc7e
76cd7e
76ce7e
76cf7e
76d07e
76d17e
76d27e
76d37e
76d47e
76d57e
76d67e
76d77e
76d87e
76d97e
76da7e
76db7e
76dc7e
76dd7e
76de7e
76df7e
76e07e
76e17e
76e27e
76e37e
76e47e
76e57e
76e67e
76e77e
76e87e
76e97e
76ea7e
76eb7e
76ec7e
76ed7e
76ee7e
76ef7e
76f07e
76f17e
76f27e
76f37e
76f47e
76f57e
76f67e
76f77e
76f87e
76f97e
76fa7e
76fb7e
76fc7e
76fd7e
76fe7e
76ff7e
77007e
77017e
77027e
77037e
77047e
77057e
77067e
77077e
77087e
77097e
770a7e
770b7e
770c7e
770d7e
770e7e
770f7e
77107e
77117e
77127e
77137e
77147e
77157e
77167e
77177e
77187e
77197e
771a7e
771b7e
771c7e
771d7e
771e7e
771f7e
77207e
77217e
77227e
77237e
77247e
77257e
77267e
77277e
77287e
77297e
772a7e
772b7e
772c7e
772d7e
772e7e
772f7e
77307e
77317e
77327e
77337e
77347e
77357e
77367e
77377e
77387e
77397e
773a7e
773b7e
773c7e
773d7e
773e7e
773f7e
77407e
77417e
77427e
77437e
77447e
77457e
77467e
77477e
77487e
77497e
774a7e
774b7e
774c7e
774d7e
774e7e
774f7e
77507e
77517e
77527e
77537e
77547e
77557e
77567e
77577e
77587e
77597e
775a7e
775b7e
775c7e
775d7e
775e7e
775f7e
77607e
77617e
77627e
77637e
77647e
77657e
77667e
77677e
77687e
77697e
776a7e
776b7e
776c7e
776d7e
776e7e
776f7e
77707e
77717e
77727e
77737e
77747e
77757e
77767e
77777e
77787e
77797e
777a7e
777b7e
777c7e
777d7e
777e7e
777f7e
77807e
77817e
77827e
77837e
77847e
77857e
77867e
77877e
77887e
77897e
778a7e
778b7e
778c7e
778d7e
778e7e
778f7e
77907e
77917e
77927e
77937e
77947e
77957e
77967e
77977e
77987e
77997e
779a7e
779b7e
779c7e
779d7e
779e7e
779f7e
77a07e
77a17e
77a27e
77a37e
77a47e
77a57e
77a67e
77a77e
77a87e
77a97e
77aa7e
77ab7e
77ac7e
77ad7e
77ae7e
77af7e
77b07e
77b17e
77b27e
77b37e
77b47e
77b57e
77b67e
77b77e
77b87e
77b97e
77ba7e
77bb7e
77bc7e
77bd7e
77be7e
77bf7e
77c07e
77c17e
77c27e
77c37e
77c47e
77c57e
77c67e
77c77e
77c87e
77c97e
77ca7e
77cb7e
77cc7e
77cd7e
77ce7e
77cf7e
77d07e
77d17e
77d27e
77d37e
77d47e
77d57e
77d67e
77d77e
77d87e
77d97e
77da7e
77db7e
77dc7e
77dd7e
77de7e
77df7e
77e07e
77e17e
77e27e
77e37e
77e47e
77e57e
77e67e
77e77e
77e87e
77e97e
77ea7e
77eb7e
77ec7e
77ed7e
77ee7e
77ef7e
77f07e
77f17e
77f27e
77f37e
77f47e
77f57e
77f67e
77f77e
77f87e
77f97e
77fa7e
77fb7e
77fc7e
77fd7e
77fe7e
77ff7e
78007e
78017e
78027e
78037e
78047e
78057e
78067e
78077e
78087e
78097e
780a7e
780b7e
780c7e
780d7e
780e7e
780f7e
78107e
78117e
78127e
78137e
78147e
78157e
78167e
78177e
78187e
78197e
781a7e
781b7e
781c7e
781d7e
781e7e
781f7e
78207e
78217e
78227e
78237e
78247e
78257e
78267e
78277e
78287e
78297e
782a7e
782b7e
782c7e
782d7e
782e7e
782f7e
78307e
78317e
78327e
78337e
78347e
78357e
78367e
78377e
78387e
78397e
783a7e
783b7e
783c7e
783d7e
783e7e
783f7e
78407e
78417e
78427e
78437e
78447e
78457e
78467e
78477e
78487e
78497e
784a7e
784b7e
784c7e
784d7e
784e7e
784f7e
78507e
78517e
78527e
78537e
78547e
78557e
78567e
78577e
78587e
78597e
785a7e
785b7e
785c7e
785d7e
785e7e
785f7e
78607e
78617e
78627e
78637e
78647e
78657e
78667e
78677e
78687e
78697e
786a7e
786b7e
786c7e
786d7e
786e7e
786f7e
78707e
78717e
78727e
78737e
78747e
78757e
78767e
78777e
78787e
78797e
787a7e
787b7e
787c7e
787d7e
787e7e
787f7e
78807e
78817e
78827e
78837e
78847e
78857e
78867e
78877e
78887e
78897e
788a7e
788b7e
788c7e
788d7e
788e7e
788f7e
78907e
78917e
78927e
78937e
78947e
78957e
78967e
78977e
78987e
78997e
789a7e
789b7e
789c7e
789d7e
789e7e
789f7e
78a07e
78a17e
78a27e
78a37e
78a47e
78a57e
78a67e
78a77e
78a87e
78a97e
78aa7e
78ab7e
78ac7e
78ad7e
78ae7e
78af7e
78b07e
78b17e
78b27e
78b37e
78b47e
78b57e
78b67e
78b77e
78b87e
78b97e
78ba7e
78bb7e
78bc7e
78bd7e
78be7e
78bf7e
78c07e
78c17e
78c27e
78c37e
78c47e
78c57e
78c67e
78c77e
78c87e
78c97e
78ca7e
78cb7e
78cc7e
78cd7e
78ce7e
78cf7e
78d07e
78d17e
78d27e
78d37e
78d47e
78d57e
78d67e
78d77e
78d87e
78d97e
78da7e
78db7e
78dc7e
78dd7e
78de7e
78df7e
78e07e
78e17e
78e27e
78e37e
78e47e
78e57e
78e67e
78e77e
78e87e
78e97e
78ea7e
78eb7e
78ec7e
78ed7e
78ee7e
78ef7e
78f07e
78f17e
78f27e
78f37e
78f47e
78f57e
78f67e
78f77e
78f87e
78f97e
78fa7e
78fb7e
78fc7e
78fd7e
78fe7e
78ff7e
79007e
79017e
79027e
79037e
79047e
79057e
79067e
79077e
79087e
79097e
790a7e
790b7e
790c7e
790d7e
790e7e
790f7e
79107e
79117e
79127e
79137e
79147e
79157e
79167e
79177e
79187e
79197e
791a7e
791b7e
791c7e
791d7e
791e7e
791f7e
79207e
79217e
79227e
79237e
79247e
79257e
79267e
79277e
79287e
79297e
792a7e
792b7e
792c7e
792d7e
792e7e
792f7e
79307e
79317e
79327e
79337e
79347e
79357e
79367e
79377e
79387e
79397e
793a7e
793b7e
793c7e
793d7e
793e7e
793f7e
79407e
79417e
79427e
79437e
79447e
79457e
79467e
79477e
79487e
79497e
794a7e
794b7e
794c7e
794d7e
794e7e
794f7e
79507e
79517e
79527e
79537e
79547e
79557e
79567e
79577e
79587e
79597e
795a7e
795b7e
795c7e
795d7e
795e7e
795f7e
79607e
79617e
79627e
79637e
79647e
79657e
79667e
79677e
79687e
79697e
796a7e
796b7e
796c7e
796d7e
796e7e
796f7e
79707e
79717e
79727e
79737e
79747e
79757e
79767e
79777e
79787e
79797e
797a7e
797b7e
797c7e
797d7e
797e7e
797f7e
79807e
79817e
79827e
79837e
79847e
79857e
79867e
79877e
79887e
79897e
798a7e
798b7e
798c7e
798d7e
798e7e
798f7e
79907e
79917e
79927e
79937e
79947e
79957e
79967e
79977e
79987e
79997e
799a7e
799b7e
799c7e
799d7e
799e7e
799f7e
79a07e
79a17e
79a27e
79a37e
79a47e
79a57e
79a67e
79a77e
79a87e
79a97e
79aa7e
79ab7e
79ac7e
79ad7e
79ae7e
79af7e
79b07e
79b17e
79b27e
79b37e
79b47e
79b57e
79b67e
79b77e
79b87e
79b97e
79ba7e
79bb7e
79bc7e
79bd7e
79be7e
79bf7e
79c07e
79c17e
79c27e
79c37e
79c47e
79c57e
79c67e
79c77e
79c87e
79c97e
79ca7e
79cb7e
79cc7e
79cd7e
79ce7e
79cf7e
79d07e
79d17e
79d27e
79d37e
79d47e
79d57e
79d67e
79d77e
79d87e
79d97e
79da7e
79db7e
79dc7e
79dd7e
79de7e
79df7e
79e07e
79e17e
79e27e
79e37e
79e47e
79e57e
79e67e
79e77e
79e87e
79e97e
79ea7e
79eb7e
79ec7e
79ed7e
79ee7e
79ef7e
79f07e
79f17e
79f27e
79f37e
79f47e
79f57e
79f67e
79f77e
79f87e
79f97e
79fa7e
79fb7e
79fc7e
79fd7e
79fe7e
79ff7e
7a007e
7a017e
7a027e
7a037e
7a047e
7a057e
7a067e
7a077e
7a087e
7a097e
7a0a7e
7a0b7e
7a0c7e
7a0d7e
7a0e7e
7a0f7e
7a107e
7a117e
7a127e
7a137e
7a147e
7a157e
7a167e
7a177e
7a187e
7a197e
7a1a7e
7a1b7e
7a1c7e
7a1d7e
7a1e7e
7a1f7e
7a207e
7a217e
7a227e
7a237e
7a247e
7a257e
7a267e
7a277e
7a287e
7a297e
7a2a7e
7a2b7e
7a2c7e
7a2d7e
7a2e7e
7a2f7e
7a307e
7a317e
7a327e
7a337e
7a347e
7a357e
7a367e
7a377e
7a387e
7a397e
7a3a7e
7a3b7e
7a3c7e
7a3d7e
7a3e7e
7a3f7e
7a407e
7a417e
7a427e
7a437e
7a447e
7a457e
7a467e
7a477e
7a487e
7a497e
7a4a7e
7a4b7e
7a4c7e
7a4d7e
7a4e7e
7a4f7e
7a507e
7a517e
7a527e
7a537e
7a547e
7a557e
7a567e
7a577e
7a587e
7a597e
7a5a7e
7a5b7e
7a5c7e
7a5d7e
7a5e7e
7a5f7e
7a607e
7a617e
7a627e
7a637e
7a647e
7a657e
7a667e
7a677e
7a687e
7a697e
7a6a7e
7a6b7e
7a6c7e
7a6d7e
7a6e7e
7a6f7e
7a707e
7a717e
7a727e
7a737e
7a747e
7a757e
7a767e
7a777e
7a787e
7a797e
7a7a7e
7a7b7e
7a7c7e
7a7d7e
7a7e7e
7a7f7e
7a807e
7a817e
7a827e
7a837e
7a847e
7a857e
7a867e
7a877e
7a887e
7a897e
7a8a7e
7a8b7e
7a8c7e
7a8d7e
7a8e7e
7a8f7e
7a907e
7a917e
7a927e
7a937e
7a947e
7a957e
7a967e
7a977e
7a987e
7a997e
7a9a7e
7a9b7e
7a9c7e
7a9d7e
7a9e7e
7a9f7e
7aa07e
7aa17e
7aa27e
7aa37e
7aa47e
7aa57e
7aa67e
7aa77e
7aa87e
7aa97e
7aaa7e
7aab7e
7aac7e
7aad7e
7aae7e
7aaf7e
7ab07e
7ab17e
7ab27e
7ab37e
7ab47e
7ab57e
7ab67e
7ab77e
7ab87e
7ab97e
7aba7e
7abb7e
7abc7e
7abd7e
7abe7e
7abf7e
7ac07e
7ac17e
7ac27e
7ac37e
7ac47e
7ac57e
7ac67e
7ac77e
7ac87e
7ac97e
7aca7e
7acb7e
7acc7e
7acd7e
7ace7e
7acf7e
7ad07e
7ad17e
7ad27e
7ad37e
7ad47e
7ad57e
7ad67e
7ad77e
7ad87e
7ad97e
7ada7e
7adb7e
7adc7e
7add7e
7ade7e
7adf7e
7ae07e
7ae17e
7ae27e
7ae37e
7ae47e
7ae57e
7ae67e
7ae77e
7ae87e
7ae97e
7aea7e
7aeb7e
7aec7e
7aed7e
7aee7e
7aef7e
7af07e
7af17e
7af27e
7af37e
7af47e
7af57e
7af67e
7af77e
7af87e
7af97e
7afa7e
7afb7e
7afc7e
7afd7e
7afe7e
7aff7e
7b007e
7b017e
7b027e
7b037e
7b047e
7b057e
7b067e
7b077e
7b087e
7b097e
7b0a7e
7b0b7e
7b0c7e
7b0d7e
7b0e7e
7b0f7e
7b107e
7b117e
7b127e
7b137e
7b147e
7b157e
7b167e
7b177e
7b187e
7b197e
7b1a7e
7b1b7e
7b1c7e
7b1d7e
7b1e7e
7b1f7e
7b207e
7b217e
7b227e
7b237e
7b247e
7b257e
7b267e
7b277e
7b287e
7b297e
7b2a7e
7b2b7e
7b2c7e
7b2d7e
7b2e7e
7b2f7e
7b307e
7b317e
7b327e
7b337e
7b347e
7b357e
7b367e
7b377e
7b387e
7b397e
7b3a7e
7b3b7e
7b3c7e
7b3d7e
7b3e7e
7b3f7e
7b407e
7b417e
7b427e
7b437e
7b447e
7b457e
7b467e
7b477e
7b487e
7b497e
7b4a7e
7b4b7e
7b4c7e
7b4d7e
7b4e7e
7b4f7e
7b507e
7b517e
7b527e
7b537e
7b547e
7b557e
7b567e
7b577e
7b587e
7b597e
7b5a7e
7b5b7e
7b5c7e
7b5d7e
7b5e7e
7b5f7e
7b607e
7b617e
7b627e
7b637e
7b647e
7b657e
7b667e
7b677e
7b687e
7b697e
7b6a7e
7b6b7e
7b6c7e
7b6d7e
7b6e7e
7b6f7e
7b707e
7b717e
7b727e
7b737e
7b747e
7b757e
7b767e
7b777e
7b787e
7b797e
7b7a7e
7b7b7e
7b7c7e
7b7d7e
7b7e7e
7b7f7e
7b807e
7b817e
7b827e
7b837e
7b847e
7b857e
7b867e
7b877e
7b887e
7b897e
7b8a7e
7b8b7e
7b8c7e
7b8d7e
7b8e7e
7b8f7e
7b907e
7b917e
7b927e
7b937e
7b947e
7b957e
7b967e
7b977e
7b987e
7b997e
7b9a7e
7b9b7e
7b9c7e
7b9d7e
7b9e7e
7b9f7e
7ba07e
7ba17e
7ba27e
7ba37e
7ba47e
7ba57e
7ba67e
7ba77e
7ba87e
7ba97e
7baa7e
7bab7e
7bac7e
7bad7e
7bae7e
7baf7e
7bb07e
7bb17e
7bb27e
7bb37e
7bb47e
7bb57e
7bb67e
7bb77e
7bb87e
7bb97e
7bba7e
7bbb7e
7bbc7e
7bbd7e
7bbe7e
7bbf7e
7bc07e
7bc17e
7bc27e
7bc37e
7bc47e
7bc57e
7bc67e
7bc77e
7bc87e
7bc97e
7bca7e
7bcb7e
7bcc7e
7bcd7e
7bce7e
7bcf7e
7bd07e
7bd17e
7bd27e
7bd37e
7bd47e
7bd57e
7bd67e
7bd77e
7bd87e
7bd97e
7bda7e
7bdb7e
7bdc7e
7bdd7e
7bde7e
7bdf7e
7be07e
7be17e
7be27e
7be37e
7be47e
7be57e
7be67e
7be77e
7be87e
7be97e
7bea7e
7beb7e
7bec7e
7bed7e
7bee7e
7bef7e
7bf07e
7bf17e
7bf27e
7bf37e
7bf47e
7bf57e
7bf67e
7bf77e
7bf87e
7bf97e
7bfa7e
7bfb7e
7bfc7e
7bfd7e
7bfe7e
7bff7e
7c007e
7c017e
7c027e
7c037e
7c047e
7c057e
7c067e
7c077e
7c087e
7c097e
7c0a7e
7c0b7e
7c0c7e
7c0d7e
7c0e7e
7c0f7e
7c107e
7c117e
7c127e
7c137e
7c147e
7c157e
7c167e
7c177e
7c187e
7c197e
7c1a7e
7c1b7e
7c1c7e
7c1d7e
7c1e7e
7c1f7e
7c207e
7c217e
7c227e
7c237e
7c247e
7c257e
7c267e
7c277e
7c287e
7c297e
7c2a7e
7c2b7e
7c2c7e
7c2d7e
7c2e7e
7c2f7e
7c307e
7c317e
7c327e
7c337e
7c347e
7c357e
7c367e
7c377e
7c387e
7c397e
7c3a7e
7c3b7e
7c3c7e
7c3d7e
7c3e7e
7c3f7e
7c407e
7c417e
7c427e
7c437e
7c447e
7c457e
7c467e
7c477e
7c487e
7c497e
7c4a7e
7c4b7e
7c4c7e
7c4d7e
7c4e7e
7c4f7e
7c507e
7c517e
7c527e
7c537e
7c547e
7c557e
7c567e
7c577e
7c587e
7c597e
7c5a7e
7c5b7e
7c5c7e
7c5d7e
7c5e7e
7c5f7e
7c607e
7c617e
7c627e
7c637e
7c647e
7c657e
7c667e
7c677e
7c687e
7c697e
7c6a7e
7c6b7e
7c6c7e
7c6d7e
7c6e7e
7c6f7e
7c707e
7c717e
7c727e
7c737e
7c747e
7c757e
7c767e
7c777e
7c787e
7c797e
7c7a7e
7c7b7e
7c7c7e
7c7d7e
7c7e7e
7c7f7e
7c807e
7c817e
7c827e
7c837e
7c847e
7c857e
7c867e
7c877e
7c887e
7c897e
7c8a7e
7c8b7e
7c8c7e
7c8d7e
7c8e7e
7c8f7e
7c907e
7c917e
7c927e
7c937e
7c947e
7c957e
7c967e
7c977e
7c987e
7c997e
7c9a7e
7c9b7e
7c9c7e
7c9d7e
7c9e7e
7c9f7e
7ca07e
7ca17e
7ca27e
7ca37e
7ca47e
7ca57e
7ca67e
7ca77e
7ca87e
7ca97e
7caa7e
7cab7e
7cac7e
7cad7e
7cae7e
7caf7e
7cb07e
7cb17e
7cb27e
7cb37e
7cb47e
7cb57e
7cb67e
7cb77e
7cb87e
7cb97e
7cba7e
7cbb7e
7cbc7e
7cbd7e
7cbe7e
7cbf7e
7cc07e
7cc17e
7cc27e
7cc37e
7cc47e
7cc57e
7cc67e
7cc77e
7cc87e
7cc97e
7cca7e
7ccb7e
7ccc7e
7ccd7e
7cce7e
7ccf7e
7cd07e
7cd17e
7cd27e
7cd37e
7cd47e
7cd57e
7cd67e
7cd77e
7cd87e
7cd97e
7cda7e
7cdb7e
7cdc7e
7cdd7e
7cde7e
7cdf7e
7ce07e
7ce17e
7ce27e
7ce37e
7ce47e
7ce57e
7ce67e
7ce77e
7ce87e
7ce97e
7cea7e
7ceb7e
7cec7e
7ced7e
7cee7e
7cef7e
7cf07e
7cf17e
7cf27e
7cf37e
7cf47e
7cf57e
7cf67e
7cf77e
7cf87e
7cf97e
7cfa7e
7cfb7e
7cfc7e
7cfd7e
7cfe7e
7cff7e
7d007e
7d017e
7d027e
7d037e
7d047e
7d057e
7d067e
7d077e
7d087e
7d097e
7d0a7e
7d0b7e
7d0c7e
7d0d7e
7d0e7e
7d0f7e
7d107e
7d117e
7d127e
7d137e
7d147e
7d157e
7d167e
7d177e
7d187e
7d197e
7d1a7e
7d1b7e
7d1c7e
7d1d7e
7d1e7e
7d1f7e
7d207e
7d217e
7d227e
7d237e
7d247e
7d257e
7d267e
7d277e
7d287e
7d297e
7d2a7e
7d2b7e
7d2c7e
7d2d7e
7d2e7e
7d2f7e
7d307e
7d317e
7d327e
7d337e
7d347e
7d357e
7d367e
7d377e
7d387e
7d397e
7d3a7e
7d3b7e
7d3c7e
7d3d7e
7d3e7e
7d3f7e
7d407e
7d417e
7d427e
7d437e
7d447e
7d457e
7d467e
7d477e
7d487e
7d497e
7d4a7e
7d4b7e
7d4c7e
7d4d7e
7d4e7e
7d4f7e
7d507e
7d517e
7d527e
7d537e
7d547e
7d557e
7d567e
7d577e
7d587e
7d597e
7d5a7e
7d5b7e
7d5c7e
7d5d7e
7d5e7e
7d5f7e
7d607e
7d617e
7d627e
7d637e
7d647e
7d657e
7d667e
7d677e
7d687e
7d697e
7d6a7e
7d6b7e
7d6c7e
7d6d7e
7d6e7e
7d6f7e
7d707e
7d717e
7d727e
7d737e
7d747e
7d757e
7d767e
7d777e
7d787e
7d797e
7d7a7e
7d7b7e
7d7c7e
7d7d7e
7d7e7e
7d7f7e
7d807e
7d817e
7d827e
7d837e
7d847e
7d857e
7d867e
7d877e
7d887e
7d897e
7d8a7e
7d8b7e
7d8c7e
7d8d7e
7d8e7e
7d8f7e
7d907e
7d917e
7d927e
7d937e
7d947e
7d957e
7d967e
7d977e
7d987e
7d997e
7d9a7e
7d9b7e
7d9c7e
7d9d7e
7d9e7e
7d9f7e
7da07e
7da17e
7da27e
7da37e
7da47e
7da57e
7da67e
7da77e
7da87e
7da97e
7daa7e
7dab7e
7dac7e
7dad7e
7dae7e
7daf7e
7db07e
7db17e
7db27e
7db37e
7db47e
7db57e
7db67e
7db77e
7db87e
7db97e
7dba7e
7dbb7e
7dbc7e
7dbd7e
7dbe7e
7dbf7e
7dc07e
7dc17e
7dc27e
7dc37e
7dc47e
7dc57e
7dc67e
7dc77e
7dc87e
7dc97e
7dca7e
7dcb7e
7dcc7e
7dcd7e
7dce7e
7dcf7e
7dd07e
7dd17e
7dd27e
7dd37e
7dd47e
7dd57e
7dd67e
7dd77e
7dd87e
7dd97e
7dda7e
7ddb7e
7ddc7e
7ddd7e
7dde7e
7ddf7e
7de07e
7de17e
7de27e
7de37e
7de47e
7de57e
7de67e
7de77e
7de87e
7de97e
7dea7e
7deb7e
7dec7e
7ded7e
7dee7e
7def7e
7df07e
7df17e
7df27e
7df37e
7df47e
7df57e
7df67e
7df77e
7df87e
7df97e
7dfa7e
7dfb7e
7dfc7e
7dfd7e
7dfe7e
7dff7e
7e007e
7e017e
7e027e
7e037e
7e047e
7e057e
7e067e
7e077e
7e087e
7e097e
7e0a7e
7e0b7e
7e0c7e
7e0d7e
7e0e7e
7e0f7e
7e107e
7e117e
7e127e
7e137e
7e147e
7e157e
7e167e
7e177e
7e187e
7e197e
7e1a7e
7e1b7e
7e1c7e
7e1d7e
7e1e7e
7e1f7e
7e207e
7e217e
7e227e
7e237e
7e247e
7e257e
7e267e
7e277e
7e287e
7e297e
7e2a7e
7e2b7e
7e2c7e
7e2d7e
7e2e7e
7e2f7e
7e307e
7e317e
7e327e
7e337e
7e347e
7e357e
7e367e
7e377e
7e387e
7e397e
7e3a7e
7e3b7e
7e3c7e
7e3d7e
7e3e7e
7e3f7e
7e407e
7e417e
7e427e
7e437e
7e447e
7e457e
7e467e
7e477e
7e487e
7e497e
7e4a7e
7e4b7e
7e4c7e
7e4d7e
7e4e7e
7e4f7e
7e507e
7e517e
7e527e
7e537e
7e547e
7e557e
7e567e
7e577e
7e587e
7e597e
7e5a7e
7e5b7e
7e5c7e
7e5d7e
7e5e7e
7e5f7e
7e607e
7e617e
7e627e
7e637e
7e647e
7e657e
7e667e
7e677e
7e687e
7e697e
7e6a7e
7e6b7e
7e6c7e
7e6d7e
7e6e7e
7e6f7e
7e707e
7e717e
7e727e
7e737e
7e747e
7e757e
7e767e
7e777e
7e787e
7e797e
7e7a7e
7e7b7e
7e7c7e
7e7d7e
7e7e7e
7e7f7e
7e807e
7e817e
7e827e
7e837e
7e847e
7e857e
7e867e
7e877e
7e887e
7e897e
7e8a7e
7e8b7e
7e8c7e
7e8d7e
7e8e7e
7e8f7e
7e907e
7e917e
7e927e
7e937e
7e947e
7e957e
7e967e
7e977e
7e987e
7e997e
7e9a7e
7e9b7e
7e9c7e
7e9d7e
7e9e7e
7e9f7e
7ea07e
7ea17e
7ea27e
7ea37e
7ea47e
7ea57e
7ea67e
7ea77e
7ea87e
7ea97e
7eaa7e
7eab7e
7eac7e
7ead7e
7eae7e
7eaf7e
7eb07e
7eb17e
7eb27e
7eb37e
7eb47e
7eb57e
7eb67e
7eb77e
7eb87e
7eb97e
7eba7e
7ebb7e
7ebc7e
7ebd7e
7ebe7e
7ebf7e
7ec07e
7ec17e
7ec27e
7ec37e
7ec47e
7ec57e
7ec67e
7ec77e
7ec87e
7ec97e
7eca7e
7ecb7e
7ecc7e
7ecd7e
7ece7e
7ecf7e
7ed07e
7ed17e
7ed27e
7ed37e
7ed47e
7ed57e
7ed67e
7ed77e
7ed87e
7ed97e
7eda7e
7edb7e
7edc7e
7edd7e
7ede7e
7edf7e
7ee07e
7ee17e
7ee27e
7ee37e
7ee47e
7ee57e
7ee67e
7ee77e
7ee87e
7ee97e
7eea7e
7eeb7e
7eec7e
7eed7e
7eee7e
7eef7e
7ef07e
7ef17e
7ef27e
7ef37e
7ef47e
7ef57e
7ef67e
7ef77e
7ef87e
7ef97e
7efa7e
7efb7e
7efc7e
7efd7e
7efe7e
7eff7e
7f007e
7f017e
7f027e
7f037e
7f047e
7f057e
7f067e
7f077e
7f087e
7f097e
7f0a7e
7f0b7e
7f0c7e
7f0d7e
7f0e7e
7f0f7e
7f107e
7f117e
7f127e
7f137e
7f147e
7f157e
7f167e
7f177e
7f187e
7f197e
7f1a7e
7f1b7e
7f1c7e
7f1d7e
7f1e7e
7f1f7e
7f207e
7f217e
7f227e
7f237e
7f247e
7f257e
7f267e
7f277e
7f287e
7f297e
7f2a7e
7f2b7e
7f2c7e
7f2d7e
7f2e7e
7f2f7e
7f307e
7f317e
7f327e
7f337e
7f347e
7f357e
7f367e
7f377e
7f387e
7f397e
7f3a7e
7f3b7e
7f3c7e
7f3d7e
7f3e7e
7f3f7e
7f407e
7f417e
7f427e
7f437e
7f447e
7f457e
7f467e
7f477e
7f487e
7f497e
7f4a7e
7f4b7e
7f4c7e
7f4d7e
7f4e7e
7f4f7e
7f507e
7f517e
7f527e
7f537e
7f547e
7f557e
7f567e
7f577e
7f587e
7f597e
7f5a7e
7f5b7e
7f5c7e
7f5d7e
7f5e7e
7f5f7e
7f607e
7f617e
7f627e
7f637e
7f647e
7f657e
7f667e
7f677e
7f687e
7f697e
7f6a7e
7f6b7e
7f6c7e
7f6d7e
7f6e7e
7f6f7e
7f707e
7f717e
7f727e
7f737e
7f747e
7f757e
7f767e
7f777e
7f787e
7f797e
7f7a7e
7f7b7e
7f7c7e
7f7d7e
7f7e7e
7f7f7e
7f807e
7f817e
7f827e
7f837e
7f847e
7f857e
7f867e
7f877e
7f887e
7f897e
7f8a7e
7f8b7e
7f8c7e
7f8d7e
7f8e7e
7f8f7e
7f907e
7f917e
7f927e
7f937e
7f947e
7f957e
7f967e
7f977e
7f987e
7f997e
7f9a7e
7f9b7e
7f9c7e
7f9d7e
7f9e7e
7f9f7e
7fa07e
7fa17e
7fa27e
7fa37e
7fa47e
7fa57e
7fa67e
7fa77e
7fa87e
7fa97e
7faa7e
7fab7e
7fac7e
7fad7e
7fae7e
7faf7e
7fb07e
7fb17e
7fb27e
7fb37e
7fb47e
7fb57e
7fb67e
7fb77e
7fb87e
7fb97e
7fba7e
7fbb7e
7fbc7e
7fbd7e
7fbe7e
7fbf7e
7fc07e
7fc17e
7fc27e
7fc37e
7fc47e
7fc57e
7fc67e
7fc77e
7fc87e
7fc97e
7fca7e
7fcb7e
7fcc7e
7fcd7e
7fce7e
7fcf7e
7fd07e
7fd17e
7fd27e
7fd37e
7fd47e
7fd57e
7fd67e
7fd77e
7fd87e
7fd97e
7fda7e
7fdb7e
7fdc7e
7fdd7e
7fde7e
7fdf7e
7fe07e
7fe17e
7fe27e
7fe37e
7fe47e
7fe57e
7fe67e
7fe77e
7fe87e
7fe97e
7fea7e
7feb7e
7fec7e
7fed7e
7fee7e
7fef7e
7ff07e
7ff17e
7ff27e
7ff37e
7ff47e
7ff57e
7ff67e
7ff77e
7ff87e
7ff97e
7ffa7e
7ffb7e
7ffc7e
7ffd7e
7ffe7e
7fff7e
800000
800100
800200
800300
800400
800500
800600
800700
800800
800900
800a00
800b00
800c00
800d00
800e00
800f00
801000
801100
801200
801300
801400
801500
801600
801700
801800
801900
801a00
801b00
801c00
801d00
801e00
801f00
802000
802100
802200
802300
802400
802500
802600
802700
802800
802900
802a00
802b00
802c00
802d00
802e00
802f00
803000
803100
803200
803300
803400
803500
803600
803700
803800
803900
803a00
803b00
803c00
803d00
803e00
803f00
804000
804100
804200
804300
804400
804500
804600
804700
804800
804900
804a00
804b00
804c00
804d00
804e00
804f00
805000
805100
805200
805300
805400
805500
805600
805700
805800
805900
805a00
805b00
805c00
805d00
805e00
805f00
806000
806100
806200
806300
806400
806500
806600
806700
806800
806900
806a00
806b00
806c00
806d00
806e00
806f00
807000
807100
807200
807300
807400
807500
807600
807700
807800
807900
807a00
807b00
807c00
807d00
807e00
807f00
808000
808100
808200
808300
808400
808500
808600
808700
808800
808900
808a00
808b00
808c00
808d00
808e00
808f00
809000
809100
809200
809300
809400
809500
809600
809700
809800
809900
809a00
809b00
809c00
809d00
809e00
809f00
80a000
80a100
80a200
80a300
80a400
80a500
80a600
80a700
80a800
80a900
80aa00
80ab00
80ac00
80ad00
80ae00
80af00
80b000
80b100
80b200
80b300
80b400
80b500
80b600
80b700
80b800
80b900
80ba00
80bb00
80bc00
80bd00
80be00
80bf00
80c000
80c100
80c200
80c300
80c400
80c500
80c600
80c700
80c800
80c900
80ca00
80cb00
80cc00
80cd00
80ce00
80cf00
80d000
80d100
80d200
80d300
80d400
80d500
80d600
80d700
80d800
80d900
80da00
80db00
80dc00
80dd00
80de00
80df00
80e000
80e100
80e200
80e300
80e400
80e500
80e600
80e700
80e800
80e900
80ea00
80eb00
80ec00
80ed00
80ee00
80ef00
80f000
80f100
80f200
80f300
80f400
80f500
80f600
80f700
80f800
80f900
80fa00
80fb00
80fc00
80fd00
80fe00
80ff00
810000
810100
810200
810300
810400
810500
810600
810700
810800
810900
810a00
810b00
810c00
810d00
810e00
810f00
811000
811100
811200
811300
811400
811500
811600
811700
811800
811900
811a00
811b00
811c00
811d00
811e00
811f00
812000
812100
812200
812300
812400
812500
812600
812700
812800
812900
812a00
812b00
812c00
812d00
812e00
812f00
813000
813100
813200
813300
813400
813500
813600
813700
813800
813900
813a00
813b00
813c00
813d00
813e00
813f00
814000
814100
814200
814300
814400
814500
814600
814700
814800
814900
814a00
814b00
814c00
814d00
814e00
814f00
815000
815100
815200
815300
815400
815500
815600
815700
815800
815900
815a00
815b00
815c00
815d00
815e00
815f00
816000
816100
816200
816300
816400
816500
816600
816700
816800
816900
816a00
816b00
816c00
816d00
816e00
816f00
817000
817100
817200
817300
817400
817500
817600
817700
817800
817900
817a00
817b00
817c00
817d00
817e00
817f00
818000
818100
818200
818300
818400
818500
818600
818700
818800
818900
818a00
818b00
818c00
818d00
818e00
818f00
819000
819100
819200
819300
819400
819500
819600
819700
819800
819900
819a00
819b00
819c00
819d00
819e00
819f00
81a000
81a100
81a200
81a300
81a400
81a500
81a600
81a700
81a800
81a900
81aa00
81ab00
81ac00
81ad00
81ae00
81af00
81b000
81b100
81b200
81b300
81b400
81b500
81b600
81b700
81b800
81b900
81ba00
81bb00
81bc00
81bd00
81be00
81bf00
81c000
81c100
81c200
81c300
81c400
81c500
81c600
81c700
81c800
81c900
81ca00
81cb00
81cc00
81cd00
81ce00
81cf00
81d000
81d100
81d200
81d300
81d400
81d500
81d600
81d700
81d800
81d900
81da00
81db00
81dc00
81dd00
81de00
81df00
81e000
81e100
81e200
81e300
81e400
81e500
81e600
81e700
81e800
81e900
81ea00
81eb00
81ec00
81ed00
81ee00
81ef00
81f000
81f100
81f200
81f300
81f400
81f500
81f600
81f700
81f800
81f900
81fa00
81fb00
81fc00
81fd00
81fe00
81ff00
820000
820100
820200
820300
820400
820500
820600
820700
820800
820900
820a00
820b00
820c00
820d00
820e00
820f00
821000
821100
821200
821300
821400
821500
821600
821700
821800
821900
821a00
821b00
821c00
821d00
821e00
821f00
822000
822100
822200
822300
822400
822500
822600
822700
822800
822900
822a00
822b00
822c00
822d00
822e00
822f00
823000
823100
823200
823300
823400
823500
823600
823700
823800
823900
823a00
823b00
823c00
823d00
823e00
823f00
824000
824100
824200
824300
824400
824500
824600
824700
824800
824900
824a00
824b00
824c00
824d00
824e00
824f00
825000
825100
825200
825300
825400
825500
825600
825700
825800
825900
825a00
825b00
825c00
825d00
825e00
825f00
826000
826100
826200
826300
826400
826500
826600
826700
826800
826900
826a00
826b00
826c00
826d00
826e00
826f00
827000
827100
827200
827300
827400
827500
827600
827700
827800
827900
827a00
827b00
827c00
827d00
827e00
827f00
828000
828100
828200
828300
828400
828500
828600
828700
828800
828900
828a00
828b00
828c00
828d00
828e00
828f00
829000
829100
829200
829300
829400
829500
829600
829700
829800
829900
829a00
829b00
829c00
829d00
829e00
829f00
82a000
82a100
82a200
82a300
82a400
82a500
82a600
82a700
82a800
82a900
82aa00
82ab00
82ac00
82ad00
82ae00
82af00
82b000
82b100
82b200
82b300
82b400
82b500
82b600
82b700
82b800
82b900
82ba00
82bb00
82bc00
82bd00
82be00
82bf00
82c000
82c100
82c200
82c300
82c400
82c500
82c600
82c700
82c800
82c900
82ca00
82cb00
82cc00
82cd00
82ce00
82cf00
82d000
82d100
82d200
82d300
82d400
82d500
82d600
82d700
82d800
82d900
82da00
82db00
82dc00
82dd00
82de00
82df00
82e000
82e100
82e200
82e300
82e400
82e500
82e600
82e700
82e800
82e900
82ea00
82eb00
82ec00
82ed00
82ee00
82ef00
82f000
82f100
82f200
82f300
82f400
82f500
82f600
82f700
82f800
82f900
82fa00
82fb00
82fc00
82fd00
82fe00
82ff00
830000
830100
830200
830300
830400
830500
830600
830700
830800
830900
830a00
830b00
830c00
830d00
830e00
830f00
831000
831100
831200
831300
831400
831500
831600
831700
831800
831900
831a00
831b00
831c00
831d00
831e00
831f00
832000
832100
832200
832300
832400
832500
832600
832700
832800
832900
832a00
832b00
832c00
832d00
832e00
832f00
833000
833100
833200
833300
833400
833500
833600
833700
833800
833900
833a00
833b00
833c00
833d00
833e00
833f00
834000
834100
834200
834300
834400
834500
834600
834700
834800
834900
834a00
834b00
834c00
834d00
834e00
834f00
835000
835100
835200
835300
835400
835500
835600
835700
835800
835900
835a00
835b00
835c00
835d00
835e00
835f00
836000
836100
836200
836300
836400
836500
836600
836700
836800
836900
836a00
836b00
836c00
836d00
836e00
836f00
837000
837100
837200
837300
837400
837500
837600
837700
837800
837900
837a00
837b00
837c00
837d00
837e00
837f00
838000
838100
838200
838300
838400
838500
838600
838700
838800
838900
838a00
838b00
838c00
838d00
838e00
838f00
839000
839100
839200
839300
839400
839500
839600
839700
839800
839900
839a00
839b00
839c00
839d00
839e00
839f00
83a000
83a100
83a200
83a300
83a400
83a500
83a600
83a700
83a800
83a900
83aa00
83ab00
83ac00
83ad00
83ae00
83af00
83b000
83b100
83b200
83b300
83b400
83b500
83b600
83b700
83b800
83b900
83ba00
83bb00
83bc00
83bd00
83be00
83bf00
83c000
83c100
83c200
83c300
83c400
83c500
83c600
83c700
83c800
83c900
83ca00
83cb00
83cc00
83cd00
83ce00
83cf00
83d000
83d100
83d200
83d300
83d400
83d500
83d600
83d700
83d800
83d900
83da00
83db00
83dc00
83dd00
83de00
83df00
83e000
83e100
83e200
83e300
83e400
83e500
83e600
83e700
83e800
83e900
83ea00
83eb00
83ec00
83ed00
83ee00
83ef00
83f000
83f100
83f200
83f300
83f400
83f500
83f600
83f700
83f800
83f900
83fa00
83fb00
83fc00
83fd00
83fe00
83ff00
840000
840100
840200
840300
840400
840500
840600
840700
840800
840900
840a00
840b00
840c00
840d00
840e00
840f00
841000
841100
841200
841300
841400
841500
841600
841700
841800
841900
841a00
841b00
841c00
841d00
841e00
841f00
842000
842100
842200
842300
842400
842500
842600
842700
842800
842900
842a00
842b00
842c00
842d00
842e00
842f00
843000
843100
843200
843300
843400
843500
843600
843700
843800
843900
843a00
843b00
843c00
843d00
843e00
843f00
844000
844100
844200
844300
844400
844500
844600
844700
844800
844900
844a00
844b00
844c00
844d00
844e00
844f00
845000
845100
845200
845300
845400
845500
845600
845700
845800
845900
845a00
845b00
845c00
845d00
845e00
845f00
846000
846100
846200
846300
846400
846500
846600
846700
846800
846900
846a00
846b00
846c00
846d00
846e00
846f00
847000
847100
847200
847300
847400
847500
847600
847700
847800
847900
847a00
847b00
847c00
847d00
847e00
847f00
848000
848100
848200
848300
848400
848500
848600
848700
848800
848900
848a00
848b00
848c00
848d00
848e00
848f00
849000
849100
849200
849300
849400
849500
849600
849700
849800
849900
849a00
849b00
849c00
849d00
849e00
849f00
84a000
84a100
84a200
84a300
84a400
84a500
84a600
84a700
84a800
84a900
84aa00
84ab00
84ac00
84ad00
84ae00
84af00
84b000
84b100
84b200
84b300
84b400
84b500
84b600
84b700
84b800
84b900
84ba00
84bb00
84bc00
84bd00
84be00
84bf00
84c000
84c100
84c200
84c300
84c400
84c500
84c600
84c700
84c800
84c900
84ca00
84cb00
84cc00
84cd00
84ce00
84cf00
84d000
84d100
84d200
84d300
84d400
84d500
84d600
84d700
84d800
84d900
84da00
84db00
84dc00
84dd00
84de00
84df00
84e000
84e100
84e200
84e300
84e400
84e500
84e600
84e700
84e800
84e900
84ea00
84eb00
84ec00
84ed00
84ee00
84ef00
84f000
84f100
84f200
84f300
84f400
84f500
84f600
84f700
84f800
84f900
84fa00
84fb00
84fc00
84fd00
84fe00
84ff00
850000
850100
850200
850300
850400
850500
850600
850700
850800
850900
850a00
850b00
850c00
850d00
850e00
850f00
851000
851100
851200
851300
851400
851500
851600
851700
851800
851900
851a00
851b00
851c00
851d00
851e00
851f00
852000
852100
852200
852300
852400
852500
852600
852700
852800
852900
852a00
852b00
852c00
852d00
852e00
852f00
853000
853100
853200
853300
853400
853500
853600
853700
853800
853900
853a00
853b00
853c00
853d00
853e00
853f00
854000
854100
854200
854300
854400
854500
854600
854700
854800
854900
854a00
854b00
854c00
854d00
854e00
854f00
855000
855100
855200
855300
855400
855500
855600
855700
855800
855900
855a00
855b00
855c00
855d00
855e00
855f00
856000
856100
856200
856300
856400
856500
856600
856700
856800
856900
856a00
856b00
856c00
856d00
856e00
856f00
857000
857100
857200
857300
857400
857500
857600
857700
857800
857900
857a00
857b00
857c00
857d00
857e00
857f00
858000
858100
858200
858300
858400
858500
858600
858700
858800
858900
858a00
858b00
858c00
858d00
858e00
858f00
859000
859100
859200
859300
859400
859500
859600
859700
859800
859900
859a00
859b00
859c00
859d00
859e00
859f00
85a000
85a100
85a200
85a300
85a400
85a500
85a600
85a700
85a800
85a900
85aa00
85ab00
85ac00
85ad00
85ae00
85af00
85b000
85b100
85b200
85b300
85b400
85b500
85b600
85b700
85b800
85b900
85ba00
85bb00
85bc00
85bd00
85be00
85bf00
85c000
85c100
85c200
85c300
85c400
85c500
85c600
85c700
85c800
85c900
85ca00
85cb00
85cc00
85cd00
85ce00
85cf00
85d000
85d100
85d200
85d300
85d400
85d500
85d600
85d700
85d800
85d900
85da00
85db00
85dc00
85dd00
85de00
85df00
85e000
85e100
85e200
85e300
85e400
85e500
85e600
85e700
85e800
85e900
85ea00
85eb00
85ec00
85ed00
85ee00
85ef00
85f000
85f100
85f200
85f300
85f400
85f500
85f600
85f700
85f800
85f900
85fa00
85fb00
85fc00
85fd00
85fe00
85ff00
860000
860100
860200
860300
860400
860500
860600
860700
860800
860900
860a00
860b00
860c00
860d00
860e00
860f00
861000
861100
861200
861300
861400
861500
861600
861700
861800
861900
861a00
861b00
861c00
861d00
861e00
861f00
862000
862100
862200
862300
862400
862500
862600
862700
862800
862900
862a00
862b00
862c00
862d00
862e00
862f00
863000
863100
863200
863300
863400
863500
863600
863700
863800
863900
863a00
863b00
863c00
863d00
863e00
863f00
864000
864100
864200
864300
864400
864500
864600
864700
864800
864900
864a00
864b00
864c00
864d00
864e00
864f00
865000
865100
865200
865300
865400
865500
865600
865700
865800
865900
865a00
865b00
865c00
865d00
865e00
865f00
866000
866100
866200
866300
866400
866500
866600
866700
866800
866900
866a00
866b00
866c00
866d00
866e00
866f00
867000
867100
867200
867300
867400
867500
867600
867700
867800
867900
867a00
867b00
867c00
867d00
867e00
867f00
868000
868100
868200
868300
868400
868500
868600
868700
868800
868900
868a00
868b00
868c00
868d00
868e00
868f00
869000
869100
869200
869300
869400
869500
869600
869700
869800
869900
869a00
869b00
869c00
869d00
869e00
869f00
86a000
86a100
86a200
86a300
86a400
86a500
86a600
86a700
86a800
86a900
86aa00
86ab00
86ac00
86ad00
86ae00
86af00
86b000
86b100
86b200
86b300
86b400
86b500
86b600
86b700
86b800
86b900
86ba00
86bb00
86bc00
86bd00
86be00
86bf00
86c000
86c100
86c200
86c300
86c400
86c500
86c600
86c700
86c800
86c900
86ca00
86cb00
86cc00
86cd00
86ce00
86cf00
86d000
86d100
86d200
86d300
86d400
86d500
86d600
86d700
86d800
86d900
86da00
86db00
86dc00
86dd00
86de00
86df00
86e000
86e100
86e200
86e300
86e400
86e500
86e600
86e700
86e800
86e900
86ea00
86eb00
86ec00
86ed00
86ee00
86ef00
86f000
86f100
86f200
86f300
86f400
86f500
86f600
86f700
86f800
86f900
86fa00
86fb00
86fc00
86fd00
86fe00
86ff00
870000
870100
870200
870300
870400
870500
870600
870700
870800
870900
870a00
870b00
870c00
870d00
870e00
870f00
871000
871100
871200
871300
871400
871500
871600
871700
871800
871900
871a00
871b00
871c00
871d00
871e00
871f00
872000
872100
872200
872300
872400
872500
872600
872700
872800
872900
872a00
872b00
872c00
872d00
872e00
872f00
873000
873100
873200
873300
873400
873500
873600
873700
873800
873900
873a00
873b00
873c00
873d00
873e00
873f00
874000
874100
874200
874300
874400
874500
874600
874700
874800
874900
874a00
874b00
874c00
874d00
874e00
874f00
875000
875100
875200
875300
875400
875500
875600
875700
875800
875900
875a00
875b00
875c00
875d00
875e00
875f00
876000
876100
876200
876300
876400
876500
876600
876700
876800
876900
876a00
876b00
876c00
876d00
876e00
876f00
877000
877100
877200
877300
877400
877500
877600
877700
877800
877900
877a00
877b00
877c00
877d00
877e00
877f00
878000
878100
878200
878300
878400
878500
878600
878700
878800
878900
878a00
878b00
878c00
878d00
878e00
878f00
879000
879100
879200
879300
879400
879500
879600
879700
879800
879900
879a00
879b00
879c00
879d00
879e00
879f00
87a000
87a100
87a200
87a300
87a400
87a500
87a600
87a700
87a800
87a900
87aa00
87ab00
87ac00
87ad00
87ae00
87af00
87b000
87b100
87b200
87b300
87b400
87b500
87b600
87b700
87b800
87b900
87ba00
87bb00
87bc00
87bd00
87be00
87bf00
87c000
87c100
87c200
87c300
87c400
87c500
87c600
87c700
87c800
87c900
87ca00
87cb00
87cc00
87cd00
87ce00
87cf00
87d000
87d100
87d200
87d300
87d400
87d500
87d600
87d700
87d800
87d900
87da00
87db00
87dc00
87dd00
87de00
87df00
87e000
87e100
87e200
87e300
87e400
87e500
87e600
87e700
87e800
87e900
87ea00
87eb00
87ec00
87ed00
87ee00
87ef00
87f000
87f100
87f200
87f300
87f400
87f500
87f600
87f700
87f800
87f900
87fa00
87fb00
87fc00
87fd00
87fe00
87ff00
880000
880100
880200
880300
880400
880500
880600
880700
880800
880900
880a00
880b00
880c00
880d00
880e00
880f00
881000
881100
881200
881300
881400
881500
881600
881700
881800
881900
881a00
881b00
881c00
881d00
881e00
881f00
882000
882100
882200
882300
882400
882500
882600
882700
882800
882900
882a00
882b00
882c00
882d00
882e00
882f00
883000
883100
883200
883300
883400
883500
883600
883700
883800
883900
883a00
883b00
883c00
883d00
883e00
883f00
884000
884100
884200
884300
884400
884500
884600
884700
884800
884900
884a00
884b00
884c00
884d00
884e00
884f00
885000
885100
885200
885300
885400
885500
885600
885700
885800
885900
885a00
885b00
885c00
885d00
885e00
885f00
886000
886100
886200
886300
886400
886500
886600
886700
886800
886900
886a00
886b00
886c00
886d00
886e00
886f00
887000
887100
887200
887300
887400
887500
887600
887700
887800
887900
887a00
887b00
887c00
887d00
887e00
887f00
888000
888100
888200
888300
888400
888500
888600
888700
888800
888900
888a00
888b00
888c00
888d00
888e00
888f00
889000
889100
889200
889300
889400
889500
889600
889700
889800
889900
889a00
889b00
889c00
889d00
889e00
889f00
88a000
88a100
88a200
88a300
88a400
88a500
88a600
88a700
88a800
88a900
88aa00
88ab00
88ac00
88ad00
88ae00
88af00
88b000
88b100
88b200
88b300
88b400
88b500
88b600
88b700
88b800
88b900
88ba00
88bb00
88bc00
88bd00
88be00
88bf00
88c000
88c100
88c200
88c300
88c400
88c500
88c600
88c700
88c800
88c900
88ca00
88cb00
88cc00
88cd00
88ce00
88cf00
88d000
88d100
88d200
88d300
88d400
88d500
88d600
88d700
88d800
88d900
88da00
88db00
88dc00
88dd00
88de00
88df00
88e000
88e100
88e200
88e300
88e400
88e500
88e600
88e700
88e800
88e900
88ea00
88eb00
88ec00
88ed00
88ee00
88ef00
88f000
88f100
88f200
88f300
88f400
88f500
88f600
88f700
88f800
88f900
88fa00
88fb00
88fc00
88fd00
88fe00
88ff00
890000
890100
890200
890300
890400
890500
890600
890700
890800
890900
890a00
890b00
890c00
890d00
890e00
890f00
891000
891100
891200
891300
891400
891500
891600
891700
891800
891900
891a00
891b00
891c00
891d00
891e00
891f00
892000
892100
892200
892300
892400
892500
892600
892700
892800
892900
892a00
892b00
892c00
892d00
892e00
892f00
893000
893100
893200
893300
893400
893500
893600
893700
893800
893900
893a00
893b00
893c00
893d00
893e00
893f00
894000
894100
894200
894300
894400
894500
894600
894700
894800
894900
894a00
894b00
894c00
894d00
894e00
894f00
895000
895100
895200
895300
895400
895500
895600
895700
895800
895900
895a00
895b00
895c00
895d00
895e00
895f00
896000
896100
896200
896300
896400
896500
896600
896700
896800
896900
896a00
896b00
896c00
896d00
896e00
896f00
897000
897100
897200
897300
897400
897500
897600
897700
897800
897900
897a00
897b00
897c00
897d00
897e00
897f00
898000
898100
898200
898300
898400
898500
898600
898700
898800
898900
898a00
898b00
898c00
898d00
898e00
898f00
899000
899100
899200
899300
899400
899500
899600
899700
899800
899900
899a00
899b00
899c00
899d00
899e00
899f00
89a000
89a100
89a200
89a300
89a400
89a500
89a600
89a700
89a800
89a900
89aa00
89ab00
89ac00
89ad00
89ae00
89af00
89b000
89b100
89b200
89b300
89b400
89b500
89b600
89b700
89b800
89b900
89ba00
89bb00
89bc00
89bd00
89be00
89bf00
89c000
89c100
89c200
89c300
89c400
89c500
89c600
89c700
89c800
89c900
89ca00
89cb00
89cc00
89cd00
89ce00
89cf00
89d000
89d100
89d200
89d300
89d400
89d500
89d600
89d700
89d800
89d900
89da00
89db00
89dc00
89dd00
89de00
89df00
89e000
89e100
89e200
89e300
89e400
89e500
89e600
89e700
89e800
89e900
89ea00
89eb00
89ec00
89ed00
89ee00
89ef00
89f000
89f100
89f200
89f300
89f400
89f500
89f600
89f700
89f800
89f900
89fa00
89fb00
89fc00
89fd00
89fe00
89ff00
8a0000
8a0100
8a0200
8a0300
8a0400
8a0500
8a0600
8a0700
8a0800
8a0900
8a0a00
8a0b00
8a0c00
8a0d00
8a0e00
8a0f00
8a1000
8a1100
8a1200
8a1300
8a1400
8a1500
8a1600
8a1700
8a1800
8a1900
8a1a00
8a1b00
8a1c00
8a1d00
8a1e00
8a1f00
8a2000
8a2100
8a2200
8a2300
8a2400
8a2500
8a2600
8a2700
8a2800
8a2900
8a2a00
8a2b00
8a2c00
8a2d00
8a2e00
8a2f00
8a3000
8a3100
8a3200
8a3300
8a3400
8a3500
8a3600
8a3700
8a3800
8a3900
8a3a00
8a3b00
8a3c00
8a3d00
8a3e00
8a3f00
8a4000
8a4100
8a4200
8a4300
8a4400
8a4500
8a4600
8a4700
8a4800
8a4900
8a4a00
8a4b00
8a4c00
8a4d00
8a4e00
8a4f00
8a5000
8a5100
8a5200
8a5300
8a5400
8a5500
8a5600
8a5700
8a5800
8a5900
8a5a00
8a5b00
8a5c00
8a5d00
8a5e00
8a5f00
8a6000
8a6100
8a6200
8a6300
8a6400
8a6500
8a6600
8a6700
8a6800
8a6900
8a6a00
8a6b00
8a6c00
8a6d00
8a6e00
8a6f00
8a7000
8a7100
8a7200
8a7300
8a7400
8a7500
8a7600
8a7700
8a7800
8a7900
8a7a00
8a7b00
8a7c00
8a7d00
8a7e00
8a7f00
8a8000
8a8100
8a8200
8a8300
8a8400
8a8500
8a8600
8a8700
8a8800
8a8900
8a8a00
8a8b00
8a8c00
8a8d00
8a8e00
8a8f00
8a9000
8a9100
8a9200
8a9300
8a9400
8a9500
8a9600
8a9700
8a9800
8a9900
8a9a00
8a9b00
8a9c00
8a9d00
8a9e00
8a9f00
8aa000
8aa100
8aa200
8aa300
8aa400
8aa500
8aa600
8aa700
8aa800
8aa900
8aaa00
8aab00
8aac00
8aad00
8aae00
8aaf00
8ab000
8ab100
8ab200
8ab300
8ab400
8ab500
8ab600
8ab700
8ab800
8ab900
8aba00
8abb00
8abc00
8abd00
8abe00
8abf00
8ac000
8ac100
8ac200
8ac300
8ac400
8ac500
8ac600
8ac700
8ac800
8ac900
8aca00
8acb00
8acc00
8acd00
8ace00
8acf00
8ad000
8ad100
8ad200
8ad300
8ad400
8ad500
8ad600
8ad700
8ad800
8ad900
8ada00
8adb00
8adc00
8add00
8ade00
8adf00
8ae000
8ae100
8ae200
8ae300
8ae400
8ae500
8ae600
8ae700
8ae800
8ae900
8aea00
8aeb00
8aec00
8aed00
8aee00
8aef00
8af000
8af100
8af200
8af300
8af400
8af500
8af600
8af700
8af800
8af900
8afa00
8afb00
8afc00
8afd00
8afe00
8aff00
8b0000
8b0100
8b0200
8b0300
8b0400
8b0500
8b0600
8b0700
8b0800
8b0900
8b0a00
8b0b00
8b0c00
8b0d00
8b0e00
8b0f00
8b1000
8b1100
8b1200
8b1300
8b1400
8b1500
8b1600
8b1700
8b1800
8b1900
8b1a00
8b1b00
8b1c00
8b1d00
8b1e00
8b1f00
8b2000
8b2100
8b2200
8b2300
8b2400
8b2500
8b2600
8b2700
8b2800
8b2900
8b2a00
8b2b00
8b2c00
8b2d00
8b2e00
8b2f00
8b3000
8b3100
8b3200
8b3300
8b3400
8b3500
8b3600
8b3700
8b3800
8b3900
8b3a00
8b3b00
8b3c00
8b3d00
8b3e00
8b3f00
8b4000
8b4100
8b4200
8b4300
8b4400
8b4500
8b4600
8b4700
8b4800
8b4900
8b4a00
8b4b00
8b4c00
8b4d00
8b4e00
8b4f00
8b5000
8b5100
8b5200
8b5300
8b5400
8b5500
8b5600
8b5700
8b5800
8b5900
8b5a00
8b5b00
8b5c00
8b5d00
8b5e00
8b5f00
8b6000
8b6100
8b6200
8b6300
8b6400
8b6500
8b6600
8b6700
8b6800
8b6900
8b6a00
8b6b00
8b6c00
8b6d00
8b6e00
8b6f00
8b7000
8b7100
8b7200
8b7300
8b7400
8b7500
8b7600
8b7700
8b7800
8b7900
8b7a00
8b7b00
8b7c00
8b7d00
8b7e00
8b7f00
8b8000
8b8100
8b8200
8b8300
8b8400
8b8500
8b8600
8b8700
8b8800
8b8900
8b8a00
8b8b00
8b8c00
8b8d00
8b8e00
8b8f00
8b9000
8b9100
8b9200
8b9300
8b9400
8b9500
8b9600
8b9700
8b9800
8b9900
8b9a00
8b9b00
8b9c00
8b9d00
8b9e00
8b9f00
8ba000
8ba100
8ba200
8ba300
8ba400
8ba500
8ba600
8ba700
8ba800
8ba900
8baa00
8bab00
8bac00
8bad00
8bae00
8baf00
8bb000
8bb100
8bb200
8bb300
8bb400
8bb500
8bb600
8bb700
8bb800
8bb900
8bba00
8bbb00
8bbc00
8bbd00
8bbe00
8bbf00
8bc000
8bc100
8bc200
8bc300
8bc400
8bc500
8bc600
8bc700
8bc800
8bc900
8bca00
8bcb00
8bcc00
8bcd00
8bce00
8bcf00
8bd000
8bd100
8bd200
8bd300
8bd400
8bd500
8bd600
8bd700
8bd800
8bd900
8bda00
8bdb00
8bdc00
8bdd00
8bde00
8bdf00
8be000
8be100
8be200
8be300
8be400
8be500
8be600
8be700
8be800
8be900
8bea00
8beb00
8bec00
8bed00
8bee00
8bef00
8bf000
8bf100
8bf200
8bf300
8bf400
8bf500
8bf600
8bf700
8bf800
8bf900
8bfa00
8bfb00
8bfc00
8bfd00
8bfe00
8bff00
8c0000
8c0100
8c0200
8c0300
8c0400
8c0500
8c0600
8c0700
8c0800
8c0900
8c0a00
8c0b00
8c0c00
8c0d00
8c0e00
8c0f00
8c1000
8c1100
8c1200
8c1300
8c1400
8c1500
8c1600
8c1700
8c1800
8c1900
8c1a00
8c1b00
8c1c00
8c1d00
8c1e00
8c1f00
8c2000
8c2100
8c2200
8c2300
8c2400
8c2500
8c2600
8c2700
8c2800
8c2900
8c2a00
8c2b00
8c2c00
8c2d00
8c2e00
8c2f00
8c3000
8c3100
8c3200
8c3300
8c3400
8c3500
8c3600
8c3700
8c3800
8c3900
8c3a00
8c3b00
8c3c00
8c3d00
8c3e00
8c3f00
8c4000
8c4100
8c4200
8c4300
8c4400
8c4500
8c4600
8c4700
8c4800
8c4900
8c4a00
8c4b00
8c4c00
8c4d00
8c4e00
8c4f00
8c5000
8c5100
8c5200
8c5300
8c5400
8c5500
8c5600
8c5700
8c5800
8c5900
8c5a00
8c5b00
8c5c00
8c5d00
8c5e00
8c5f00
8c6000
8c6100
8c6200
8c6300
8c6400
8c6500
8c6600
8c6700
8c6800
8c6900
8c6a00
8c6b00
8c6c00
8c6d00
8c6e00
8c6f00
8c7000
8c7100
8c7200
8c7300
8c7400
8c7500
8c7600
8c7700
8c7800
8c7900
8c7a00
8c7b00
8c7c00
8c7d00
8c7e00
8c7f00
8c8000
8c8100
8c8200
8c8300
8c8400
8c8500
8c8600
8c8700
8c8800
8c8900
8c8a00
8c8b00
8c8c00
8c8d00
8c8e00
8c8f00
8c9000
8c9100
8c9200
8c9300
8c9400
8c9500
8c9600
8c9700
8c9800
8c9900
8c9a00
8c9b00
8c9c00
8c9d00
8c9e00
8c9f00
8ca000
8ca100
8ca200
8ca300
8ca400
8ca500
8ca600
8ca700
8ca800
8ca900
8caa00
8cab00
8cac00
8cad00
8cae00
8caf00
8cb000
8cb100
8cb200
8cb300
8cb400
8cb500
8cb600
8cb700
8cb800
8cb900
8cba00
8cbb00
8cbc00
8cbd00
8cbe00
8cbf00
8cc000
8cc100
8cc200
8cc300
8cc400
8cc500
8cc600
8cc700
8cc800
8cc900
8cca00
8ccb00
8ccc00
8ccd00
8cce00
8ccf00
8cd000
8cd100
8cd200
8cd300
8cd400
8cd500
8cd600
8cd700
8cd800
8cd900
8cda00
8cdb00
8cdc00
8cdd00
8cde00
8cdf00
8ce000
8ce100
8ce200
8ce300
8ce400
8ce500
8ce600
8ce700
8ce800
8ce900
8cea00
8ceb00
8cec00
8ced00
8cee00
8cef00
8cf000
8cf100
8cf200
8cf300
8cf400
8cf500
8cf600
8cf700
8cf800
8cf900
8cfa00
8cfb00
8cfc00
8cfd00
8cfe00
8cff00
8d0000
8d0100
8d0200
8d0300
8d0400
8d0500
8d0600
8d0700
8d0800
8d0900
8d0a00
8d0b00
8d0c00
8d0d00
8d0e00
8d0f00
8d1000
8d1100
8d1200
8d1300
8d1400
8d1500
8d1600
8d1700
8d1800
8d1900
8d1a00
8d1b00
8d1c00
8d1d00
8d1e00
8d1f00
8d2000
8d2100
8d2200
8d2300
8d2400
8d2500
8d2600
8d2700
8d2800
8d2900
8d2a00
8d2b00
8d2c00
8d2d00
8d2e00
8d2f00
8d3000
8d3100
8d3200
8d3300
8d3400
8d3500
8d3600
8d3700
8d3800
8d3900
8d3a00
8d3b00
8d3c00
8d3d00
8d3e00
8d3f00
8d4000
8d4100
8d4200
8d4300
8d4400
8d4500
8d4600
8d4700
8d4800
8d4900
8d4a00
8d4b00
8d4c00
8d4d00
8d4e00
8d4f00
8d5000
8d5100
8d5200
8d5300
8d5400
8d5500
8d5600
8d5700
8d5800
8d5900
8d5a00
8d5b00
8d5c00
8d5d00
8d5e00
8d5f00
8d6000
8d6100
8d6200
8d6300
8d6400
8d6500
8d6600
8d6700
8d6800
8d6900
8d6a00
8d6b00
8d6c00
8d6d00
8d6e00
8d6f00
8d7000
8d7100
8d7200
8d7300
8d7400
8d7500
8d7600
8d7700
8d7800
8d7900
8d7a00
8d7b00
8d7c00
8d7d00
8d7e00
8d7f00
8d8000
8d8100
8d8200
8d8300
8d8400
8d8500
8d8600
8d8700
8d8800
8d8900
8d8a00
8d8b00
8d8c00
8d8d00
8d8e00
8d8f00
8d9000
8d9100
8d9200
8d9300
8d9400
8d9500
8d9600
8d9700
8d9800
8d9900
8d9a00
8d9b00
8d9c00
8d9d00
8d9e00
8d9f00
8da000
8da100
8da200
8da300
8da400
8da500
8da600
8da700
8da800
8da900
8daa00
8dab00
8dac00
8dad00
8dae00
8daf00
8db000
8db100
8db200
8db300
8db400
8db500
8db600
8db700
8db800
8db900
8dba00
8dbb00
8dbc00
8dbd00
8dbe00
8dbf00
8dc000
8dc100
8dc200
8dc300
8dc400
8dc500
8dc600
8dc700
8dc800
8dc900
8dca00
8dcb00
8dcc00
8dcd00
8dce00
8dcf00
8dd000
8dd100
8dd200
8dd300
8dd400
8dd500
8dd600
8dd700
8dd800
8dd900
8dda00
8ddb00
8ddc00
8ddd00
8dde00
8ddf00
8de000
8de100
8de200
8de300
8de400
8de500
8de600
8de700
8de800
8de900
8dea00
8deb00
8dec00
8ded00
8dee00
8def00
8df000
8df100
8df200
8df300
8df400
8df500
8df600
8df700
8df800
8df900
8dfa00
8dfb00
8dfc00
8dfd00
8dfe00
8dff00
8e0000
8e0100
8e0200
8e0300
8e0400
8e0500
8e0600
8e0700
8e0800
8e0900
8e0a00
8e0b00
8e0c00
8e0d00
8e0e00
8e0f00
8e1000
8e1100
8e1200
8e1300
8e1400
8e1500
8e1600
8e1700
8e1800
8e1900
8e1a00
8e1b00
8e1c00
8e1d00
8e1e00
8e1f00
8e2000
8e2100
8e2200
8e2300
8e2400
8e2500
8e2600
8e2700
8e2800
8e2900
8e2a00
8e2b00
8e2c00
8e2d00
8e2e00
8e2f00
8e3000
8e3100
8e3200
8e3300
8e3400
8e3500
8e3600
8e3700
8e3800
8e3900
8e3a00
8e3b00
8e3c00
8e3d00
8e3e00
8e3f00
8e4000
8e4100
8e4200
8e4300
8e4400
8e4500
8e4600
8e4700
8e4800
8e4900
8e4a00
8e4b00
8e4c00
8e4d00
8e4e00
8e4f00
8e5000
8e5100
8e5200
8e5300
8e5400
8e5500
8e5600
8e5700
8e5800
8e5900
8e5a00
8e5b00
8e5c00
8e5d00
8e5e00
8e5f00
8e6000
8e6100
8e6200
8e6300
8e6400
8e6500
8e6600
8e6700
8e6800
8e6900
8e6a00
8e6b00
8e6c00
8e6d00
8e6e00
8e6f00
8e7000
8e7100
8e7200
8e7300
8e7400
8e7500
8e7600
8e7700
8e7800
8e7900
8e7a00
8e7b00
8e7c00
8e7d00
8e7e00
8e7f00
8e8000
8e8100
8e8200
8e8300
8e8400
8e8500
8e8600
8e8700
8e8800
8e8900
8e8a00
8e8b00
8e8c00
8e8d00
8e8e00
8e8f00
8e9000
8e9100
8e9200
8e9300
8e9400
8e9500
8e9600
8e9700
8e9800
8e9900
8e9a00
8e9b00
8e9c00
8e9d00
8e9e00
8e9f00
8ea000
8ea100
8ea200
8ea300
8ea400
8ea500
8ea600
8ea700
8ea800
8ea900
8eaa00
8eab00
8eac00
8ead00
8eae00
8eaf00
8eb000
8eb100
8eb200
8eb300
8eb400
8eb500
8eb600
8eb700
8eb800
8eb900
8eba00
8ebb00
8ebc00
8ebd00
8ebe00
8ebf00
8ec000
8ec100
8ec200
8ec300
8ec400
8ec500
8ec600
8ec700
8ec800
8ec900
8eca00
8ecb00
8ecc00
8ecd00
8ece00
8ecf00
8ed000
8ed100
8ed200
8ed300
8ed400
8ed500
8ed600
8ed700
8ed800
8ed900
8eda00
8edb00
8edc00
8edd00
8ede00
8edf00
8ee000
8ee100
8ee200
8ee300
8ee400
8ee500
8ee600
8ee700
8ee800
8ee900
8eea00
8eeb00
8eec00
8eed00
8eee00
8eef00
8ef000
8ef100
8ef200
8ef300
8ef400
8ef500
8ef600
8ef700
8ef800
8ef900
8efa00
8efb00
8efc00
8efd00
8efe00
8eff00
8f0000
8f0100
8f0200
8f0300
8f0400
8f0500
8f0600
8f0700
8f0800
8f0900
8f0a00
8f0b00
8f0c00
8f0d00
8f0e00
8f0f00
8f1000
8f1100
8f1200
8f1300
8f1400
8f1500
8f1600
8f1700
8f1800
8f1900
8f1a00
8f1b00
8f1c00
8f1d00
8f1e00
8f1f00
8f2000
8f2100
8f2200
8f2300
8f2400
8f2500
8f2600
8f2700
8f2800
8f2900
8f2a00
8f2b00
8f2c00
8f2d00
8f2e00
8f2f00
8f3000
8f3100
8f3200
8f3300
8f3400
8f3500
8f3600
8f3700
8f3800
8f3900
8f3a00
8f3b00
8f3c00
8f3d00
8f3e00
8f3f00
8f4000
8f4100
8f4200
8f4300
8f4400
8f4500
8f4600
8f4700
8f4800
8f4900
8f4a00
8f4b00
8f4c00
8f4d00
8f4e00
8f4f00
8f5000
8f5100
8f5200
8f5300
8f5400
8f5500
8f5600
8f5700
8f5800
8f5900
8f5a00
8f5b00
8f5c00
8f5d00
8f5e00
8f5f00
8f6000
8f6100
8f6200
8f6300
8f6400
8f6500
8f6600
8f6700
8f6800
8f6900
8f6a00
8f6b00
8f6c00
8f6d00
8f6e00
8f6f00
8f7000
8f7100
8f7200
8f7300
8f7400
8f7500
8f7600
8f7700
8f7800
8f7900
8f7a00
8f7b00
8f7c00
8f7d00
8f7e00
8f7f00
8f8000
8f8100
8f8200
8f8300
8f8400
8f8500
8f8600
8f8700
8f8800
8f8900
8f8a00
8f8b00
8f8c00
8f8d00
8f8e00
8f8f00
8f9000
8f9100
8f9200
8f9300
8f9400
8f9500
8f9600
8f9700
8f9800
8f9900
8f9a00
8f9b00
8f9c00
8f9d00
8f9e00
8f9f00
8fa000
8fa100
8fa200
8fa300
8fa400
8fa500
8fa600
8fa700
8fa800
8fa900
8faa00
8fab00
8fac00
8fad00
8fae00
8faf00
8fb000
8fb100
8fb200
8fb300
8fb400
8fb500
8fb600
8fb700
8fb800
8fb900
8fba00
8fbb00
8fbc00
8fbd00
8fbe00
8fbf00
8fc000
8fc100
8fc200
8fc300
8fc400
8fc500
8fc600
8fc700
8fc800
8fc900
8fca00
8fcb00
8fcc00
8fcd00
8fce00
8fcf00
8fd000
8fd100
8fd200
8fd300
8fd400
8fd500
8fd600
8fd700
8fd800
8fd900
8fda00
8fdb00
8fdc00
8fdd00
8fde00
8fdf00
8fe000
8fe100
8fe200
8fe300
8fe400
8fe500
8fe600
8fe700
8fe800
8fe900
8fea00
8feb00
8fec00
8fed00
8fee00
8fef00
8ff000
8ff100
8ff200
8ff300
8ff400
8ff500
8ff600
8ff700
8ff800
8ff900
8ffa00
8ffb00
8ffc00
8ffd00
8ffe00
8fff00
900000
900100
900200
900300
900400
900500
900600
900700
900800
900900
900a00
900b00
900c00
900d00
900e00
900f00
901000
901100
901200
901300
901400
901500
901600
901700
901800
901900
901a00
901b00
901c00
901d00
901e00
901f00
902000
902100
902200
902300
902400
902500
902600
902700
902800
902900
902a00
902b00
902c00
902d00
902e00
902f00
903000
903100
903200
903300
903400
903500
903600
903700
903800
903900
903a00
903b00
903c00
903d00
903e00
903f00
904000
904100
904200
904300
904400
904500
904600
904700
904800
904900
904a00
904b00
904c00
904d00
904e00
904f00
905000
905100
905200
905300
905400
905500
905600
905700
905800
905900
905a00
905b00
905c00
905d00
905e00
905f00
906000
906100
906200
906300
906400
906500
906600
906700
906800
906900
906a00
906b00
906c00
906d00
906e00
906f00
907000
907100
907200
907300
907400
907500
907600
907700
907800
907900
907a00
907b00
907c00
907d00
907e00
907f00
908000
908100
908200
908300
908400
908500
908600
908700
908800
908900
908a00
908b00
908c00
908d00
908e00
908f00
909000
909100
909200
909300
909400
909500
909600
909700
909800
909900
909a00
909b00
909c00
909d00
909e00
909f00
90a000
90a100
90a200
90a300
90a400
90a500
90a600
90a700
90a800
90a900
90aa00
90ab00
90ac00
90ad00
90ae00
90af00
90b000
90b100
90b200
90b300
90b400
90b500
90b600
90b700
90b800
90b900
90ba00
90bb00
90bc00
90bd00
90be00
90bf00
90c000
90c100
90c200
90c300
90c400
90c500
90c600
90c700
90c800
90c900
90ca00
90cb00
90cc00
90cd00
90ce00
90cf00
90d000
90d100
90d200
90d300
90d400
90d500
90d600
90d700
90d800
90d900
90da00
90db00
90dc00
90dd00
90de00
90df00
90e000
90e100
90e200
90e300
90e400
90e500
90e600
90e700
90e800
90e900
90ea00
90eb00
90ec00
90ed00
90ee00
90ef00
90f000
90f100
90f200
90f300
90f400
90f500
90f600
90f700
90f800
90f900
90fa00
90fb00
90fc00
90fd00
90fe00
90ff00
910000
910100
910200
910300
910400
910500
910600
910700
910800
910900
910a00
910b00
910c00
910d00
910e00
910f00
911000
911100
911200
911300
911400
911500
911600
911700
911800
911900
911a00
911b00
911c00
911d00
911e00
911f00
912000
912100
912200
912300
912400
912500
912600
912700
912800
912900
912a00
912b00
912c00
912d00
912e00
912f00
913000
913100
913200
913300
913400
913500
913600
913700
913800
913900
913a00
913b00
913c00
913d00
913e00
913f00
914000
914100
914200
914300
914400
914500
914600
914700
914800
914900
914a00
914b00
914c00
914d00
914e00
914f00
915000
915100
915200
915300
915400
915500
915600
915700
915800
915900
915a00
915b00
915c00
915d00
915e00
915f00
916000
916100
916200
916300
916400
916500
916600
916700
916800
916900
916a00
916b00
916c00
916d00
916e00
916f00
917000
917100
917200
917300
917400
917500
917600
917700
917800
917900
917a00
917b00
917c00
917d00
917e00
917f00
918000
918100
918200
918300
918400
918500
918600
918700
918800
918900
918a00
918b00
918c00
918d00
918e00
918f00
919000
919100
919200
919300
919400
919500
919600
919700
919800
919900
919a00
919b00
919c00
919d00
919e00
919f00
91a000
91a100
91a200
91a300
91a400
91a500
91a600
91a700
91a800
91a900
91aa00
91ab00
91ac00
91ad00
91ae00
91af00
91b000
91b100
91b200
91b300
91b400
91b500
91b600
91b700
91b800
91b900
91ba00
91bb00
91bc00
91bd00
91be00
91bf00
91c000
91c100
91c200
91c300
91c400
91c500
91c600
91c700
91c800
91c900
91ca00
91cb00
91cc00
91cd00
91ce00
91cf00
91d000
91d100
91d200
91d300
91d400
91d500
91d600
91d700
91d800
91d900
91da00
91db00
91dc00
91dd00
91de00
91df00
91e000
91e100
91e200
91e300
91e400
91e500
91e600
91e700
91e800
91e900
91ea00
91eb00
91ec00
91ed00
91ee00
91ef00
91f000
91f100
91f200
91f300
91f400
91f500
91f600
91f700
91f800
91f900
91fa00
91fb00
91fc00
91fd00
91fe00
91ff00
920000
920100
920200
920300
920400
920500
920600
920700
920800
920900
920a00
920b00
920c00
920d00
920e00
920f00
921000
921100
921200
921300
921400
921500
921600
921700
921800
921900
921a00
921b00
921c00
921d00
921e00
921f00
922000
922100
922200
922300
922400
922500
922600
922700
922800
922900
922a00
922b00
922c00
922d00
922e00
922f00
923000
923100
923200
923300
923400
923500
923600
923700
923800
923900
923a00
923b00
923c00
923d00
923e00
923f00
924000
924100
924200
924300
924400
924500
924600
924700
924800
924900
924a00
924b00
924c00
924d00
924e00
924f00
925000
925100
925200
925300
925400
925500
925600
925700
925800
925900
925a00
925b00
925c00
925d00
925e00
925f00
926000
926100
926200
926300
926400
926500
926600
926700
926800
926900
926a00
926b00
926c00
926d00
926e00
926f00
927000
927100
927200
927300
927400
927500
927600
927700
927800
927900
927a00
927b00
927c00
927d00
927e00
927f00
928000
928100
928200
928300
928400
928500
928600
928700
928800
928900
928a00
928b00
928c00
928d00
928e00
928f00
929000
929100
929200
929300
929400
929500
929600
929700
929800
929900
929a00
929b00
929c00
929d00
929e00
929f00
92a000
92a100
92a200
92a300
92a400
92a500
92a600
92a700
92a800
92a900
92aa00
92ab00
92ac00
92ad00
92ae00
92af00
92b000
92b100
92b200
92b300
92b400
92b500
92b600
92b700
92b800
92b900
92ba00
92bb00
92bc00
92bd00
92be00
92bf00
92c000
92c100
92c200
92c300
92c400
92c500
92c600
92c700
92c800
92c900
92ca00
92cb00
92cc00
92cd00
92ce00
92cf00
92d000
92d100
92d200
92d300
92d400
92d500
92d600
92d700
92d800
92d900
92da00
92db00
92dc00
92dd00
92de00
92df00
92e000
92e100
92e200
92e300
92e400
92e500
92e600
92e700
92e800
92e900
92ea00
92eb00
92ec00
92ed00
92ee00
92ef00
92f000
92f100
92f200
92f300
92f400
92f500
92f600
92f700
92f800
92f900
92fa00
92fb00
92fc00
92fd00
92fe00
92ff00
930000
930100
930200
930300
930400
930500
930600
930700
930800
930900
930a00
930b00
930c00
930d00
930e00
930f00
931000
931100
931200
931300
931400
931500
931600
931700
931800
931900
931a00
931b00
931c00
931d00
931e00
931f00
932000
932100
932200
932300
932400
932500
932600
932700
932800
932900
932a00
932b00
932c00
932d00
932e00
932f00
933000
933100
933200
933300
933400
933500
933600
933700
933800
933900
933a00
933b00
933c00
933d00
933e00
933f00
934000
934100
934200
934300
934400
934500
934600
934700
934800
934900
934a00
934b00
934c00
934d00
934e00
934f00
935000
935100
935200
935300
935400
935500
935600
935700
935800
935900
935a00
935b00
935c00
935d00
935e00
935f00
936000
936100
936200
936300
936400
936500
936600
936700
936800
936900
936a00
936b00
936c00
936d00
936e00
936f00
937000
937100
937200
937300
937400
937500
937600
937700
937800
937900
937a00
937b00
937c00
937d00
937e00
937f00
938000
938100
938200
938300
938400
938500
938600
938700
938800
938900
938a00
938b00
938c00
938d00
938e00
938f00
939000
939100
939200
939300
939400
939500
939600
939700
939800
939900
939a00
939b00
939c00
939d00
939e00
939f00
93a000
93a100
93a200
93a300
93a400
93a500
93a600
93a700
93a800
93a900
93aa00
93ab00
93ac00
93ad00
93ae00
93af00
93b000
93b100
93b200
93b300
93b400
93b500
93b600
93b700
93b800
93b900
93ba00
93bb00
93bc00
93bd00
93be00
93bf00
93c000
93c100
93c200
93c300
93c400
93c500
93c600
93c700
93c800
93c900
93ca00
93cb00
93cc00
93cd00
93ce00
93cf00
93d000
93d100
93d200
93d300
93d400
93d500
93d600
93d700
93d800
93d900
93da00
93db00
93dc00
93dd00
93de00
93df00
93e000
93e100
93e200
93e300
93e400
93e500
93e600
93e700
93e800
93e900
93ea00
93eb00
93ec00
93ed00
93ee00
93ef00
93f000
93f100
93f200
93f300
93f400
93f500
93f600
93f700
93f800
93f900
93fa00
93fb00
93fc00
93fd00
93fe00
93ff00
940000
940100
940200
940300
940400
940500
940600
940700
940800
940900
940a00
940b00
940c00
940d00
940e00
940f00
941000
941100
941200
941300
941400
941500
941600
941700
941800
941900
941a00
941b00
941c00
941d00
941e00
941f00
942000
942100
942200
942300
942400
942500
942600
942700
942800
942900
942a00
942b00
942c00
942d00
942e00
942f00
943000
943100
943200
943300
943400
943500
943600
943700
943800
943900
943a00
943b00
943c00
943d00
943e00
943f00
944000
944100
944200
944300
944400
944500
944600
944700
944800
944900
944a00
944b00
944c00
944d00
944e00
944f00
945000
945100
945200
945300
945400
945500
945600
945700
945800
945900
945a00
945b00
945c00
945d00
945e00
945f00
946000
946100
946200
946300
946400
946500
946600
946700
946800
946900
946a00
946b00
946c00
946d00
946e00
946f00
947000
947100
947200
947300
947400
947500
947600
947700
947800
947900
947a00
947b00
947c00
947d00
947e00
947f00
948000
948100
948200
948300
948400
948500
948600
948700
948800
948900
948a00
948b00
948c00
948d00
948e00
948f00
949000
949100
949200
949300
949400
949500
949600
949700
949800
949900
949a00
949b00
949c00
949d00
949e00
949f00
94a000
94a100
94a200
94a300
94a400
94a500
94a600
94a700
94a800
94a900
94aa00
94ab00
94ac00
94ad00
94ae00
94af00
94b000
94b100
94b200
94b300
94b400
94b500
94b600
94b700
94b800
94b900
94ba00
94bb00
94bc00
94bd00
94be00
94bf00
94c000
94c100
94c200
94c300
94c400
94c500
94c600
94c700
94c800
94c900
94ca00
94cb00
94cc00
94cd00
94ce00
94cf00
94d000
94d100
94d200
94d300
94d400
94d500
94d600
94d700
94d800
94d900
94da00
94db00
94dc00
94dd00
94de00
94df00
94e000
94e100
94e200
94e300
94e400
94e500
94e600
94e700
94e800
94e900
94ea00
94eb00
94ec00
94ed00
94ee00
94ef00
94f000
94f100
94f200
94f300
94f400
94f500
94f600
94f700
94f800
94f900
94fa00
94fb00
94fc00
94fd00
94fe00
94ff00
950000
950100
950200
950300
950400
950500
950600
950700
950800
950900
950a00
950b00
950c00
950d00
950e00
950f00
951000
951100
951200
951300
951400
951500
951600
951700
951800
951900
951a00
951b00
951c00
951d00
951e00
951f00
952000
952100
952200
952300
952400
952500
952600
952700
952800
952900
952a00
952b00
952c00
952d00
952e00
952f00
953000
953100
953200
953300
953400
953500
953600
953700
953800
953900
953a00
953b00
953c00
953d00
953e00
953f00
954000
954100
954200
954300
954400
954500
954600
954700
954800
954900
954a00
954b00
954c00
954d00
954e00
954f00
955000
955100
955200
955300
955400
955500
955600
955700
955800
955900
955a00
955b00
955c00
955d00
955e00
955f00
956000
956100
956200
956300
956400
956500
956600
956700
956800
956900
956a00
956b00
956c00
956d00
956e00
956f00
957000
957100
957200
957300
957400
957500
957600
957700
957800
957900
957a00
957b00
957c00
957d00
957e00
957f00
958000
958100
958200
958300
958400
958500
958600
958700
958800
958900
958a00
958b00
958c00
958d00
958e00
958f00
959000
959100
959200
959300
959400
959500
959600
959700
959800
959900
959a00
959b00
959c00
959d00
959e00
959f00
95a000
95a100
95a200
95a300
95a400
95a500
95a600
95a700
95a800
95a900
95aa00
95ab00
95ac00
95ad00
95ae00
95af00
95b000
95b100
95b200
95b300
95b400
95b500
95b600
95b700
95b800
95b900
95ba00
95bb00
95bc00
95bd00
95be00
95bf00
95c000
95c100
95c200
95c300
95c400
95c500
95c600
95c700
95c800
95c900
95ca00
95cb00
95cc00
95cd00
95ce00
95cf00
95d000
95d100
95d200
95d300
95d400
95d500
95d600
95d700
95d800
95d900
95da00
95db00
95dc00
95dd00
95de00
95df00
95e000
95e100
95e200
95e300
95e400
95e500
95e600
95e700
95e800
95e900
95ea00
95eb00
95ec00
95ed00
95ee00
95ef00
95f000
95f100
95f200
95f300
95f400
95f500
95f600
95f700
95f800
95f900
95fa00
95fb00
95fc00
95fd00
95fe00
95ff00
960000
960100
960200
960300
960400
960500
960600
960700
960800
960900
960a00
960b00
960c00
960d00
960e00
960f00
961000
961100
961200
961300
961400
961500
961600
961700
961800
961900
961a00
961b00
961c00
961d00
961e00
961f00
962000
962100
962200
962300
962400
962500
962600
962700
962800
962900
962a00
962b00
962c00
962d00
962e00
962f00
963000
963100
963200
963300
963400
963500
963600
963700
963800
963900
963a00
963b00
963c00
963d00
963e00
963f00
964000
964100
964200
964300
964400
964500
964600
964700
964800
964900
964a00
964b00
964c00
964d00
964e00
964f00
965000
965100
965200
965300
965400
965500
965600
965700
965800
965900
965a00
965b00
965c00
965d00
965e00
965f00
966000
966100
966200
966300
966400
966500
966600
966700
966800
966900
966a00
966b00
966c00
966d00
966e00
966f00
967000
967100
967200
967300
967400
967500
967600
967700
967800
967900
967a00
967b00
967c00
967d00
967e00
967f00
968000
968100
968200
968300
968400
968500
968600
968700
968800
968900
968a00
968b00
968c00
968d00
968e00
968f00
969000
969100
969200
969300
969400
969500
969600
969700
969800
969900
969a00
969b00
969c00
969d00
969e00
969f00
96a000
96a100
96a200
96a300
96a400
96a500
96a600
96a700
96a800
96a900
96aa00
96ab00
96ac00
96ad00
96ae00
96af00
96b000
96b100
96b200
96b300
96b400
96b500
96b600
96b700
96b800
96b900
96ba00
96bb00
96bc00
96bd00
96be00
96bf00
96c000
96c100
96c200
96c300
96c400
96c500
96c600
96c700
96c800
96c900
96ca00
96cb00
96cc00
96cd00
96ce00
96cf00
96d000
96d100
96d200
96d300
96d400
96d500
96d600
96d700
96d800
96d900
96da00
96db00
96dc00
96dd00
96de00
96df00
96e000
96e100
96e200
96e300
96e400
96e500
96e600
96e700
96e800
96e900
96ea00
96eb00
96ec00
96ed00
96ee00
96ef00
96f000
96f100
96f200
96f300
96f400
96f500
96f600
96f700
96f800
96f900
96fa00
96fb00
96fc00
96fd00
96fe00
96ff00
970000
970100
970200
970300
970400
970500
970600
970700
970800
970900
970a00
970b00
970c00
970d00
970e00
970f00
971000
971100
971200
971300
971400
971500
971600
971700
971800
971900
971a00
971b00
971c00
971d00
971e00
971f00
972000
972100
972200
972300
972400
972500
972600
972700
972800
972900
972a00
972b00
972c00
972d00
972e00
972f00
973000
973100
973200
973300
973400
973500
973600
973700
973800
973900
973a00
973b00
973c00
973d00
973e00
973f00
974000
974100
974200
974300
974400
974500
974600
974700
974800
974900
974a00
974b00
974c00
974d00
974e00
974f00
975000
975100
975200
975300
975400
975500
975600
975700
975800
975900
975a00
975b00
975c00
975d00
975e00
975f00
976000
976100
976200
976300
976400
976500
976600
976700
976800
976900
976a00
976b00
976c00
976d00
976e00
976f00
977000
977100
977200
977300
977400
977500
977600
977700
977800
977900
977a00
977b00
977c00
977d00
977e00
977f00
978000
978100
978200
978300
978400
978500
978600
978700
978800
978900
978a00
978b00
978c00
978d00
978e00
978f00
979000
979100
979200
979300
979400
979500
979600
979700
979800
979900
979a00
979b00
979c00
979d00
979e00
979f00
97a000
97a100
97a200
97a300
97a400
97a500
97a600
97a700
97a800
97a900
97aa00
97ab00
97ac00
97ad00
97ae00
97af00
97b000
97b100
97b200
97b300
97b400
97b500
97b600
97b700
97b800
97b900
97ba00
97bb00
97bc00
97bd00
97be00
97bf00
97c000
97c100
97c200
97c300
97c400
97c500
97c600
97c700
97c800
97c900
97ca00
97cb00
97cc00
97cd00
97ce00
97cf00
97d000
97d100
97d200
97d300
97d400
97d500
97d600
97d700
97d800
97d900
97da00
97db00
97dc00
97dd00
97de00
97df00
97e000
97e100
97e200
97e300
97e400
97e500
97e600
97e700
97e800
97e900
97ea00
97eb00
97ec00
97ed00
97ee00
97ef00
97f000
97f100
97f200
97f300
97f400
97f500
97f600
97f700
97f800
97f900
97fa00
97fb00
97fc00
97fd00
97fe00
97ff00
980000
980100
980200
980300
980400
980500
980600
980700
980800
980900
980a00
980b00
980c00
980d00
980e00
980f00
981000
981100
981200
981300
981400
981500
981600
981700
981800
981900
981a00
981b00
981c00
981d00
981e00
981f00
982000
982100
982200
982300
982400
982500
982600
982700
982800
982900
982a00
982b00
982c00
982d00
982e00
982f00
983000
983100
983200
983300
983400
983500
983600
983700
983800
983900
983a00
983b00
983c00
983d00
983e00
983f00
984000
984100
984200
984300
984400
984500
984600
984700
984800
984900
984a00
984b00
984c00
984d00
984e00
984f00
985000
985100
985200
985300
985400
985500
985600
985700
985800
985900
985a00
985b00
985c00
985d00
985e00
985f00
986000
986100
986200
986300
986400
986500
986600
986700
986800
986900
986a00
986b00
986c00
986d00
986e00
986f00
987000
987100
987200
987300
987400
987500
987600
987700
987800
987900
987a00
987b00
987c00
987d00
987e00
987f00
988000
988100
988200
988300
988400
988500
988600
988700
988800
988900
988a00
988b00
988c00
988d00
988e00
988f00
989000
989100
989200
989300
989400
989500
989600
989700
989800
989900
989a00
989b00
989c00
989d00
989e00
989f00
98a000
98a100
98a200
98a300
98a400
98a500
98a600
98a700
98a800
98a900
98aa00
98ab00
98ac00
98ad00
98ae00
98af00
98b000
98b100
98b200
98b300
98b400
98b500
98b600
98b700
98b800
98b900
98ba00
98bb00
98bc00
98bd00
98be00
98bf00
98c000
98c100
98c200
98c300
98c400
98c500
98c600
98c700
98c800
98c900
98ca00
98cb00
98cc00
98cd00
98ce00
98cf00
98d000
98d100
98d200
98d300
98d400
98d500
98d600
98d700
98d800
98d900
98da00
98db00
98dc00
98dd00
98de00
98df00
98e000
98e100
98e200
98e300
98e400
98e500
98e600
98e700
98e800
98e900
98ea00
98eb00
98ec00
98ed00
98ee00
98ef00
98f000
98f100
98f200
98f300
98f400
98f500
98f600
98f700
98f800
98f900
98fa00
98fb00
98fc00
98fd00
98fe00
98ff00
990000
990100
990200
990300
990400
990500
990600
990700
990800
990900
990a00
990b00
990c00
990d00
990e00
990f00
991000
991100
991200
991300
991400
991500
991600
991700
991800
991900
991a00
991b00
991c00
991d00
991e00
991f00
992000
992100
992200
992300
992400
992500
992600
992700
992800
992900
992a00
992b00
992c00
992d00
992e00
992f00
993000
993100
993200
993300
993400
993500
993600
993700
993800
993900
993a00
993b00
993c00
993d00
993e00
993f00
994000
994100
994200
994300
994400
994500
994600
994700
994800
994900
994a00
994b00
994c00
994d00
994e00
994f00
995000
995100
995200
995300
995400
995500
995600
995700
995800
995900
995a00
995b00
995c00
995d00
995e00
995f00
996000
996100
996200
996300
996400
996500
996600
996700
996800
996900
996a00
996b00
996c00
996d00
996e00
996f00
997000
997100
997200
997300
997400
997500
997600
997700
997800
997900
997a00
997b00
997c00
997d00
997e00
997f00
998000
998100
998200
998300
998400
998500
998600
998700
998800
998900
998a00
998b00
998c00
998d00
998e00
998f00
999000
999100
999200
999300
999400
999500
999600
999700
999800
999900
999a00
999b00
999c00
999d00
999e00
999f00
99a000
99a100
99a200
99a300
99a400
99a500
99a600
99a700
99a800
99a900
99aa00
99ab00
99ac00
99ad00
99ae00
99af00
99b000
99b100
99b200
99b300
99b400
99b500
99b600
99b700
99b800
99b900
99ba00
99bb00
99bc00
99bd00
99be00
99bf00
99c000
99c100
99c200
99c300
99c400
99c500
99c600
99c700
99c800
99c900
99ca00
99cb00
99cc00
99cd00
99ce00
99cf00
99d000
99d100
99d200
99d300
99d400
99d500
99d600
99d700
99d800
99d900
99da00
99db00
99dc00
99dd00
99de00
99df00
99e000
99e100
99e200
99e300
99e400
99e500
99e600
99e700
99e800
99e900
99ea00
99eb00
99ec00
99ed00
99ee00
99ef00
99f000
99f100
99f200
99f300
99f400
99f500
99f600
99f700
99f800
99f900
99fa00
99fb00
99fc00
99fd00
99fe00
99ff00
9a0000
9a0100
9a0200
9a0300
9a0400
9a0500
9a0600
9a0700
9a0800
9a0900
9a0a00
9a0b00
9a0c00
9a0d00
9a0e00
9a0f00
9a1000
9a1100
9a1200
9a1300
9a1400
9a1500
9a1600
9a1700
9a1800
9a1900
9a1a00
9a1b00
9a1c00
9a1d00
9a1e00
9a1f00
9a2000
9a2100
9a2200
9a2300
9a2400
9a2500
9a2600
9a2700
9a2800
9a2900
9a2a00
9a2b00
9a2c00
9a2d00
9a2e00
9a2f00
9a3000
9a3100
9a3200
9a3300
9a3400
9a3500
9a3600
9a3700
9a3800
9a3900
9a3a00
9a3b00
9a3c00
9a3d00
9a3e00
9a3f00
9a4000
9a4100
9a4200
9a4300
9a4400
9a4500
9a4600
9a4700
9a4800
9a4900
9a4a00
9a4b00
9a4c00
9a4d00
9a4e00
9a4f00
9a5000
9a5100
9a5200
9a5300
9a5400
9a5500
9a5600
9a5700
9a5800
9a5900
9a5a00
9a5b00
9a5c00
9a5d00
9a5e00
9a5f00
9a6000
9a6100
9a6200
9a6300
9a6400
9a6500
9a6600
9a6700
9a6800
9a6900
9a6a00
9a6b00
9a6c00
9a6d00
9a6e00
9a6f00
9a7000
9a7100
9a7200
9a7300
9a7400
9a7500
9a7600
9a7700
9a7800
9a7900
9a7a00
9a7b00
9a7c00
9a7d00
9a7e00
9a7f00
9a8000
9a8100
9a8200
9a8300
9a8400
9a8500
9a8600
9a8700
9a8800
9a8900
9a8a00
9a8b00
9a8c00
9a8d00
9a8e00
9a8f00
9a9000
9a9100
9a9200
9a9300
9a9400
9a9500
9a9600
9a9700
9a9800
9a9900
9a9a00
9a9b00
9a9c00
9a9d00
9a9e00
9a9f00
9aa000
9aa100
9aa200
9aa300
9aa400
9aa500
9aa600
9aa700
9aa800
9aa900
9aaa00
9aab00
9aac00
9aad00
9aae00
9aaf00
9ab000
9ab100
9ab200
9ab300
9ab400
9ab500
9ab600
9ab700
9ab800
9ab900
9aba00
9abb00
9abc00
9abd00
9abe00
9abf00
9ac000
9ac100
9ac200
9ac300
9ac400
9ac500
9ac600
9ac700
9ac800
9ac900
9aca00
9acb00
9acc00
9acd00
9ace00
9acf00
9ad000
9ad100
9ad200
9ad300
9ad400
9ad500
9ad600
9ad700
9ad800
9ad900
9ada00
9adb00
9adc00
9add00
9ade00
9adf00
9ae000
9ae100
9ae200
9ae300
9ae400
9ae500
9ae600
9ae700
9ae800
9ae900
9aea00
9aeb00
9aec00
9aed00
9aee00
9aef00
9af000
9af100
9af200
9af300
9af400
9af500
9af600
9af700
9af800
9af900
9afa00
9afb00
9afc00
9afd00
9afe00
9aff00
9b0000
9b0100
9b0200
9b0300
9b0400
9b0500
9b0600
9b0700
9b0800
9b0900
9b0a00
9b0b00
9b0c00
9b0d00
9b0e00
9b0f00
9b1000
9b1100
9b1200
9b1300
9b1400
9b1500
9b1600
9b1700
9b1800
9b1900
9b1a00
9b1b00
9b1c00
9b1d00
9b1e00
9b1f00
9b2000
9b2100
9b2200
9b2300
9b2400
9b2500
9b2600
9b2700
9b2800
9b2900
9b2a00
9b2b00
9b2c00
9b2d00
9b2e00
9b2f00
9b3000
9b3100
9b3200
9b3300
9b3400
9b3500
9b3600
9b3700
9b3800
9b3900
9b3a00
9b3b00
9b3c00
9b3d00
9b3e00
9b3f00
9b4000
9b4100
9b4200
9b4300
9b4400
9b4500
9b4600
9b4700
9b4800
9b4900
9b4a00
9b4b00
9b4c00
9b4d00
9b4e00
9b4f00
9b5000
9b5100
9b5200
9b5300
9b5400
9b5500
9b5600
9b5700
9b5800
9b5900
9b5a00
9b5b00
9b5c00
9b5d00
9b5e00
9b5f00
9b6000
9b6100
9b6200
9b6300
9b6400
9b6500
9b6600
9b6700
9b6800
9b6900
9b6a00
9b6b00
9b6c00
9b6d00
9b6e00
9b6f00
9b7000
9b7100
9b7200
9b7300
9b7400
9b7500
9b7600
9b7700
9b7800
9b7900
9b7a00
9b7b00
9b7c00
9b7d00
9b7e00
9b7f00
9b8000
9b8100
9b8200
9b8300
9b8400
9b8500
9b8600
9b8700
9b8800
9b8900
9b8a00
9b8b00
9b8c00
9b8d00
9b8e00
9b8f00
9b9000
9b9100
9b9200
9b9300
9b9400
9b9500
9b9600
9b9700
9b9800
9b9900
9b9a00
9b9b00
9b9c00
9b9d00
9b9e00
9b9f00
9ba000
9ba100
9ba200
9ba300
9ba400
9ba500
9ba600
9ba700
9ba800
9ba900
9baa00
9bab00
9bac00
9bad00
9bae00
9baf00
9bb000
9bb100
9bb200
9bb300
9bb400
9bb500
9bb600
9bb700
9bb800
9bb900
9bba00
9bbb00
9bbc00
9bbd00
9bbe00
9bbf00
9bc000
9bc100
9bc200
9bc300
9bc400
9bc500
9bc600
9bc700
9bc800
9bc900
9bca00
9bcb00
9bcc00
9bcd00
9bce00
9bcf00
9bd000
9bd100
9bd200
9bd300
9bd400
9bd500
9bd600
9bd700
9bd800
9bd900
9bda00
9bdb00
9bdc00
9bdd00
9bde00
9bdf00
9be000
9be100
9be200
9be300
9be400
9be500
9be600
9be700
9be800
9be900
9bea00
9beb00
9bec00
9bed00
9bee00
9bef00
9bf000
9bf100
9bf200
9bf300
9bf400
9bf500
9bf600
9bf700
9bf800
9bf900
9bfa00
9bfb00
9bfc00
9bfd00
9bfe00
9bff00
9c0000
9c0100
9c0200
9c0300
9c0400
9c0500
9c0600
9c0700
9c0800
9c0900
9c0a00
9c0b00
9c0c00
9c0d00
9c0e00
9c0f00
9c1000
9c1100
9c1200
9c1300
9c1400
9c1500
9c1600
9c1700
9c1800
9c1900
9c1a00
9c1b00
9c1c00
9c1d00
9c1e00
9c1f00
9c2000
9c2100
9c2200
9c2300
9c2400
9c2500
9c2600
9c2700
9c2800
9c2900
9c2a00
9c2b00
9c2c00
9c2d00
9c2e00
9c2f00
9c3000
9c3100
9c3200
9c3300
9c3400
9c3500
9c3600
9c3700
9c3800
9c3900
9c3a00
9c3b00
9c3c00
9c3d00
9c3e00
9c3f00
9c4000
9c4100
9c4200
9c4300
9c4400
9c4500
9c4600
9c4700
9c4800
9c4900
9c4a00
9c4b00
9c4c00
9c4d00
9c4e00
9c4f00
9c5000
9c5100
9c5200
9c5300
9c5400
9c5500
9c5600
9c5700
9c5800
9c5900
9c5a00
9c5b00
9c5c00
9c5d00
9c5e00
9c5f00
9c6000
9c6100
9c6200
9c6300
9c6400
9c6500
9c6600
9c6700
9c6800
9c6900
9c6a00
9c6b00
9c6c00
9c6d00
9c6e00
9c6f00
9c7000
9c7100
9c7200
9c7300
9c7400
9c7500
9c7600
9c7700
9c7800
9c7900
9c7a00
9c7b00
9c7c00
9c7d00
9c7e00
9c7f00
9c8000
9c8100
9c8200
9c8300
9c8400
9c8500
9c8600
9c8700
9c8800
9c8900
9c8a00
9c8b00
9c8c00
9c8d00
9c8e00
9c8f00
9c9000
9c9100
9c9200
9c9300
9c9400
9c9500
9c9600
9c9700
9c9800
9c9900
9c9a00
9c9b00
9c9c00
9c9d00
9c9e00
9c9f00
9ca000
9ca100
9ca200
9ca300
9ca400
9ca500
9ca600
9ca700
9ca800
9ca900
9caa00
9cab00
9cac00
9cad00
9cae00
9caf00
9cb000
9cb100
9cb200
9cb300
9cb400
9cb500
9cb600
9cb700
9cb800
9cb900
9cba00
9cbb00
9cbc00
9cbd00
9cbe00
9cbf00
9cc000
9cc100
9cc200
9cc300
9cc400
9cc500
9cc600
9cc700
9cc800
9cc900
9cca00
9ccb00
9ccc00
9ccd00
9cce00
9ccf00
9cd000
9cd100
9cd200
9cd300
9cd400
9cd500
9cd600
9cd700
9cd800
9cd900
9cda00
9cdb00
9cdc00
9cdd00
9cde00
9cdf00
9ce000
9ce100
9ce200
9ce300
9ce400
9ce500
9ce600
9ce700
9ce800
9ce900
9cea00
9ceb00
9cec00
9ced00
9cee00
9cef00
9cf000
9cf100
9cf200
9cf300
9cf400
9cf500
9cf600
9cf700
9cf800
9cf900
9cfa00
9cfb00
9cfc00
9cfd00
9cfe00
9cff00
9d0000
9d0100
9d0200
9d0300
9d0400
9d0500
9d0600
9d0700
9d0800
9d0900
9d0a00
9d0b00
9d0c00
9d0d00
9d0e00
9d0f00
9d1000
9d1100
9d1200
9d1300
9d1400
9d1500
9d1600
9d1700
9d1800
9d1900
9d1a00
9d1b00
9d1c00
9d1d00
9d1e00
9d1f00
9d2000
9d2100
9d2200
9d2300
9d2400
9d2500
9d2600
9d2700
9d2800
9d2900
9d2a00
9d2b00
9d2c00
9d2d00
9d2e00
9d2f00
9d3000
9d3100
9d3200
9d3300
9d3400
9d3500
9d3600
9d3700
9d3800
9d3900
9d3a00
9d3b00
9d3c00
9d3d00
9d3e00
9d3f00
9d4000
9d4100
9d4200
9d4300
9d4400
9d4500
9d4600
9d4700
9d4800
9d4900
9d4a00
9d4b00
9d4c00
9d4d00
9d4e00
9d4f00
9d5000
9d5100
9d5200
9d5300
9d5400
9d5500
9d5600
9d5700
9d5800
9d5900
9d5a00
9d5b00
9d5c00
9d5d00
9d5e00
9d5f00
9d6000
9d6100
9d6200
9d6300
9d6400
9d6500
9d6600
9d6700
9d6800
9d6900
9d6a00
9d6b00
9d6c00
9d6d00
9d6e00
9d6f00
9d7000
9d7100
9d7200
9d7300
9d7400
9d7500
9d7600
9d7700
9d7800
9d7900
9d7a00
9d7b00
9d7c00
9d7d00
9d7e00
9d7f00
9d8000
9d8100
9d8200
9d8300
9d8400
9d8500
9d8600
9d8700
9d8800
9d8900
9d8a00
9d8b00
9d8c00
9d8d00
9d8e00
9d8f00
9d9000
9d9100
9d9200
9d9300
9d9400
9d9500
9d9600
9d9700
9d9800
9d9900
9d9a00
9d9b00
9d9c00
9d9d00
9d9e00
9d9f00
9da000
9da100
9da200
9da300
9da400
9da500
9da600
9da700
9da800
9da900
9daa00
9dab00
9dac00
9dad00
9dae00
9daf00
9db000
9db100
9db200
9db300
9db400
9db500
9db600
9db700
9db800
9db900
9dba00
9dbb00
9dbc00
9dbd00
9dbe00
9dbf00
9dc000
9dc100
9dc200
9dc300
9dc400
9dc500
9dc600
9dc700
9dc800
9dc900
9dca00
9dcb00
9dcc00
9dcd00
9dce00
9dcf00
9dd000
9dd100
9dd200
9dd300
9dd400
9dd500
9dd600
9dd700
9dd800
9dd900
9dda00
9ddb00
9ddc00
9ddd00
9dde00
9ddf00
9de000
9de100
9de200
9de300
9de400
9de500
9de600
9de700
9de800
9de900
9dea00
9deb00
9dec00
9ded00
9dee00
9def00
9df000
9df100
9df200
9df300
9df400
9df500
9df600
9df700
9df800
9df900
9dfa00
9dfb00
9dfc00
9dfd00
9dfe00
9dff00
9e0000
9e0100
9e0200
9e0300
9e0400
9e0500
9e0600
9e0700
9e0800
9e0900
9e0a00
9e0b00
9e0c00
9e0d00
9e0e00
9e0f00
9e1000
9e1100
9e1200
9e1300
9e1400
9e1500
9e1600
9e1700
9e1800
9e1900
9e1a00
9e1b00
9e1c00
9e1d00
9e1e00
9e1f00
9e2000
9e2100
9e2200
9e2300
9e2400
9e2500
9e2600
9e2700
9e2800
9e2900
9e2a00
9e2b00
9e2c00
9e2d00
9e2e00
9e2f00
9e3000
9e3100
9e3200
9e3300
9e3400
9e3500
9e3600
9e3700
9e3800
9e3900
9e3a00
9e3b00
9e3c00
9e3d00
9e3e00
9e3f00
9e4000
9e4100
9e4200
9e4300
9e4400
9e4500
9e4600
9e4700
9e4800
9e4900
9e4a00
9e4b00
9e4c00
9e4d00
9e4e00
9e4f00
9e5000
9e5100
9e5200
9e5300
9e5400
9e5500
9e5600
9e5700
9e5800
9e5900
9e5a00
9e5b00
9e5c00
9e5d00
9e5e00
9e5f00
9e6000
9e6100
9e6200
9e6300
9e6400
9e6500
9e6600
9e6700
9e6800
9e6900
9e6a00
9e6b00
9e6c00
9e6d00
9e6e00
9e6f00
9e7000
9e7100
9e7200
9e7300
9e7400
9e7500
9e7600
9e7700
9e7800
9e7900
9e7a00
9e7b00
9e7c00
9e7d00
9e7e00
9e7f00
9e8000
9e8100
9e8200
9e8300
9e8400
9e8500
9e8600
9e8700
9e8800
9e8900
9e8a00
9e8b00
9e8c00
9e8d00
9e8e00
9e8f00
9e9000
9e9100
9e9200
9e9300
9e9400
9e9500
9e9600
9e9700
9e9800
9e9900
9e9a00
9e9b00
9e9c00
9e9d00
9e9e00
9e9f00
9ea000
9ea100
9ea200
9ea300
9ea400
9ea500
9ea600
9ea700
9ea800
9ea900
9eaa00
9eab00
9eac00
9ead00
9eae00
9eaf00
9eb000
9eb100
9eb200
9eb300
9eb400
9eb500
9eb600
9eb700
9eb800
9eb900
9eba00
9ebb00
9ebc00
9ebd00
9ebe00
9ebf00
9ec000
9ec100
9ec200
9ec300
9ec400
9ec500
9ec600
9ec700
9ec800
9ec900
9eca00
9ecb00
9ecc00
9ecd00
9ece00
9ecf00
9ed000
9ed100
9ed200
9ed300
9ed400
9ed500
9ed600
9ed700
9ed800
9ed900
9eda00
9edb00
9edc00
9edd00
9ede00
9edf00
9ee000
9ee100
9ee200
9ee300
9ee400
9ee500
9ee600
9ee700
9ee800
9ee900
9eea00
9eeb00
9eec00
9eed00
9eee00
9eef00
9ef000
9ef100
9ef200
9ef300
9ef400
9ef500
9ef600
9ef700
9ef800
9ef900
9efa00
9efb00
9efc00
9efd00
9efe00
9eff00
9f0000
9f0100
9f0200
9f0300
9f0400
9f0500
9f0600
9f0700
9f0800
9f0900
9f0a00
9f0b00
9f0c00
9f0d00
9f0e00
9f0f00
9f1000
9f1100
9f1200
9f1300
9f1400
9f1500
9f1600
9f1700
9f1800
9f1900
9f1a00
9f1b00
9f1c00
9f1d00
9f1e00
9f1f00
9f2000
9f2100
9f2200
9f2300
9f2400
9f2500
9f2600
9f2700
9f2800
9f2900
9f2a00
9f2b00
9f2c00
9f2d00
9f2e00
9f2f00
9f3000
9f3100
9f3200
9f3300
9f3400
9f3500
9f3600
9f3700
9f3800
9f3900
9f3a00
9f3b00
9f3c00
9f3d00
9f3e00
9f3f00
9f4000
9f4100
9f4200
9f4300
9f4400
9f4500
9f4600
9f4700
9f4800
9f4900
9f4a00
9f4b00
9f4c00
9f4d00
9f4e00
9f4f00
9f5000
9f5100
9f5200
9f5300
9f5400
9f5500
9f5600
9f5700
9f5800
9f5900
9f5a00
9f5b00
9f5c00
9f5d00
9f5e00
9f5f00
9f6000
9f6100
9f6200
9f6300
9f6400
9f6500
9f6600
9f6700
9f6800
9f6900
9f6a00
9f6b00
9f6c00
9f6d00
9f6e00
9f6f00
9f7000
9f7100
9f7200
9f7300
9f7400
9f7500
9f7600
9f7700
9f7800
9f7900
9f7a00
9f7b00
9f7c00
9f7d00
9f7e00
9f7f00
9f8000
9f8100
9f8200
9f8300
9f8400
9f8500
9f8600
9f8700
9f8800
9f8900
9f8a00
9f8b00
9f8c00
9f8d00
9f8e00
9f8f00
9f9000
9f9100
9f9200
9f9300
9f9400
9f9500
9f9600
9f9700
9f9800
9f9900
9f9a00
9f9b00
9f9c00
9f9d00
9f9e00
9f9f00
9fa000
9fa100
9fa200
9fa300
9fa400
9fa500
9fa600
9fa700
9fa800
9fa900
9faa00
9fab00
9fac00
9fad00
9fae00
9faf00
9fb000
9fb100
9fb200
9fb300
9fb400
9fb500
9fb600
9fb700
9fb800
9fb900
9fba00
9fbb00
9fbc00
9fbd00
9fbe00
9fbf00
9fc000
9fc100
9fc200
9fc300
9fc400
9fc500
9fc600
9fc700
9fc800
9fc900
9fca00
9fcb00
9fcc00
9fcd00
9fce00
9fcf00
9fd000
9fd100
9fd200
9fd300
9fd400
9fd500
9fd600
9fd700
9fd800
9fd900
9fda00
9fdb00
9fdc00
9fdd00
9fde00
9fdf00
9fe000
9fe100
9fe200
9fe300
9fe400
9fe500
9fe600
9fe700
9fe800
9fe900
9fea00
9feb00
9fec00
9fed00
9fee00
9fef00
9ff000
9ff100
9ff200
9ff300
9ff400
9ff500
9ff600
9ff700
9ff800
9ff900
9ffa00
9ffb00
9ffc00
9ffd00
9ffe00
9fff00
a00000
a00100
a00200
a00300
a00400
a00500
a00600
a00700
a00800
a00900
a00a00
a00b00
a00c00
a00d00
a00e00
a00f00
a01000
a01100
a01200
a01300
a01400
a01500
a01600
a01700
a01800
a01900
a01a00
a01b00
a01c00
a01d00
a01e00
a01f00
a02000
a02100
a02200
a02300
a02400
a02500
a02600
a02700
a02800
a02900
a02a00
a02b00
a02c00
a02d00
a02e00
a02f00
a03000
a03100
a03200
a03300
a03400
a03500
a03600
a03700
a03800
a03900
a03a00
a03b00
a03c00
a03d00
a03e00
a03f00
a04000
a04100
a04200
a04300
a04400
a04500
a04600
a04700
a04800
a04900
a04a00
a04b00
a04c00
a04d00
a04e00
a04f00
a05000
a05100
a05200
a05300
a05400
a05500
a05600
a05700
a05800
a05900
a05a00
a05b00
a05c00
a05d00
a05e00
a05f00
a06000
a06100
a06200
a06300
a06400
a06500
a06600
a06700
a06800
a06900
a06a00
a06b00
a06c00
a06d00
a06e00
a06f00
a07000
a07100
a07200
a07300
a07400
a07500
a07600
a07700
a07800
a07900
a07a00
a07b00
a07c00
a07d00
a07e00
a07f00
a08000
a08100
a08200
a08300
a08400
a08500
a08600
a08700
a08800
a08900
a08a00
a08b00
a08c00
a08d00
a08e00
a08f00
a09000
a09100
a09200
a09300
a09400
a09500
a09600
a09700
a09800
a09900
a09a00
a09b00
a09c00
a09d00
a09e00
a09f00
a0a000
a0a100
a0a200
a0a300
a0a400
a0a500
a0a600
a0a700
a0a800
a0a900
a0aa00
a0ab00
a0ac00
a0ad00
a0ae00
a0af00
a0b000
a0b100
a0b200
a0b300
a0b400
a0b500
a0b600
a0b700
a0b800
a0b900
a0ba00
a0bb00
a0bc00
a0bd00
a0be00
a0bf00
a0c000
a0c100
a0c200
a0c300
a0c400
a0c500
a0c600
a0c700
a0c800
a0c900
a0ca00
a0cb00
a0cc00
a0cd00
a0ce00
a0cf00
a0d000
a0d100
a0d200
a0d300
a0d400
a0d500
a0d600
a0d700
a0d800
a0d900
a0da00
a0db00
a0dc00
a0dd00
a0de00
a0df00
a0e000
a0e100
a0e200
a0e300
a0e400
a0e500
a0e600
a0e700
a0e800
a0e900
a0ea00
a0eb00
a0ec00
a0ed00
a0ee00
a0ef00
a0f000
a0f100
a0f200
a0f300
a0f400
a0f500
a0f600
a0f700
a0f800
a0f900
a0fa00
a0fb00
a0fc00
a0fd00
a0fe00
a0ff00
a10000
a10100
a10200
a10300
a10400
a10500
a10600
a10700
a10800
a10900
a10a00
a10b00
a10c00
a10d00
a10e00
a10f00
a11000
a11100
a11200
a11300
a11400
a11500
a11600
a11700
a11800
a11900
a11a00
a11b00
a11c00
a11d00
a11e00
a11f00
a12000
a12100
a12200
a12300
a12400
a12500
a12600
a12700
a12800
a12900
a12a00
a12b00
a12c00
a12d00
a12e00
a12f00
a13000
a13100
a13200
a13300
a13400
a13500
a13600
a13700
a13800
a13900
a13a00
a13b00
a13c00
a13d00
a13e00
a13f00
a14000
a14100
a14200
a14300
a14400
a14500
a14600
a14700
a14800
a14900
a14a00
a14b00
a14c00
a14d00
a14e00
a14f00
a15000
a15100
a15200
a15300
a15400
a15500
a15600
a15700
a15800
a15900
a15a00
a15b00
a15c00
a15d00
a15e00
a15f00
a16000
a16100
a16200
a16300
a16400
a16500
a16600
a16700
a16800
a16900
a16a00
a16b00
a16c00
a16d00
a16e00
a16f00
a17000
a17100
a17200
a17300
a17400
a17500
a17600
a17700
a17800
a17900
a17a00
a17b00
a17c00
a17d00
a17e00
a17f00
a18000
a18100
a18200
a18300
a18400
a18500
a18600
a18700
a18800
a18900
a18a00
a18b00
a18c00
a18d00
a18e00
a18f00
a19000
a19100
a19200
a19300
a19400
a19500
a19600
a19700
a19800
a19900
a19a00
a19b00
a19c00
a19d00
a19e00
a19f00
a1a000
a1a100
a1a200
a1a300
a1a400
a1a500
a1a600
a1a700
a1a800
a1a900
a1aa00
a1ab00
a1ac00
a1ad00
a1ae00
a1af00
a1b000
a1b100
a1b200
a1b300
a1b400
a1b500
a1b600
a1b700
a1b800
a1b900
a1ba00
a1bb00
a1bc00
a1bd00
a1be00
a1bf00
a1c000
a1c100
a1c200
a1c300
a1c400
a1c500
a1c600
a1c700
a1c800
a1c900
a1ca00
a1cb00
a1cc00
a1cd00
a1ce00
a1cf00
a1d000
a1d100
a1d200
a1d300
a1d400
a1d500
a1d600
a1d700
a1d800
a1d900
a1da00
a1db00
a1dc00
a1dd00
a1de00
a1df00
a1e000
a1e100
a1e200
a1e300
a1e400
a1e500
a1e600
a1e700
a1e800
a1e900
a1ea00
a1eb00
a1ec00
a1ed00
a1ee00
a1ef00
a1f000
a1f100
a1f200
a1f300
a1f400
a1f500
a1f600
a1f700
a1f800
a1f900
a1fa00
a1fb00
a1fc00
a1fd00
a1fe00
a1ff00
a20000
a20100
a20200
a20300
a20400
a20500
a20600
a20700
a20800
a20900
a20a00
a20b00
a20c00
a20d00
a20e00
a20f00
a21000
a21100
a21200
a21300
a21400
a21500
a21600
a21700
a21800
a21900
a21a00
a21b00
a21c00
a21d00
a21e00
a21f00
a22000
a22100
a22200
a22300
a22400
a22500
a22600
a22700
a22800
a22900
a22a00
a22b00
a22c00
a22d00
a22e00
a22f00
a23000
a23100
a23200
a23300
a23400
a23500
a23600
a23700
a23800
a23900
a23a00
a23b00
a23c00
a23d00
a23e00
a23f00
a24000
a24100
a24200
a24300
a24400
a24500
a24600
a24700
a24800
a24900
a24a00
a24b00
a24c00
a24d00
a24e00
a24f00
a25000
a25100
a25200
a25300
a25400
a25500
a25600
a25700
a25800
a25900
a25a00
a25b00
a25c00
a25d00
a25e00
a25f00
a26000
a26100
a26200
a26300
a26400
a26500
a26600
a26700
a26800
a26900
a26a00
a26b00
a26c00
a26d00
a26e00
a26f00
a27000
a27100
a27200
a27300
a27400
a27500
a27600
a27700
a27800
a27900
a27a00
a27b00
a27c00
a27d00
a27e00
a27f00
a28000
a28100
a28200
a28300
a28400
a28500
a28600
a28700
a28800
a28900
a28a00
a28b00
a28c00
a28d00
a28e00
a28f00
a29000
a29100
a29200
a29300
a29400
a29500
a29600
a29700
a29800
a29900
a29a00
a29b00
a29c00
a29d00
a29e00
a29f00
a2a000
a2a100
a2a200
a2a300
a2a400
a2a500
a2a600
a2a700
a2a800
a2a900
a2aa00
a2ab00
a2ac00
a2ad00
a2ae00
a2af00
a2b000
a2b100
a2b200
a2b300
a2b400
a2b500
a2b600
a2b700
a2b800
a2b900
a2ba00
a2bb00
a2bc00
a2bd00
a2be00
a2bf00
a2c000
a2c100
a2c200
a2c300
a2c400
a2c500
a2c600
a2c700
a2c800
a2c900
a2ca00
a2cb00
a2cc00
a2cd00
a2ce00
a2cf00
a2d000
a2d100
a2d200
a2d300
a2d400
a2d500
a2d600
a2d700
a2d800
a2d900
a2da00
a2db00
a2dc00
a2dd00
a2de00
a2df00
a2e000
a2e100
a2e200
a2e300
a2e400
a2e500
a2e600
a2e700
a2e800
a2e900
a2ea00
a2eb00
a2ec00
a2ed00
a2ee00
a2ef00
a2f000
a2f100
a2f200
a2f300
a2f400
a2f500
a2f600
a2f700
a2f800
a2f900
a2fa00
a2fb00
a2fc00
a2fd00
a2fe00
a2ff00
a30000
a30100
a30200
a30300
a30400
a30500
a30600
a30700
a30800
a30900
a30a00
a30b00
a30c00
a30d00
a30e00
a30f00
a31000
a31100
a31200
a31300
a31400
a31500
a31600
a31700
a31800
a31900
a31a00
a31b00
a31c00
a31d00
a31e00
a31f00
a32000
a32100
a32200
a32300
a32400
a32500
a32600
a32700
a32800
a32900
a32a00
a32b00
a32c00
a32d00
a32e00
a32f00
a33000
a33100
a33200
a33300
a33400
a33500
a33600
a33700
a33800
a33900
a33a00
a33b00
a33c00
a33d00
a33e00
a33f00
a34000
a34100
a34200
a34300
a34400
a34500
a34600
a34700
a34800
a34900
a34a00
a34b00
a34c00
a34d00
a34e00
a34f00
a35000
a35100
a35200
a35300
a35400
a35500
a35600
a35700
a35800
a35900
a35a00
a35b00
a35c00
a35d00
a35e00
a35f00
a36000
a36100
a36200
a36300
a36400
a36500
a36600
a36700
a36800
a36900
a36a00
a36b00
a36c00
a36d00
a36e00
a36f00
a37000
a37100
a37200
a37300
a37400
a37500
a37600
a37700
a37800
a37900
a37a00
a37b00
a37c00
a37d00
a37e00
a37f00
a38000
a38100
a38200
a38300
a38400
a38500
a38600
a38700
a38800
a38900
a38a00
a38b00
a38c00
a38d00
a38e00
a38f00
a39000
a39100
a39200
a39300
a39400
a39500
a39600
a39700
a39800
a39900
a39a00
a39b00
a39c00
a39d00
a39e00
a39f00
a3a000
a3a100
a3a200
a3a300
a3a400
a3a500
a3a600
a3a700
a3a800
a3a900
a3aa00
a3ab00
a3ac00
a3ad00
a3ae00
a3af00
a3b000
a3b100
a3b200
a3b300
a3b400
a3b500
a3b600
a3b700
a3b800
a3b900
a3ba00
a3bb00
a3bc00
a3bd00
a3be00
a3bf00
a3c000
a3c100
a3c200
a3c300
a3c400
a3c500
a3c600
a3c700
a3c800
a3c900
a3ca00
a3cb00
a3cc00
a3cd00
a3ce00
a3cf00
a3d000
a3d100
a3d200
a3d300
a3d400
a3d500
a3d600
a3d700
a3d800
a3d900
a3da00
a3db00
a3dc00
a3dd00
a3de00
a3df00
a3e000
a3e100
a3e200
a3e300
a3e400
a3e500
a3e600
a3e700
a3e800
a3e900
a3ea00
a3eb00
a3ec00
a3ed00
a3ee00
a3ef00
a3f000
a3f100
a3f200
a3f300
a3f400
a3f500
a3f600
a3f700
a3f800
a3f900
a3fa00
a3fb00
a3fc00
a3fd00
a3fe00
a3ff00
a40000
a40100
a40200
a40300
a40400
a40500
a40600
a40700
a40800
a40900
a40a00
a40b00
a40c00
a40d00
a40e00
a40f00
a41000
a41100
a41200
a41300
a41400
a41500
a41600
a41700
a41800
a41900
a41a00
a41b00
a41c00
a41d00
a41e00
a41f00
a42000
a42100
a42200
a42300
a42400
a42500
a42600
a42700
a42800
a42900
a42a00
a42b00
a42c00
a42d00
a42e00
a42f00
a43000
a43100
a43200
a43300
a43400
a43500
a43600
a43700
a43800
a43900
a43a00
a43b00
a43c00
a43d00
a43e00
a43f00
a44000
a44100
a44200
a44300
a44400
a44500
a44600
a44700
a44800
a44900
a44a00
a44b00
a44c00
a44d00
a44e00
a44f00
a45000
a45100
a45200
a45300
a45400
a45500
a45600
a45700
a45800
a45900
a45a00
a45b00
a45c00
a45d00
a45e00
a45f00
a46000
a46100
a46200
a46300
a46400
a46500
a46600
a46700
a46800
a46900
a46a00
a46b00
a46c00
a46d00
a46e00
a46f00
a47000
a47100
a47200
a47300
a47400
a47500
a47600
a47700
a47800
a47900
a47a00
a47b00
a47c00
a47d00
a47e00
a47f00
a48000
a48100
a48200
a48300
a48400
a48500
a48600
a48700
a48800
a48900
a48a00
a48b00
a48c00
a48d00
a48e00
a48f00
a49000
a49100
a49200
a49300
a49400
a49500
a49600
a49700
a49800
a49900
a49a00
a49b00
a49c00
a49d00
a49e00
a49f00
a4a000
a4a100
a4a200
a4a300
a4a400
a4a500
a4a600
a4a700
a4a800
a4a900
a4aa00
a4ab00
a4ac00
a4ad00
a4ae00
a4af00
a4b000
a4b100
a4b200
a4b300
a4b400
a4b500
a4b600
a4b700
a4b800
a4b900
a4ba00
a4bb00
a4bc00
a4bd00
a4be00
a4bf00
a4c000
a4c100
a4c200
a4c300
a4c400
a4c500
a4c600
a4c700
a4c800
a4c900
a4ca00
a4cb00
a4cc00
a4cd00
a4ce00
a4cf00
a4d000
a4d100
a4d200
a4d300
a4d400
a4d500
a4d600
a4d700
a4d800
a4d900
a4da00
a4db00
a4dc00
a4dd00
a4de00
a4df00
a4e000
a4e100
a4e200
a4e300
a4e400
a4e500
a4e600
a4e700
a4e800
a4e900
a4ea00
a4eb00
a4ec00
a4ed00
a4ee00
a4ef00
a4f000
a4f100
a4f200
a4f300
a4f400
a4f500
a4f600
a4f700
a4f800
a4f900
a4fa00
a4fb00
a4fc00
a4fd00
a4fe00
a4ff00
a50000
a50100
a50200
a50300
a50400
a50500
a50600
a50700
a50800
a50900
a50a00
a50b00
a50c00
a50d00
a50e00
a50f00
a51000
a51100
a51200
a51300
a51400
a51500
a51600
a51700
a51800
a51900
a51a00
a51b00
a51c00
a51d00
a51e00
a51f00
a52000
a52100
a52200
a52300
a52400
a52500
a52600
a52700
a52800
a52900
a52a00
a52b00
a52c00
a52d00
a52e00
a52f00
a53000
a53100
a53200
a53300
a53400
a53500
a53600
a53700
a53800
a53900
a53a00
a53b00
a53c00
a53d00
a53e00
a53f00
a54000
a54100
a54200
a54300
a54400
a54500
a54600
a54700
a54800
a54900
a54a00
a54b00
a54c00
a54d00
a54e00
a54f00
a55000
a55100
a55200
a55300
a55400
a55500
a55600
a55700
a55800
a55900
a55a00
a55b00
a55c00
a55d00
a55e00
a55f00
a56000
a56100
a56200
a56300
a56400
a56500
a56600
a56700
a56800
a56900
a56a00
a56b00
a56c00
a56d00
a56e00
a56f00
a57000
a57100
a57200
a57300
a57400
a57500
a57600
a57700
a57800
a57900
a57a00
a57b00
a57c00
a57d00
a57e00
a57f00
a58000
a58100
a58200
a58300
a58400
a58500
a58600
a58700
a58800
a58900
a58a00
a58b00
a58c00
a58d00
a58e00
a58f00
a59000
a59100
a59200
a59300
a59400
a59500
a59600
a59700
a59800
a59900
a59a00
a59b00
a59c00
a59d00
a59e00
a59f00
a5a000
a5a100
a5a200
a5a300
a5a400
a5a500
a5a600
a5a700
a5a800
a5a900
a5aa00
a5ab00
a5ac00
a5ad00
a5ae00
a5af00
a5b000
a5b100
a5b200
a5b300
a5b400
a5b500
a5b600
a5b700
a5b800
a5b900
a5ba00
a5bb00
a5bc00
a5bd00
a5be00
a5bf00
a5c000
a5c100
a5c200
a5c300
a5c400
a5c500
a5c600
a5c700
a5c800
a5c900
a5ca00
a5cb00
a5cc00
a5cd00
a5ce00
a5cf00
a5d000
a5d100
a5d200
a5d300
a5d400
a5d500
a5d600
a5d700
a5d800
a5d900
a5da00
a5db00
a5dc00
a5dd00
a5de00
a5df00
a5e000
a5e100
a5e200
a5e300
a5e400
a5e500
a5e600
a5e700
a5e800
a5e900
a5ea00
a5eb00
a5ec00
a5ed00
a5ee00
a5ef00
a5f000
a5f100
a5f200
a5f300
a5f400
a5f500
a5f600
a5f700
a5f800
a5f900
a5fa00
a5fb00
a5fc00
a5fd00
a5fe00
a5ff00
a60000
a60100
a60200
a60300
a60400
a60500
a60600
a60700
a60800
a60900
a60a00
a60b00
a60c00
a60d00
a60e00
a60f00
a61000
a61100
a61200
a61300
a61400
a61500
a61600
a61700
a61800
a61900
a61a00
a61b00
a61c00
a61d00
a61e00
a61f00
a62000
a62100
a62200
a62300
a62400
a62500
a62600
a62700
a62800
a62900
a62a00
a62b00
a62c00
a62d00
a62e00
a62f00
a63000
a63100
a63200
a63300
a63400
a63500
a63600
a63700
a63800
a63900
a63a00
a63b00
a63c00
a63d00
a63e00
a63f00
a64000
a64100
a64200
a64300
a64400
a64500
a64600
a64700
a64800
a64900
a64a00
a64b00
a64c00
a64d00
a64e00
a64f00
a65000
a65100
a65200
a65300
a65400
a65500
a65600
a65700
a65800
a65900
a65a00
a65b00
a65c00
a65d00
a65e00
a65f00
a66000
a66100
a66200
a66300
a66400
a66500
a66600
a66700
a66800
a66900
a66a00
a66b00
a66c00
a66d00
a66e00
a66f00
a67000
a67100
a67200
a67300
a67400
a67500
a67600
a67700
a67800
a67900
a67a00
a67b00
a67c00
a67d00
a67e00
a67f00
a68000
a68100
a68200
a68300
a68400
a68500
a68600
a68700
a68800
a68900
a68a00
a68b00
a68c00
a68d00
a68e00
a68f00
a69000
a69100
a69200
a69300
a69400
a69500
a69600
a69700
a69800
a69900
a69a00
a69b00
a69c00
a69d00
a69e00
a69f00
a6a000
a6a100
a6a200
a6a300
a6a400
a6a500
a6a600
a6a700
a6a800
a6a900
a6aa00
a6ab00
a6ac00
a6ad00
a6ae00
a6af00
a6b000
a6b100
a6b200
a6b300
a6b400
a6b500
a6b600
a6b700
a6b800
a6b900
a6ba00
a6bb00
a6bc00
a6bd00
a6be00
a6bf00
a6c000
a6c100
a6c200
a6c300
a6c400
a6c500
a6c600
a6c700
a6c800
a6c900
a6ca00
a6cb00
a6cc00
a6cd00
a6ce00
a6cf00
a6d000
a6d100
a6d200
a6d300
a6d400
a6d500
a6d600
a6d700
a6d800
a6d900
a6da00
a6db00
a6dc00
a6dd00
a6de00
a6df00
a6e000
a6e100
a6e200
a6e300
a6e400
a6e500
a6e600
a6e700
a6e800
a6e900
a6ea00
a6eb00
a6ec00
a6ed00
a6ee00
a6ef00
a6f000
a6f100
a6f200
a6f300
a6f400
a6f500
a6f600
a6f700
a6f800
a6f900
a6fa00
a6fb00
a6fc00
a6fd00
a6fe00
a6ff00
a70000
a70100
a70200
a70300
a70400
a70500
a70600
a70700
a70800
a70900
a70a00
a70b00
a70c00
a70d00
a70e00
a70f00
a71000
a71100
a71200
a71300
a71400
a71500
a71600
a71700
a71800
a71900
a71a00
a71b00
a71c00
a71d00
a71e00
a71f00
a72000
a72100
a72200
a72300
a72400
a72500
a72600
a72700
a72800
a72900
a72a00
a72b00
a72c00
a72d00
a72e00
a72f00
a73000
a73100
a73200
a73300
a73400
a73500
a73600
a73700
a73800
a73900
a73a00
a73b00
a73c00
a73d00
a73e00
a73f00
a74000
a74100
a74200
a74300
a74400
a74500
a74600
a74700
a74800
a74900
a74a00
a74b00
a74c00
a74d00
a74e00
a74f00
a75000
a75100
a75200
a75300
a75400
a75500
a75600
a75700
a75800
a75900
a75a00
a75b00
a75c00
a75d00
a75e00
a75f00
a76000
a76100
a76200
a76300
a76400
a76500
a76600
a76700
a76800
a76900
a76a00
a76b00
a76c00
a76d00
a76e00
a76f00
a77000
a77100
a77200
a77300
a77400
a77500
a77600
a77700
a77800
a77900
a77a00
a77b00
a77c00
a77d00
a77e00
a77f00
a78000
a78100
a78200
a78300
a78400
a78500
a78600
a78700
a78800
a78900
a78a00
a78b00
a78c00
a78d00
a78e00
a78f00
a79000
a79100
a79200
a79300
a79400
a79500
a79600
a79700
a79800
a79900
a79a00
a79b00
a79c00
a79d00
a79e00
a79f00
a7a000
a7a100
a7a200
a7a300
a7a400
a7a500
a7a600
a7a700
a7a800
a7a900
a7aa00
a7ab00
a7ac00
a7ad00
a7ae00
a7af00
a7b000
a7b100
a7b200
a7b300
a7b400
a7b500
a7b600
a7b700
a7b800
a7b900
a7ba00
a7bb00
a7bc00
a7bd00
a7be00
a7bf00
a7c000
a7c100
a7c200
a7c300
a7c400
a7c500
a7c600
a7c700
a7c800
a7c900
a7ca00
a7cb00
a7cc00
a7cd00
a7ce00
a7cf00
a7d000
a7d100
a7d200
a7d300
a7d400
a7d500
a7d600
a7d700
a7d800
a7d900
a7da00
a7db00
a7dc00
a7dd00
a7de00
a7df00
a7e000
a7e100
a7e200
a7e300
a7e400
a7e500
a7e600
a7e700
a7e800
a7e900
a7ea00
a7eb00
a7ec00
a7ed00
a7ee00
a7ef00
a7f000
a7f100
a7f200
a7f300
a7f400
a7f500
a7f600
a7f700
a7f800
a7f900
a7fa00
a7fb00
a7fc00
a7fd00
a7fe00
a7ff00
a80000
a80100
a80200
a80300
a80400
a80500
a80600
a80700
a80800
a80900
a80a00
a80b00
a80c00
a80d00
a80e00
a80f00
a81000
a81100
a81200
a81300
a81400
a81500
a81600
a81700
a81800
a81900
a81a00
a81b00
a81c00
a81d00
a81e00
a81f00
a82000
a82100
a82200
a82300
a82400
a82500
a82600
a82700
a82800
a82900
a82a00
a82b00
a82c00
a82d00
a82e00
a82f00
a83000
a83100
a83200
a83300
a83400
a83500
a83600
a83700
a83800
a83900
a83a00
a83b00
a83c00
a83d00
a83e00
a83f00
a84000
a84100
a84200
a84300
a84400
a84500
a84600
a84700
a84800
a84900
a84a00
a84b00
a84c00
a84d00
a84e00
a84f00
a85000
a85100
a85200
a85300
a85400
a85500
a85600
a85700
a85800
a85900
a85a00
a85b00
a85c00
a85d00
a85e00
a85f00
a86000
a86100
a86200
a86300
a86400
a86500
a86600
a86700
a86800
a86900
a86a00
a86b00
a86c00
a86d00
a86e00
a86f00
a87000
a87100
a87200
a87300
a87400
a87500
a87600
a87700
a87800
a87900
a87a00
a87b00
a87c00
a87d00
a87e00
a87f00
a88000
a88100
a88200
a88300
a88400
a88500
a88600
a88700
a88800
a88900
a88a00
a88b00
a88c00
a88d00
a88e00
a88f00
a89000
a89100
a89200
a89300
a89400
a89500
a89600
a89700
a89800
a89900
a89a00
a89b00
a89c00
a89d00
a89e00
a89f00
a8a000
a8a100
a8a200
a8a300
a8a400
a8a500
a8a600
a8a700
a8a800
a8a900
a8aa00
a8ab00
a8ac00
a8ad00
a8ae00
a8af00
a8b000
a8b100
a8b200
a8b300
a8b400
a8b500
a8b600
a8b700
a8b800
a8b900
a8ba00
a8bb00
a8bc00
a8bd00
a8be00
a8bf00
a8c000
a8c100
a8c200
a8c300
a8c400
a8c500
a8c600
a8c700
a8c800
a8c900
a8ca00
a8cb00
a8cc00
a8cd00
a8ce00
a8cf00
a8d000
a8d100
a8d200
a8d300
a8d400
a8d500
a8d600
a8d700
a8d800
a8d900
a8da00
a8db00
a8dc00
a8dd00
a8de00
a8df00
a8e000
a8e100
a8e200
a8e300
a8e400
a8e500
a8e600
a8e700
a8e800
a8e900
a8ea00
a8eb00
a8ec00
a8ed00
a8ee00
a8ef00
a8f000
a8f100
a8f200
a8f300
a8f400
a8f500
a8f600
a8f700
a8f800
a8f900
a8fa00
a8fb00
a8fc00
a8fd00
a8fe00
a8ff00
a90000
a90100
a90200
a90300
a90400
a90500
a90600
a90700
a90800
a90900
a90a00
a90b00
a90c00
a90d00
a90e00
a90f00
a91000
a91100
a91200
a91300
a91400
a91500
a91600
a91700
a91800
a91900
a91a00
a91b00
a91c00
a91d00
a91e00
a91f00
a92000
a92100
a92200
a92300
a92400
a92500
a92600
a92700
a92800
a92900
a92a00
a92b00
a92c00
a92d00
a92e00
a92f00
a93000
a93100
a93200
a93300
a93400
a93500
a93600
a93700
a93800
a93900
a93a00
a93b00
a93c00
a93d00
a93e00
a93f00
a94000
a94100
a94200
a94300
a94400
a94500
a94600
a94700
a94800
a94900
a94a00
a94b00
a94c00
a94d00
a94e00
a94f00
a95000
a95100
a95200
a95300
a95400
a95500
a95600
a95700
a95800
a95900
a95a00
a95b00
a95c00
a95d00
a95e00
a95f00
a96000
a96100
a96200
a96300
a96400
a96500
a96600
a96700
a96800
a96900
a96a00
a96b00
a96c00
a96d00
a96e00
a96f00
a97000
a97100
a97200
a97300
a97400
a97500
a97600
a97700
a97800
a97900
a97a00
a97b00
a97c00
a97d00
a97e00
a97f00
a98000
a98100
a98200
a98300
a98400
a98500
a98600
a98700
a98800
a98900
a98a00
a98b00
a98c00
a98d00
a98e00
a98f00
a99000
a99100
a99200
a99300
a99400
a99500
a99600
a99700
a99800
a99900
a99a00
a99b00
a99c00
a99d00
a99e00
a99f00
a9a000
a9a100
a9a200
a9a300
a9a400
a9a500
a9a600
a9a700
a9a800
a9a900
a9aa00
a9ab00
a9ac00
a9ad00
a9ae00
a9af00
a9b000
a9b100
a9b200
a9b300
a9b400
a9b500
a9b600
a9b700
a9b800
a9b900
a9ba00
a9bb00
a9bc00
a9bd00
a9be00
a9bf00
a9c000
a9c100
a9c200
a9c300
a9c400
a9c500
a9c600
a9c700
a9c800
a9c900
a9ca00
a9cb00
a9cc00
a9cd00
a9ce00
a9cf00
a9d000
a9d100
a9d200
a9d300
a9d400
a9d500
a9d600
a9d700
a9d800
a9d900
a9da00
a9db00
a9dc00
a9dd00
a9de00
a9df00
a9e000
a9e100
a9e200
a9e300
a9e400
a9e500
a9e600
a9e700
a9e800
a9e900
a9ea00
a9eb00
a9ec00
a9ed00
a9ee00
a9ef00
a9f000
a9f100
a9f200
a9f300
a9f400
a9f500
a9f600
a9f700
a9f800
a9f900
a9fa00
a9fb00
a9fc00
a9fd00
a9fe00
a9ff00
aa0000
aa0100
aa0200
aa0300
aa0400
aa0500
aa0600
aa0700
aa0800
aa0900
aa0a00
aa0b00
aa0c00
aa0d00
aa0e00
aa0f00
aa1000
aa1100
aa1200
aa1300
aa1400
aa1500
aa1600
aa1700
aa1800
aa1900
aa1a00
aa1b00
aa1c00
aa1d00
aa1e00
aa1f00
aa2000
aa2100
aa2200
aa2300
aa2400
aa2500
aa2600
aa2700
aa2800
aa2900
aa2a00
aa2b00
aa2c00
aa2d00
aa2e00
aa2f00
aa3000
aa3100
aa3200
aa3300
aa3400
aa3500
aa3600
aa3700
aa3800
aa3900
aa3a00
aa3b00
aa3c00
aa3d00
aa3e00
aa3f00
aa4000
aa4100
aa4200
aa4300
aa4400
aa4500
aa4600
aa4700
aa4800
aa4900
aa4a00
aa4b00
aa4c00
aa4d00
aa4e00
aa4f00
aa5000
aa5100
aa5200
aa5300
aa5400
aa5500
aa5600
aa5700
aa5800
aa5900
aa5a00
aa5b00
aa5c00
aa5d00
aa5e00
aa5f00
aa6000
aa6100
aa6200
aa6300
aa6400
aa6500
aa6600
aa6700
aa6800
aa6900
aa6a00
aa6b00
aa6c00
aa6d00
aa6e00
aa6f00
aa7000
aa7100
aa7200
aa7300
aa7400
aa7500
aa7600
aa7700
aa7800
aa7900
aa7a00
aa7b00
aa7c00
aa7d00
aa7e00
aa7f00
aa8000
aa8100
aa8200
aa8300
aa8400
aa8500
aa8600
aa8700
aa8800
aa8900
aa8a00
aa8b00
aa8c00
aa8d00
aa8e00
aa8f00
aa9000
aa9100
aa9200
aa9300
aa9400
aa9500
aa9600
aa9700
aa9800
aa9900
aa9a00
aa9b00
aa9c00
aa9d00
aa9e00
aa9f00
aaa000
aaa100
aaa200
aaa300
aaa400
aaa500
aaa600
aaa700
aaa800
aaa900
aaaa00
aaab00
aaac00
aaad00
aaae00
aaaf00
aab000
aab100
aab200
aab300
aab400
aab500
aab600
aab700
aab800
aab900
aaba00
aabb00
aabc00
aabd00
aabe00
aabf00
aac000
aac100
aac200
aac300
aac400
aac500
aac600
aac700
aac800
aac900
aaca00
aacb00
aacc00
aacd00
aace00
aacf00
aad000
aad100
aad200
aad300
aad400
aad500
aad600
aad700
aad800
aad900
aada00
aadb00
aadc00
aadd00
aade00
aadf00
aae000
aae100
aae200
aae300
aae400
aae500
aae600
aae700
aae800
aae900
aaea00
aaeb00
aaec00
aaed00
aaee00
aaef00
aaf000
aaf100
aaf200
aaf300
aaf400
aaf500
aaf600
aaf700
aaf800
aaf900
aafa00
aafb00
aafc00
aafd00
aafe00
aaff00
ab0000
ab0100
ab0200
ab0300
ab0400
ab0500
ab0600
ab0700
ab0800
ab0900
ab0a00
ab0b00
ab0c00
ab0d00
ab0e00
ab0f00
ab1000
ab1100
ab1200
ab1300
ab1400
ab1500
ab1600
ab1700
ab1800
ab1900
ab1a00
ab1b00
ab1c00
ab1d00
ab1e00
ab1f00
ab2000
ab2100
ab2200
ab2300
ab2400
ab2500
ab2600
ab2700
ab2800
ab2900
ab2a00
ab2b00
ab2c00
ab2d00
ab2e00
ab2f00
ab3000
ab3100
ab3200
ab3300
ab3400
ab3500
ab3600
ab3700
ab3800
ab3900
ab3a00
ab3b00
ab3c00
ab3d00
ab3e00
ab3f00
ab4000
ab4100
ab4200
ab4300
ab4400
ab4500
ab4600
ab4700
ab4800
ab4900
ab4a00
ab4b00
ab4c00
ab4d00
ab4e00
ab4f00
ab5000
ab5100
ab5200
ab5300
ab5400
ab5500
ab5600
ab5700
ab5800
ab5900
ab5a00
ab5b00
ab5c00
ab5d00
ab5e00
ab5f00
ab6000
ab6100
ab6200
ab6300
ab6400
ab6500
ab6600
ab6700
ab6800
ab6900
ab6a00
ab6b00
ab6c00
ab6d00
ab6e00
ab6f00
ab7000
ab7100
ab7200
ab7300
ab7400
ab7500
ab7600
ab7700
ab7800
ab7900
ab7a00
ab7b00
ab7c00
ab7d00
ab7e00
ab7f00
ab8000
ab8100
ab8200
ab8300
ab8400
ab8500
ab8600
ab8700
ab8800
ab8900
ab8a00
ab8b00
ab8c00
ab8d00
ab8e00
ab8f00
ab9000
ab9100
ab9200
ab9300
ab9400
ab9500
ab9600
ab9700
ab9800
ab9900
ab9a00
ab9b00
ab9c00
ab9d00
ab9e00
ab9f00
aba000
aba100
aba200
aba300
aba400
aba500
aba600
aba700
aba800
aba900
abaa00
abab00
abac00
abad00
abae00
abaf00
abb000
abb100
abb200
abb300
abb400
abb500
abb600
abb700
abb800
abb900
abba00
abbb00
abbc00
abbd00
abbe00
abbf00
abc000
abc100
abc200
abc300
abc400
abc500
abc600
abc700
abc800
abc900
abca00
abcb00
abcc00
abcd00
abce00
abcf00
abd000
abd100
abd200
abd300
abd400
abd500
abd600
abd700
abd800
abd900
abda00
abdb00
abdc00
abdd00
abde00
abdf00
abe000
abe100
abe200
abe300
abe400
abe500
abe600
abe700
abe800
abe900
abea00
abeb00
abec00
abed00
abee00
abef00
abf000
abf100
abf200
abf300
abf400
abf500
abf600
abf700
abf800
abf900
abfa00
abfb00
abfc00
abfd00
abfe00
abff00
ac0000
ac0100
ac0200
ac0300
ac0400
ac0500
ac0600
ac0700
ac0800
ac0900
ac0a00
ac0b00
ac0c00
ac0d00
ac0e00
ac0f00
ac1000
ac1100
ac1200
ac1300
ac1400
ac1500
ac1600
ac1700
ac1800
ac1900
ac1a00
ac1b00
ac1c00
ac1d00
ac1e00
ac1f00
ac2000
ac2100
ac2200
ac2300
ac2400
ac2500
ac2600
ac2700
ac2800
ac2900
ac2a00
ac2b00
ac2c00
ac2d00
ac2e00
ac2f00
ac3000
ac3100
ac3200
ac3300
ac3400
ac3500
ac3600
ac3700
ac3800
ac3900
ac3a00
ac3b00
ac3c00
ac3d00
ac3e00
ac3f00
ac4000
ac4100
ac4200
ac4300
ac4400
ac4500
ac4600
ac4700
ac4800
ac4900
ac4a00
ac4b00
ac4c00
ac4d00
ac4e00
ac4f00
ac5000
ac5100
ac5200
ac5300
ac5400
ac5500
ac5600
ac5700
ac5800
ac5900
ac5a00
ac5b00
ac5c00
ac5d00
ac5e00
ac5f00
ac6000
ac6100
ac6200
ac6300
ac6400
ac6500
ac6600
ac6700
ac6800
ac6900
ac6a00
ac6b00
ac6c00
ac6d00
ac6e00
ac6f00
ac7000
ac7100
ac7200
ac7300
ac7400
ac7500
ac7600
ac7700
ac7800
ac7900
ac7a00
ac7b00
ac7c00
ac7d00
ac7e00
ac7f00
ac8000
ac8100
ac8200
ac8300
ac8400
ac8500
ac8600
ac8700
ac8800
ac8900
ac8a00
ac8b00
ac8c00
ac8d00
ac8e00
ac8f00
ac9000
ac9100
ac9200
ac9300
ac9400
ac9500
ac9600
ac9700
ac9800
ac9900
ac9a00
ac9b00
ac9c00
ac9d00
ac9e00
ac9f00
aca000
aca100
aca200
aca300
aca400
aca500
aca600
aca700
aca800
aca900
acaa00
acab00
acac00
acad00
acae00
acaf00
acb000
acb100
acb200
acb300
acb400
acb500
acb600
acb700
acb800
acb900
acba00
acbb00
acbc00
acbd00
acbe00
acbf00
acc000
acc100
acc200
acc300
acc400
acc500
acc600
acc700
acc800
acc900
acca00
accb00
accc00
accd00
acce00
accf00
acd000
acd100
acd200
acd300
acd400
acd500
acd600
acd700
acd800
acd900
acda00
acdb00
acdc00
acdd00
acde00
acdf00
ace000
ace100
ace200
ace300
ace400
ace500
ace600
ace700
ace800
ace900
acea00
aceb00
acec00
aced00
acee00
acef00
acf000
acf100
acf200
acf300
acf400
acf500
acf600
acf700
acf800
acf900
acfa00
acfb00
acfc00
acfd00
acfe00
acff00
ad0000
ad0100
ad0200
ad0300
ad0400
ad0500
ad0600
ad0700
ad0800
ad0900
ad0a00
ad0b00
ad0c00
ad0d00
ad0e00
ad0f00
ad1000
ad1100
ad1200
ad1300
ad1400
ad1500
ad1600
ad1700
ad1800
ad1900
ad1a00
ad1b00
ad1c00
ad1d00
ad1e00
ad1f00
ad2000
ad2100
ad2200
ad2300
ad2400
ad2500
ad2600
ad2700
ad2800
ad2900
ad2a00
ad2b00
ad2c00
ad2d00
ad2e00
ad2f00
ad3000
ad3100
ad3200
ad3300
ad3400
ad3500
ad3600
ad3700
ad3800
ad3900
ad3a00
ad3b00
ad3c00
ad3d00
ad3e00
ad3f00
ad4000
ad4100
ad4200
ad4300
ad4400
ad4500
ad4600
ad4700
ad4800
ad4900
ad4a00
ad4b00
ad4c00
ad4d00
ad4e00
ad4f00
ad5000
ad5100
ad5200
ad5300
ad5400
ad5500
ad5600
ad5700
ad5800
ad5900
ad5a00
ad5b00
ad5c00
ad5d00
ad5e00
ad5f00
ad6000
ad6100
ad6200
ad6300
ad6400
ad6500
ad6600
ad6700
ad6800
ad6900
ad6a00
ad6b00
ad6c00
ad6d00
ad6e00
ad6f00
ad7000
ad7100
ad7200
ad7300
ad7400
ad7500
ad7600
ad7700
ad7800
ad7900
ad7a00
ad7b00
ad7c00
ad7d00
ad7e00
ad7f00
ad8000
ad8100
ad8200
ad8300
ad8400
ad8500
ad8600
ad8700
ad8800
ad8900
ad8a00
ad8b00
ad8c00
ad8d00
ad8e00
ad8f00
ad9000
ad9100
ad9200
ad9300
ad9400
ad9500
ad9600
ad9700
ad9800
ad9900
ad9a00
ad9b00
ad9c00
ad9d00
ad9e00
ad9f00
ada000
ada100
ada200
ada300
ada400
ada500
ada600
ada700
ada800
ada900
adaa00
adab00
adac00
adad00
adae00
adaf00
adb000
adb100
adb200
adb300
adb400
adb500
adb600
adb700
adb800
adb900
adba00
adbb00
adbc00
adbd00
adbe00
adbf00
adc000
adc100
adc200
adc300
adc400
adc500
adc600
adc700
adc800
adc900
adca00
adcb00
adcc00
adcd00
adce00
adcf00
add000
add100
add200
add300
add400
add500
add600
add700
add800
add900
adda00
addb00
addc00
addd00
adde00
addf00
ade000
ade100
ade200
ade300
ade400
ade500
ade600
ade700
ade800
ade900
adea00
adeb00
adec00
aded00
adee00
adef00
adf000
adf100
adf200
adf300
adf400
adf500
adf600
adf700
adf800
adf900
adfa00
adfb00
adfc00
adfd00
adfe00
adff00
ae0000
ae0100
ae0200
ae0300
ae0400
ae0500
ae0600
ae0700
ae0800
ae0900
ae0a00
ae0b00
ae0c00
ae0d00
ae0e00
ae0f00
ae1000
ae1100
ae1200
ae1300
ae1400
ae1500
ae1600
ae1700
ae1800
ae1900
ae1a00
ae1b00
ae1c00
ae1d00
ae1e00
ae1f00
ae2000
ae2100
ae2200
ae2300
ae2400
ae2500
ae2600
ae2700
ae2800
ae2900
ae2a00
ae2b00
ae2c00
ae2d00
ae2e00
ae2f00
ae3000
ae3100
ae3200
ae3300
ae3400
ae3500
ae3600
ae3700
ae3800
ae3900
ae3a00
ae3b00
ae3c00
ae3d00
ae3e00
ae3f00
ae4000
ae4100
ae4200
ae4300
ae4400
ae4500
ae4600
ae4700
ae4800
ae4900
ae4a00
ae4b00
ae4c00
ae4d00
ae4e00
ae4f00
ae5000
ae5100
ae5200
ae5300
ae5400
ae5500
ae5600
ae5700
ae5800
ae5900
ae5a00
ae5b00
ae5c00
ae5d00
ae5e00
ae5f00
ae6000
ae6100
ae6200
ae6300
ae6400
ae6500
ae6600
ae6700
ae6800
ae6900
ae6a00
ae6b00
ae6c00
ae6d00
ae6e00
ae6f00
ae7000
ae7100
ae7200
ae7300
ae7400
ae7500
ae7600
ae7700
ae7800
ae7900
ae7a00
ae7b00
ae7c00
ae7d00
ae7e00
ae7f00
ae8000
ae8100
ae8200
ae8300
ae8400
ae8500
ae8600
ae8700
ae8800
ae8900
ae8a00
ae8b00
ae8c00
ae8d00
ae8e00
ae8f00
ae9000
ae9100
ae9200
ae9300
ae9400
ae9500
ae9600
ae9700
ae9800
ae9900
ae9a00
ae9b00
ae9c00
ae9d00
ae9e00
ae9f00
aea000
aea100
aea200
aea300
aea400
aea500
aea600
aea700
aea800
aea900
aeaa00
aeab00
aeac00
aead00
aeae00
aeaf00
aeb000
aeb100
aeb200
aeb300
aeb400
aeb500
aeb600
aeb700
aeb800
aeb900
aeba00
aebb00
aebc00
aebd00
aebe00
aebf00
aec000
aec100
aec200
aec300
aec400
aec500
aec600
aec700
aec800
aec900
aeca00
aecb00
aecc00
aecd00
aece00
aecf00
aed000
aed100
aed200
aed300
aed400
aed500
aed600
aed700
aed800
aed900
aeda00
aedb00
aedc00
aedd00
aede00
aedf00
aee000
aee100
aee200
aee300
aee400
aee500
aee600
aee700
aee800
aee900
aeea00
aeeb00
aeec00
aeed00
aeee00
aeef00
aef000
aef100
aef200
aef300
aef400
aef500
aef600
aef700
aef800
aef900
aefa00
aefb00
aefc00
aefd00
aefe00
aeff00
af0000
af0100
af0200
af0300
af0400
af0500
af0600
af0700
af0800
af0900
af0a00
af0b00
af0c00
af0d00
af0e00
af0f00
af1000
af1100
af1200
af1300
af1400
af1500
af1600
af1700
af1800
af1900
af1a00
af1b00
af1c00
af1d00
af1e00
af1f00
af2000
af2100
af2200
af2300
af2400
af2500
af2600
af2700
af2800
af2900
af2a00
af2b00
af2c00
af2d00
af2e00
af2f00
af3000
af3100
af3200
af3300
af3400
af3500
af3600
af3700
af3800
af3900
af3a00
af3b00
af3c00
af3d00
af3e00
af3f00
af4000
af4100
af4200
af4300
af4400
af4500
af4600
af4700
af4800
af4900
af4a00
af4b00
af4c00
af4d00
af4e00
af4f00
af5000
af5100
af5200
af5300
af5400
af5500
af5600
af5700
af5800
af5900
af5a00
af5b00
af5c00
af5d00
af5e00
af5f00
af6000
af6100
af6200
af6300
af6400
af6500
af6600
af6700
af6800
af6900
af6a00
af6b00
af6c00
af6d00
af6e00
af6f00
af7000
af7100
af7200
af7300
af7400
af7500
af7600
af7700
af7800
af7900
af7a00
af7b00
af7c00
af7d00
af7e00
af7f00
af8000
af8100
af8200
af8300
af8400
af8500
af8600
af8700
af8800
af8900
af8a00
af8b00
af8c00
af8d00
af8e00
af8f00
af9000
af9100
af9200
af9300
af9400
af9500
af9600
af9700
af9800
af9900
af9a00
af9b00
af9c00
af9d00
af9e00
af9f00
afa000
afa100
afa200
afa300
afa400
afa500
afa600
afa700
afa800
afa900
afaa00
afab00
afac00
afad00
afae00
afaf00
afb000
afb100
afb200
afb300
afb400
afb500
afb600
afb700
afb800
afb900
afba00
afbb00
afbc00
afbd00
afbe00
afbf00
afc000
afc100
afc200
afc300
afc400
afc500
afc600
afc700
afc800
afc900
afca00
afcb00
afcc00
afcd00
afce00
afcf00
afd000
afd100
afd200
afd300
afd400
afd500
afd600
afd700
afd800
afd900
afda00
afdb00
afdc00
afdd00
afde00
afdf00
afe000
afe100
afe200
afe300
afe400
afe500
afe600
afe700
afe800
afe900
afea00
afeb00
afec00
afed00
afee00
afef00
aff000
aff100
aff200
aff300
aff400
aff500
aff600
aff700
aff800
aff900
affa00
affb00
affc00
affd00
affe00
afff00
b00000
b00100
b00200
b00300
b00400
b00500
b00600
b00700
b00800
b00900
b00a00
b00b00
b00c00
b00d00
b00e00
b00f00
b01000
b01100
b01200
b01300
b01400
b01500
b01600
b01700
b01800
b01900
b01a00
b01b00
b01c00
b01d00
b01e00
b01f00
b02000
b02100
b02200
b02300
b02400
b02500
b02600
b02700
b02800
b02900
b02a00
b02b00
b02c00
b02d00
b02e00
b02f00
b03000
b03100
b03200
b03300
b03400
b03500
b03600
b03700
b03800
b03900
b03a00
b03b00
b03c00
b03d00
b03e00
b03f00
b04000
b04100
b04200
b04300
b04400
b04500
b04600
b04700
b04800
b04900
b04a00
b04b00
b04c00
b04d00
b04e00
b04f00
b05000
b05100
b05200
b05300
b05400
b05500
b05600
b05700
b05800
b05900
b05a00
b05b00
b05c00
b05d00
b05e00
b05f00
b06000
b06100
b06200
b06300
b06400
b06500
b06600
b06700
b06800
b06900
b06a00
b06b00
b06c00
b06d00
b06e00
b06f00
b07000
b07100
b07200
b07300
b07400
b07500
b07600
b07700
b07800
b07900
b07a00
b07b00
b07c00
b07d00
b07e00
b07f00
b08000
b08100
b08200
b08300
b08400
b08500
b08600
b08700
b08800
b08900
b08a00
b08b00
b08c00
b08d00
b08e00
b08f00
b09000
b09100
b09200
b09300
b09400
b09500
b09600
b09700
b09800
b09900
b09a00
b09b00
b09c00
b09d00
b09e00
b09f00
b0a000
b0a100
b0a200
b0a300
b0a400
b0a500
b0a600
b0a700
b0a800
b0a900
b0aa00
b0ab00
b0ac00
b0ad00
b0ae00
b0af00
b0b000
b0b100
b0b200
b0b300
b0b400
b0b500
b0b600
b0b700
b0b800
b0b900
b0ba00
b0bb00
b0bc00
b0bd00
b0be00
b0bf00
b0c000
b0c100
b0c200
b0c300
b0c400
b0c500
b0c600
b0c700
b0c800
b0c900
b0ca00
b0cb00
b0cc00
b0cd00
b0ce00
b0cf00
b0d000
b0d100
b0d200
b0d300
b0d400
b0d500
b0d600
b0d700
b0d800
b0d900
b0da00
b0db00
b0dc00
b0dd00
b0de00
b0df00
b0e000
b0e100
b0e200
b0e300
b0e400
b0e500
b0e600
b0e700
b0e800
b0e900
b0ea00
b0eb00
b0ec00
b0ed00
b0ee00
b0ef00
b0f000
b0f100
b0f200
b0f300
b0f400
b0f500
b0f600
b0f700
b0f800
b0f900
b0fa00
b0fb00
b0fc00
b0fd00
b0fe00
b0ff00
b10000
b10100
b10200
b10300
b10400
b10500
b10600
b10700
b10800
b10900
b10a00
b10b00
b10c00
b10d00
b10e00
b10f00
b11000
b11100
b11200
b11300
b11400
b11500
b11600
b11700
b11800
b11900
b11a00
b11b00
b11c00
b11d00
b11e00
b11f00
b12000
b12100
b12200
b12300
b12400
b12500
b12600
b12700
b12800
b12900
b12a00
b12b00
b12c00
b12d00
b12e00
b12f00
b13000
b13100
b13200
b13300
b13400
b13500
b13600
b13700
b13800
b13900
b13a00
b13b00
b13c00
b13d00
b13e00
b13f00
b14000
b14100
b14200
b14300
b14400
b14500
b14600
b14700
b14800
b14900
b14a00
b14b00
b14c00
b14d00
b14e00
b14f00
b15000
b15100
b15200
b15300
b15400
b15500
b15600
b15700
b15800
b15900
b15a00
b15b00
b15c00
b15d00
b15e00
b15f00
b16000
b16100
b16200
b16300
b16400
b16500
b16600
b16700
b16800
b16900
b16a00
b16b00
b16c00
b16d00
b16e00
b16f00
b17000
b17100
b17200
b17300
b17400
b17500
b17600
b17700
b17800
b17900
b17a00
b17b00
b17c00
b17d00
b17e00
b17f00
b18000
b18100
b18200
b18300
b18400
b18500
b18600
b18700
b18800
b18900
b18a00
b18b00
b18c00
b18d00
b18e00
b18f00
b19000
b19100
b19200
b19300
b19400
b19500
b19600
b19700
b19800
b19900
b19a00
b19b00
b19c00
b19d00
b19e00
b19f00
b1a000
b1a100
b1a200
b1a300
b1a400
b1a500
b1a600
b1a700
b1a800
b1a900
b1aa00
b1ab00
b1ac00
b1ad00
b1ae00
b1af00
b1b000
b1b100
b1b200
b1b300
b1b400
b1b500
b1b600
b1b700
b1b800
b1b900
b1ba00
b1bb00
b1bc00
b1bd00
b1be00
b1bf00
b1c000
b1c100
b1c200
b1c300
b1c400
b1c500
b1c600
b1c700
b1c800
b1c900
b1ca00
b1cb00
b1cc00
b1cd00
b1ce00
b1cf00
b1d000
b1d100
b1d200
b1d300
b1d400
b1d500
b1d600
b1d700
b1d800
b1d900
b1da00
b1db00
b1dc00
b1dd00
b1de00
b1df00
b1e000
b1e100
b1e200
b1e300
b1e400
b1e500
b1e600
b1e700
b1e800
b1e900
b1ea00
b1eb00
b1ec00
b1ed00
b1ee00
b1ef00
b1f000
b1f100
b1f200
b1f300
b1f400
b1f500
b1f600
b1f700
b1f800
b1f900
b1fa00
b1fb00
b1fc00
b1fd00
b1fe00
b1ff00
b20000
b20100
b20200
b20300
b20400
b20500
b20600
b20700
b20800
b20900
b20a00
b20b00
b20c00
b20d00
b20e00
b20f00
b21000
b21100
b21200
b21300
b21400
b21500
b21600
b21700
b21800
b21900
b21a00
b21b00
b21c00
b21d00
b21e00
b21f00
b22000
b22100
b22200
b22300
b22400
b22500
b22600
b22700
b22800
b22900
b22a00
b22b00
b22c00
b22d00
b22e00
b22f00
b23000
b23100
b23200
b23300
b23400
b23500
b23600
b23700
b23800
b23900
b23a00
b23b00
b23c00
b23d00
b23e00
b23f00
b24000
b24100
b24200
b24300
b24400
b24500
b24600
b24700
b24800
b24900
b24a00
b24b00
b24c00
b24d00
b24e00
b24f00
b25000
b25100
b25200
b25300
b25400
b25500
b25600
b25700
b25800
b25900
b25a00
b25b00
b25c00
b25d00
b25e00
b25f00
b26000
b26100
b26200
b26300
b26400
b26500
b26600
b26700
b26800
b26900
b26a00
b26b00
b26c00
b26d00
b26e00
b26f00
b27000
b27100
b27200
b27300
b27400
b27500
b27600
b27700
b27800
b27900
b27a00
b27b00
b27c00
b27d00
b27e00
b27f00
b28000
b28100
b28200
b28300
b28400
b28500
b28600
b28700
b28800
b28900
b28a00
b28b00
b28c00
b28d00
b28e00
b28f00
b29000
b29100
b29200
b29300
b29400
b29500
b29600
b29700
b29800
b29900
b29a00
b29b00
b29c00
b29d00
b29e00
b29f00
b2a000
b2a100
b2a200
b2a300
b2a400
b2a500
b2a600
b2a700
b2a800
b2a900
b2aa00
b2ab00
b2ac00
b2ad00
b2ae00
b2af00
b2b000
b2b100
b2b200
b2b300
b2b400
b2b500
b2b600
b2b700
b2b800
b2b900
b2ba00
b2bb00
b2bc00
b2bd00
b2be00
b2bf00
b2c000
b2c100
b2c200
b2c300
b2c400
b2c500
b2c600
b2c700
b2c800
b2c900
b2ca00
b2cb00
b2cc00
b2cd00
b2ce00
b2cf00
b2d000
b2d100
b2d200
b2d300
b2d400
b2d500
b2d600
b2d700
b2d800
b2d900
b2da00
b2db00
b2dc00
b2dd00
b2de00
b2df00
b2e000
b2e100
b2e200
b2e300
b2e400
b2e500
b2e600
b2e700
b2e800
b2e900
b2ea00
b2eb00
b2ec00
b2ed00
b2ee00
b2ef00
b2f000
b2f100
b2f200
b2f300
b2f400
b2f500
b2f600
b2f700
b2f800
b2f900
b2fa00
b2fb00
b2fc00
b2fd00
b2fe00
b2ff00
b30000
b30100
b30200
b30300
b30400
b30500
b30600
b30700
b30800
b30900
b30a00
b30b00
b30c00
b30d00
b30e00
b30f00
b31000
b31100
b31200
b31300
b31400
b31500
b31600
b31700
b31800
b31900
b31a00
b31b00
b31c00
b31d00
b31e00
b31f00
b32000
b32100
b32200
b32300
b32400
b32500
b32600
b32700
b32800
b32900
b32a00
b32b00
b32c00
b32d00
b32e00
b32f00
b33000
b33100
b33200
b33300
b33400
b33500
b33600
b33700
b33800
b33900
b33a00
b33b00
b33c00
b33d00
b33e00
b33f00
b34000
b34100
b34200
b34300
b34400
b34500
b34600
b34700
b34800
b34900
b34a00
b34b00
b34c00
b34d00
b34e00
b34f00
b35000
b35100
b35200
b35300
b35400
b35500
b35600
b35700
b35800
b35900
b35a00
b35b00
b35c00
b35d00
b35e00
b35f00
b36000
b36100
b36200
b36300
b36400
b36500
b36600
b36700
b36800
b36900
b36a00
b36b00
b36c00
b36d00
b36e00
b36f00
b37000
b37100
b37200
b37300
b37400
b37500
b37600
b37700
b37800
b37900
b37a00
b37b00
b37c00
b37d00
b37e00
b37f00
b38000
b38100
b38200
b38300
b38400
b38500
b38600
b38700
b38800
b38900
b38a00
b38b00
b38c00
b38d00
b38e00
b38f00
b39000
b39100
b39200
b39300
b39400
b39500
b39600
b39700
b39800
b39900
b39a00
b39b00
b39c00
b39d00
b39e00
b39f00
b3a000
b3a100
b3a200
b3a300
b3a400
b3a500
b3a600
b3a700
b3a800
b3a900
b3aa00
b3ab00
b3ac00
b3ad00
b3ae00
b3af00
b3b000
b3b100
b3b200
b3b300
b3b400
b3b500
b3b600
b3b700
b3b800
b3b900
b3ba00
b3bb00
b3bc00
b3bd00
b3be00
b3bf00
b3c000
b3c100
b3c200
b3c300
b3c400
b3c500
b3c600
b3c700
b3c800
b3c900
b3ca00
b3cb00
b3cc00
b3cd00
b3ce00
b3cf00
b3d000
b3d100
b3d200
b3d300
b3d400
b3d500
b3d600
b3d700
b3d800
b3d900
b3da00
b3db00
b3dc00
b3dd00
b3de00
b3df00
b3e000
b3e100
b3e200
b3e300
b3e400
b3e500
b3e600
b3e700
b3e800
b3e900
b3ea00
b3eb00
b3ec00
b3ed00
b3ee00
b3ef00
b3f000
b3f100
b3f200
b3f300
b3f400
b3f500
b3f600
b3f700
b3f800
b3f900
b3fa00
b3fb00
b3fc00
b3fd00
b3fe00
b3ff00
b40000
b40100
b40200
b40300
b40400
b40500
b40600
b40700
b40800
b40900
b40a00
b40b00
b40c00
b40d00
b40e00
b40f00
b41000
b41100
b41200
b41300
b41400
b41500
b41600
b41700
b41800
b41900
b41a00
b41b00
b41c00
b41d00
b41e00
b41f00
b42000
b42100
b42200
b42300
b42400
b42500
b42600
b42700
b42800
b42900
b42a00
b42b00
b42c00
b42d00
b42e00
b42f00
b43000
b43100
b43200
b43300
b43400
b43500
b43600
b43700
b43800
b43900
b43a00
b43b00
b43c00
b43d00
b43e00
b43f00
b44000
b44100
b44200
b44300
b44400
b44500
b44600
b44700
b44800
b44900
b44a00
b44b00
b44c00
b44d00
b44e00
b44f00
b45000
b45100
b45200
b45300
b45400
b45500
b45600
b45700
b45800
b45900
b45a00
b45b00
b45c00
b45d00
b45e00
b45f00
b46000
b46100
b46200
b46300
b46400
b46500
b46600
b46700
b46800
b46900
b46a00
b46b00
b46c00
b46d00
b46e00
b46f00
b47000
b47100
b47200
b47300
b47400
b47500
b47600
b47700
b47800
b47900
b47a00
b47b00
b47c00
b47d00
b47e00
b47f00
b48000
b48100
b48200
b48300
b48400
b48500
b48600
b48700
b48800
b48900
b48a00
b48b00
b48c00
b48d00
b48e00
b48f00
b49000
b49100
b49200
b49300
b49400
b49500
b49600
b49700
b49800
b49900
b49a00
b49b00
b49c00
b49d00
b49e00
b49f00
b4a000
b4a100
b4a200
b4a300
b4a400
b4a500
b4a600
b4a700
b4a800
b4a900
b4aa00
b4ab00
b4ac00
b4ad00
b4ae00
b4af00
b4b000
b4b100
b4b200
b4b300
b4b400
b4b500
b4b600
b4b700
b4b800
b4b900
b4ba00
b4bb00
b4bc00
b4bd00
b4be00
b4bf00
b4c000
b4c100
b4c200
b4c300
b4c400
b4c500
b4c600
b4c700
b4c800
b4c900
b4ca00
b4cb00
b4cc00
b4cd00
b4ce00
b4cf00
b4d000
b4d100
b4d200
b4d300
b4d400
b4d500
b4d600
b4d700
b4d800
b4d900
b4da00
b4db00
b4dc00
b4dd00
b4de00
b4df00
b4e000
b4e100
b4e200
b4e300
b4e400
b4e500
b4e600
b4e700
b4e800
b4e900
b4ea00
b4eb00
b4ec00
b4ed00
b4ee00
b4ef00
b4f000
b4f100
b4f200
b4f300
b4f400
b4f500
b4f600
b4f700
b4f800
b4f900
b4fa00
b4fb00
b4fc00
b4fd00
b4fe00
b4ff00
b50000
b50100
b50200
b50300
b50400
b50500
b50600
b50700
b50800
b50900
b50a00
b50b00
b50c00
b50d00
b50e00
b50f00
b51000
b51100
b51200
b51300
b51400
b51500
b51600
b51700
b51800
b51900
b51a00
b51b00
b51c00
b51d00
b51e00
b51f00
b52000
b52100
b52200
b52300
b52400
b52500
b52600
b52700
b52800
b52900
b52a00
b52b00
b52c00
b52d00
b52e00
b52f00
b53000
b53100
b53200
b53300
b53400
b53500
b53600
b53700
b53800
b53900
b53a00
b53b00
b53c00
b53d00
b53e00
b53f00
b54000
b54100
b54200
b54300
b54400
b54500
b54600
b54700
b54800
b54900
b54a00
b54b00
b54c00
b54d00
b54e00
b54f00
b55000
b55100
b55200
b55300
b55400
b55500
b55600
b55700
b55800
b55900
b55a00
b55b00
b55c00
b55d00
b55e00
b55f00
b56000
b56100
b56200
b56300
b56400
b56500
b56600
b56700
b56800
b56900
b56a00
b56b00
b56c00
b56d00
b56e00
b56f00
b57000
b57100
b57200
b57300
b57400
b57500
b57600
b57700
b57800
b57900
b57a00
b57b00
b57c00
b57d00
b57e00
b57f00
b58000
b58100
b58200
b58300
b58400
b58500
b58600
b58700
b58800
b58900
b58a00
b58b00
b58c00
b58d00
b58e00
b58f00
b59000
b59100
b59200
b59300
b59400
b59500
b59600
b59700
b59800
b59900
b59a00
b59b00
b59c00
b59d00
b59e00
b59f00
b5a000
b5a100
b5a200
b5a300
b5a400
b5a500
b5a600
b5a700
b5a800
b5a900
b5aa00
b5ab00
b5ac00
b5ad00
b5ae00
b5af00
b5b000
b5b100
b5b200
b5b300
b5b400
b5b500
b5b600
b5b700
b5b800
b5b900
b5ba00
b5bb00
b5bc00
b5bd00
b5be00
b5bf00
b5c000
b5c100
b5c200
b5c300
b5c400
b5c500
b5c600
b5c700
b5c800
b5c900
b5ca00
b5cb00
b5cc00
b5cd00
b5ce00
b5cf00
b5d000
b5d100
b5d200
b5d300
b5d400
b5d500
b5d600
b5d700
b5d800
b5d900
b5da00
b5db00
b5dc00
b5dd00
b5de00
b5df00
b5e000
b5e100
b5e200
b5e300
b5e400
b5e500
b5e600
b5e700
b5e800
b5e900
b5ea00
b5eb00
b5ec00
b5ed00
b5ee00
b5ef00
b5f000
b5f100
b5f200
b5f300
b5f400
b5f500
b5f600
b5f700
b5f800
b5f900
b5fa00
b5fb00
b5fc00
b5fd00
b5fe00
b5ff00
b60000
b60100
b60200
b60300
b60400
b60500
b60600
b60700
b60800
b60900
b60a00
b60b00
b60c00
b60d00
b60e00
b60f00
b61000
b61100
b61200
b61300
b61400
b61500
b61600
b61700
b61800
b61900
b61a00
b61b00
b61c00
b61d00
b61e00
b61f00
b62000
b62100
b62200
b62300
b62400
b62500
b62600
b62700
b62800
b62900
b62a00
b62b00
b62c00
b62d00
b62e00
b62f00
b63000
b63100
b63200
b63300
b63400
b63500
b63600
b63700
b63800
b63900
b63a00
b63b00
b63c00
b63d00
b63e00
b63f00
b64000
b64100
b64200
b64300
b64400
b64500
b64600
b64700
b64800
b64900
b64a00
b64b00
b64c00
b64d00
b64e00
b64f00
b65000
b65100
b65200
b65300
b65400
b65500
b65600
b65700
b65800
b65900
b65a00
b65b00
b65c00
b65d00
b65e00
b65f00
b66000
b66100
b66200
b66300
b66400
b66500
b66600
b66700
b66800
b66900
b66a00
b66b00
b66c00
b66d00
b66e00
b66f00
b67000
b67100
b67200
b67300
b67400
b67500
b67600
b67700
b67800
b67900
b67a00
b67b00
b67c00
b67d00
b67e00
b67f00
b68000
b68100
b68200
b68300
b68400
b68500
b68600
b68700
b68800
b68900
b68a00
b68b00
b68c00
b68d00
b68e00
b68f00
b69000
b69100
b69200
b69300
b69400
b69500
b69600
b69700
b69800
b69900
b69a00
b69b00
b69c00
b69d00
b69e00
b69f00
b6a000
b6a100
b6a200
b6a300
b6a400
b6a500
b6a600
b6a700
b6a800
b6a900
b6aa00
b6ab00
b6ac00
b6ad00
b6ae00
b6af00
b6b000
b6b100
b6b200
b6b300
b6b400
b6b500
b6b600
b6b700
b6b800
b6b900
b6ba00
b6bb00
b6bc00
b6bd00
b6be00
b6bf00
b6c000
b6c100
b6c200
b6c300
b6c400
b6c500
b6c600
b6c700
b6c800
b6c900
b6ca00
b6cb00
b6cc00
b6cd00
b6ce00
b6cf00
b6d000
b6d100
b6d200
b6d300
b6d400
b6d500
b6d600
b6d700
b6d800
b6d900
b6da00
b6db00
b6dc00
b6dd00
b6de00
b6df00
b6e000
b6e100
b6e200
b6e300
b6e400
b6e500
b6e600
b6e700
b6e800
b6e900
b6ea00
b6eb00
b6ec00
b6ed00
b6ee00
b6ef00
b6f000
b6f100
b6f200
b6f300
b6f400
b6f500
b6f600
b6f700
b6f800
b6f900
b6fa00
b6fb00
b6fc00
b6fd00
b6fe00
b6ff00
b70000
b70100
b70200
b70300
b70400
b70500
b70600
b70700
b70800
b70900
b70a00
b70b00
b70c00
b70d00
b70e00
b70f00
b71000
b71100
b71200
b71300
b71400
b71500
b71600
b71700
b71800
b71900
b71a00
b71b00
b71c00
b71d00
b71e00
b71f00
b72000
b72100
b72200
b72300
b72400
b72500
b72600
b72700
b72800
b72900
b72a00
b72b00
b72c00
b72d00
b72e00
b72f00
b73000
b73100
b73200
b73300
b73400
b73500
b73600
b73700
b73800
b73900
b73a00
b73b00
b73c00
b73d00
b73e00
b73f00
b74000
b74100
b74200
b74300
b74400
b74500
b74600
b74700
b74800
b74900
b74a00
b74b00
b74c00
b74d00
b74e00
b74f00
b75000
b75100
b75200
b75300
b75400
b75500
b75600
b75700
b75800
b75900
b75a00
b75b00
b75c00
b75d00
b75e00
b75f00
b76000
b76100
b76200
b76300
b76400
b76500
b76600
b76700
b76800
b76900
b76a00
b76b00
b76c00
b76d00
b76e00
b76f00
b77000
b77100
b77200
b77300
b77400
b77500
b77600
b77700
b77800
b77900
b77a00
b77b00
b77c00
b77d00
b77e00
b77f00
b78000
b78100
b78200
b78300
b78400
b78500
b78600
b78700
b78800
b78900
b78a00
b78b00
b78c00
b78d00
b78e00
b78f00
b79000
b79100
b79200
b79300
b79400
b79500
b79600
b79700
b79800
b79900
b79a00
b79b00
b79c00
b79d00
b79e00
b79f00
b7a000
b7a100
b7a200
b7a300
b7a400
b7a500
b7a600
b7a700
b7a800
b7a900
b7aa00
b7ab00
b7ac00
b7ad00
b7ae00
b7af00
b7b000
b7b100
b7b200
b7b300
b7b400
b7b500
b7b600
b7b700
b7b800
b7b900
b7ba00
b7bb00
b7bc00
b7bd00
b7be00
b7bf00
b7c000
b7c100
b7c200
b7c300
b7c400
b7c500
b7c600
b7c700
b7c800
b7c900
b7ca00
b7cb00
b7cc00
b7cd00
b7ce00
b7cf00
b7d000
b7d100
b7d200
b7d300
b7d400
b7d500
b7d600
b7d700
b7d800
b7d900
b7da00
b7db00
b7dc00
b7dd00
b7de00
b7df00
b7e000
b7e100
b7e200
b7e300
b7e400
b7e500
b7e600
b7e700
b7e800
b7e900
b7ea00
b7eb00
b7ec00
b7ed00
b7ee00
b7ef00
b7f000
b7f100
b7f200
b7f300
b7f400
b7f500
b7f600
b7f700
b7f800
b7f900
b7fa00
b7fb00
b7fc00
b7fd00
b7fe00
b7ff00
b80000
b80100
b80200
b80300
b80400
b80500
b80600
b80700
b80800
b80900
b80a00
b80b00
b80c00
b80d00
b80e00
b80f00
b81000
b81100
b81200
b81300
b81400
b81500
b81600
b81700
b81800
b81900
b81a00
b81b00
b81c00
b81d00
b81e00
b81f00
b82000
b82100
b82200
b82300
b82400
b82500
b82600
b82700
b82800
b82900
b82a00
b82b00
b82c00
b82d00
b82e00
b82f00
b83000
b83100
b83200
b83300
b83400
b83500
b83600
b83700
b83800
b83900
b83a00
b83b00
b83c00
b83d00
b83e00
b83f00
b84000
b84100
b84200
b84300
b84400
b84500
b84600
b84700
b84800
b84900
b84a00
b84b00
b84c00
b84d00
b84e00
b84f00
b85000
b85100
b85200
b85300
b85400
b85500
b85600
b85700
b85800
b85900
b85a00
b85b00
b85c00
b85d00
b85e00
b85f00
b86000
b86100
b86200
b86300
b86400
b86500
b86600
b86700
b86800
b86900
b86a00
b86b00
b86c00
b86d00
b86e00
b86f00
b87000
b87100
b87200
b87300
b87400
b87500
b87600
b87700
b87800
b87900
b87a00
b87b00
b87c00
b87d00
b87e00
b87f00
b88000
b88100
b88200
b88300
b88400
b88500
b88600
b88700
b88800
b88900
b88a00
b88b00
b88c00
b88d00
b88e00
b88f00
b89000
b89100
b89200
b89300
b89400
b89500
b89600
b89700
b89800
b89900
b89a00
b89b00
b89c00
b89d00
b89e00
b89f00
b8a000
b8a100
b8a200
b8a300
b8a400
b8a500
b8a600
b8a700
b8a800
b8a900
b8aa00
b8ab00
b8ac00
b8ad00
b8ae00
b8af00
b8b000
b8b100
b8b200
b8b300
b8b400
b8b500
b8b600
b8b700
b8b800
b8b900
b8ba00
b8bb00
b8bc00
b8bd00
b8be00
b8bf00
b8c000
b8c100
b8c200
b8c300
b8c400
b8c500
b8c600
b8c700
b8c800
b8c900
b8ca00
b8cb00
b8cc00
b8cd00
b8ce00
b8cf00
b8d000
b8d100
b8d200
b8d300
b8d400
b8d500
b8d600
b8d700
b8d800
b8d900
b8da00
b8db00
b8dc00
b8dd00
b8de00
b8df00
b8e000
b8e100
b8e200
b8e300
b8e400
b8e500
b8e600
b8e700
b8e800
b8e900
b8ea00
b8eb00
b8ec00
b8ed00
b8ee00
b8ef00
b8f000
b8f100
b8f200
b8f300
b8f400
b8f500
b8f600
b8f700
b8f800
b8f900
b8fa00
b8fb00
b8fc00
b8fd00
b8fe00
b8ff00
b90000
b90100
b90200
b90300
b90400
b90500
b90600
b90700
b90800
b90900
b90a00
b90b00
b90c00
b90d00
b90e00
b90f00
b91000
b91100
b91200
b91300
b91400
b91500
b91600
b91700
b91800
b91900
b91a00
b91b00
b91c00
b91d00
b91e00
b91f00
b92000
b92100
b92200
b92300
b92400
b92500
b92600
b92700
b92800
b92900
b92a00
b92b00
b92c00
b92d00
b92e00
b92f00
b93000
b93100
b93200
b93300
b93400
b93500
b93600
b93700
b93800
b93900
b93a00
b93b00
b93c00
b93d00
b93e00
b93f00
b94000
b94100
b94200
b94300
b94400
b94500
b94600
b94700
b94800
b94900
b94a00
b94b00
b94c00
b94d00
b94e00
b94f00
b95000
b95100
b95200
b95300
b95400
b95500
b95600
b95700
b95800
b95900
b95a00
b95b00
b95c00
b95d00
b95e00
b95f00
b96000
b96100
b96200
b96300
b96400
b96500
b96600
b96700
b96800
b96900
b96a00
b96b00
b96c00
b96d00
b96e00
b96f00
b97000
b97100
b97200
b97300
b97400
b97500
b97600
b97700
b97800
b97900
b97a00
b97b00
b97c00
b97d00
b97e00
b97f00
b98000
b98100
b98200
b98300
b98400
b98500
b98600
b98700
b98800
b98900
b98a00
b98b00
b98c00
b98d00
b98e00
b98f00
b99000
b99100
b99200
b99300
b99400
b99500
b99600
b99700
b99800
b99900
b99a00
b99b00
b99c00
b99d00
b99e00
b99f00
b9a000
b9a100
b9a200
b9a300
b9a400
b9a500
b9a600
b9a700
b9a800
b9a900
b9aa00
b9ab00
b9ac00
b9ad00
b9ae00
b9af00
b9b000
b9b100
b9b200
b9b300
b9b400
b9b500
b9b600
b9b700
b9b800
b9b900
b9ba00
b9bb00
b9bc00
b9bd00
b9be00
b9bf00
b9c000
b9c100
b9c200
b9c300
b9c400
b9c500
b9c600
b9c700
b9c800
b9c900
b9ca00
b9cb00
b9cc00
b9cd00
b9ce00
b9cf00
b9d000
b9d100
b9d200
b9d300
b9d400
b9d500
b9d600
b9d700
b9d800
b9d900
b9da00
b9db00
b9dc00
b9dd00
b9de00
b9df00
b9e000
b9e100
b9e200
b9e300
b9e400
b9e500
b9e600
b9e700
b9e800
b9e900
b9ea00
b9eb00
b9ec00
b9ed00
b9ee00
b9ef00
b9f000
b9f100
b9f200
b9f300
b9f400
b9f500
b9f600
b9f700
b9f800
b9f900
b9fa00
b9fb00
b9fc00
b9fd00
b9fe00
b9ff00
ba0000
ba0100
ba0200
ba0300
ba0400
ba0500
ba0600
ba0700
ba0800
ba0900
ba0a00
ba0b00
ba0c00
ba0d00
ba0e00
ba0f00
ba1000
ba1100
ba1200
ba1300
ba1400
ba1500
ba1600
ba1700
ba1800
ba1900
ba1a00
ba1b00
ba1c00
ba1d00
ba1e00
ba1f00
ba2000
ba2100
ba2200
ba2300
ba2400
ba2500
ba2600
ba2700
ba2800
ba2900
ba2a00
ba2b00
ba2c00
ba2d00
ba2e00
ba2f00
ba3000
ba3100
ba3200
ba3300
ba3400
ba3500
ba3600
ba3700
ba3800
ba3900
ba3a00
ba3b00
ba3c00
ba3d00
ba3e00
ba3f00
ba4000
ba4100
ba4200
ba4300
ba4400
ba4500
ba4600
ba4700
ba4800
ba4900
ba4a00
ba4b00
ba4c00
ba4d00
ba4e00
ba4f00
ba5000
ba5100
ba5200
ba5300
ba5400
ba5500
ba5600
ba5700
ba5800
ba5900
ba5a00
ba5b00
ba5c00
ba5d00
ba5e00
ba5f00
ba6000
ba6100
ba6200
ba6300
ba6400
ba6500
ba6600
ba6700
ba6800
ba6900
ba6a00
ba6b00
ba6c00
ba6d00
ba6e00
ba6f00
ba7000
ba7100
ba7200
ba7300
ba7400
ba7500
ba7600
ba7700
ba7800
ba7900
ba7a00
ba7b00
ba7c00
ba7d00
ba7e00
ba7f00
ba8000
ba8100
ba8200
ba8300
ba8400
ba8500
ba8600
ba8700
ba8800
ba8900
ba8a00
ba8b00
ba8c00
ba8d00
ba8e00
ba8f00
ba9000
ba9100
ba9200
ba9300
ba9400
ba9500
ba9600
ba9700
ba9800
ba9900
ba9a00
ba9b00
ba9c00
ba9d00
ba9e00
ba9f00
baa000
baa100
baa200
baa300
baa400
baa500
baa600
baa700
baa800
baa900
baaa00
baab00
baac00
baad00
baae00
baaf00
bab000
bab100
bab200
bab300
bab400
bab500
bab600
bab700
bab800
bab900
baba00
babb00
babc00
babd00
babe00
babf00
bac000
bac100
bac200
bac300
bac400
bac500
bac600
bac700
bac800
bac900
baca00
bacb00
bacc00
bacd00
bace00
bacf00
bad000
bad100
bad200
bad300
bad400
bad500
bad600
bad700
bad800
bad900
bada00
badb00
badc00
badd00
bade00
badf00
bae000
bae100
bae200
bae300
bae400
bae500
bae600
bae700
bae800
bae900
baea00
baeb00
baec00
baed00
baee00
baef00
baf000
baf100
baf200
baf300
baf400
baf500
baf600
baf700
baf800
baf900
bafa00
bafb00
bafc00
bafd00
bafe00
baff00
bb0000
bb0100
bb0200
bb0300
bb0400
bb0500
bb0600
bb0700
bb0800
bb0900
bb0a00
bb0b00
bb0c00
bb0d00
bb0e00
bb0f00
bb1000
bb1100
bb1200
bb1300
bb1400
bb1500
bb1600
bb1700
bb1800
bb1900
bb1a00
bb1b00
bb1c00
bb1d00
bb1e00
bb1f00
bb2000
bb2100
bb2200
bb2300
bb2400
bb2500
bb2600
bb2700
bb2800
bb2900
bb2a00
bb2b00
bb2c00
bb2d00
bb2e00
bb2f00
bb3000
bb3100
bb3200
bb3300
bb3400
bb3500
bb3600
bb3700
bb3800
bb3900
bb3a00
bb3b00
bb3c00
bb3d00
bb3e00
bb3f00
bb4000
bb4100
bb4200
bb4300
bb4400
bb4500
bb4600
bb4700
bb4800
bb4900
bb4a00
bb4b00
bb4c00
bb4d00
bb4e00
bb4f00
bb5000
bb5100
bb5200
bb5300
bb5400
bb5500
bb5600
bb5700
bb5800
bb5900
bb5a00
bb5b00
bb5c00
bb5d00
bb5e00
bb5f00
bb6000
bb6100
bb6200
bb6300
bb6400
bb6500
bb6600
bb6700
bb6800
bb6900
bb6a00
bb6b00
bb6c00
bb6d00
bb6e00
bb6f00
bb7000
bb7100
bb7200
bb7300
bb7400
bb7500
bb7600
bb7700
bb7800
bb7900
bb7a00
bb7b00
bb7c00
bb7d00
bb7e00
bb7f00
bb8000
bb8100
bb8200
bb8300
bb8400
bb8500
bb8600
bb8700
bb8800
bb8900
bb8a00
bb8b00
bb8c00
bb8d00
bb8e00
bb8f00
bb9000
bb9100
bb9200
bb9300
bb9400
bb9500
bb9600
bb9700
bb9800
bb9900
bb9a00
bb9b00
bb9c00
bb9d00
bb9e00
bb9f00
bba000
bba100
bba200
bba300
bba400
bba500
bba600
bba700
bba800
bba900
bbaa00
bbab00
bbac00
bbad00
bbae00
bbaf00
bbb000
bbb100
bbb200
bbb300
bbb400
bbb500
bbb600
bbb700
bbb800
bbb900
bbba00
bbbb00
bbbc00
bbbd00
bbbe00
bbbf00
bbc000
bbc100
bbc200
bbc300
bbc400
bbc500
bbc600
bbc700
bbc800
bbc900
bbca00
bbcb00
bbcc00
bbcd00
bbce00
bbcf00
bbd000
bbd100
bbd200
bbd300
bbd400
bbd500
bbd600
bbd700
bbd800
bbd900
bbda00
bbdb00
bbdc00
bbdd00
bbde00
bbdf00
bbe000
bbe100
bbe200
bbe300
bbe400
bbe500
bbe600
bbe700
bbe800
bbe900
bbea00
bbeb00
bbec00
bbed00
bbee00
bbef00
bbf000
bbf100
bbf200
bbf300
bbf400
bbf500
bbf600
bbf700
bbf800
bbf900
bbfa00
bbfb00
bbfc00
bbfd00
bbfe00
bbff00
bc0000
bc0100
bc0200
bc0300
bc0400
bc0500
bc0600
bc0700
bc0800
bc0900
bc0a00
bc0b00
bc0c00
bc0d00
bc0e00
bc0f00
bc1000
bc1100
bc1200
bc1300
bc1400
bc1500
bc1600
bc1700
bc1800
bc1900
bc1a00
bc1b00
bc1c00
bc1d00
bc1e00
bc1f00
bc2000
bc2100
bc2200
bc2300
bc2400
bc2500
bc2600
bc2700
bc2800
bc2900
bc2a00
bc2b00
bc2c00
bc2d00
bc2e00
bc2f00
bc3000
bc3100
bc3200
bc3300
bc3400
bc3500
bc3600
bc3700
bc3800
bc3900
bc3a00
bc3b00
bc3c00
bc3d00
bc3e00
bc3f00
bc4000
bc4100
bc4200
bc4300
bc4400
bc4500
bc4600
bc4700
bc4800
bc4900
bc4a00
bc4b00
bc4c00
bc4d00
bc4e00
bc4f00
bc5000
bc5100
bc5200
bc5300
bc5400
bc5500
bc5600
bc5700
bc5800
bc5900
bc5a00
bc5b00
bc5c00
bc5d00
bc5e00
bc5f00
bc6000
bc6100
bc6200
bc6300
bc6400
bc6500
bc6600
bc6700
bc6800
bc6900
bc6a00
bc6b00
bc6c00
bc6d00
bc6e00
bc6f00
bc7000
bc7100
bc7200
bc7300
bc7400
bc7500
bc7600
bc7700
bc7800
bc7900
bc7a00
bc7b00
bc7c00
bc7d00
bc7e00
bc7f00
bc8088
bc8188
bc8288
bc8388
bc8488
bc8588
bc8688
bc8788
bc8888
bc8989
bc8a89
bc8b89
bc8c89
bc8d89
bc8e89
bc8f89
bc9089
bc9189
bc9289
bc9389
bc9489
bc9589
bc9689
bc9789
bc988a
bc998a
bc9a8a
bc9b8a
bc9c8a
bc9d8a
bc9e8a
bc9f8a
bca08a
bca18a
bca28a
bca38a
bca48a
bca58a
bca68a
bca78a
bca88a
bca98b
bcaa8b
bcab8b
bcac8b
bcad8b
bcae8b
bcaf8b
bcb08b
bcb18b
bcb28b
bcb38b
bcb48b
bcb58b
bcb68b
bcb78b
bcb88c
bcb98c
bcba8c
bcbb8c
bcbc8c
bcbd8c
bcbe8c
bcbf8c
bcc08c
bcc18c
bcc28c
bcc38c
bcc48c
bcc58c
bcc68c
bcc78c
bcc88c
bcc98d
bcca8d
bccb8d
bccc8d
bccd8d
bcce8d
bccf8d
bcd08d
bcd18d
bcd28d
bcd38d
bcd48d
bcd58d
bcd68d
bcd78d
bcd88e
bcd98e
bcda8e
bcdb8e
bcdc8e
bcdd8e
bcde8e
bcdf8e
bce08e
bce18e
bce28e
bce38e
bce48e
bce58e
bce68e
bce78e
bce88e
bce98f
bcea8f
bceb8f
bcec8f
bced8f
bcee8f
bcef8f
bcf08f
bcf18f
bcf28f
bcf38f
bcf48f
bcf58f
bcf68f
bcf78f
bcf890
bcf990
bcfa90
bcfb90
bcfc90
bcfd90
bcfe90
bcff90
bd0090
bd0190
bd0290
bd0390
bd0490
bd0590
bd0690
bd0790
bd0890
bd0991
bd0a91
bd0b91
bd0c91
bd0d91
bd0e91
bd0f91
bd1091
bd1191
bd1291
bd1391
bd1491
bd1591
bd1691
bd1791
bd1892
bd1992
bd1a92
bd1b92
bd1c92
bd1d92
bd1e92
bd1f92
bd2092
bd2192
bd2292
bd2392
bd2492
bd2592
bd2692
bd2792
bd2892
bd2993
bd2a93
bd2b93
bd2c93
bd2d93
bd2e93
bd2f93
bd3093
bd3193
bd3293
bd3393
bd3493
bd3593
bd3693
bd3793
bd3894
bd3994
bd3a94
bd3b94
bd3c94
bd3d94
bd3e94
bd3f94
bd4094
bd4194
bd4294
bd4394
bd4494
bd4594
bd4694
bd4794
bd4894
bd4995
bd4a95
bd4b95
bd4c95
bd4d95
bd4e95
bd4f95
bd5095
bd5195
bd5295
bd5395
bd5495
bd5595
bd5695
bd5795
bd5896
bd5996
bd5a96
bd5b96
bd5c96
bd5d96
bd5e96
bd5f96
bd6096
bd6196
bd6296
bd6396
bd6496
bd6596
bd6696
bd6796
bd6896
bd6997
bd6a97
bd6b97
bd6c97
bd6d97
bd6e97
bd6f97
bd7097
bd7197
bd7297
bd7397
bd7497
bd7597
bd7697
bd7797
bd7898
bd7998
bd7a98
bd7b98
bd7c98
bd7d98
bd7e98
bd7f98
bd8098
bd8198
bd8298
bd8398
bd8498
bd8598
bd8698
bd8798
bd8898
bd8999
bd8a99
bd8b99
bd8c99
bd8d99
bd8e99
bd8f99
bd9099
bd9199
bd9299
bd9399
bd9499
bd9599
bd9699
bd9799
bd989a
bd999a
bd9a9a
bd9b9a
bd9c9a
bd9d9a
bd9e9a
bd9f9a
bda09a
bda19a
bda29a
bda39a
bda49a
bda59a
bda69a
bda79a
bda89a
bda99b
bdaa9b
bdab9b
bdac9b
bdad9b
bdae9b
bdaf9b
bdb09b
bdb19b
bdb29b
bdb39b
bdb49b
bdb59b
bdb69b
bdb79b
bdb89c
bdb99c
bdba9c
bdbb9c
bdbc9c
bdbd9c
bdbe9c
bdbf9c
bdc09c
bdc19c
bdc29c
bdc39c
bdc49c
bdc59c
bdc69c
bdc79c
bdc89c
bdc99d
bdca9d
bdcb9d
bdcc9d
bdcd9d
bdce9d
bdcf9d
bdd09d
bdd19d
bdd29d
bdd39d
bdd49d
bdd59d
bdd69d
bdd79d
bdd89e
bdd99e
bdda9e
bddb9e
bddc9e
bddd9e
bdde9e
bddf9e
bde09e
bde19e
bde29e
bde39e
bde49e
bde59e
bde69e
bde79e
bde89e
bde99f
bdea9f
bdeb9f
bdec9f
bded9f
bdee9f
bdef9f
bdf09f
bdf19f
bdf29f
bdf39f
bdf49f
bdf59f
bdf69f
bdf79f
bdf8a0
bdf9a0
bdfaa0
bdfba0
bdfca0
bdfda0
bdfea0
bdffa0
be00a0
be01a0
be02a0
be03a0
be04a0
be05a0
be06a0
be07a0
be08a0
be09a1
be0aa1
be0ba1
be0ca1
be0da1
be0ea1
be0fa1
be10a1
be11a1
be12a1
be13a1
be14a1
be15a1
be16a1
be17a1
be18a2
be19a2
be1aa2
be1ba2
be1ca2
be1da2
be1ea2
be1fa2
be20a2
be21a2
be22a2
be23a2
be24a2
be25a2
be26a2
be27a2
be28a2
be29a3
be2aa3
be2ba3
be2ca3
be2da3
be2ea3
be2fa3
be30a3
be31a3
be32a3
be33a3
be34a3
be35a3
be36a3
be37a3
be38a4
be39a4
be3aa4
be3ba4
be3ca4
be3da4
be3ea4
be3fa4
be40a4
be41a4
be42a4
be43a4
be44a4
be45a4
be46a4
be47a4
be48a4
be49a5
be4aa5
be4ba5
be4ca5
be4da5
be4ea5
be4fa5
be50a5
be51a5
be52a5
be53a5
be54a5
be55a5
be56a5
be57a5
be58a6
be59a6
be5aa6
be5ba6
be5ca6
be5da6
be5ea6
be5fa6
be60a6
be61a6
be62a6
be63a6
be64a6
be65a6
be66a6
be67a6
be68a6
be69a7
be6aa7
be6ba7
be6ca7
be6da7
be6ea7
be6fa7
be70a7
be71a7
be72a7
be73a7
be74a7
be75a7
be76a7
be77a7
be78a8
be79a8
be7aa8
be7ba8
be7ca8
be7da8
be7ea8
be7fa8
be80a8
be81a8
be82a8
be83a8
be84a8
be85a8
be86a8
be87a8
be88a8
be89a9
be8aa9
be8ba9
be8ca9
be8da9
be8ea9
be8fa9
be90a9
be91a9
be92a9
be93a9
be94a9
be95a9
be96a9
be97a9
be98aa
be99aa
be9aaa
be9baa
be9caa
be9daa
be9eaa
be9faa
bea0aa
bea1aa
bea2aa
bea3aa
bea4aa
bea5aa
bea6aa
bea7aa
bea8aa
bea9ab
beaaab
beabab
beacab
beadab
beaeab
beafab
beb0ab
beb1ab
beb2ab
beb3ab
beb4ab
beb5ab
beb6ab
beb7ab
beb8ac
beb9ac
bebaac
bebbac
bebcac
bebdac
bebeac
bebfac
bec0ac
bec1ac
bec2ac
bec3ac
bec4ac
bec5ac
bec6ac
bec7ac
bec8ac
bec9ad
becaad
becbad
beccad
becdad
becead
becfad
bed0ad
bed1ad
bed2ad
bed3ad
bed4ad
bed5ad
bed6ad
bed7ad
bed8ae
bed9ae
bedaae
bedbae
bedcae
beddae
bedeae
bedfae
bee0ae
bee1ae
bee2ae
bee3ae
bee4ae
bee5ae
bee6ae
bee7ae
bee8ae
bee9af
beeaaf
beebaf
beecaf
beedaf
beeeaf
beefaf
bef0af
bef1af
bef2af
bef3af
bef4af
bef5af
bef6af
bef7af
bef8b0
bef9b0
befab0
befbb0
befcb0
befdb0
befeb0
beffb0
bf00b0
bf01b0
bf02b0
bf03b0
bf04b0
bf05b0
bf06b0
bf07b0
bf08b0
bf09b1
bf0ab1
bf0bb1
bf0cb1
bf0db1
bf0eb1
bf0fb1
bf10b1
bf11b1
bf12b1
bf13b1
bf14b1
bf15b1
bf16b1
bf17b1
bf18b2
bf19b2
bf1ab2
bf1bb2
bf1cb2
bf1db2
bf1eb2
bf1fb2
bf20b2
bf21b2
bf22b2
bf23b2
bf24b2
bf25b2
bf26b2
bf27b2
bf28b2
bf29b3
bf2ab3
bf2bb3
bf2cb3
bf2db3
bf2eb3
bf2fb3
bf30b3
bf31b3
bf32b3
bf33b3
bf34b3
bf35b3
bf36b3
bf37b3
bf38b4
bf39b4
bf3ab4
bf3bb4
bf3cb4
bf3db4
bf3eb4
bf3fb4
bf40b4
bf41b4
bf42b4
bf43b4
bf44b4
bf45b4
bf46b4
bf47b4
bf48b4
bf49b5
bf4ab5
bf4bb5
bf4cb5
bf4db5
bf4eb5
bf4fb5
bf50b5
bf51b5
bf52b5
bf53b5
bf54b5
bf55b5
bf56b5
bf57b5
bf58b6
bf59b6
bf5ab6
bf5bb6
bf5cb6
bf5db6
bf5eb6
bf5fb6
bf60b6
bf61b6
bf62b6
bf63b6
bf64b6
bf65b6
bf66b6
bf67b6
bf68b6
bf69b7
bf6ab7
bf6bb7
bf6cb7
bf6db7
bf6eb7
bf6fb7
bf70b7
bf71b7
bf72b7
bf73b7
bf74b7
bf75b7
bf76b7
bf77b7
bf78b8
bf79b8
bf7ab8
bf7bb8
bf7cb8
bf7db8
bf7eb8
bf7fb8
bf80b8
bf81b8
bf82b8
bf83b8
bf84b8
bf85b8
bf86b8
bf87b8
bf88b8
bf89b9
bf8ab9
bf8bb9
bf8cb9
bf8db9
bf8eb9
bf8fb9
bf90b9
bf91b9
bf92b9
bf93b9
bf94b9
bf95b9
bf96b9
bf97b9
bf98ba
bf99ba
bf9aba
bf9bba
bf9cba
bf9dba
bf9eba
bf9fba
bfa0ba
bfa1ba
bfa2ba
bfa3ba
bfa4ba
bfa5ba
bfa6ba
bfa7ba
bfa8ba
bfa9bb
bfaabb
bfabbb
bfacbb
bfadbb
bfaebb
bfafbb
bfb0bb
bfb1bb
bfb2bb
bfb3bb
bfb4bb
bfb5bb
bfb6bb
bfb7bb
bfb8bc
bfb9bc
bfbabc
bfbbbc
bfbcbc
bfbdbc
bfbebc
bfbfbc
bfc0bc
bfc1bc
bfc2bc
bfc3bc
bfc4bc
bfc5bc
bfc6bc
bfc7bc
bfc8bc
bfc9bd
bfcabd
bfcbbd
bfccbd
bfcdbd
bfcebd
bfcfbd
bfd0bd
bfd1bd
bfd2bd
bfd3bd
bfd4bd
bfd5bd
bfd6bd
bfd7bd
bfd8be
bfd9be
bfdabe
bfdbbe
bfdcbe
bfddbe
bfdebe
bfdfbe
bfe0be
bfe1be
bfe2be
bfe3be
bfe4be
bfe5be
bfe6be
bfe7be
bfe8be
bfe9bf
bfeabf
bfebbf
bfecbf
bfedbf
bfeebf
bfefbf
bff0bf
bff1bf
bff2bf
bff3bf
bff4bf
bff5bf
bff6bf
bff7bf
bff8c0
bff9c0
bffac0
bffbc0
bffcc0
bffdc0
bffec0
bfffc0
c000c0
c001c0
c002c0
c003c0
c004c0
c005c0
c006c0
c007c0
c008c0
c009c1
c00ac1
c00bc1
c00cc1
c00dc1
c00ec1
c00fc1
c010c1
c011c1
c012c1
c013c1
c014c1
c015c1
c016c1
c017c1
c018c2
c019c2
c01ac2
c01bc2
c01cc2
c01dc2
c01ec2
c01fc2
c020c2
c021c2
c022c2
c023c2
c024c2
c025c2
c026c2
c027c2
c028c2
c029c3
c02ac3
c02bc3
c02cc3
c02dc3
c02ec3
c02fc3
c030c3
c031c3
c032c3
c033c3
c034c3
c035c3
c036c3
c037c3
c038c4
c039c4
c03ac4
c03bc4
c03cc4
c03dc4
c03ec4
c03fc4
c040c4
c041c4
c042c4
c043c4
c044c4
c045c4
c046c4
c047c4
c048c4
c049c5
c04ac5
c04bc5
c04cc5
c04dc5
c04ec5
c04fc5
c050c5
c051c5
c052c5
c053c5
c054c5
c055c5
c056c5
c057c5
c058c6
c059c6
c05ac6
c05bc6
c05cc6
c05dc6
c05ec6
c05fc6
c060c6
c061c6
c062c6
c063c6
c064c6
c065c6
c066c6
c067c6
c068c6
c069c7
c06ac7
c06bc7
c06cc7
c06dc7
c06ec7
c06fc7
c070c7
c071c7
c072c7
c073c7
c074c7
c075c7
c076c7
c077c7
c078c8
c079c8
c07ac8
c07bc8
c07cc8
c07dc8
c07ec8
c07fc8
c080c8
c081c8
c082c8
c083c8
c084c8
c085c8
c086c8
c087c8
c088c8
c089c9
c08ac9
c08bc9
c08cc9
c08dc9
c08ec9
c08fc9
c090c9
c091c9
c092c9
c093c9
c094c9
c095c9
c096c9
c097c9
c098ca
c099ca
c09aca
c09bca
c09cca
c09dca
c09eca
c09fca
c0a0ca
c0a1ca
c0a2ca
c0a3ca
c0a4ca
c0a5ca
c0a6ca
c0a7ca
c0a8ca
c0a9cb
c0aacb
c0abcb
c0accb
c0adcb
c0aecb
c0afcb
c0b0cb
c0b1cb
c0b2cb
c0b3cb
c0b4cb
c0b5cb
c0b6cb
c0b7cb
c0b8cc
c0b9cc
c0bacc
c0bbcc
c0bccc
c0bdcc
c0becc
c0bfcc
c0c0cc
c0c1cc
c0c2cc
c0c3cc
c0c4cc
c0c5cc
c0c6cc
c0c7cc
c0c8cc
c0c9cd
c0cacd
c0cbcd
c0cccd
c0cdcd
c0cecd
c0cfcd
c0d0cd
c0d1cd
c0d2cd
c0d3cd
c0d4cd
c0d5cd
c0d6cd
c0d7cd
c0d8ce
c0d9ce
c0dace
c0dbce
c0dcce
c0ddce
c0dece
c0dfce
c0e0ce
c0e1ce
c0e2ce
c0e3ce
c0e4ce
c0e5ce
c0e6ce
c0e7ce
c0e8ce
c0e9cf
c0eacf
c0ebcf
c0eccf
c0edcf
c0eecf
c0efcf
c0f0cf
c0f1cf
c0f2cf
c0f3cf
c0f4cf
c0f5cf
c0f6cf
c0f7cf
c0f8d0
c0f9d0
c0fad0
c0fbd0
c0fcd0
c0fdd0
c0fed0
c0ffd0
c100d0
c101d0
c102d0
c103d0
c104d0
c105d0
c106d0
c107d0
c108d0
c109d1
c10ad1
c10bd1
c10cd1
c10dd1
c10ed1
c10fd1
c110d1
c111d1
c112d1
c113d1
c114d1
c115d1
c116d1
c117d1
c118d2
c119d2
c11ad2
c11bd2
c11cd2
c11dd2
c11ed2
c11fd2
c120d2
c121d2
c122d2
c123d2
c124d2
c125d2
c126d2
c127d2
c128d2
c129d3
c12ad3
c12bd3
c12cd3
c12dd3
c12ed3
c12fd3
c130d3
c131d3
c132d3
c133d3
c134d3
c135d3
c136d3
c137d3
c138d4
c139d4
c13ad4
c13bd4
c13cd4
c13dd4
c13ed4
c13fd4
c140d4
c141d4
c142d4
c143d4
c144d4
c145d4
c146d4
c147d4
c148d4
c149d5
c14ad5
c14bd5
c14cd5
c14dd5
c14ed5
c14fd5
c150d5
c151d5
c152d5
c153d5
c154d5
c155d5
c156d5
c157d5
c158d6
c159d6
c15ad6
c15bd6
c15cd6
c15dd6
c15ed6
c15fd6
c160d6
c161d6
c162d6
c163d6
c164d6
c165d6
c166d6
c167d6
c168d6
c169d7
c16ad7
c16bd7
c16cd7
c16dd7
c16ed7
c16fd7
c170d7
c171d7
c172d7
c173d7
c174d7
c175d7
c176d7
c177d7
c178d8
c179d8
c17ad8
c17bd8
c17cd8
c17dd8
c17ed8
c17fd8
c180d8
c181d8
c182d8
c183d8
c184d8
c185d8
c186d8
c187d8
c188d8
c189d9
c18ad9
c18bd9
c18cd9
c18dd9
c18ed9
c18fd9
c190d9
c191d9
c192d9
c193d9
c194d9
c195d9
c196d9
c197d9
c198da
c199da
c19ada
c19bda
c19cda
c19dda
c19eda
c19fda
c1a0da
c1a1da
c1a2da
c1a3da
c1a4da
c1a5da
c1a6da
c1a7da
c1a8da
c1a9db
c1aadb
c1abdb
c1acdb
c1addb
c1aedb
c1afdb
c1b0db
c1b1db
c1b2db
c1b3db
c1b4db
c1b5db
c1b6db
c1b7db
c1b8dc
c1b9dc
c1badc
c1bbdc
c1bcdc
c1bddc
c1bedc
c1bfdc
c1c0dc
c1c1dc
c1c2dc
c1c3dc
c1c4dc
c1c5dc
c1c6dc
c1c7dc
c1c8dc
c1c9dd
c1cadd
c1cbdd
c1ccdd
c1cddd
c1cedd
c1cfdd
c1d0dd
c1d1dd
c1d2dd
c1d3dd
c1d4dd
c1d5dd
c1d6dd
c1d7dd
c1d8de
c1d9de
c1dade
c1dbde
c1dcde
c1ddde
c1dede
c1dfde
c1e0de
c1e1de
c1e2de
c1e3de
c1e4de
c1e5de
c1e6de
c1e7de
c1e8de
c1e9df
c1eadf
c1ebdf
c1ecdf
c1eddf
c1eedf
c1efdf
c1f0df
c1f1df
c1f2df
c1f3df
c1f4df
c1f5df
c1f6df
c1f7df
c1f8e0
c1f9e0
c1fae0
c1fbe0
c1fce0
c1fde0
c1fee0
c1ffe0
c200e0
c201e0
c202e0
c203e0
c204e0
c205e0
c206e0
c207e0
c208e0
c209e1
c20ae1
c20be1
c20ce1
c20de1
c20ee1
c20fe1
c210e1
c211e1
c212e1
c213e1
c214e1
c215e1
c216e1
c217e1
c218e2
c219e2
c21ae2
c21be2
c21ce2
c21de2
c21ee2
c21fe2
c220e2
c221e2
c222e2
c223e2
c224e2
c225e2
c226e2
c227e2
c228e2
c229e3
c22ae3
c22be3
c22ce3
c22de3
c22ee3
c22fe3
c230e3
c231e3
c232e3
c233e3
c234e3
c235e3
c236e3
c237e3
c238e4
c239e4
c23ae4
c23be4
c23ce4
c23de4
c23ee4
c23fe4
c240e4
c241e4
c242e4
c243e4
c244e4
c245e4
c246e4
c247e4
c248e4
c249e5
c24ae5
c24be5
c24ce5
c24de5
c24ee5
c24fe5
c250e5
c251e5
c252e5
c253e5
c254e5
c255e5
c256e5
c257e5
c258e6
c259e6
c25ae6
c25be6
c25ce6
c25de6
c25ee6
c25fe6
c260e6
c261e6
c262e6
c263e6
c264e6
c265e6
c266e6
c267e6
c268e6
c269e7
c26ae7
c26be7
c26ce7
c26de7
c26ee7
c26fe7
c270e7
c271e7
c272e7
c273e7
c274e7
c275e7
c276e7
c277e7
c278e8
c279e8
c27ae8
c27be8
c27ce8
c27de8
c27ee8
c27fe8
c280e8
c281e8
c282e8
c283e8
c284e8
c285e8
c286e8
c287e8
c288e8
c289e9
c28ae9
c28be9
c28ce9
c28de9
c28ee9
c28fe9
c290e9
c291e9
c292e9
c293e9
c294e9
c295e9
c296e9
c297e9
c298ea
c299ea
c29aea
c29bea
c29cea
c29dea
c29eea
c29fea
c2a0ea
c2a1ea
c2a2ea
c2a3ea
c2a4ea
c2a5ea
c2a6ea
c2a7ea
c2a8ea
c2a9eb
c2aaeb
c2abeb
c2aceb
c2adeb
c2aeeb
c2afeb
c2b0eb
c2b1eb
c2b2eb
c2b3eb
c2b4eb
c2b5eb
c2b6eb
c2b7eb
c2b8ec
c2b9ec
c2baec
c2bbec
c2bcec
c2bdec
c2beec
c2bfec
c2c0ec
c2c1ec
c2c2ec
c2c3ec
c2c4ec
c2c5ec
c2c6ec
c2c7ec
c2c8ec
c2c9ed
c2caed
c2cbed
c2cced
c2cded
c2ceed
c2cfed
c2d0ed
c2d1ed
c2d2ed
c2d3ed
c2d4ed
c2d5ed
c2d6ed
c2d7ed
c2d8ee
c2d9ee
c2daee
c2dbee
c2dcee
c2ddee
c2deee
c2dfee
c2e0ee
c2e1ee
c2e2ee
c2e3ee
c2e4ee
c2e5ee
c2e6ee
c2e7ee
c2e8ee
c2e9ef
c2eaef
c2ebef
c2ecef
c2edef
c2eeef
c2efef
c2f0ef
c2f1ef
c2f2ef
c2f3ef
c2f4ef
c2f5ef
c2f6ef
c2f7ef
c2f8f0
c2f9f0
c2faf0
c2fbf0
c2fcf0
c2fdf0
c2fef0
c2fff0
c300f0
c301f0
c302f0
c303f0
c304f0
c305f0
c306f0
c307f0
c308f0
c309f1
c30af1
c30bf1
c30cf1
c30df1
c30ef1
c30ff1
c310f1
c311f1
c312f1
c313f1
c314f1
c315f1
c316f1
c317f1
c318f2
c319f2
c31af2
c31bf2
c31cf2
c31df2
c31ef2
c31ff2
c320f2
c321f2
c322f2
c323f2
c324f2
c325f2
c326f2
c327f2
c328f2
c329f3
c32af3
c32bf3
c32cf3
c32df3
c32ef3
c32ff3
c330f3
c331f3
c332f3
c333f3
c334f3
c335f3
c336f3
c337f3
c338f4
c339f4
c33af4
c33bf4
c33cf4
c33df4
c33ef4
c33ff4
c340f4
c341f4
c342f4
c343f4
c344f4
c345f4
c346f4
c347f4
c348f4
c349f5
c34af5
c34bf5
c34cf5
c34df5
c34ef5
c34ff5
c350f5
c351f5
c352f5
c353f5
c354f5
c355f5
c356f5
c357f5
c358f6
c359f6
c35af6
c35bf6
c35cf6
c35df6
c35ef6
c35ff6
c360f6
c361f6
c362f6
c363f6
c364f6
c365f6
c366f6
c367f6
c368f6
c369f7
c36af7
c36bf7
c36cf7
c36df7
c36ef7
c36ff7
c370f7
c371f7
c372f7
c373f7
c374f7
c375f7
c376f7
c377f7
c378f8
c379f8
c37af8
c37bf8
c37cf8
c37df8
c37ef8
c37ff8
c380f8
c381f8
c382f8
c383f8
c384f8
c385f8
c386f8
c387f8
c388f8
c389f9
c38af9
c38bf9
c38cf9
c38df9
c38ef9
c38ff9
c390f9
c391f9
c392f9
c393f9
c394f9
c395f9
c396f9
c397f9
c398fa
c399fa
c39afa
c39bfa
c39cfa
c39dfa
c39efa
c39ffa
c3a0fa
c3a1fa
c3a2fa
c3a3fa
c3a4fa
c3a5fa
c3a6fa
c3a7fa
c3a8fa
c3a9fb
c3aafb
c3abfb
c3acfb
c3adfb
c3aefb
c3affb
c3b0fb
c3b1fb
c3b2fb
c3b3fb
c3b4fb
c3b5fb
c3b6fb
c3b7fb
c3b8fc
c3b9fc
c3bafc
c3bbfc
c3bcfc
c3bdfc
c3befc
c3bffc
c3c0fc
c3c1fc
c3c2fc
c3c3fc
c3c4fc
c3c5fc
c3c6fc
c3c7fc
c3c8fc
c3c9fd
c3cafd
c3cbfd
c3ccfd
c3cdfd
c3cefd
c3cffd
c3d0fd
c3d1fd
c3d2fd
c3d3fd
c3d4fd
c3d5fd
c3d6fd
c3d7fd
c3d8fe
c3d9fe
c3dafe
c3dbfe
c3dcfe
c3ddfe
c3defe
c3dffe
c3e0fe
c3e1fe
c3e2fe
c3e3fe
c3e4fe
c3e5fe
c3e6fe
c3e7fe
c3e8fe
c3e9fe
c3eafe
c3ebfe
c3ecfe
c3edfe
c3eefe
c3effe
c3f0fe
c3f1fe
c3f2fe
c3f3fe
c3f4fe
c3f5fe
c3f6fe
c3f7fe
c3f8fe
c3f9fe
c3fafe
c3fbfe
c3fcfe
c3fdfe
c3fefe
c3fffe
c400fe
c401fe
c402fe
c403fe
c404fe
c405fe
c406fe
c407fe
c408fe
c409fe
c40afe
c40bfe
c40cfe
c40dfe
c40efe
c40ffe
c410fe
c411fe
c412fe
c413fe
c414fe
c415fe
c416fe
c417fe
c418fe
c419fe
c41afe
c41bfe
c41cfe
c41dfe
c41efe
c41ffe
c420fe
c421fe
c422fe
c423fe
c424fe
c425fe
c426fe
c427fe
c428fe
c429fe
c42afe
c42bfe
c42cfe
c42dfe
c42efe
c42ffe
c430fe
c431fe
c432fe
c433fe
c434fe
c435fe
c436fe
c437fe
c438fe
c439fe
c43afe
c43bfe
c43cfe
c43dfe
c43efe
c43ffe
c440fe
c441fe
c442fe
c443fe
c444fe
c445fe
c446fe
c447fe
c448fe
c449fe
c44afe
c44bfe
c44cfe
c44dfe
c44efe
c44ffe
c450fe
c451fe
c452fe
c453fe
c454fe
c455fe
c456fe
c457fe
c458fe
c459fe
c45afe
c45bfe
c45cfe
c45dfe
c45efe
c45ffe
c460fe
c461fe
c462fe
c463fe
c464fe
c465fe
c466fe
c467fe
c468fe
c469fe
c46afe
c46bfe
c46cfe
c46dfe
c46efe
c46ffe
c470fe
c471fe
c472fe
c473fe
c474fe
c475fe
c476fe
c477fe
c478fe
c479fe
c47afe
c47bfe
c47cfe
c47dfe
c47efe
c47ffe
c480fe
c481fe
c482fe
c483fe
c484fe
c485fe
c486fe
c487fe
c488fe
c489fe
c48afe
c48bfe
c48cfe
c48dfe
c48efe
c48ffe
c490fe
c491fe
c492fe
c493fe
c494fe
c495fe
c496fe
c497fe
c498fe
c499fe
c49afe
c49bfe
c49cfe
c49dfe
c49efe
c49ffe
c4a0fe
c4a1fe
c4a2fe
c4a3fe
c4a4fe
c4a5fe
c4a6fe
c4a7fe
c4a8fe
c4a9fe
c4aafe
c4abfe
c4acfe
c4adfe
c4aefe
c4affe
c4b0fe
c4b1fe
c4b2fe
c4b3fe
c4b4fe
c4b5fe
c4b6fe
c4b7fe
c4b8fe
c4b9fe
c4bafe
c4bbfe
c4bcfe
c4bdfe
c4befe
c4bffe
c4c0fe
c4c1fe
c4c2fe
c4c3fe
c4c4fe
c4c5fe
c4c6fe
c4c7fe
c4c8fe
c4c9fe
c4cafe
c4cbfe
c4ccfe
c4cdfe
c4cefe
c4cffe
c4d0fe
c4d1fe
c4d2fe
c4d3fe
c4d4fe
c4d5fe
c4d6fe
c4d7fe
c4d8fe
c4d9fe
c4dafe
c4dbfe
c4dcfe
c4ddfe
c4defe
c4dffe
c4e0fe
c4e1fe
c4e2fe
c4e3fe
c4e4fe
c4e5fe
c4e6fe
c4e7fe
c4e8fe
c4e9fe
c4eafe
c4ebfe
c4ecfe
c4edfe
c4eefe
c4effe
c4f0fe
c4f1fe
c4f2fe
c4f3fe
c4f4fe
c4f5fe
c4f6fe
c4f7fe
c4f8fe
c4f9fe
c4fafe
c4fbfe
c4fcfe
c4fdfe
c4fefe
c4fffe
c500fe
c501fe
c502fe
c503fe
c504fe
c505fe
c506fe
c507fe
c508fe
c509fe
c50afe
c50bfe
c50cfe
c50dfe
c50efe
c50ffe
c510fe
c511fe
c512fe
c513fe
c514fe
c515fe
c516fe
c517fe
c518fe
c519fe
c51afe
c51bfe
c51cfe
c51dfe
c51efe
c51ffe
c520fe
c521fe
c522fe
c523fe
c524fe
c525fe
c526fe
c527fe
c528fe
c529fe
c52afe
c52bfe
c52cfe
c52dfe
c52efe
c52ffe
c530fe
c531fe
c532fe
c533fe
c534fe
c535fe
c536fe
c537fe
c538fe
c539fe
c53afe
c53bfe
c53cfe
c53dfe
c53efe
c53ffe
c540fe
c541fe
c542fe
c543fe
c544fe
c545fe
c546fe
c547fe
c548fe
c549fe
c54afe
c54bfe
c54cfe
c54dfe
c54efe
c54ffe
c550fe
c551fe
c552fe
c553fe
c554fe
c555fe
c556fe
c557fe
c558fe
c559fe
c55afe
c55bfe
c55cfe
c55dfe
c55efe
c55ffe
c560fe
c561fe
c562fe
c563fe
c564fe
c565fe
c566fe
c567fe
c568fe
c569fe
c56afe
c56bfe
c56cfe
c56dfe
c56efe
c56ffe
c570fe
c571fe
c572fe
c573fe
c574fe
c575fe
c576fe
c577fe
c578fe
c579fe
c57afe
c57bfe
c57cfe
c57dfe
c57efe
c57ffe
c580fe
c581fe
c582fe
c583fe
c584fe
c585fe
c586fe
c587fe
c588fe
c589fe
c58afe
c58bfe
c58cfe
c58dfe
c58efe
c58ffe
c590fe
c591fe
c592fe
c593fe
c594fe
c595fe
c596fe
c597fe
c598fe
c599fe
c59afe
c59bfe
c59cfe
c59dfe
c59efe
c59ffe
c5a0fe
c5a1fe
c5a2fe
c5a3fe
c5a4fe
c5a5fe
c5a6fe
c5a7fe
c5a8fe
c5a9fe
c5aafe
c5abfe
c5acfe
c5adfe
c5aefe
c5affe
c5b0fe
c5b1fe
c5b2fe
c5b3fe
c5b4fe
c5b5fe
c5b6fe
c5b7fe
c5b8fe
c5b9fe
c5bafe
c5bbfe
c5bcfe
c5bdfe
c5befe
c5bffe
c5c0fe
c5c1fe
c5c2fe
c5c3fe
c5c4fe
c5c5fe
c5c6fe
c5c7fe
c5c8fe
c5c9fe
c5cafe
c5cbfe
c5ccfe
c5cdfe
c5cefe
c5cffe
c5d0fe
c5d1fe
c5d2fe
c5d3fe
c5d4fe
c5d5fe
c5d6fe
c5d7fe
c5d8fe
c5d9fe
c5dafe
c5dbfe
c5dcfe
c5ddfe
c5defe
c5dffe
c5e0fe
c5e1fe
c5e2fe
c5e3fe
c5e4fe
c5e5fe
c5e6fe
c5e7fe
c5e8fe
c5e9fe
c5eafe
c5ebfe
c5ecfe
c5edfe
c5eefe
c5effe
c5f0fe
c5f1fe
c5f2fe
c5f3fe
c5f4fe
c5f5fe
c5f6fe
c5f7fe
c5f8fe
c5f9fe
c5fafe
c5fbfe
c5fcfe
c5fdfe
c5fefe
c5fffe
c600fe
c601fe
c602fe
c603fe
c604fe
c605fe
c606fe
c607fe
c608fe
c609fe
c60afe
c60bfe
c60cfe
c60dfe
c60efe
c60ffe
c610fe
c611fe
c612fe
c613fe
c614fe
c615fe
c616fe
c617fe
c618fe
c619fe
c61afe
c61bfe
c61cfe
c61dfe
c61efe
c61ffe
c620fe
c621fe
c622fe
c623fe
c624fe
c625fe
c626fe
c627fe
c628fe
c629fe
c62afe
c62bfe
c62cfe
c62dfe
c62efe
c62ffe
c630fe
c631fe
c632fe
c633fe
c634fe
c635fe
c636fe
c637fe
c638fe
c639fe
c63afe
c63bfe
c63cfe
c63dfe
c63efe
c63ffe
c640fe
c641fe
c642fe
c643fe
c644fe
c645fe
c646fe
c647fe
c648fe
c649fe
c64afe
c64bfe
c64cfe
c64dfe
c64efe
c64ffe
c650fe
c651fe
c652fe
c653fe
c654fe
c655fe
c656fe
c657fe
c658fe
c659fe
c65afe
c65bfe
c65cfe
c65dfe
c65efe
c65ffe
c660fe
c661fe
c662fe
c663fe
c664fe
c665fe
c666fe
c667fe
c668fe
c669fe
c66afe
c66bfe
c66cfe
c66dfe
c66efe
c66ffe
c670fe
c671fe
c672fe
c673fe
c674fe
c675fe
c676fe
c677fe
c678fe
c679fe
c67afe
c67bfe
c67cfe
c67dfe
c67efe
c67ffe
c680fe
c681fe
c682fe
c683fe
c684fe
c685fe
c686fe
c687fe
c688fe
c689fe
c68afe
c68bfe
c68cfe
c68dfe
c68efe
c68ffe
c690fe
c691fe
c692fe
c693fe
c694fe
c695fe
c696fe
c697fe
c698fe
c699fe
c69afe
c69bfe
c69cfe
c69dfe
c69efe
c69ffe
c6a0fe
c6a1fe
c6a2fe
c6a3fe
c6a4fe
c6a5fe
c6a6fe
c6a7fe
c6a8fe
c6a9fe
c6aafe
c6abfe
c6acfe
c6adfe
c6aefe
c6affe
c6b0fe
c6b1fe
c6b2fe
c6b3fe
c6b4fe
c6b5fe
c6b6fe
c6b7fe
c6b8fe
c6b9fe
c6bafe
c6bbfe
c6bcfe
c6bdfe
c6befe
c6bffe
c6c0fe
c6c1fe
c6c2fe
c6c3fe
c6c4fe
c6c5fe
c6c6fe
c6c7fe
c6c8fe
c6c9fe
c6cafe
c6cbfe
c6ccfe
c6cdfe
c6cefe
c6cffe
c6d0fe
c6d1fe
c6d2fe
c6d3fe
c6d4fe
c6d5fe
c6d6fe
c6d7fe
c6d8fe
c6d9fe
c6dafe
c6dbfe
c6dcfe
c6ddfe
c6defe
c6dffe
c6e0fe
c6e1fe
c6e2fe
c6e3fe
c6e4fe
c6e5fe
c6e6fe
c6e7fe
c6e8fe
c6e9fe
c6eafe
c6ebfe
c6ecfe
c6edfe
c6eefe
c6effe
c6f0fe
c6f1fe
c6f2fe
c6f3fe
c6f4fe
c6f5fe
c6f6fe
c6f7fe
c6f8fe
c6f9fe
c6fafe
c6fbfe
c6fcfe
c6fdfe
c6fefe
c6fffe
c700fe
c701fe
c702fe
c703fe
c704fe
c705fe
c706fe
c707fe
c708fe
c709fe
c70afe
c70bfe
c70cfe
c70dfe
c70efe
c70ffe
c710fe
c711fe
c712fe
c713fe
c714fe
c715fe
c716fe
c717fe
c718fe
c719fe
c71afe
c71bfe
c71cfe
c71dfe
c71efe
c71ffe
c720fe
c721fe
c722fe
c723fe
c724fe
c725fe
c726fe
c727fe
c728fe
c729fe
c72afe
c72bfe
c72cfe
c72dfe
c72efe
c72ffe
c730fe
c731fe
c732fe
c733fe
c734fe
c735fe
c736fe
c737fe
c738fe
c739fe
c73afe
c73bfe
c73cfe
c73dfe
c73efe
c73ffe
c740fe
c741fe
c742fe
c743fe
c744fe
c745fe
c746fe
c747fe
c748fe
c749fe
c74afe
c74bfe
c74cfe
c74dfe
c74efe
c74ffe
c750fe
c751fe
c752fe
c753fe
c754fe
c755fe
c756fe
c757fe
c758fe
c759fe
c75afe
c75bfe
c75cfe
c75dfe
c75efe
c75ffe
c760fe
c761fe
c762fe
c763fe
c764fe
c765fe
c766fe
c767fe
c768fe
c769fe
c76afe
c76bfe
c76cfe
c76dfe
c76efe
c76ffe
c770fe
c771fe
c772fe
c773fe
c774fe
c775fe
c776fe
c777fe
c778fe
c779fe
c77afe
c77bfe
c77cfe
c77dfe
c77efe
c77ffe
c780fe
c781fe
c782fe
c783fe
c784fe
c785fe
c786fe
c787fe
c788fe
c789fe
c78afe
c78bfe
c78cfe
c78dfe
c78efe
c78ffe
c790fe
c791fe
c792fe
c793fe
c794fe
c795fe
c796fe
c797fe
c798fe
c799fe
c79afe
c79bfe
c79cfe
c79dfe
c79efe
c79ffe
c7a0fe
c7a1fe
c7a2fe
c7a3fe
c7a4fe
c7a5fe
c7a6fe
c7a7fe
c7a8fe
c7a9fe
c7aafe
c7abfe
c7acfe
c7adfe
c7aefe
c7affe
c7b0fe
c7b1fe
c7b2fe
c7b3fe
c7b4fe
c7b5fe
c7b6fe
c7b7fe
c7b8fe
c7b9fe
c7bafe
c7bbfe
c7bcfe
c7bdfe
c7befe
c7bffe
c7c0fe
c7c1fe
c7c2fe
c7c3fe
c7c4fe
c7c5fe
c7c6fe
c7c7fe
c7c8fe
c7c9fe
c7cafe
c7cbfe
c7ccfe
c7cdfe
c7cefe
c7cffe
c7d0fe
c7d1fe
c7d2fe
c7d3fe
c7d4fe
c7d5fe
c7d6fe
c7d7fe
c7d8fe
c7d9fe
c7dafe
c7dbfe
c7dcfe
c7ddfe
c7defe
c7dffe
c7e0fe
c7e1fe
c7e2fe
c7e3fe
c7e4fe
c7e5fe
c7e6fe
c7e7fe
c7e8fe
c7e9fe
c7eafe
c7ebfe
c7ecfe
c7edfe
c7eefe
c7effe
c7f0fe
c7f1fe
c7f2fe
c7f3fe
c7f4fe
c7f5fe
c7f6fe
c7f7fe
c7f8fe
c7f9fe
c7fafe
c7fbfe
c7fcfe
c7fdfe
c7fefe
c7fffe
c800fe
c801fe
c802fe
c803fe
c804fe
c805fe
c806fe
c807fe
c808fe
c809fe
c80afe
c80bfe
c80cfe
c80dfe
c80efe
c80ffe
c810fe
c811fe
c812fe
c813fe
c814fe
c815fe
c816fe
c817fe
c818fe
c819fe
c81afe
c81bfe
c81cfe
c81dfe
c81efe
c81ffe
c820fe
c821fe
c822fe
c823fe
c824fe
c825fe
c826fe
c827fe
c828fe
c829fe
c82afe
c82bfe
c82cfe
c82dfe
c82efe
c82ffe
c830fe
c831fe
c832fe
c833fe
c834fe
c835fe
c836fe
c837fe
c838fe
c839fe
c83afe
c83bfe
c83cfe
c83dfe
c83efe
c83ffe
c840fe
c841fe
c842fe
c843fe
c844fe
c845fe
c846fe
c847fe
c848fe
c849fe
c84afe
c84bfe
c84cfe
c84dfe
c84efe
c84ffe
c850fe
c851fe
c852fe
c853fe
c854fe
c855fe
c856fe
c857fe
c858fe
c859fe
c85afe
c85bfe
c85cfe
c85dfe
c85efe
c85ffe
c860fe
c861fe
c862fe
c863fe
c864fe
c865fe
c866fe
c867fe
c868fe
c869fe
c86afe
c86bfe
c86cfe
c86dfe
c86efe
c86ffe
c870fe
c871fe
c872fe
c873fe
c874fe
c875fe
c876fe
c877fe
c878fe
c879fe
c87afe
c87bfe
c87cfe
c87dfe
c87efe
c87ffe
c880fe
c881fe
c882fe
c883fe
c884fe
c885fe
c886fe
c887fe
c888fe
c889fe
c88afe
c88bfe
c88cfe
c88dfe
c88efe
c88ffe
c890fe
c891fe
c892fe
c893fe
c894fe
c895fe
c896fe
c897fe
c898fe
c899fe
c89afe
c89bfe
c89cfe
c89dfe
c89efe
c89ffe
c8a0fe
c8a1fe
c8a2fe
c8a3fe
c8a4fe
c8a5fe
c8a6fe
c8a7fe
c8a8fe
c8a9fe
c8aafe
c8abfe
c8acfe
c8adfe
c8aefe
c8affe
c8b0fe
c8b1fe
c8b2fe
c8b3fe
c8b4fe
c8b5fe
c8b6fe
c8b7fe
c8b8fe
c8b9fe
c8bafe
c8bbfe
c8bcfe
c8bdfe
c8befe
c8bffe
c8c0fe
c8c1fe
c8c2fe
c8c3fe
c8c4fe
c8c5fe
c8c6fe
c8c7fe
c8c8fe
c8c9fe
c8cafe
c8cbfe
c8ccfe
c8cdfe
c8cefe
c8cffe
c8d0fe
c8d1fe
c8d2fe
c8d3fe
c8d4fe
c8d5fe
c8d6fe
c8d7fe
c8d8fe
c8d9fe
c8dafe
c8dbfe
c8dcfe
c8ddfe
c8defe
c8dffe
c8e0fe
c8e1fe
c8e2fe
c8e3fe
c8e4fe
c8e5fe
c8e6fe
c8e7fe
c8e8fe
c8e9fe
c8eafe
c8ebfe
c8ecfe
c8edfe
c8eefe
c8effe
c8f0fe
c8f1fe
c8f2fe
c8f3fe
c8f4fe
c8f5fe
c8f6fe
c8f7fe
c8f8fe
c8f9fe
c8fafe
c8fbfe
c8fcfe
c8fdfe
c8fefe
c8fffe
c900fe
c901fe
c902fe
c903fe
c904fe
c905fe
c906fe
c907fe
c908fe
c909fe
c90afe
c90bfe
c90cfe
c90dfe
c90efe
c90ffe
c910fe
c911fe
c912fe
c913fe
c914fe
c915fe
c916fe
c917fe
c918fe
c919fe
c91afe
c91bfe
c91cfe
c91dfe
c91efe
c91ffe
c920fe
c921fe
c922fe
c923fe
c924fe
c925fe
c926fe
c927fe
c928fe
c929fe
c92afe
c92bfe
c92cfe
c92dfe
c92efe
c92ffe
c930fe
c931fe
c932fe
c933fe
c934fe
c935fe
c936fe
c937fe
c938fe
c939fe
c93afe
c93bfe
c93cfe
c93dfe
c93efe
c93ffe
c940fe
c941fe
c942fe
c943fe
c944fe
c945fe
c946fe
c947fe
c948fe
c949fe
c94afe
c94bfe
c94cfe
c94dfe
c94efe
c94ffe
c950fe
c951fe
c952fe
c953fe
c954fe
c955fe
c956fe
c957fe
c958fe
c959fe
c95afe
c95bfe
c95cfe
c95dfe
c95efe
c95ffe
c960fe
c961fe
c962fe
c963fe
c964fe
c965fe
c966fe
c967fe
c968fe
c969fe
c96afe
c96bfe
c96cfe
c96dfe
c96efe
c96ffe
c970fe
c971fe
c972fe
c973fe
c974fe
c975fe
c976fe
c977fe
c978fe
c979fe
c97afe
c97bfe
c97cfe
c97dfe
c97efe
c97ffe
c980fe
c981fe
c982fe
c983fe
c984fe
c985fe
c986fe
c987fe
c988fe
c989fe
c98afe
c98bfe
c98cfe
c98dfe
c98efe
c98ffe
c990fe
c991fe
c992fe
c993fe
c994fe
c995fe
c996fe
c997fe
c998fe
c999fe
c99afe
c99bfe
c99cfe
c99dfe
c99efe
c99ffe
c9a0fe
c9a1fe
c9a2fe
c9a3fe
c9a4fe
c9a5fe
c9a6fe
c9a7fe
c9a8fe
c9a9fe
c9aafe
c9abfe
c9acfe
c9adfe
c9aefe
c9affe
c9b0fe
c9b1fe
c9b2fe
c9b3fe
c9b4fe
c9b5fe
c9b6fe
c9b7fe
c9b8fe
c9b9fe
c9bafe
c9bbfe
c9bcfe
c9bdfe
c9befe
c9bffe
c9c0fe
c9c1fe
c9c2fe
c9c3fe
c9c4fe
c9c5fe
c9c6fe
c9c7fe
c9c8fe
c9c9fe
c9cafe
c9cbfe
c9ccfe
c9cdfe
c9cefe
c9cffe
c9d0fe
c9d1fe
c9d2fe
c9d3fe
c9d4fe
c9d5fe
c9d6fe
c9d7fe
c9d8fe
c9d9fe
c9dafe
c9dbfe
c9dcfe
c9ddfe
c9defe
c9dffe
c9e0fe
c9e1fe
c9e2fe
c9e3fe
c9e4fe
c9e5fe
c9e6fe
c9e7fe
c9e8fe
c9e9fe
c9eafe
c9ebfe
c9ecfe
c9edfe
c9eefe
c9effe
c9f0fe
c9f1fe
c9f2fe
c9f3fe
c9f4fe
c9f5fe
c9f6fe
c9f7fe
c9f8fe
c9f9fe
c9fafe
c9fbfe
c9fcfe
c9fdfe
c9fefe
c9fffe
ca00fe
ca01fe
ca02fe
ca03fe
ca04fe
ca05fe
ca06fe
ca07fe
ca08fe
ca09fe
ca0afe
ca0bfe
ca0cfe
ca0dfe
ca0efe
ca0ffe
ca10fe
ca11fe
ca12fe
ca13fe
ca14fe
ca15fe
ca16fe
ca17fe
ca18fe
ca19fe
ca1afe
ca1bfe
ca1cfe
ca1dfe
ca1efe
ca1ffe
ca20fe
ca21fe
ca22fe
ca23fe
ca24fe
ca25fe
ca26fe
ca27fe
ca28fe
ca29fe
ca2afe
ca2bfe
ca2cfe
ca2dfe
ca2efe
ca2ffe
ca30fe
ca31fe
ca32fe
ca33fe
ca34fe
ca35fe
ca36fe
ca37fe
ca38fe
ca39fe
ca3afe
ca3bfe
ca3cfe
ca3dfe
ca3efe
ca3ffe
ca40fe
ca41fe
ca42fe
ca43fe
ca44fe
ca45fe
ca46fe
ca47fe
ca48fe
ca49fe
ca4afe
ca4bfe
ca4cfe
ca4dfe
ca4efe
ca4ffe
ca50fe
ca51fe
ca52fe
ca53fe
ca54fe
ca55fe
ca56fe
ca57fe
ca58fe
ca59fe
ca5afe
ca5bfe
ca5cfe
ca5dfe
ca5efe
ca5ffe
ca60fe
ca61fe
ca62fe
ca63fe
ca64fe
ca65fe
ca66fe
ca67fe
ca68fe
ca69fe
ca6afe
ca6bfe
ca6cfe
ca6dfe
ca6efe
ca6ffe
ca70fe
ca71fe
ca72fe
ca73fe
ca74fe
ca75fe
ca76fe
ca77fe
ca78fe
ca79fe
ca7afe
ca7bfe
ca7cfe
ca7dfe
ca7efe
ca7ffe
ca80fe
ca81fe
ca82fe
ca83fe
ca84fe
ca85fe
ca86fe
ca87fe
ca88fe
ca89fe
ca8afe
ca8bfe
ca8cfe
ca8dfe
ca8efe
ca8ffe
ca90fe
ca91fe
ca92fe
ca93fe
ca94fe
ca95fe
ca96fe
ca97fe
ca98fe
ca99fe
ca9afe
ca9bfe
ca9cfe
ca9dfe
ca9efe
ca9ffe
caa0fe
caa1fe
caa2fe
caa3fe
caa4fe
caa5fe
caa6fe
caa7fe
caa8fe
caa9fe
caaafe
caabfe
caacfe
caadfe
caaefe
caaffe
cab0fe
cab1fe
cab2fe
cab3fe
cab4fe
cab5fe
cab6fe
cab7fe
cab8fe
cab9fe
cabafe
cabbfe
cabcfe
cabdfe
cabefe
cabffe
cac0fe
cac1fe
cac2fe
cac3fe
cac4fe
cac5fe
cac6fe
cac7fe
cac8fe
cac9fe
cacafe
cacbfe
caccfe
cacdfe
cacefe
cacffe
cad0fe
cad1fe
cad2fe
cad3fe
cad4fe
cad5fe
cad6fe
cad7fe
cad8fe
cad9fe
cadafe
cadbfe
cadcfe
caddfe
cadefe
cadffe
cae0fe
cae1fe
cae2fe
cae3fe
cae4fe
cae5fe
cae6fe
cae7fe
cae8fe
cae9fe
caeafe
caebfe
caecfe
caedfe
caeefe
caeffe
caf0fe
caf1fe
caf2fe
caf3fe
caf4fe
caf5fe
caf6fe
caf7fe
caf8fe
caf9fe
cafafe
cafbfe
cafcfe
cafdfe
cafefe
cafffe
cb00fe
cb01fe
cb02fe
cb03fe
cb04fe
cb05fe
cb06fe
cb07fe
cb08fe
cb09fe
cb0afe
cb0bfe
cb0cfe
cb0dfe
cb0efe
cb0ffe
cb10fe
cb11fe
cb12fe
cb13fe
cb14fe
cb15fe
cb16fe
cb17fe
cb18fe
cb19fe
cb1afe
cb1bfe
cb1cfe
cb1dfe
cb1efe
cb1ffe
cb20fe
cb21fe
cb22fe
cb23fe
cb24fe
cb25fe
cb26fe
cb27fe
cb28fe
cb29fe
cb2afe
cb2bfe
cb2cfe
cb2dfe
cb2efe
cb2ffe
cb30fe
cb31fe
cb32fe
cb33fe
cb34fe
cb35fe
cb36fe
cb37fe
cb38fe
cb39fe
cb3afe
cb3bfe
cb3cfe
cb3dfe
cb3efe
cb3ffe
cb40fe
cb41fe
cb42fe
cb43fe
cb44fe
cb45fe
cb46fe
cb47fe
cb48fe
cb49fe
cb4afe
cb4bfe
cb4cfe
cb4dfe
cb4efe
cb4ffe
cb50fe
cb51fe
cb52fe
cb53fe
cb54fe
cb55fe
cb56fe
cb57fe
cb58fe
cb59fe
cb5afe
cb5bfe
cb5cfe
cb5dfe
cb5efe
cb5ffe
cb60fe
cb61fe
cb62fe
cb63fe
cb64fe
cb65fe
cb66fe
cb67fe
cb68fe
cb69fe
cb6afe
cb6bfe
cb6cfe
cb6dfe
cb6efe
cb6ffe
cb70fe
cb71fe
cb72fe
cb73fe
cb74fe
cb75fe
cb76fe
cb77fe
cb78fe
cb79fe
cb7afe
cb7bfe
cb7cfe
cb7dfe
cb7efe
cb7ffe
cb80fe
cb81fe
cb82fe
cb83fe
cb84fe
cb85fe
cb86fe
cb87fe
cb88fe
cb89fe
cb8afe
cb8bfe
cb8cfe
cb8dfe
cb8efe
cb8ffe
cb90fe
cb91fe
cb92fe
cb93fe
cb94fe
cb95fe
cb96fe
cb97fe
cb98fe
cb99fe
cb9afe
cb9bfe
cb9cfe
cb9dfe
cb9efe
cb9ffe
cba0fe
cba1fe
cba2fe
cba3fe
cba4fe
cba5fe
cba6fe
cba7fe
cba8fe
cba9fe
cbaafe
cbabfe
cbacfe
cbadfe
cbaefe
cbaffe
cbb0fe
cbb1fe
cbb2fe
cbb3fe
cbb4fe
cbb5fe
cbb6fe
cbb7fe
cbb8fe
cbb9fe
cbbafe
cbbbfe
cbbcfe
cbbdfe
cbbefe
cbbffe
cbc0fe
cbc1fe
cbc2fe
cbc3fe
cbc4fe
cbc5fe
cbc6fe
cbc7fe
cbc8fe
cbc9fe
cbcafe
cbcbfe
cbccfe
cbcdfe
cbcefe
cbcffe
cbd0fe
cbd1fe
cbd2fe
cbd3fe
cbd4fe
cbd5fe
cbd6fe
cbd7fe
cbd8fe
cbd9fe
cbdafe
cbdbfe
cbdcfe
cbddfe
cbdefe
cbdffe
cbe0fe
cbe1fe
cbe2fe
cbe3fe
cbe4fe
cbe5fe
cbe6fe
cbe7fe
cbe8fe
cbe9fe
cbeafe
cbebfe
cbecfe
cbedfe
cbeefe
cbeffe
cbf0fe
cbf1fe
cbf2fe
cbf3fe
cbf4fe
cbf5fe
cbf6fe
cbf7fe
cbf8fe
cbf9fe
cbfafe
cbfbfe
cbfcfe
cbfdfe
cbfefe
cbfffe
cc00fe
cc01fe
cc02fe
cc03fe
cc04fe
cc05fe
cc06fe
cc07fe
cc08fe
cc09fe
cc0afe
cc0bfe
cc0cfe
cc0dfe
cc0efe
cc0ffe
cc10fe
cc11fe
cc12fe
cc13fe
cc14fe
cc15fe
cc16fe
cc17fe
cc18fe
cc19fe
cc1afe
cc1bfe
cc1cfe
cc1dfe
cc1efe
cc1ffe
cc20fe
cc21fe
cc22fe
cc23fe
cc24fe
cc25fe
cc26fe
cc27fe
cc28fe
cc29fe
cc2afe
cc2bfe
cc2cfe
cc2dfe
cc2efe
cc2ffe
cc30fe
cc31fe
cc32fe
cc33fe
cc34fe
cc35fe
cc36fe
cc37fe
cc38fe
cc39fe
cc3afe
cc3bfe
cc3cfe
cc3dfe
cc3efe
cc3ffe
cc40fe
cc41fe
cc42fe
cc43fe
cc44fe
cc45fe
cc46fe
cc47fe
cc48fe
cc49fe
cc4afe
cc4bfe
cc4cfe
cc4dfe
cc4efe
cc4ffe
cc50fe
cc51fe
cc52fe
cc53fe
cc54fe
cc55fe
cc56fe
cc57fe
cc58fe
cc59fe
cc5afe
cc5bfe
cc5cfe
cc5dfe
cc5efe
cc5ffe
cc60fe
cc61fe
cc62fe
cc63fe
cc64fe
cc65fe
cc66fe
cc67fe
cc68fe
cc69fe
cc6afe
cc6bfe
cc6cfe
cc6dfe
cc6efe
cc6ffe
cc70fe
cc71fe
cc72fe
cc73fe
cc74fe
cc75fe
cc76fe
cc77fe
cc78fe
cc79fe
cc7afe
cc7bfe
cc7cfe
cc7dfe
cc7efe
cc7ffe
cc80fe
cc81fe
cc82fe
cc83fe
cc84fe
cc85fe
cc86fe
cc87fe
cc88fe
cc89fe
cc8afe
cc8bfe
cc8cfe
cc8dfe
cc8efe
cc8ffe
cc90fe
cc91fe
cc92fe
cc93fe
cc94fe
cc95fe
cc96fe
cc97fe
cc98fe
cc99fe
cc9afe
cc9bfe
cc9cfe
cc9dfe
cc9efe
cc9ffe
cca0fe
cca1fe
cca2fe
cca3fe
cca4fe
cca5fe
cca6fe
cca7fe
cca8fe
cca9fe
ccaafe
ccabfe
ccacfe
ccadfe
ccaefe
ccaffe
ccb0fe
ccb1fe
ccb2fe
ccb3fe
ccb4fe
ccb5fe
ccb6fe
ccb7fe
ccb8fe
ccb9fe
ccbafe
ccbbfe
ccbcfe
ccbdfe
ccbefe
ccbffe
ccc0fe
ccc1fe
ccc2fe
ccc3fe
ccc4fe
ccc5fe
ccc6fe
ccc7fe
ccc8fe
ccc9fe
cccafe
cccbfe
ccccfe
cccdfe
cccefe
cccffe
ccd0fe
ccd1fe
ccd2fe
ccd3fe
ccd4fe
ccd5fe
ccd6fe
ccd7fe
ccd8fe
ccd9fe
ccdafe
ccdbfe
ccdcfe
ccddfe
ccdefe
ccdffe
cce0fe
cce1fe
cce2fe
cce3fe
cce4fe
cce5fe
cce6fe
cce7fe
cce8fe
cce9fe
cceafe
ccebfe
ccecfe
ccedfe
cceefe
cceffe
ccf0fe
ccf1fe
ccf2fe
ccf3fe
ccf4fe
ccf5fe
ccf6fe
ccf7fe
ccf8fe
ccf9fe
ccfafe
ccfbfe
ccfcfe
ccfdfe
ccfefe
ccfffe
cd00fe
cd01fe
cd02fe
cd03fe
cd04fe
cd05fe
cd06fe
cd07fe
cd08fe
cd09fe
cd0afe
cd0bfe
cd0cfe
cd0dfe
cd0efe
cd0ffe
cd10fe
cd11fe
cd12fe
cd13fe
cd14fe
cd15fe
cd16fe
cd17fe
cd18fe
cd19fe
cd1afe
cd1bfe
cd1cfe
cd1dfe
cd1efe
cd1ffe
cd20fe
cd21fe
cd22fe
cd23fe
cd24fe
cd25fe
cd26fe
cd27fe
cd28fe
cd29fe
cd2afe
cd2bfe
cd2cfe
cd2dfe
cd2efe
cd2ffe
cd30fe
cd31fe
cd32fe
cd33fe
cd34fe
cd35fe
cd36fe
cd37fe
cd38fe
cd39fe
cd3afe
cd3bfe
cd3cfe
cd3dfe
cd3efe
cd3ffe
cd40fe
cd41fe
cd42fe
cd43fe
cd44fe
cd45fe
cd46fe
cd47fe
cd48fe
cd49fe
cd4afe
cd4bfe
cd4cfe
cd4dfe
cd4efe
cd4ffe
cd50fe
cd51fe
cd52fe
cd53fe
cd54fe
cd55fe
cd56fe
cd57fe
cd58fe
cd59fe
cd5afe
cd5bfe
cd5cfe
cd5dfe
cd5efe
cd5ffe
cd60fe
cd61fe
cd62fe
cd63fe
cd64fe
cd65fe
cd66fe
cd67fe
cd68fe
cd69fe
cd6afe
cd6bfe
cd6cfe
cd6dfe
cd6efe
cd6ffe
cd70fe
cd71fe
cd72fe
cd73fe
cd74fe
cd75fe
cd76fe
cd77fe
cd78fe
cd79fe
cd7afe
cd7bfe
cd7cfe
cd7dfe
cd7efe
cd7ffe
cd80fe
cd81fe
cd82fe
cd83fe
cd84fe
cd85fe
cd86fe
cd87fe
cd88fe
cd89fe
cd8afe
cd8bfe
cd8cfe
cd8dfe
cd8efe
cd8ffe
cd90fe
cd91fe
cd92fe
cd93fe
cd94fe
cd95fe
cd96fe
cd97fe
cd98fe
cd99fe
cd9afe
cd9bfe
cd9cfe
cd9dfe
cd9efe
cd9ffe
cda0fe
cda1fe
cda2fe
cda3fe
cda4fe
cda5fe
cda6fe
cda7fe
cda8fe
cda9fe
cdaafe
cdabfe
cdacfe
cdadfe
cdaefe
cdaffe
cdb0fe
cdb1fe
cdb2fe
cdb3fe
cdb4fe
cdb5fe
cdb6fe
cdb7fe
cdb8fe
cdb9fe
cdbafe
cdbbfe
cdbcfe
cdbdfe
cdbefe
cdbffe
cdc0fe
cdc1fe
cdc2fe
cdc3fe
cdc4fe
cdc5fe
cdc6fe
cdc7fe
cdc8fe
cdc9fe
cdcafe
cdcbfe
cdccfe
cdcdfe
cdcefe
cdcffe
cdd0fe
cdd1fe
cdd2fe
cdd3fe
cdd4fe
cdd5fe
cdd6fe
cdd7fe
cdd8fe
cdd9fe
cddafe
cddbfe
cddcfe
cdddfe
cddefe
cddffe
cde0fe
cde1fe
cde2fe
cde3fe
cde4fe
cde5fe
cde6fe
cde7fe
cde8fe
cde9fe
cdeafe
cdebfe
cdecfe
cdedfe
cdeefe
cdeffe
cdf0fe
cdf1fe
cdf2fe
cdf3fe
cdf4fe
cdf5fe
cdf6fe
cdf7fe
cdf8fe
cdf9fe
cdfafe
cdfbfe
cdfcfe
cdfdfe
cdfefe
cdfffe
ce00fe
ce01fe
ce02fe
ce03fe
ce04fe
ce05fe
ce06fe
ce07fe
ce08fe
ce09fe
ce0afe
ce0bfe
ce0cfe
ce0dfe
ce0efe
ce0ffe
ce10fe
ce11fe
ce12fe
ce13fe
ce14fe
ce15fe
ce16fe
ce17fe
ce18fe
ce19fe
ce1afe
ce1bfe
ce1cfe
ce1dfe
ce1efe
ce1ffe
ce20fe
ce21fe
ce22fe
ce23fe
ce24fe
ce25fe
ce26fe
ce27fe
ce28fe
ce29fe
ce2afe
ce2bfe
ce2cfe
ce2dfe
ce2efe
ce2ffe
ce30fe
ce31fe
ce32fe
ce33fe
ce34fe
ce35fe
ce36fe
ce37fe
ce38fe
ce39fe
ce3afe
ce3bfe
ce3cfe
ce3dfe
ce3efe
ce3ffe
ce40fe
ce41fe
ce42fe
ce43fe
ce44fe
ce45fe
ce46fe
ce47fe
ce48fe
ce49fe
ce4afe
ce4bfe
ce4cfe
ce4dfe
ce4efe
ce4ffe
ce50fe
ce51fe
ce52fe
ce53fe
ce54fe
ce55fe
ce56fe
ce57fe
ce58fe
ce59fe
ce5afe
ce5bfe
ce5cfe
ce5dfe
ce5efe
ce5ffe
ce60fe
ce61fe
ce62fe
ce63fe
ce64fe
ce65fe
ce66fe
ce67fe
ce68fe
ce69fe
ce6afe
ce6bfe
ce6cfe
ce6dfe
ce6efe
ce6ffe
ce70fe
ce71fe
ce72fe
ce73fe
ce74fe
ce75fe
ce76fe
ce77fe
ce78fe
ce79fe
ce7afe
ce7bfe
ce7cfe
ce7dfe
ce7efe
ce7ffe
ce80fe
ce81fe
ce82fe
ce83fe
ce84fe
ce85fe
ce86fe
ce87fe
ce88fe
ce89fe
ce8afe
ce8bfe
ce8cfe
ce8dfe
ce8efe
ce8ffe
ce90fe
ce91fe
ce92fe
ce93fe
ce94fe
ce95fe
ce96fe
ce97fe
ce98fe
ce99fe
ce9afe
ce9bfe
ce9cfe
ce9dfe
ce9efe
ce9ffe
cea0fe
cea1fe
cea2fe
cea3fe
cea4fe
cea5fe
cea6fe
cea7fe
cea8fe
cea9fe
ceaafe
ceabfe
ceacfe
ceadfe
ceaefe
ceaffe
ceb0fe
ceb1fe
ceb2fe
ceb3fe
ceb4fe
ceb5fe
ceb6fe
ceb7fe
ceb8fe
ceb9fe
cebafe
cebbfe
cebcfe
cebdfe
cebefe
cebffe
cec0fe
cec1fe
cec2fe
cec3fe
cec4fe
cec5fe
cec6fe
cec7fe
cec8fe
cec9fe
cecafe
cecbfe
ceccfe
cecdfe
cecefe
cecffe
ced0fe
ced1fe
ced2fe
ced3fe
ced4fe
ced5fe
ced6fe
ced7fe
ced8fe
ced9fe
cedafe
cedbfe
cedcfe
ceddfe
cedefe
cedffe
cee0fe
cee1fe
cee2fe
cee3fe
cee4fe
cee5fe
cee6fe
cee7fe
cee8fe
cee9fe
ceeafe
ceebfe
ceecfe
ceedfe
ceeefe
ceeffe
cef0fe
cef1fe
cef2fe
cef3fe
cef4fe
cef5fe
cef6fe
cef7fe
cef8fe
cef9fe
cefafe
cefbfe
cefcfe
cefdfe
cefefe
cefffe
cf00fe
cf01fe
cf02fe
cf03fe
cf04fe
cf05fe
cf06fe
cf07fe
cf08fe
cf09fe
cf0afe
cf0bfe
cf0cfe
cf0dfe
cf0efe
cf0ffe
cf10fe
cf11fe
cf12fe
cf13fe
cf14fe
cf15fe
cf16fe
cf17fe
cf18fe
cf19fe
cf1afe
cf1bfe
cf1cfe
cf1dfe
cf1efe
cf1ffe
cf20fe
cf21fe
cf22fe
cf23fe
cf24fe
cf25fe
cf26fe
cf27fe
cf28fe
cf29fe
cf2afe
cf2bfe
cf2cfe
cf2dfe
cf2efe
cf2ffe
cf30fe
cf31fe
cf32fe
cf33fe
cf34fe
cf35fe
cf36fe
cf37fe
cf38fe
cf39fe
cf3afe
cf3bfe
cf3cfe
cf3dfe
cf3efe
cf3ffe
cf40fe
cf41fe
cf42fe
cf43fe
cf44fe
cf45fe
cf46fe
cf47fe
cf48fe
cf49fe
cf4afe
cf4bfe
cf4cfe
cf4dfe
cf4efe
cf4ffe
cf50fe
cf51fe
cf52fe
cf53fe
cf54fe
cf55fe
cf56fe
cf57fe
cf58fe
cf59fe
cf5afe
cf5bfe
cf5cfe
cf5dfe
cf5efe
cf5ffe
cf60fe
cf61fe
cf62fe
cf63fe
cf64fe
cf65fe
cf66fe
cf67fe
cf68fe
cf69fe
cf6afe
cf6bfe
cf6cfe
cf6dfe
cf6efe
cf6ffe
cf70fe
cf71fe
cf72fe
cf73fe
cf74fe
cf75fe
cf76fe
cf77fe
cf78fe
cf79fe
cf7afe
cf7bfe
cf7cfe
cf7dfe
cf7efe
cf7ffe
cf80fe
cf81fe
cf82fe
cf83fe
cf84fe
cf85fe
cf86fe
cf87fe
cf88fe
cf89fe
cf8afe
cf8bfe
cf8cfe
cf8dfe
cf8efe
cf8ffe
cf90fe
cf91fe
cf92fe
cf93fe
cf94fe
cf95fe
cf96fe
cf97fe
cf98fe
cf99fe
cf9afe
cf9bfe
cf9cfe
cf9dfe
cf9efe
cf9ffe
cfa0fe
cfa1fe
cfa2fe
cfa3fe
cfa4fe
cfa5fe
cfa6fe
cfa7fe
cfa8fe
cfa9fe
cfaafe
cfabfe
cfacfe
cfadfe
cfaefe
cfaffe
cfb0fe
cfb1fe
cfb2fe
cfb3fe
cfb4fe
cfb5fe
cfb6fe
cfb7fe
cfb8fe
cfb9fe
cfbafe
cfbbfe
cfbcfe
cfbdfe
cfbefe
cfbffe
cfc0fe
cfc1fe
cfc2fe
cfc3fe
cfc4fe
cfc5fe
cfc6fe
cfc7fe
cfc8fe
cfc9fe
cfcafe
cfcbfe
cfccfe
cfcdfe
cfcefe
cfcffe
cfd0fe
cfd1fe
cfd2fe
cfd3fe
cfd4fe
cfd5fe
cfd6fe
cfd7fe
cfd8fe
cfd9fe
cfdafe
cfdbfe
cfdcfe
cfddfe
cfdefe
cfdffe
cfe0fe
cfe1fe
cfe2fe
cfe3fe
cfe4fe
cfe5fe
cfe6fe
cfe7fe
cfe8fe
cfe9fe
cfeafe
cfebfe
cfecfe
cfedfe
cfeefe
cfeffe
cff0fe
cff1fe
cff2fe
cff3fe
cff4fe
cff5fe
cff6fe
cff7fe
cff8fe
cff9fe
cffafe
cffbfe
cffcfe
cffdfe
cffefe
cffffe
d000fe
d001fe
d002fe
d003fe
d004fe
d005fe
d006fe
d007fe
d008fe
d009fe
d00afe
d00bfe
d00cfe
d00dfe
d00efe
d00ffe
d010fe
d011fe
d012fe
d013fe
d014fe
d015fe
d016fe
d017fe
d018fe
d019fe
d01afe
d01bfe
d01cfe
d01dfe
d01efe
d01ffe
d020fe
d021fe
d022fe
d023fe
d024fe
d025fe
d026fe
d027fe
d028fe
d029fe
d02afe
d02bfe
d02cfe
d02dfe
d02efe
d02ffe
d030fe
d031fe
d032fe
d033fe
d034fe
d035fe
d036fe
d037fe
d038fe
d039fe
d03afe
d03bfe
d03cfe
d03dfe
d03efe
d03ffe
d040fe
d041fe
d042fe
d043fe
d044fe
d045fe
d046fe
d047fe
d048fe
d049fe
d04afe
d04bfe
d04cfe
d04dfe
d04efe
d04ffe
d050fe
d051fe
d052fe
d053fe
d054fe
d055fe
d056fe
d057fe
d058fe
d059fe
d05afe
d05bfe
d05cfe
d05dfe
d05efe
d05ffe
d060fe
d061fe
d062fe
d063fe
d064fe
d065fe
d066fe
d067fe
d068fe
d069fe
d06afe
d06bfe
d06cfe
d06dfe
d06efe
d06ffe
d070fe
d071fe
d072fe
d073fe
d074fe
d075fe
d076fe
d077fe
d078fe
d079fe
d07afe
d07bfe
d07cfe
d07dfe
d07efe
d07ffe
d080fe
d081fe
d082fe
d083fe
d084fe
d085fe
d086fe
d087fe
d088fe
d089fe
d08afe
d08bfe
d08cfe
d08dfe
d08efe
d08ffe
d090fe
d091fe
d092fe
d093fe
d094fe
d095fe
d096fe
d097fe
d098fe
d099fe
d09afe
d09bfe
d09cfe
d09dfe
d09efe
d09ffe
d0a0fe
d0a1fe
d0a2fe
d0a3fe
d0a4fe
d0a5fe
d0a6fe
d0a7fe
d0a8fe
d0a9fe
d0aafe
d0abfe
d0acfe
d0adfe
d0aefe
d0affe
d0b0fe
d0b1fe
d0b2fe
d0b3fe
d0b4fe
d0b5fe
d0b6fe
d0b7fe
d0b8fe
d0b9fe
d0bafe
d0bbfe
d0bcfe
d0bdfe
d0befe
d0bffe
d0c0fe
d0c1fe
d0c2fe
d0c3fe
d0c4fe
d0c5fe
d0c6fe
d0c7fe
d0c8fe
d0c9fe
d0cafe
d0cbfe
d0ccfe
d0cdfe
d0cefe
d0cffe
d0d0fe
d0d1fe
d0d2fe
d0d3fe
d0d4fe
d0d5fe
d0d6fe
d0d7fe
d0d8fe
d0d9fe
d0dafe
d0dbfe
d0dcfe
d0ddfe
d0defe
d0dffe
d0e0fe
d0e1fe
d0e2fe
d0e3fe
d0e4fe
d0e5fe
d0e6fe
d0e7fe
d0e8fe
d0e9fe
d0eafe
d0ebfe
d0ecfe
d0edfe
d0eefe
d0effe
d0f0fe
d0f1fe
d0f2fe
d0f3fe
d0f4fe
d0f5fe
d0f6fe
d0f7fe
d0f8fe
d0f9fe
d0fafe
d0fbfe
d0fcfe
d0fdfe
d0fefe
d0fffe
d100fe
d101fe
d102fe
d103fe
d104fe
d105fe
d106fe
d107fe
d108fe
d109fe
d10afe
d10bfe
d10cfe
d10dfe
d10efe
d10ffe
d110fe
d111fe
d112fe
d113fe
d114fe
d115fe
d116fe
d117fe
d118fe
d119fe
d11afe
d11bfe
d11cfe
d11dfe
d11efe
d11ffe
d120fe
d121fe
d122fe
d123fe
d124fe
d125fe
d126fe
d127fe
d128fe
d129fe
d12afe
d12bfe
d12cfe
d12dfe
d12efe
d12ffe
d130fe
d131fe
d132fe
d133fe
d134fe
d135fe
d136fe
d137fe
d138fe
d139fe
d13afe
d13bfe
d13cfe
d13dfe
d13efe
d13ffe
d140fe
d141fe
d142fe
d143fe
d144fe
d145fe
d146fe
d147fe
d148fe
d149fe
d14afe
d14bfe
d14cfe
d14dfe
d14efe
d14ffe
d150fe
d151fe
d152fe
d153fe
d154fe
d155fe
d156fe
d157fe
d158fe
d159fe
d15afe
d15bfe
d15cfe
d15dfe
d15efe
d15ffe
d160fe
d161fe
d162fe
d163fe
d164fe
d165fe
d166fe
d167fe
d168fe
d169fe
d16afe
d16bfe
d16cfe
d16dfe
d16efe
d16ffe
d170fe
d171fe
d172fe
d173fe
d174fe
d175fe
d176fe
d177fe
d178fe
d179fe
d17afe
d17bfe
d17cfe
d17dfe
d17efe
d17ffe
d180fe
d181fe
d182fe
d183fe
d184fe
d185fe
d186fe
d187fe
d188fe
d189fe
d18afe
d18bfe
d18cfe
d18dfe
d18efe
d18ffe
d190fe
d191fe
d192fe
d193fe
d194fe
d195fe
d196fe
d197fe
d198fe
d199fe
d19afe
d19bfe
d19cfe
d19dfe
d19efe
d19ffe
d1a0fe
d1a1fe
d1a2fe
d1a3fe
d1a4fe
d1a5fe
d1a6fe
d1a7fe
d1a8fe
d1a9fe
d1aafe
d1abfe
d1acfe
d1adfe
d1aefe
d1affe
d1b0fe
d1b1fe
d1b2fe
d1b3fe
d1b4fe
d1b5fe
d1b6fe
d1b7fe
d1b8fe
d1b9fe
d1bafe
d1bbfe
d1bcfe
d1bdfe
d1befe
d1bffe
d1c0fe
d1c1fe
d1c2fe
d1c3fe
d1c4fe
d1c5fe
d1c6fe
d1c7fe
d1c8fe
d1c9fe
d1cafe
d1cbfe
d1ccfe
d1cdfe
d1cefe
d1cffe
d1d0fe
d1d1fe
d1d2fe
d1d3fe
d1d4fe
d1d5fe
d1d6fe
d1d7fe
d1d8fe
d1d9fe
d1dafe
d1dbfe
d1dcfe
d1ddfe
d1defe
d1dffe
d1e0fe
d1e1fe
d1e2fe
d1e3fe
d1e4fe
d1e5fe
d1e6fe
d1e7fe
d1e8fe
d1e9fe
d1eafe
d1ebfe
d1ecfe
d1edfe
d1eefe
d1effe
d1f0fe
d1f1fe
d1f2fe
d1f3fe
d1f4fe
d1f5fe
d1f6fe
d1f7fe
d1f8fe
d1f9fe
d1fafe
d1fbfe
d1fcfe
d1fdfe
d1fefe
d1fffe
d200fe
d201fe
d202fe
d203fe
d204fe
d205fe
d206fe
d207fe
d208fe
d209fe
d20afe
d20bfe
d20cfe
d20dfe
d20efe
d20ffe
d210fe
d211fe
d212fe
d213fe
d214fe
d215fe
d216fe
d217fe
d218fe
d219fe
d21afe
d21bfe
d21cfe
d21dfe
d21efe
d21ffe
d220fe
d221fe
d222fe
d223fe
d224fe
d225fe
d226fe
d227fe
d228fe
d229fe
d22afe
d22bfe
d22cfe
d22dfe
d22efe
d22ffe
d230fe
d231fe
d232fe
d233fe
d234fe
d235fe
d236fe
d237fe
d238fe
d239fe
d23afe
d23bfe
d23cfe
d23dfe
d23efe
d23ffe
d240fe
d241fe
d242fe
d243fe
d244fe
d245fe
d246fe
d247fe
d248fe
d249fe
d24afe
d24bfe
d24cfe
d24dfe
d24efe
d24ffe
d250fe
d251fe
d252fe
d253fe
d254fe
d255fe
d256fe
d257fe
d258fe
d259fe
d25afe
d25bfe
d25cfe
d25dfe
d25efe
d25ffe
d260fe
d261fe
d262fe
d263fe
d264fe
d265fe
d266fe
d267fe
d268fe
d269fe
d26afe
d26bfe
d26cfe
d26dfe
d26efe
d26ffe
d270fe
d271fe
d272fe
d273fe
d274fe
d275fe
d276fe
d277fe
d278fe
d279fe
d27afe
d27bfe
d27cfe
d27dfe
d27efe
d27ffe
d280fe
d281fe
d282fe
d283fe
d284fe
d285fe
d286fe
d287fe
d288fe
d289fe
d28afe
d28bfe
d28cfe
d28dfe
d28efe
d28ffe
d290fe
d291fe
d292fe
d293fe
d294fe
d295fe
d296fe
d297fe
d298fe
d299fe
d29afe
d29bfe
d29cfe
d29dfe
d29efe
d29ffe
d2a0fe
d2a1fe
d2a2fe
d2a3fe
d2a4fe
d2a5fe
d2a6fe
d2a7fe
d2a8fe
d2a9fe
d2aafe
d2abfe
d2acfe
d2adfe
d2aefe
d2affe
d2b0fe
d2b1fe
d2b2fe
d2b3fe
d2b4fe
d2b5fe
d2b6fe
d2b7fe
d2b8fe
d2b9fe
d2bafe
d2bbfe
d2bcfe
d2bdfe
d2befe
d2bffe
d2c0fe
d2c1fe
d2c2fe
d2c3fe
d2c4fe
d2c5fe
d2c6fe
d2c7fe
d2c8fe
d2c9fe
d2cafe
d2cbfe
d2ccfe
d2cdfe
d2cefe
d2cffe
d2d0fe
d2d1fe
d2d2fe
d2d3fe
d2d4fe
d2d5fe
d2d6fe
d2d7fe
d2d8fe
d2d9fe
d2dafe
d2dbfe
d2dcfe
d2ddfe
d2defe
d2dffe
d2e0fe
d2e1fe
d2e2fe
d2e3fe
d2e4fe
d2e5fe
d2e6fe
d2e7fe
d2e8fe
d2e9fe
d2eafe
d2ebfe
d2ecfe
d2edfe
d2eefe
d2effe
d2f0fe
d2f1fe
d2f2fe
d2f3fe
d2f4fe
d2f5fe
d2f6fe
d2f7fe
d2f8fe
d2f9fe
d2fafe
d2fbfe
d2fcfe
d2fdfe
d2fefe
d2fffe
d300fe
d301fe
d302fe
d303fe
d304fe
d305fe
d306fe
d307fe
d308fe
d309fe
d30afe
d30bfe
d30cfe
d30dfe
d30efe
d30ffe
d310fe
d311fe
d312fe
d313fe
d314fe
d315fe
d316fe
d317fe
d318fe
d319fe
d31afe
d31bfe
d31cfe
d31dfe
d31efe
d31ffe
d320fe
d321fe
d322fe
d323fe
d324fe
d325fe
d326fe
d327fe
d328fe
d329fe
d32afe
d32bfe
d32cfe
d32dfe
d32efe
d32ffe
d330fe
d331fe
d332fe
d333fe
d334fe
d335fe
d336fe
d337fe
d338fe
d339fe
d33afe
d33bfe
d33cfe
d33dfe
d33efe
d33ffe
d340fe
d341fe
d342fe
d343fe
d344fe
d345fe
d346fe
d347fe
d348fe
d349fe
d34afe
d34bfe
d34cfe
d34dfe
d34efe
d34ffe
d350fe
d351fe
d352fe
d353fe
d354fe
d355fe
d356fe
d357fe
d358fe
d359fe
d35afe
d35bfe
d35cfe
d35dfe
d35efe
d35ffe
d360fe
d361fe
d362fe
d363fe
d364fe
d365fe
d366fe
d367fe
d368fe
d369fe
d36afe
d36bfe
d36cfe
d36dfe
d36efe
d36ffe
d370fe
d371fe
d372fe
d373fe
d374fe
d375fe
d376fe
d377fe
d378fe
d379fe
d37afe
d37bfe
d37cfe
d37dfe
d37efe
d37ffe
d380fe
d381fe
d382fe
d383fe
d384fe
d385fe
d386fe
d387fe
d388fe
d389fe
d38afe
d38bfe
d38cfe
d38dfe
d38efe
d38ffe
d390fe
d391fe
d392fe
d393fe
d394fe
d395fe
d396fe
d397fe
d398fe
d399fe
d39afe
d39bfe
d39cfe
d39dfe
d39efe
d39ffe
d3a0fe
d3a1fe
d3a2fe
d3a3fe
d3a4fe
d3a5fe
d3a6fe
d3a7fe
d3a8fe
d3a9fe
d3aafe
d3abfe
d3acfe
d3adfe
d3aefe
d3affe
d3b0fe
d3b1fe
d3b2fe
d3b3fe
d3b4fe
d3b5fe
d3b6fe
d3b7fe
d3b8fe
d3b9fe
d3bafe
d3bbfe
d3bcfe
d3bdfe
d3befe
d3bffe
d3c0fe
d3c1fe
d3c2fe
d3c3fe
d3c4fe
d3c5fe
d3c6fe
d3c7fe
d3c8fe
d3c9fe
d3cafe
d3cbfe
d3ccfe
d3cdfe
d3cefe
d3cffe
d3d0fe
d3d1fe
d3d2fe
d3d3fe
d3d4fe
d3d5fe
d3d6fe
d3d7fe
d3d8fe
d3d9fe
d3dafe
d3dbfe
d3dcfe
d3ddfe
d3defe
d3dffe
d3e0fe
d3e1fe
d3e2fe
d3e3fe
d3e4fe
d3e5fe
d3e6fe
d3e7fe
d3e8fe
d3e9fe
d3eafe
d3ebfe
d3ecfe
d3edfe
d3eefe
d3effe
d3f0fe
d3f1fe
d3f2fe
d3f3fe
d3f4fe
d3f5fe
d3f6fe
d3f7fe
d3f8fe
d3f9fe
d3fafe
d3fbfe
d3fcfe
d3fdfe
d3fefe
d3fffe
d400fe
d401fe
d402fe
d403fe
d404fe
d405fe
d406fe
d407fe
d408fe
d409fe
d40afe
d40bfe
d40cfe
d40dfe
d40efe
d40ffe
d410fe
d411fe
d412fe
d413fe
d414fe
d415fe
d416fe
d417fe
d418fe
d419fe
d41afe
d41bfe
d41cfe
d41dfe
d41efe
d41ffe
d420fe
d421fe
d422fe
d423fe
d424fe
d425fe
d426fe
d427fe
d428fe
d429fe
d42afe
d42bfe
d42cfe
d42dfe
d42efe
d42ffe
d430fe
d431fe
d432fe
d433fe
d434fe
d435fe
d436fe
d437fe
d438fe
d439fe
d43afe
d43bfe
d43cfe
d43dfe
d43efe
d43ffe
d440fe
d441fe
d442fe
d443fe
d444fe
d445fe
d446fe
d447fe
d448fe
d449fe
d44afe
d44bfe
d44cfe
d44dfe
d44efe
d44ffe
d450fe
d451fe
d452fe
d453fe
d454fe
d455fe
d456fe
d457fe
d458fe
d459fe
d45afe
d45bfe
d45cfe
d45dfe
d45efe
d45ffe
d460fe
d461fe
d462fe
d463fe
d464fe
d465fe
d466fe
d467fe
d468fe
d469fe
d46afe
d46bfe
d46cfe
d46dfe
d46efe
d46ffe
d470fe
d471fe
d472fe
d473fe
d474fe
d475fe
d476fe
d477fe
d478fe
d479fe
d47afe
d47bfe
d47cfe
d47dfe
d47efe
d47ffe
d480fe
d481fe
d482fe
d483fe
d484fe
d485fe
d486fe
d487fe
d488fe
d489fe
d48afe
d48bfe
d48cfe
d48dfe
d48efe
d48ffe
d490fe
d491fe
d492fe
d493fe
d494fe
d495fe
d496fe
d497fe
d498fe
d499fe
d49afe
d49bfe
d49cfe
d49dfe
d49efe
d49ffe
d4a0fe
d4a1fe
d4a2fe
d4a3fe
d4a4fe
d4a5fe
d4a6fe
d4a7fe
d4a8fe
d4a9fe
d4aafe
d4abfe
d4acfe
d4adfe
d4aefe
d4affe
d4b0fe
d4b1fe
d4b2fe
d4b3fe
d4b4fe
d4b5fe
d4b6fe
d4b7fe
d4b8fe
d4b9fe
d4bafe
d4bbfe
d4bcfe
d4bdfe
d4befe
d4bffe
d4c0fe
d4c1fe
d4c2fe
d4c3fe
d4c4fe
d4c5fe
d4c6fe
d4c7fe
d4c8fe
d4c9fe
d4cafe
d4cbfe
d4ccfe
d4cdfe
d4cefe
d4cffe
d4d0fe
d4d1fe
d4d2fe
d4d3fe
d4d4fe
d4d5fe
d4d6fe
d4d7fe
d4d8fe
d4d9fe
d4dafe
d4dbfe
d4dcfe
d4ddfe
d4defe
d4dffe
d4e0fe
d4e1fe
d4e2fe
d4e3fe
d4e4fe
d4e5fe
d4e6fe
d4e7fe
d4e8fe
d4e9fe
d4eafe
d4ebfe
d4ecfe
d4edfe
d4eefe
d4effe
d4f0fe
d4f1fe
d4f2fe
d4f3fe
d4f4fe
d4f5fe
d4f6fe
d4f7fe
d4f8fe
d4f9fe
d4fafe
d4fbfe
d4fcfe
d4fdfe
d4fefe
d4fffe
d500fe
d501fe
d502fe
d503fe
d504fe
d505fe
d506fe
d507fe
d508fe
d509fe
d50afe
d50bfe
d50cfe
d50dfe
d50efe
d50ffe
d510fe
d511fe
d512fe
d513fe
d514fe
d515fe
d516fe
d517fe
d518fe
d519fe
d51afe
d51bfe
d51cfe
d51dfe
d51efe
d51ffe
d520fe
d521fe
d522fe
d523fe
d524fe
d525fe
d526fe
d527fe
d528fe
d529fe
d52afe
d52bfe
d52cfe
d52dfe
d52efe
d52ffe
d530fe
d531fe
d532fe
d533fe
d534fe
d535fe
d536fe
d537fe
d538fe
d539fe
d53afe
d53bfe
d53cfe
d53dfe
d53efe
d53ffe
d540fe
d541fe
d542fe
d543fe
d544fe
d545fe
d546fe
d547fe
d548fe
d549fe
d54afe
d54bfe
d54cfe
d54dfe
d54efe
d54ffe
d550fe
d551fe
d552fe
d553fe
d554fe
d555fe
d556fe
d557fe
d558fe
d559fe
d55afe
d55bfe
d55cfe
d55dfe
d55efe
d55ffe
d560fe
d561fe
d562fe
d563fe
d564fe
d565fe
d566fe
d567fe
d568fe
d569fe
d56afe
d56bfe
d56cfe
d56dfe
d56efe
d56ffe
d570fe
d571fe
d572fe
d573fe
d574fe
d575fe
d576fe
d577fe
d578fe
d579fe
d57afe
d57bfe
d57cfe
d57dfe
d57efe
d57ffe
d580fe
d581fe
d582fe
d583fe
d584fe
d585fe
d586fe
d587fe
d588fe
d589fe
d58afe
d58bfe
d58cfe
d58dfe
d58efe
d58ffe
d590fe
d591fe
d592fe
d593fe
d594fe
d595fe
d596fe
d597fe
d598fe
d599fe
d59afe
d59bfe
d59cfe
d59dfe
d59efe
d59ffe
d5a0fe
d5a1fe
d5a2fe
d5a3fe
d5a4fe
d5a5fe
d5a6fe
d5a7fe
d5a8fe
d5a9fe
d5aafe
d5abfe
d5acfe
d5adfe
d5aefe
d5affe
d5b0fe
d5b1fe
d5b2fe
d5b3fe
d5b4fe
d5b5fe
d5b6fe
d5b7fe
d5b8fe
d5b9fe
d5bafe
d5bbfe
d5bcfe
d5bdfe
d5befe
d5bffe
d5c0fe
d5c1fe
d5c2fe
d5c3fe
d5c4fe
d5c5fe
d5c6fe
d5c7fe
d5c8fe
d5c9fe
d5cafe
d5cbfe
d5ccfe
d5cdfe
d5cefe
d5cffe
d5d0fe
d5d1fe
d5d2fe
d5d3fe
d5d4fe
d5d5fe
d5d6fe
d5d7fe
d5d8fe
d5d9fe
d5dafe
d5dbfe
d5dcfe
d5ddfe
d5defe
d5dffe
d5e0fe
d5e1fe
d5e2fe
d5e3fe
d5e4fe
d5e5fe
d5e6fe
d5e7fe
d5e8fe
d5e9fe
d5eafe
d5ebfe
d5ecfe
d5edfe
d5eefe
d5effe
d5f0fe
d5f1fe
d5f2fe
d5f3fe
d5f4fe
d5f5fe
d5f6fe
d5f7fe
d5f8fe
d5f9fe
d5fafe
d5fbfe
d5fcfe
d5fdfe
d5fefe
d5fffe
d600fe
d601fe
d602fe
d603fe
d604fe
d605fe
d606fe
d607fe
d608fe
d609fe
d60afe
d60bfe
d60cfe
d60dfe
d60efe
d60ffe
d610fe
d611fe
d612fe
d613fe
d614fe
d615fe
d616fe
d617fe
d618fe
d619fe
d61afe
d61bfe
d61cfe
d61dfe
d61efe
d61ffe
d620fe
d621fe
d622fe
d623fe
d624fe
d625fe
d626fe
d627fe
d628fe
d629fe
d62afe
d62bfe
d62cfe
d62dfe
d62efe
d62ffe
d630fe
d631fe
d632fe
d633fe
d634fe
d635fe
d636fe
d637fe
d638fe
d639fe
d63afe
d63bfe
d63cfe
d63dfe
d63efe
d63ffe
d640fe
d641fe
d642fe
d643fe
d644fe
d645fe
d646fe
d647fe
d648fe
d649fe
d64afe
d64bfe
d64cfe
d64dfe
d64efe
d64ffe
d650fe
d651fe
d652fe
d653fe
d654fe
d655fe
d656fe
d657fe
d658fe
d659fe
d65afe
d65bfe
d65cfe
d65dfe
d65efe
d65ffe
d660fe
d661fe
d662fe
d663fe
d664fe
d665fe
d666fe
d667fe
d668fe
d669fe
d66afe
d66bfe
d66cfe
d66dfe
d66efe
d66ffe
d670fe
d671fe
d672fe
d673fe
d674fe
d675fe
d676fe
d677fe
d678fe
d679fe
d67afe
d67bfe
d67cfe
d67dfe
d67efe
d67ffe
d680fe
d681fe
d682fe
d683fe
d684fe
d685fe
d686fe
d687fe
d688fe
d689fe
d68afe
d68bfe
d68cfe
d68dfe
d68efe
d68ffe
d690fe
d691fe
d692fe
d693fe
d694fe
d695fe
d696fe
d697fe
d698fe
d699fe
d69afe
d69bfe
d69cfe
d69dfe
d69efe
d69ffe
d6a0fe
d6a1fe
d6a2fe
d6a3fe
d6a4fe
d6a5fe
d6a6fe
d6a7fe
d6a8fe
d6a9fe
d6aafe
d6abfe
d6acfe
d6adfe
d6aefe
d6affe
d6b0fe
d6b1fe
d6b2fe
d6b3fe
d6b4fe
d6b5fe
d6b6fe
d6b7fe
d6b8fe
d6b9fe
d6bafe
d6bbfe
d6bcfe
d6bdfe
d6befe
d6bffe
d6c0fe
d6c1fe
d6c2fe
d6c3fe
d6c4fe
d6c5fe
d6c6fe
d6c7fe
d6c8fe
d6c9fe
d6cafe
d6cbfe
d6ccfe
d6cdfe
d6cefe
d6cffe
d6d0fe
d6d1fe
d6d2fe
d6d3fe
d6d4fe
d6d5fe
d6d6fe
d6d7fe
d6d8fe
d6d9fe
d6dafe
d6dbfe
d6dcfe
d6ddfe
d6defe
d6dffe
d6e0fe
d6e1fe
d6e2fe
d6e3fe
d6e4fe
d6e5fe
d6e6fe
d6e7fe
d6e8fe
d6e9fe
d6eafe
d6ebfe
d6ecfe
d6edfe
d6eefe
d6effe
d6f0fe
d6f1fe
d6f2fe
d6f3fe
d6f4fe
d6f5fe
d6f6fe
d6f7fe
d6f8fe
d6f9fe
d6fafe
d6fbfe
d6fcfe
d6fdfe
d6fefe
d6fffe
d700fe
d701fe
d702fe
d703fe
d704fe
d705fe
d706fe
d707fe
d708fe
d709fe
d70afe
d70bfe
d70cfe
d70dfe
d70efe
d70ffe
d710fe
d711fe
d712fe
d713fe
d714fe
d715fe
d716fe
d717fe
d718fe
d719fe
d71afe
d71bfe
d71cfe
d71dfe
d71efe
d71ffe
d720fe
d721fe
d722fe
d723fe
d724fe
d725fe
d726fe
d727fe
d728fe
d729fe
d72afe
d72bfe
d72cfe
d72dfe
d72efe
d72ffe
d730fe
d731fe
d732fe
d733fe
d734fe
d735fe
d736fe
d737fe
d738fe
d739fe
d73afe
d73bfe
d73cfe
d73dfe
d73efe
d73ffe
d740fe
d741fe
d742fe
d743fe
d744fe
d745fe
d746fe
d747fe
d748fe
d749fe
d74afe
d74bfe
d74cfe
d74dfe
d74efe
d74ffe
d750fe
d751fe
d752fe
d753fe
d754fe
d755fe
d756fe
d757fe
d758fe
d759fe
d75afe
d75bfe
d75cfe
d75dfe
d75efe
d75ffe
d760fe
d761fe
d762fe
d763fe
d764fe
d765fe
d766fe
d767fe
d768fe
d769fe
d76afe
d76bfe
d76cfe
d76dfe
d76efe
d76ffe
d770fe
d771fe
d772fe
d773fe
d774fe
d775fe
d776fe
d777fe
d778fe
d779fe
d77afe
d77bfe
d77cfe
d77dfe
d77efe
d77ffe
d780fe
d781fe
d782fe
d783fe
d784fe
d785fe
d786fe
d787fe
d788fe
d789fe
d78afe
d78bfe
d78cfe
d78dfe
d78efe
d78ffe
d790fe
d791fe
d792fe
d793fe
d794fe
d795fe
d796fe
d797fe
d798fe
d799fe
d79afe
d79bfe
d79cfe
d79dfe
d79efe
d79ffe
d7a0fe
d7a1fe
d7a2fe
d7a3fe
d7a4fe
d7a5fe
d7a6fe
d7a7fe
d7a8fe
d7a9fe
d7aafe
d7abfe
d7acfe
d7adfe
d7aefe
d7affe
d7b0fe
d7b1fe
d7b2fe
d7b3fe
d7b4fe
d7b5fe
d7b6fe
d7b7fe
d7b8fe
d7b9fe
d7bafe
d7bbfe
d7bcfe
d7bdfe
d7befe
d7bffe
d7c0fe
d7c1fe
d7c2fe
d7c3fe
d7c4fe
d7c5fe
d7c6fe
d7c7fe
d7c8fe
d7c9fe
d7cafe
d7cbfe
d7ccfe
d7cdfe
d7cefe
d7cffe
d7d0fe
d7d1fe
d7d2fe
d7d3fe
d7d4fe
d7d5fe
d7d6fe
d7d7fe
d7d8fe
d7d9fe
d7dafe
d7dbfe
d7dcfe
d7ddfe
d7defe
d7dffe
d7e0fe
d7e1fe
d7e2fe
d7e3fe
d7e4fe
d7e5fe
d7e6fe
d7e7fe
d7e8fe
d7e9fe
d7eafe
d7ebfe
d7ecfe
d7edfe
d7eefe
d7effe
d7f0fe
d7f1fe
d7f2fe
d7f3fe
d7f4fe
d7f5fe
d7f6fe
d7f7fe
d7f8fe
d7f9fe
d7fafe
d7fbfe
d7fcfe
d7fdfe
d7fefe
d7fffe
d800fe
d801fe
d802fe
d803fe
d804fe
d805fe
d806fe
d807fe
d808fe
d809fe
d80afe
d80bfe
d80cfe
d80dfe
d80efe
d80ffe
d810fe
d811fe
d812fe
d813fe
d814fe
d815fe
d816fe
d817fe
d818fe
d819fe
d81afe
d81bfe
d81cfe
d81dfe
d81efe
d81ffe
d820fe
d821fe
d822fe
d823fe
d824fe
d825fe
d826fe
d827fe
d828fe
d829fe
d82afe
d82bfe
d82cfe
d82dfe
d82efe
d82ffe
d830fe
d831fe
d832fe
d833fe
d834fe
d835fe
d836fe
d837fe
d838fe
d839fe
d83afe
d83bfe
d83cfe
d83dfe
d83efe
d83ffe
d840fe
d841fe
d842fe
d843fe
d844fe
d845fe
d846fe
d847fe
d848fe
d849fe
d84afe
d84bfe
d84cfe
d84dfe
d84efe
d84ffe
d850fe
d851fe
d852fe
d853fe
d854fe
d855fe
d856fe
d857fe
d858fe
d859fe
d85afe
d85bfe
d85cfe
d85dfe
d85efe
d85ffe
d860fe
d861fe
d862fe
d863fe
d864fe
d865fe
d866fe
d867fe
d868fe
d869fe
d86afe
d86bfe
d86cfe
d86dfe
d86efe
d86ffe
d870fe
d871fe
d872fe
d873fe
d874fe
d875fe
d876fe
d877fe
d878fe
d879fe
d87afe
d87bfe
d87cfe
d87dfe
d87efe
d87ffe
d880fe
d881fe
d882fe
d883fe
d884fe
d885fe
d886fe
d887fe
d888fe
d889fe
d88afe
d88bfe
d88cfe
d88dfe
d88efe
d88ffe
d890fe
d891fe
d892fe
d893fe
d894fe
d895fe
d896fe
d897fe
d898fe
d899fe
d89afe
d89bfe
d89cfe
d89dfe
d89efe
d89ffe
d8a0fe
d8a1fe
d8a2fe
d8a3fe
d8a4fe
d8a5fe
d8a6fe
d8a7fe
d8a8fe
d8a9fe
d8aafe
d8abfe
d8acfe
d8adfe
d8aefe
d8affe
d8b0fe
d8b1fe
d8b2fe
d8b3fe
d8b4fe
d8b5fe
d8b6fe
d8b7fe
d8b8fe
d8b9fe
d8bafe
d8bbfe
d8bcfe
d8bdfe
d8befe
d8bffe
d8c0fe
d8c1fe
d8c2fe
d8c3fe
d8c4fe
d8c5fe
d8c6fe
d8c7fe
d8c8fe
d8c9fe
d8cafe
d8cbfe
d8ccfe
d8cdfe
d8cefe
d8cffe
d8d0fe
d8d1fe
d8d2fe
d8d3fe
d8d4fe
d8d5fe
d8d6fe
d8d7fe
d8d8fe
d8d9fe
d8dafe
d8dbfe
d8dcfe
d8ddfe
d8defe
d8dffe
d8e0fe
d8e1fe
d8e2fe
d8e3fe
d8e4fe
d8e5fe
d8e6fe
d8e7fe
d8e8fe
d8e9fe
d8eafe
d8ebfe
d8ecfe
d8edfe
d8eefe
d8effe
d8f0fe
d8f1fe
d8f2fe
d8f3fe
d8f4fe
d8f5fe
d8f6fe
d8f7fe
d8f8fe
d8f9fe
d8fafe
d8fbfe
d8fcfe
d8fdfe
d8fefe
d8fffe
d900fe
d901fe
d902fe
d903fe
d904fe
d905fe
d906fe
d907fe
d908fe
d909fe
d90afe
d90bfe
d90cfe
d90dfe
d90efe
d90ffe
d910fe
d911fe
d912fe
d913fe
d914fe
d915fe
d916fe
d917fe
d918fe
d919fe
d91afe
d91bfe
d91cfe
d91dfe
d91efe
d91ffe
d920fe
d921fe
d922fe
d923fe
d924fe
d925fe
d926fe
d927fe
d928fe
d929fe
d92afe
d92bfe
d92cfe
d92dfe
d92efe
d92ffe
d930fe
d931fe
d932fe
d933fe
d934fe
d935fe
d936fe
d937fe
d938fe
d939fe
d93afe
d93bfe
d93cfe
d93dfe
d93efe
d93ffe
d940fe
d941fe
d942fe
d943fe
d944fe
d945fe
d946fe
d947fe
d948fe
d949fe
d94afe
d94bfe
d94cfe
d94dfe
d94efe
d94ffe
d950fe
d951fe
d952fe
d953fe
d954fe
d955fe
d956fe
d957fe
d958fe
d959fe
d95afe
d95bfe
d95cfe
d95dfe
d95efe
d95ffe
d960fe
d961fe
d962fe
d963fe
d964fe
d965fe
d966fe
d967fe
d968fe
d969fe
d96afe
d96bfe
d96cfe
d96dfe
d96efe
d96ffe
d970fe
d971fe
d972fe
d973fe
d974fe
d975fe
d976fe
d977fe
d978fe
d979fe
d97afe
d97bfe
d97cfe
d97dfe
d97efe
d97ffe
d980fe
d981fe
d982fe
d983fe
d984fe
d985fe
d986fe
d987fe
d988fe
d989fe
d98afe
d98bfe
d98cfe
d98dfe
d98efe
d98ffe
d990fe
d991fe
d992fe
d993fe
d994fe
d995fe
d996fe
d997fe
d998fe
d999fe
d99afe
d99bfe
d99cfe
d99dfe
d99efe
d99ffe
d9a0fe
d9a1fe
d9a2fe
d9a3fe
d9a4fe
d9a5fe
d9a6fe
d9a7fe
d9a8fe
d9a9fe
d9aafe
d9abfe
d9acfe
d9adfe
d9aefe
d9affe
d9b0fe
d9b1fe
d9b2fe
d9b3fe
d9b4fe
d9b5fe
d9b6fe
d9b7fe
d9b8fe
d9b9fe
d9bafe
d9bbfe
d9bcfe
d9bdfe
d9befe
d9bffe
d9c0fe
d9c1fe
d9c2fe
d9c3fe
d9c4fe
d9c5fe
d9c6fe
d9c7fe
d9c8fe
d9c9fe
d9cafe
d9cbfe
d9ccfe
d9cdfe
d9cefe
d9cffe
d9d0fe
d9d1fe
d9d2fe
d9d3fe
d9d4fe
d9d5fe
d9d6fe
d9d7fe
d9d8fe
d9d9fe
d9dafe
d9dbfe
d9dcfe
d9ddfe
d9defe
d9dffe
d9e0fe
d9e1fe
d9e2fe
d9e3fe
d9e4fe
d9e5fe
d9e6fe
d9e7fe
d9e8fe
d9e9fe
d9eafe
d9ebfe
d9ecfe
d9edfe
d9eefe
d9effe
d9f0fe
d9f1fe
d9f2fe
d9f3fe
d9f4fe
d9f5fe
d9f6fe
d9f7fe
d9f8fe
d9f9fe
d9fafe
d9fbfe
d9fcfe
d9fdfe
d9fefe
d9fffe
da00fe
da01fe
da02fe
da03fe
da04fe
da05fe
da06fe
da07fe
da08fe
da09fe
da0afe
da0bfe
da0cfe
da0dfe
da0efe
da0ffe
da10fe
da11fe
da12fe
da13fe
da14fe
da15fe
da16fe
da17fe
da18fe
da19fe
da1afe
da1bfe
da1cfe
da1dfe
da1efe
da1ffe
da20fe
da21fe
da22fe
da23fe
da24fe
da25fe
da26fe
da27fe
da28fe
da29fe
da2afe
da2bfe
da2cfe
da2dfe
da2efe
da2ffe
da30fe
da31fe
da32fe
da33fe
da34fe
da35fe
da36fe
da37fe
da38fe
da39fe
da3afe
da3bfe
da3cfe
da3dfe
da3efe
da3ffe
da40fe
da41fe
da42fe
da43fe
da44fe
da45fe
da46fe
da47fe
da48fe
da49fe
da4afe
da4bfe
da4cfe
da4dfe
da4efe
da4ffe
da50fe
da51fe
da52fe
da53fe
da54fe
da55fe
da56fe
da57fe
da58fe
da59fe
da5afe
da5bfe
da5cfe
da5dfe
da5efe
da5ffe
da60fe
da61fe
da62fe
da63fe
da64fe
da65fe
da66fe
da67fe
da68fe
da69fe
da6afe
da6bfe
da6cfe
da6dfe
da6efe
da6ffe
da70fe
da71fe
da72fe
da73fe
da74fe
da75fe
da76fe
da77fe
da78fe
da79fe
da7afe
da7bfe
da7cfe
da7dfe
da7efe
da7ffe
da80fe
da81fe
da82fe
da83fe
da84fe
da85fe
da86fe
da87fe
da88fe
da89fe
da8afe
da8bfe
da8cfe
da8dfe
da8efe
da8ffe
da90fe
da91fe
da92fe
da93fe
da94fe
da95fe
da96fe
da97fe
da98fe
da99fe
da9afe
da9bfe
da9cfe
da9dfe
da9efe
da9ffe
daa0fe
daa1fe
daa2fe
daa3fe
daa4fe
daa5fe
daa6fe
daa7fe
daa8fe
daa9fe
daaafe
daabfe
daacfe
daadfe
daaefe
daaffe
dab0fe
dab1fe
dab2fe
dab3fe
dab4fe
dab5fe
dab6fe
dab7fe
dab8fe
dab9fe
dabafe
dabbfe
dabcfe
dabdfe
dabefe
dabffe
dac0fe
dac1fe
dac2fe
dac3fe
dac4fe
dac5fe
dac6fe
dac7fe
dac8fe
dac9fe
dacafe
dacbfe
daccfe
dacdfe
dacefe
dacffe
dad0fe
dad1fe
dad2fe
dad3fe
dad4fe
dad5fe
dad6fe
dad7fe
dad8fe
dad9fe
dadafe
dadbfe
dadcfe
daddfe
dadefe
dadffe
dae0fe
dae1fe
dae2fe
dae3fe
dae4fe
dae5fe
dae6fe
dae7fe
dae8fe
dae9fe
daeafe
daebfe
daecfe
daedfe
daeefe
daeffe
daf0fe
daf1fe
daf2fe
daf3fe
daf4fe
daf5fe
daf6fe
daf7fe
daf8fe
daf9fe
dafafe
dafbfe
dafcfe
dafdfe
dafefe
dafffe
db00fe
db01fe
db02fe
db03fe
db04fe
db05fe
db06fe
db07fe
db08fe
db09fe
db0afe
db0bfe
db0cfe
db0dfe
db0efe
db0ffe
db10fe
db11fe
db12fe
db13fe
db14fe
db15fe
db16fe
db17fe
db18fe
db19fe
db1afe
db1bfe
db1cfe
db1dfe
db1efe
db1ffe
db20fe
db21fe
db22fe
db23fe
db24fe
db25fe
db26fe
db27fe
db28fe
db29fe
db2afe
db2bfe
db2cfe
db2dfe
db2efe
db2ffe
db30fe
db31fe
db32fe
db33fe
db34fe
db35fe
db36fe
db37fe
db38fe
db39fe
db3afe
db3bfe
db3cfe
db3dfe
db3efe
db3ffe
db40fe
db41fe
db42fe
db43fe
db44fe
db45fe
db46fe
db47fe
db48fe
db49fe
db4afe
db4bfe
db4cfe
db4dfe
db4efe
db4ffe
db50fe
db51fe
db52fe
db53fe
db54fe
db55fe
db56fe
db57fe
db58fe
db59fe
db5afe
db5bfe
db5cfe
db5dfe
db5efe
db5ffe
db60fe
db61fe
db62fe
db63fe
db64fe
db65fe
db66fe
db67fe
db68fe
db69fe
db6afe
db6bfe
db6cfe
db6dfe
db6efe
db6ffe
db70fe
db71fe
db72fe
db73fe
db74fe
db75fe
db76fe
db77fe
db78fe
db79fe
db7afe
db7bfe
db7cfe
db7dfe
db7efe
db7ffe
db80fe
db81fe
db82fe
db83fe
db84fe
db85fe
db86fe
db87fe
db88fe
db89fe
db8afe
db8bfe
db8cfe
db8dfe
db8efe
db8ffe
db90fe
db91fe
db92fe
db93fe
db94fe
db95fe
db96fe
db97fe
db98fe
db99fe
db9afe
db9bfe
db9cfe
db9dfe
db9efe
db9ffe
dba0fe
dba1fe
dba2fe
dba3fe
dba4fe
dba5fe
dba6fe
dba7fe
dba8fe
dba9fe
dbaafe
dbabfe
dbacfe
dbadfe
dbaefe
dbaffe
dbb0fe
dbb1fe
dbb2fe
dbb3fe
dbb4fe
dbb5fe
dbb6fe
dbb7fe
dbb8fe
dbb9fe
dbbafe
dbbbfe
dbbcfe
dbbdfe
dbbefe
dbbffe
dbc0fe
dbc1fe
dbc2fe
dbc3fe
dbc4fe
dbc5fe
dbc6fe
dbc7fe
dbc8fe
dbc9fe
dbcafe
dbcbfe
dbccfe
dbcdfe
dbcefe
dbcffe
dbd0fe
dbd1fe
dbd2fe
dbd3fe
dbd4fe
dbd5fe
dbd6fe
dbd7fe
dbd8fe
dbd9fe
dbdafe
dbdbfe
dbdcfe
dbddfe
dbdefe
dbdffe
dbe0fe
dbe1fe
dbe2fe
dbe3fe
dbe4fe
dbe5fe
dbe6fe
dbe7fe
dbe8fe
dbe9fe
dbeafe
dbebfe
dbecfe
dbedfe
dbeefe
dbeffe
dbf0fe
dbf1fe
dbf2fe
dbf3fe
dbf4fe
dbf5fe
dbf6fe
dbf7fe
dbf8fe
dbf9fe
dbfafe
dbfbfe
dbfcfe
dbfdfe
dbfefe
dbfffe
dc00fe
dc01fe
dc02fe
dc03fe
dc04fe
dc05fe
dc06fe
dc07fe
dc08fe
dc09fe
dc0afe
dc0bfe
dc0cfe
dc0dfe
dc0efe
dc0ffe
dc10fe
dc11fe
dc12fe
dc13fe
dc14fe
dc15fe
dc16fe
dc17fe
dc18fe
dc19fe
dc1afe
dc1bfe
dc1cfe
dc1dfe
dc1efe
dc1ffe
dc20fe
dc21fe
dc22fe
dc23fe
dc24fe
dc25fe
dc26fe
dc27fe
dc28fe
dc29fe
dc2afe
dc2bfe
dc2cfe
dc2dfe
dc2efe
dc2ffe
dc30fe
dc31fe
dc32fe
dc33fe
dc34fe
dc35fe
dc36fe
dc37fe
dc38fe
dc39fe
dc3afe
dc3bfe
dc3cfe
dc3dfe
dc3efe
dc3ffe
dc40fe
dc41fe
dc42fe
dc43fe
dc44fe
dc45fe
dc46fe
dc47fe
dc48fe
dc49fe
dc4afe
dc4bfe
dc4cfe
dc4dfe
dc4efe
dc4ffe
dc50fe
dc51fe
dc52fe
dc53fe
dc54fe
dc55fe
dc56fe
dc57fe
dc58fe
dc59fe
dc5afe
dc5bfe
dc5cfe
dc5dfe
dc5efe
dc5ffe
dc60fe
dc61fe
dc62fe
dc63fe
dc64fe
dc65fe
dc66fe
dc67fe
dc68fe
dc69fe
dc6afe
dc6bfe
dc6cfe
dc6dfe
dc6efe
dc6ffe
dc70fe
dc71fe
dc72fe
dc73fe
dc74fe
dc75fe
dc76fe
dc77fe
dc78fe
dc79fe
dc7afe
dc7bfe
dc7cfe
dc7dfe
dc7efe
dc7ffe
dc80fe
dc81fe
dc82fe
dc83fe
dc84fe
dc85fe
dc86fe
dc87fe
dc88fe
dc89fe
dc8afe
dc8bfe
dc8cfe
dc8dfe
dc8efe
dc8ffe
dc90fe
dc91fe
dc92fe
dc93fe
dc94fe
dc95fe
dc96fe
dc97fe
dc98fe
dc99fe
dc9afe
dc9bfe
dc9cfe
dc9dfe
dc9efe
dc9ffe
dca0fe
dca1fe
dca2fe
dca3fe
dca4fe
dca5fe
dca6fe
dca7fe
dca8fe
dca9fe
dcaafe
dcabfe
dcacfe
dcadfe
dcaefe
dcaffe
dcb0fe
dcb1fe
dcb2fe
dcb3fe
dcb4fe
dcb5fe
dcb6fe
dcb7fe
dcb8fe
dcb9fe
dcbafe
dcbbfe
dcbcfe
dcbdfe
dcbefe
dcbffe
dcc0fe
dcc1fe
dcc2fe
dcc3fe
dcc4fe
dcc5fe
dcc6fe
dcc7fe
dcc8fe
dcc9fe
dccafe
dccbfe
dcccfe
dccdfe
dccefe
dccffe
dcd0fe
dcd1fe
dcd2fe
dcd3fe
dcd4fe
dcd5fe
dcd6fe
dcd7fe
dcd8fe
dcd9fe
dcdafe
dcdbfe
dcdcfe
dcddfe
dcdefe
dcdffe
dce0fe
dce1fe
dce2fe
dce3fe
dce4fe
dce5fe
dce6fe
dce7fe
dce8fe
dce9fe
dceafe
dcebfe
dcecfe
dcedfe
dceefe
dceffe
dcf0fe
dcf1fe
dcf2fe
dcf3fe
dcf4fe
dcf5fe
dcf6fe
dcf7fe
dcf8fe
dcf9fe
dcfafe
dcfbfe
dcfcfe
dcfdfe
dcfefe
dcfffe
dd00fe
dd01fe
dd02fe
dd03fe
dd04fe
dd05fe
dd06fe
dd07fe
dd08fe
dd09fe
dd0afe
dd0bfe
dd0cfe
dd0dfe
dd0efe
dd0ffe
dd10fe
dd11fe
dd12fe
dd13fe
dd14fe
dd15fe
dd16fe
dd17fe
dd18fe
dd19fe
dd1afe
dd1bfe
dd1cfe
dd1dfe
dd1efe
dd1ffe
dd20fe
dd21fe
dd22fe
dd23fe
dd24fe
dd25fe
dd26fe
dd27fe
dd28fe
dd29fe
dd2afe
dd2bfe
dd2cfe
dd2dfe
dd2efe
dd2ffe
dd30fe
dd31fe
dd32fe
dd33fe
dd34fe
dd35fe
dd36fe
dd37fe
dd38fe
dd39fe
dd3afe
dd3bfe
dd3cfe
dd3dfe
dd3efe
dd3ffe
dd40fe
dd41fe
dd42fe
dd43fe
dd44fe
dd45fe
dd46fe
dd47fe
dd48fe
dd49fe
dd4afe
dd4bfe
dd4cfe
dd4dfe
dd4efe
dd4ffe
dd50fe
dd51fe
dd52fe
dd53fe
dd54fe
dd55fe
dd56fe
dd57fe
dd58fe
dd59fe
dd5afe
dd5bfe
dd5cfe
dd5dfe
dd5efe
dd5ffe
dd60fe
dd61fe
dd62fe
dd63fe
dd64fe
dd65fe
dd66fe
dd67fe
dd68fe
dd69fe
dd6afe
dd6bfe
dd6cfe
dd6dfe
dd6efe
dd6ffe
dd70fe
dd71fe
dd72fe
dd73fe
dd74fe
dd75fe
dd76fe
dd77fe
dd78fe
dd79fe
dd7afe
dd7bfe
dd7cfe
dd7dfe
dd7efe
dd7ffe
dd80fe
dd81fe
dd82fe
dd83fe
dd84fe
dd85fe
dd86fe
dd87fe
dd88fe
dd89fe
dd8afe
dd8bfe
dd8cfe
dd8dfe
dd8efe
dd8ffe
dd90fe
dd91fe
dd92fe
dd93fe
dd94fe
dd95fe
dd96fe
dd97fe
dd98fe
dd99fe
dd9afe
dd9bfe
dd9cfe
dd9dfe
dd9efe
dd9ffe
dda0fe
dda1fe
dda2fe
dda3fe
dda4fe
dda5fe
dda6fe
dda7fe
dda8fe
dda9fe
ddaafe
ddabfe
ddacfe
ddadfe
ddaefe
ddaffe
ddb0fe
ddb1fe
ddb2fe
ddb3fe
ddb4fe
ddb5fe
ddb6fe
ddb7fe
ddb8fe
ddb9fe
ddbafe
ddbbfe
ddbcfe
ddbdfe
ddbefe
ddbffe
ddc0fe
ddc1fe
ddc2fe
ddc3fe
ddc4fe
ddc5fe
ddc6fe
ddc7fe
ddc8fe
ddc9fe
ddcafe
ddcbfe
ddccfe
ddcdfe
ddcefe
ddcffe
ddd0fe
ddd1fe
ddd2fe
ddd3fe
ddd4fe
ddd5fe
ddd6fe
ddd7fe
ddd8fe
ddd9fe
dddafe
dddbfe
dddcfe
ddddfe
dddefe
dddffe
dde0fe
dde1fe
dde2fe
dde3fe
dde4fe
dde5fe
dde6fe
dde7fe
dde8fe
dde9fe
ddeafe
ddebfe
ddecfe
ddedfe
ddeefe
ddeffe
ddf0fe
ddf1fe
ddf2fe
ddf3fe
ddf4fe
ddf5fe
ddf6fe
ddf7fe
ddf8fe
ddf9fe
ddfafe
ddfbfe
ddfcfe
ddfdfe
ddfefe
ddfffe
de00fe
de01fe
de02fe
de03fe
de04fe
de05fe
de06fe
de07fe
de08fe
de09fe
de0afe
de0bfe
de0cfe
de0dfe
de0efe
de0ffe
de10fe
de11fe
de12fe
de13fe
de14fe
de15fe
de16fe
de17fe
de18fe
de19fe
de1afe
de1bfe
de1cfe
de1dfe
de1efe
de1ffe
de20fe
de21fe
de22fe
de23fe
de24fe
de25fe
de26fe
de27fe
de28fe
de29fe
de2afe
de2bfe
de2cfe
de2dfe
de2efe
de2ffe
de30fe
de31fe
de32fe
de33fe
de34fe
de35fe
de36fe
de37fe
de38fe
de39fe
de3afe
de3bfe
de3cfe
de3dfe
de3efe
de3ffe
de40fe
de41fe
de42fe
de43fe
de44fe
de45fe
de46fe
de47fe
de48fe
de49fe
de4afe
de4bfe
de4cfe
de4dfe
de4efe
de4ffe
de50fe
de51fe
de52fe
de53fe
de54fe
de55fe
de56fe
de57fe
de58fe
de59fe
de5afe
de5bfe
de5cfe
de5dfe
de5efe
de5ffe
de60fe
de61fe
de62fe
de63fe
de64fe
de65fe
de66fe
de67fe
de68fe
de69fe
de6afe
de6bfe
de6cfe
de6dfe
de6efe
de6ffe
de70fe
de71fe
de72fe
de73fe
de74fe
de75fe
de76fe
de77fe
de78fe
de79fe
de7afe
de7bfe
de7cfe
de7dfe
de7efe
de7ffe
de80fe
de81fe
de82fe
de83fe
de84fe
de85fe
de86fe
de87fe
de88fe
de89fe
de8afe
de8bfe
de8cfe
de8dfe
de8efe
de8ffe
de90fe
de91fe
de92fe
de93fe
de94fe
de95fe
de96fe
de97fe
de98fe
de99fe
de9afe
de9bfe
de9cfe
de9dfe
de9efe
de9ffe
dea0fe
dea1fe
dea2fe
dea3fe
dea4fe
dea5fe
dea6fe
dea7fe
dea8fe
dea9fe
deaafe
deabfe
deacfe
deadfe
deaefe
deaffe
deb0fe
deb1fe
deb2fe
deb3fe
deb4fe
deb5fe
deb6fe
deb7fe
deb8fe
deb9fe
debafe
debbfe
debcfe
debdfe
debefe
debffe
dec0fe
dec1fe
dec2fe
dec3fe
dec4fe
dec5fe
dec6fe
dec7fe
dec8fe
dec9fe
decafe
decbfe
deccfe
decdfe
decefe
decffe
ded0fe
ded1fe
ded2fe
ded3fe
ded4fe
ded5fe
ded6fe
ded7fe
ded8fe
ded9fe
dedafe
dedbfe
dedcfe
deddfe
dedefe
dedffe
dee0fe
dee1fe
dee2fe
dee3fe
dee4fe
dee5fe
dee6fe
dee7fe
dee8fe
dee9fe
deeafe
deebfe
deecfe
deedfe
deeefe
deeffe
def0fe
def1fe
def2fe
def3fe
def4fe
def5fe
def6fe
def7fe
def8fe
def9fe
defafe
defbfe
defcfe
defdfe
defefe
defffe
df00fe
df01fe
df02fe
df03fe
df04fe
df05fe
df06fe
df07fe
df08fe
df09fe
df0afe
df0bfe
df0cfe
df0dfe
df0efe
df0ffe
df10fe
df11fe
df12fe
df13fe
df14fe
df15fe
df16fe
df17fe
df18fe
df19fe
df1afe
df1bfe
df1cfe
df1dfe
df1efe
df1ffe
df20fe
df21fe
df22fe
df23fe
df24fe
df25fe
df26fe
df27fe
df28fe
df29fe
df2afe
df2bfe
df2cfe
df2dfe
df2efe
df2ffe
df30fe
df31fe
df32fe
df33fe
df34fe
df35fe
df36fe
df37fe
df38fe
df39fe
df3afe
df3bfe
df3cfe
df3dfe
df3efe
df3ffe
df40fe
df41fe
df42fe
df43fe
df44fe
df45fe
df46fe
df47fe
df48fe
df49fe
df4afe
df4bfe
df4cfe
df4dfe
df4efe
df4ffe
df50fe
df51fe
df52fe
df53fe
df54fe
df55fe
df56fe
df57fe
df58fe
df59fe
df5afe
df5bfe
df5cfe
df5dfe
df5efe
df5ffe
df60fe
df61fe
df62fe
df63fe
df64fe
df65fe
df66fe
df67fe
df68fe
df69fe
df6afe
df6bfe
df6cfe
df6dfe
df6efe
df6ffe
df70fe
df71fe
df72fe
df73fe
df74fe
df75fe
df76fe
df77fe
df78fe
df79fe
df7afe
df7bfe
df7cfe
df7dfe
df7efe
df7ffe
df80fe
df81fe
df82fe
df83fe
df84fe
df85fe
df86fe
df87fe
df88fe
df89fe
df8afe
df8bfe
df8cfe
df8dfe
df8efe
df8ffe
df90fe
df91fe
df92fe
df93fe
df94fe
df95fe
df96fe
df97fe
df98fe
df99fe
df9afe
df9bfe
df9cfe
df9dfe
df9efe
df9ffe
dfa0fe
dfa1fe
dfa2fe
dfa3fe
dfa4fe
dfa5fe
dfa6fe
dfa7fe
dfa8fe
dfa9fe
dfaafe
dfabfe
dfacfe
dfadfe
dfaefe
dfaffe
dfb0fe
dfb1fe
dfb2fe
dfb3fe
dfb4fe
dfb5fe
dfb6fe
dfb7fe
dfb8fe
dfb9fe
dfbafe
dfbbfe
dfbcfe
dfbdfe
dfbefe
dfbffe
dfc0fe
dfc1fe
dfc2fe
dfc3fe
dfc4fe
dfc5fe
dfc6fe
dfc7fe
dfc8fe
dfc9fe
dfcafe
dfcbfe
dfccfe
dfcdfe
dfcefe
dfcffe
dfd0fe
dfd1fe
dfd2fe
dfd3fe
dfd4fe
dfd5fe
dfd6fe
dfd7fe
dfd8fe
dfd9fe
dfdafe
dfdbfe
dfdcfe
dfddfe
dfdefe
dfdffe
dfe0fe
dfe1fe
dfe2fe
dfe3fe
dfe4fe
dfe5fe
dfe6fe
dfe7fe
dfe8fe
dfe9fe
dfeafe
dfebfe
dfecfe
dfedfe
dfeefe
dfeffe
dff0fe
dff1fe
dff2fe
dff3fe
dff4fe
dff5fe
dff6fe
dff7fe
dff8fe
dff9fe
dffafe
dffbfe
dffcfe
dffdfe
dffefe
dffffe
e000fe
e001fe
e002fe
e003fe
e004fe
e005fe
e006fe
e007fe
e008fe
e009fe
e00afe
e00bfe
e00cfe
e00dfe
e00efe
e00ffe
e010fe
e011fe
e012fe
e013fe
e014fe
e015fe
e016fe
e017fe
e018fe
e019fe
e01afe
e01bfe
e01cfe
e01dfe
e01efe
e01ffe
e020fe
e021fe
e022fe
e023fe
e024fe
e025fe
e026fe
e027fe
e028fe
e029fe
e02afe
e02bfe
e02cfe
e02dfe
e02efe
e02ffe
e030fe
e031fe
e032fe
e033fe
e034fe
e035fe
e036fe
e037fe
e038fe
e039fe
e03afe
e03bfe
e03cfe
e03dfe
e03efe
e03ffe
e040fe
e041fe
e042fe
e043fe
e044fe
e045fe
e046fe
e047fe
e048fe
e049fe
e04afe
e04bfe
e04cfe
e04dfe
e04efe
e04ffe
e050fe
e051fe
e052fe
e053fe
e054fe
e055fe
e056fe
e057fe
e058fe
e059fe
e05afe
e05bfe
e05cfe
e05dfe
e05efe
e05ffe
e060fe
e061fe
e062fe
e063fe
e064fe
e065fe
e066fe
e067fe
e068fe
e069fe
e06afe
e06bfe
e06cfe
e06dfe
e06efe
e06ffe
e070fe
e071fe
e072fe
e073fe
e074fe
e075fe
e076fe
e077fe
e078fe
e079fe
e07afe
e07bfe
e07cfe
e07dfe
e07efe
e07ffe
e080fe
e081fe
e082fe
e083fe
e084fe
e085fe
e086fe
e087fe
e088fe
e089fe
e08afe
e08bfe
e08cfe
e08dfe
e08efe
e08ffe
e090fe
e091fe
e092fe
e093fe
e094fe
e095fe
e096fe
e097fe
e098fe
e099fe
e09afe
e09bfe
e09cfe
e09dfe
e09efe
e09ffe
e0a0fe
e0a1fe
e0a2fe
e0a3fe
e0a4fe
e0a5fe
e0a6fe
e0a7fe
e0a8fe
e0a9fe
e0aafe
e0abfe
e0acfe
e0adfe
e0aefe
e0affe
e0b0fe
e0b1fe
e0b2fe
e0b3fe
e0b4fe
e0b5fe
e0b6fe
e0b7fe
e0b8fe
e0b9fe
e0bafe
e0bbfe
e0bcfe
e0bdfe
e0befe
e0bffe
e0c0fe
e0c1fe
e0c2fe
e0c3fe
e0c4fe
e0c5fe
e0c6fe
e0c7fe
e0c8fe
e0c9fe
e0cafe
e0cbfe
e0ccfe
e0cdfe
e0cefe
e0cffe
e0d0fe
e0d1fe
e0d2fe
e0d3fe
e0d4fe
e0d5fe
e0d6fe
e0d7fe
e0d8fe
e0d9fe
e0dafe
e0dbfe
e0dcfe
e0ddfe
e0defe
e0dffe
e0e0fe
e0e1fe
e0e2fe
e0e3fe
e0e4fe
e0e5fe
e0e6fe
e0e7fe
e0e8fe
e0e9fe
e0eafe
e0ebfe
e0ecfe
e0edfe
e0eefe
e0effe
e0f0fe
e0f1fe
e0f2fe
e0f3fe
e0f4fe
e0f5fe
e0f6fe
e0f7fe
e0f8fe
e0f9fe
e0fafe
e0fbfe
e0fcfe
e0fdfe
e0fefe
e0fffe
e100fe
e101fe
e102fe
e103fe
e104fe
e105fe
e106fe
e107fe
e108fe
e109fe
e10afe
e10bfe
e10cfe
e10dfe
e10efe
e10ffe
e110fe
e111fe
e112fe
e113fe
e114fe
e115fe
e116fe
e117fe
e118fe
e119fe
e11afe
e11bfe
e11cfe
e11dfe
e11efe
e11ffe
e120fe
e121fe
e122fe
e123fe
e124fe
e125fe
e126fe
e127fe
e128fe
e129fe
e12afe
e12bfe
e12cfe
e12dfe
e12efe
e12ffe
e130fe
e131fe
e132fe
e133fe
e134fe
e135fe
e136fe
e137fe
e138fe
e139fe
e13afe
e13bfe
e13cfe
e13dfe
e13efe
e13ffe
e140fe
e141fe
e142fe
e143fe
e144fe
e145fe
e146fe
e147fe
e148fe
e149fe
e14afe
e14bfe
e14cfe
e14dfe
e14efe
e14ffe
e150fe
e151fe
e152fe
e153fe
e154fe
e155fe
e156fe
e157fe
e158fe
e159fe
e15afe
e15bfe
e15cfe
e15dfe
e15efe
e15ffe
e160fe
e161fe
e162fe
e163fe
e164fe
e165fe
e166fe
e167fe
e168fe
e169fe
e16afe
e16bfe
e16cfe
e16dfe
e16efe
e16ffe
e170fe
e171fe
e172fe
e173fe
e174fe
e175fe
e176fe
e177fe
e178fe
e179fe
e17afe
e17bfe
e17cfe
e17dfe
e17efe
e17ffe
e180fe
e181fe
e182fe
e183fe
e184fe
e185fe
e186fe
e187fe
e188fe
e189fe
e18afe
e18bfe
e18cfe
e18dfe
e18efe
e18ffe
e190fe
e191fe
e192fe
e193fe
e194fe
e195fe
e196fe
e197fe
e198fe
e199fe
e19afe
e19bfe
e19cfe
e19dfe
e19efe
e19ffe
e1a0fe
e1a1fe
e1a2fe
e1a3fe
e1a4fe
e1a5fe
e1a6fe
e1a7fe
e1a8fe
e1a9fe
e1aafe
e1abfe
e1acfe
e1adfe
e1aefe
e1affe
e1b0fe
e1b1fe
e1b2fe
e1b3fe
e1b4fe
e1b5fe
e1b6fe
e1b7fe
e1b8fe
e1b9fe
e1bafe
e1bbfe
e1bcfe
e1bdfe
e1befe
e1bffe
e1c0fe
e1c1fe
e1c2fe
e1c3fe
e1c4fe
e1c5fe
e1c6fe
e1c7fe
e1c8fe
e1c9fe
e1cafe
e1cbfe
e1ccfe
e1cdfe
e1cefe
e1cffe
e1d0fe
e1d1fe
e1d2fe
e1d3fe
e1d4fe
e1d5fe
e1d6fe
e1d7fe
e1d8fe
e1d9fe
e1dafe
e1dbfe
e1dcfe
e1ddfe
e1defe
e1dffe
e1e0fe
e1e1fe
e1e2fe
e1e3fe
e1e4fe
e1e5fe
e1e6fe
e1e7fe
e1e8fe
e1e9fe
e1eafe
e1ebfe
e1ecfe
e1edfe
e1eefe
e1effe
e1f0fe
e1f1fe
e1f2fe
e1f3fe
e1f4fe
e1f5fe
e1f6fe
e1f7fe
e1f8fe
e1f9fe
e1fafe
e1fbfe
e1fcfe
e1fdfe
e1fefe
e1fffe
e200fe
e201fe
e202fe
e203fe
e204fe
e205fe
e206fe
e207fe
e208fe
e209fe
e20afe
e20bfe
e20cfe
e20dfe
e20efe
e20ffe
e210fe
e211fe
e212fe
e213fe
e214fe
e215fe
e216fe
e217fe
e218fe
e219fe
e21afe
e21bfe
e21cfe
e21dfe
e21efe
e21ffe
e220fe
e221fe
e222fe
e223fe
e224fe
e225fe
e226fe
e227fe
e228fe
e229fe
e22afe
e22bfe
e22cfe
e22dfe
e22efe
e22ffe
e230fe
e231fe
e232fe
e233fe
e234fe
e235fe
e236fe
e237fe
e238fe
e239fe
e23afe
e23bfe
e23cfe
e23dfe
e23efe
e23ffe
e240fe
e241fe
e242fe
e243fe
e244fe
e245fe
e246fe
e247fe
e248fe
e249fe
e24afe
e24bfe
e24cfe
e24dfe
e24efe
e24ffe
e250fe
e251fe
e252fe
e253fe
e254fe
e255fe
e256fe
e257fe
e258fe
e259fe
e25afe
e25bfe
e25cfe
e25dfe
e25efe
e25ffe
e260fe
e261fe
e262fe
e263fe
e264fe
e265fe
e266fe
e267fe
e268fe
e269fe
e26afe
e26bfe
e26cfe
e26dfe
e26efe
e26ffe
e270fe
e271fe
e272fe
e273fe
e274fe
e275fe
e276fe
e277fe
e278fe
e279fe
e27afe
e27bfe
e27cfe
e27dfe
e27efe
e27ffe
e280fe
e281fe
e282fe
e283fe
e284fe
e285fe
e286fe
e287fe
e288fe
e289fe
e28afe
e28bfe
e28cfe
e28dfe
e28efe
e28ffe
e290fe
e291fe
e292fe
e293fe
e294fe
e295fe
e296fe
e297fe
e298fe
e299fe
e29afe
e29bfe
e29cfe
e29dfe
e29efe
e29ffe
e2a0fe
e2a1fe
e2a2fe
e2a3fe
e2a4fe
e2a5fe
e2a6fe
e2a7fe
e2a8fe
e2a9fe
e2aafe
e2abfe
e2acfe
e2adfe
e2aefe
e2affe
e2b0fe
e2b1fe
e2b2fe
e2b3fe
e2b4fe
e2b5fe
e2b6fe
e2b7fe
e2b8fe
e2b9fe
e2bafe
e2bbfe
e2bcfe
e2bdfe
e2befe
e2bffe
e2c0fe
e2c1fe
e2c2fe
e2c3fe
e2c4fe
e2c5fe
e2c6fe
e2c7fe
e2c8fe
e2c9fe
e2cafe
e2cbfe
e2ccfe
e2cdfe
e2cefe
e2cffe
e2d0fe
e2d1fe
e2d2fe
e2d3fe
e2d4fe
e2d5fe
e2d6fe
e2d7fe
e2d8fe
e2d9fe
e2dafe
e2dbfe
e2dcfe
e2ddfe
e2defe
e2dffe
e2e0fe
e2e1fe
e2e2fe
e2e3fe
e2e4fe
e2e5fe
e2e6fe
e2e7fe
e2e8fe
e2e9fe
e2eafe
e2ebfe
e2ecfe
e2edfe
e2eefe
e2effe
e2f0fe
e2f1fe
e2f2fe
e2f3fe
e2f4fe
e2f5fe
e2f6fe
e2f7fe
e2f8fe
e2f9fe
e2fafe
e2fbfe
e2fcfe
e2fdfe
e2fefe
e2fffe
e300fe
e301fe
e302fe
e303fe
e304fe
e305fe
e306fe
e307fe
e308fe
e309fe
e30afe
e30bfe
e30cfe
e30dfe
e30efe
e30ffe
e310fe
e311fe
e312fe
e313fe
e314fe
e315fe
e316fe
e317fe
e318fe
e319fe
e31afe
e31bfe
e31cfe
e31dfe
e31efe
e31ffe
e320fe
e321fe
e322fe
e323fe
e324fe
e325fe
e326fe
e327fe
e328fe
e329fe
e32afe
e32bfe
e32cfe
e32dfe
e32efe
e32ffe
e330fe
e331fe
e332fe
e333fe
e334fe
e335fe
e336fe
e337fe
e338fe
e339fe
e33afe
e33bfe
e33cfe
e33dfe
e33efe
e33ffe
e340fe
e341fe
e342fe
e343fe
e344fe
e345fe
e346fe
e347fe
e348fe
e349fe
e34afe
e34bfe
e34cfe
e34dfe
e34efe
e34ffe
e350fe
e351fe
e352fe
e353fe
e354fe
e355fe
e356fe
e357fe
e358fe
e359fe
e35afe
e35bfe
e35cfe
e35dfe
e35efe
e35ffe
e360fe
e361fe
e362fe
e363fe
e364fe
e365fe
e366fe
e367fe
e368fe
e369fe
e36afe
e36bfe
e36cfe
e36dfe
e36efe
e36ffe
e370fe
e371fe
e372fe
e373fe
e374fe
e375fe
e376fe
e377fe
e378fe
e379fe
e37afe
e37bfe
e37cfe
e37dfe
e37efe
e37ffe
e380fe
e381fe
e382fe
e383fe
e384fe
e385fe
e386fe
e387fe
e388fe
e389fe
e38afe
e38bfe
e38cfe
e38dfe
e38efe
e38ffe
e390fe
e391fe
e392fe
e393fe
e394fe
e395fe
e396fe
e397fe
e398fe
e399fe
e39afe
e39bfe
e39cfe
e39dfe
e39efe
e39ffe
e3a0fe
e3a1fe
e3a2fe
e3a3fe
e3a4fe
e3a5fe
e3a6fe
e3a7fe
e3a8fe
e3a9fe
e3aafe
e3abfe
e3acfe
e3adfe
e3aefe
e3affe
e3b0fe
e3b1fe
e3b2fe
e3b3fe
e3b4fe
e3b5fe
e3b6fe
e3b7fe
e3b8fe
e3b9fe
e3bafe
e3bbfe
e3bcfe
e3bdfe
e3befe
e3bffe
e3c0fe
e3c1fe
e3c2fe
e3c3fe
e3c4fe
e3c5fe
e3c6fe
e3c7fe
e3c8fe
e3c9fe
e3cafe
e3cbfe
e3ccfe
e3cdfe
e3cefe
e3cffe
e3d0fe
e3d1fe
e3d2fe
e3d3fe
e3d4fe
e3d5fe
e3d6fe
e3d7fe
e3d8fe
e3d9fe
e3dafe
e3dbfe
e3dcfe
e3ddfe
e3defe
e3dffe
e3e0fe
e3e1fe
e3e2fe
e3e3fe
e3e4fe
e3e5fe
e3e6fe
e3e7fe
e3e8fe
e3e9fe
e3eafe
e3ebfe
e3ecfe
e3edfe
e3eefe
e3effe
e3f0fe
e3f1fe
e3f2fe
e3f3fe
e3f4fe
e3f5fe
e3f6fe
e3f7fe
e3f8fe
e3f9fe
e3fafe
e3fbfe
e3fcfe
e3fdfe
e3fefe
e3fffe
e400fe
e401fe
e402fe
e403fe
e404fe
e405fe
e406fe
e407fe
e408fe
e409fe
e40afe
e40bfe
e40cfe
e40dfe
e40efe
e40ffe
e410fe
e411fe
e412fe
e413fe
e414fe
e415fe
e416fe
e417fe
e418fe
e419fe
e41afe
e41bfe
e41cfe
e41dfe
e41efe
e41ffe
e420fe
e421fe
e422fe
e423fe
e424fe
e425fe
e426fe
e427fe
e428fe
e429fe
e42afe
e42bfe
e42cfe
e42dfe
e42efe
e42ffe
e430fe
e431fe
e432fe
e433fe
e434fe
e435fe
e436fe
e437fe
e438fe
e439fe
e43afe
e43bfe
e43cfe
e43dfe
e43efe
e43ffe
e440fe
e441fe
e442fe
e443fe
e444fe
e445fe
e446fe
e447fe
e448fe
e449fe
e44afe
e44bfe
e44cfe
e44dfe
e44efe
e44ffe
e450fe
e451fe
e452fe
e453fe
e454fe
e455fe
e456fe
e457fe
e458fe
e459fe
e45afe
e45bfe
e45cfe
e45dfe
e45efe
e45ffe
e460fe
e461fe
e462fe
e463fe
e464fe
e465fe
e466fe
e467fe
e468fe
e469fe
e46afe
e46bfe
e46cfe
e46dfe
e46efe
e46ffe
e470fe
e471fe
e472fe
e473fe
e474fe
e475fe
e476fe
e477fe
e478fe
e479fe
e47afe
e47bfe
e47cfe
e47dfe
e47efe
e47ffe
e480fe
e481fe
e482fe
e483fe
e484fe
e485fe
e486fe
e487fe
e488fe
e489fe
e48afe
e48bfe
e48cfe
e48dfe
e48efe
e48ffe
e490fe
e491fe
e492fe
e493fe
e494fe
e495fe
e496fe
e497fe
e498fe
e499fe
e49afe
e49bfe
e49cfe
e49dfe
e49efe
e49ffe
e4a0fe
e4a1fe
e4a2fe
e4a3fe
e4a4fe
e4a5fe
e4a6fe
e4a7fe
e4a8fe
e4a9fe
e4aafe
e4abfe
e4acfe
e4adfe
e4aefe
e4affe
e4b0fe
e4b1fe
e4b2fe
e4b3fe
e4b4fe
e4b5fe
e4b6fe
e4b7fe
e4b8fe
e4b9fe
e4bafe
e4bbfe
e4bcfe
e4bdfe
e4befe
e4bffe
e4c0fe
e4c1fe
e4c2fe
e4c3fe
e4c4fe
e4c5fe
e4c6fe
e4c7fe
e4c8fe
e4c9fe
e4cafe
e4cbfe
e4ccfe
e4cdfe
e4cefe
e4cffe
e4d0fe
e4d1fe
e4d2fe
e4d3fe
e4d4fe
e4d5fe
e4d6fe
e4d7fe
e4d8fe
e4d9fe
e4dafe
e4dbfe
e4dcfe
e4ddfe
e4defe
e4dffe
e4e0fe
e4e1fe
e4e2fe
e4e3fe
e4e4fe
e4e5fe
e4e6fe
e4e7fe
e4e8fe
e4e9fe
e4eafe
e4ebfe
e4ecfe
e4edfe
e4eefe
e4effe
e4f0fe
e4f1fe
e4f2fe
e4f3fe
e4f4fe
e4f5fe
e4f6fe
e4f7fe
e4f8fe
e4f9fe
e4fafe
e4fbfe
e4fcfe
e4fdfe
e4fefe
e4fffe
e500fe
e501fe
e502fe
e503fe
e504fe
e505fe
e506fe
e507fe
e508fe
e509fe
e50afe
e50bfe
e50cfe
e50dfe
e50efe
e50ffe
e510fe
e511fe
e512fe
e513fe
e514fe
e515fe
e516fe
e517fe
e518fe
e519fe
e51afe
e51bfe
e51cfe
e51dfe
e51efe
e51ffe
e520fe
e521fe
e522fe
e523fe
e524fe
e525fe
e526fe
e527fe
e528fe
e529fe
e52afe
e52bfe
e52cfe
e52dfe
e52efe
e52ffe
e530fe
e531fe
e532fe
e533fe
e534fe
e535fe
e536fe
e537fe
e538fe
e539fe
e53afe
e53bfe
e53cfe
e53dfe
e53efe
e53ffe
e540fe
e541fe
e542fe
e543fe
e544fe
e545fe
e546fe
e547fe
e548fe
e549fe
e54afe
e54bfe
e54cfe
e54dfe
e54efe
e54ffe
e550fe
e551fe
e552fe
e553fe
e554fe
e555fe
e556fe
e557fe
e558fe
e559fe
e55afe
e55bfe
e55cfe
e55dfe
e55efe
e55ffe
e560fe
e561fe
e562fe
e563fe
e564fe
e565fe
e566fe
e567fe
e568fe
e569fe
e56afe
e56bfe
e56cfe
e56dfe
e56efe
e56ffe
e570fe
e571fe
e572fe
e573fe
e574fe
e575fe
e576fe
e577fe
e578fe
e579fe
e57afe
e57bfe
e57cfe
e57dfe
e57efe
e57ffe
e580fe
e581fe
e582fe
e583fe
e584fe
e585fe
e586fe
e587fe
e588fe
e589fe
e58afe
e58bfe
e58cfe
e58dfe
e58efe
e58ffe
e590fe
e591fe
e592fe
e593fe
e594fe
e595fe
e596fe
e597fe
e598fe
e599fe
e59afe
e59bfe
e59cfe
e59dfe
e59efe
e59ffe
e5a0fe
e5a1fe
e5a2fe
e5a3fe
e5a4fe
e5a5fe
e5a6fe
e5a7fe
e5a8fe
e5a9fe
e5aafe
e5abfe
e5acfe
e5adfe
e5aefe
e5affe
e5b0fe
e5b1fe
e5b2fe
e5b3fe
e5b4fe
e5b5fe
e5b6fe
e5b7fe
e5b8fe
e5b9fe
e5bafe
e5bbfe
e5bcfe
e5bdfe
e5befe
e5bffe
e5c0fe
e5c1fe
e5c2fe
e5c3fe
e5c4fe
e5c5fe
e5c6fe
e5c7fe
e5c8fe
e5c9fe
e5cafe
e5cbfe
e5ccfe
e5cdfe
e5cefe
e5cffe
e5d0fe
e5d1fe
e5d2fe
e5d3fe
e5d4fe
e5d5fe
e5d6fe
e5d7fe
e5d8fe
e5d9fe
e5dafe
e5dbfe
e5dcfe
e5ddfe
e5defe
e5dffe
e5e0fe
e5e1fe
e5e2fe
e5e3fe
e5e4fe
e5e5fe
e5e6fe
e5e7fe
e5e8fe
e5e9fe
e5eafe
e5ebfe
e5ecfe
e5edfe
e5eefe
e5effe
e5f0fe
e5f1fe
e5f2fe
e5f3fe
e5f4fe
e5f5fe
e5f6fe
e5f7fe
e5f8fe
e5f9fe
e5fafe
e5fbfe
e5fcfe
e5fdfe
e5fefe
e5fffe
e600fe
e601fe
e602fe
e603fe
e604fe
e605fe
e606fe
e607fe
e608fe
e609fe
e60afe
e60bfe
e60cfe
e60dfe
e60efe
e60ffe
e610fe
e611fe
e612fe
e613fe
e614fe
e615fe
e616fe
e617fe
e618fe
e619fe
e61afe
e61bfe
e61cfe
e61dfe
e61efe
e61ffe
e620fe
e621fe
e622fe
e623fe
e624fe
e625fe
e626fe
e627fe
e628fe
e629fe
e62afe
e62bfe
e62cfe
e62dfe
e62efe
e62ffe
e630fe
e631fe
e632fe
e633fe
e634fe
e635fe
e636fe
e637fe
e638fe
e639fe
e63afe
e63bfe
e63cfe
e63dfe
e63efe
e63ffe
e640fe
e641fe
e642fe
e643fe
e644fe
e645fe
e646fe
e647fe
e648fe
e649fe
e64afe
e64bfe
e64cfe
e64dfe
e64efe
e64ffe
e650fe
e651fe
e652fe
e653fe
e654fe
e655fe
e656fe
e657fe
e658fe
e659fe
e65afe
e65bfe
e65cfe
e65dfe
e65efe
e65ffe
e660fe
e661fe
e662fe
e663fe
e664fe
e665fe
e666fe
e667fe
e668fe
e669fe
e66afe
e66bfe
e66cfe
e66dfe
e66efe
e66ffe
e670fe
e671fe
e672fe
e673fe
e674fe
e675fe
e676fe
e677fe
e678fe
e679fe
e67afe
e67bfe
e67cfe
e67dfe
e67efe
e67ffe
e680fe
e681fe
e682fe
e683fe
e684fe
e685fe
e686fe
e687fe
e688fe
e689fe
e68afe
e68bfe
e68cfe
e68dfe
e68efe
e68ffe
e690fe
e691fe
e692fe
e693fe
e694fe
e695fe
e696fe
e697fe
e698fe
e699fe
e69afe
e69bfe
e69cfe
e69dfe
e69efe
e69ffe
e6a0fe
e6a1fe
e6a2fe
e6a3fe
e6a4fe
e6a5fe
e6a6fe
e6a7fe
e6a8fe
e6a9fe
e6aafe
e6abfe
e6acfe
e6adfe
e6aefe
e6affe
e6b0fe
e6b1fe
e6b2fe
e6b3fe
e6b4fe
e6b5fe
e6b6fe
e6b7fe
e6b8fe
e6b9fe
e6bafe
e6bbfe
e6bcfe
e6bdfe
e6befe
e6bffe
e6c0fe
e6c1fe
e6c2fe
e6c3fe
e6c4fe
e6c5fe
e6c6fe
e6c7fe
e6c8fe
e6c9fe
e6cafe
e6cbfe
e6ccfe
e6cdfe
e6cefe
e6cffe
e6d0fe
e6d1fe
e6d2fe
e6d3fe
e6d4fe
e6d5fe
e6d6fe
e6d7fe
e6d8fe
e6d9fe
e6dafe
e6dbfe
e6dcfe
e6ddfe
e6defe
e6dffe
e6e0fe
e6e1fe
e6e2fe
e6e3fe
e6e4fe
e6e5fe
e6e6fe
e6e7fe
e6e8fe
e6e9fe
e6eafe
e6ebfe
e6ecfe
e6edfe
e6eefe
e6effe
e6f0fe
e6f1fe
e6f2fe
e6f3fe
e6f4fe
e6f5fe
e6f6fe
e6f7fe
e6f8fe
e6f9fe
e6fafe
e6fbfe
e6fcfe
e6fdfe
e6fefe
e6fffe
e700fe
e701fe
e702fe
e703fe
e704fe
e705fe
e706fe
e707fe
e708fe
e709fe
e70afe
e70bfe
e70cfe
e70dfe
e70efe
e70ffe
e710fe
e711fe
e712fe
e713fe
e714fe
e715fe
e716fe
e717fe
e718fe
e719fe
e71afe
e71bfe
e71cfe
e71dfe
e71efe
e71ffe
e720fe
e721fe
e722fe
e723fe
e724fe
e725fe
e726fe
e727fe
e728fe
e729fe
e72afe
e72bfe
e72cfe
e72dfe
e72efe
e72ffe
e730fe
e731fe
e732fe
e733fe
e734fe
e735fe
e736fe
e737fe
e738fe
e739fe
e73afe
e73bfe
e73cfe
e73dfe
e73efe
e73ffe
e740fe
e741fe
e742fe
e743fe
e744fe
e745fe
e746fe
e747fe
e748fe
e749fe
e74afe
e74bfe
e74cfe
e74dfe
e74efe
e74ffe
e750fe
e751fe
e752fe
e753fe
e754fe
e755fe
e756fe
e757fe
e758fe
e759fe
e75afe
e75bfe
e75cfe
e75dfe
e75efe
e75ffe
e760fe
e761fe
e762fe
e763fe
e764fe
e765fe
e766fe
e767fe
e768fe
e769fe
e76afe
e76bfe
e76cfe
e76dfe
e76efe
e76ffe
e770fe
e771fe
e772fe
e773fe
e774fe
e775fe
e776fe
e777fe
e778fe
e779fe
e77afe
e77bfe
e77cfe
e77dfe
e77efe
e77ffe
e780fe
e781fe
e782fe
e783fe
e784fe
e785fe
e786fe
e787fe
e788fe
e789fe
e78afe
e78bfe
e78cfe
e78dfe
e78efe
e78ffe
e790fe
e791fe
e792fe
e793fe
e794fe
e795fe
e796fe
e797fe
e798fe
e799fe
e79afe
e79bfe
e79cfe
e79dfe
e79efe
e79ffe
e7a0fe
e7a1fe
e7a2fe
e7a3fe
e7a4fe
e7a5fe
e7a6fe
e7a7fe
e7a8fe
e7a9fe
e7aafe
e7abfe
e7acfe
e7adfe
e7aefe
e7affe
e7b0fe
e7b1fe
e7b2fe
e7b3fe
e7b4fe
e7b5fe
e7b6fe
e7b7fe
e7b8fe
e7b9fe
e7bafe
e7bbfe
e7bcfe
e7bdfe
e7befe
e7bffe
e7c0fe
e7c1fe
e7c2fe
e7c3fe
e7c4fe
e7c5fe
e7c6fe
e7c7fe
e7c8fe
e7c9fe
e7cafe
e7cbfe
e7ccfe
e7cdfe
e7cefe
e7cffe
e7d0fe
e7d1fe
e7d2fe
e7d3fe
e7d4fe
e7d5fe
e7d6fe
e7d7fe
e7d8fe
e7d9fe
e7dafe
e7dbfe
e7dcfe
e7ddfe
e7defe
e7dffe
e7e0fe
e7e1fe
e7e2fe
e7e3fe
e7e4fe
e7e5fe
e7e6fe
e7e7fe
e7e8fe
e7e9fe
e7eafe
e7ebfe
e7ecfe
e7edfe
e7eefe
e7effe
e7f0fe
e7f1fe
e7f2fe
e7f3fe
e7f4fe
e7f5fe
e7f6fe
e7f7fe
e7f8fe
e7f9fe
e7fafe
e7fbfe
e7fcfe
e7fdfe
e7fefe
e7fffe
e800fe
e801fe
e802fe
e803fe
e804fe
e805fe
e806fe
e807fe
e808fe
e809fe
e80afe
e80bfe
e80cfe
e80dfe
e80efe
e80ffe
e810fe
e811fe
e812fe
e813fe
e814fe
e815fe
e816fe
e817fe
e818fe
e819fe
e81afe
e81bfe
e81cfe
e81dfe
e81efe
e81ffe
e820fe
e821fe
e822fe
e823fe
e824fe
e825fe
e826fe
e827fe
e828fe
e829fe
e82afe
e82bfe
e82cfe
e82dfe
e82efe
e82ffe
e830fe
e831fe
e832fe
e833fe
e834fe
e835fe
e836fe
e837fe
e838fe
e839fe
e83afe
e83bfe
e83cfe
e83dfe
e83efe
e83ffe
e840fe
e841fe
e842fe
e843fe
e844fe
e845fe
e846fe
e847fe
e848fe
e849fe
e84afe
e84bfe
e84cfe
e84dfe
e84efe
e84ffe
e850fe
e851fe
e852fe
e853fe
e854fe
e855fe
e856fe
e857fe
e858fe
e859fe
e85afe
e85bfe
e85cfe
e85dfe
e85efe
e85ffe
e860fe
e861fe
e862fe
e863fe
e864fe
e865fe
e866fe
e867fe
e868fe
e869fe
e86afe
e86bfe
e86cfe
e86dfe
e86efe
e86ffe
e870fe
e871fe
e872fe
e873fe
e874fe
e875fe
e876fe
e877fe
e878fe
e879fe
e87afe
e87bfe
e87cfe
e87dfe
e87efe
e87ffe
e880fe
e881fe
e882fe
e883fe
e884fe
e885fe
e886fe
e887fe
e888fe
e889fe
e88afe
e88bfe
e88cfe
e88dfe
e88efe
e88ffe
e890fe
e891fe
e892fe
e893fe
e894fe
e895fe
e896fe
e897fe
e898fe
e899fe
e89afe
e89bfe
e89cfe
e89dfe
e89efe
e89ffe
e8a0fe
e8a1fe
e8a2fe
e8a3fe
e8a4fe
e8a5fe
e8a6fe
e8a7fe
e8a8fe
e8a9fe
e8aafe
e8abfe
e8acfe
e8adfe
e8aefe
e8affe
e8b0fe
e8b1fe
e8b2fe
e8b3fe
e8b4fe
e8b5fe
e8b6fe
e8b7fe
e8b8fe
e8b9fe
e8bafe
e8bbfe
e8bcfe
e8bdfe
e8befe
e8bffe
e8c0fe
e8c1fe
e8c2fe
e8c3fe
e8c4fe
e8c5fe
e8c6fe
e8c7fe
e8c8fe
e8c9fe
e8cafe
e8cbfe
e8ccfe
e8cdfe
e8cefe
e8cffe
e8d0fe
e8d1fe
e8d2fe
e8d3fe
e8d4fe
e8d5fe
e8d6fe
e8d7fe
e8d8fe
e8d9fe
e8dafe
e8dbfe
e8dcfe
e8ddfe
e8defe
e8dffe
e8e0fe
e8e1fe
e8e2fe
e8e3fe
e8e4fe
e8e5fe
e8e6fe
e8e7fe
e8e8fe
e8e9fe
e8eafe
e8ebfe
e8ecfe
e8edfe
e8eefe
e8effe
e8f0fe
e8f1fe
e8f2fe
e8f3fe
e8f4fe
e8f5fe
e8f6fe
e8f7fe
e8f8fe
e8f9fe
e8fafe
e8fbfe
e8fcfe
e8fdfe
e8fefe
e8fffe
e900fe
e901fe
e902fe
e903fe
e904fe
e905fe
e906fe
e907fe
e908fe
e909fe
e90afe
e90bfe
e90cfe
e90dfe
e90efe
e90ffe
e910fe
e911fe
e912fe
e913fe
e914fe
e915fe
e916fe
e917fe
e918fe
e919fe
e91afe
e91bfe
e91cfe
e91dfe
e91efe
e91ffe
e920fe
e921fe
e922fe
e923fe
e924fe
e925fe
e926fe
e927fe
e928fe
e929fe
e92afe
e92bfe
e92cfe
e92dfe
e92efe
e92ffe
e930fe
e931fe
e932fe
e933fe
e934fe
e935fe
e936fe
e937fe
e938fe
e939fe
e93afe
e93bfe
e93cfe
e93dfe
e93efe
e93ffe
e940fe
e941fe
e942fe
e943fe
e944fe
e945fe
e946fe
e947fe
e948fe
e949fe
e94afe
e94bfe
e94cfe
e94dfe
e94efe
e94ffe
e950fe
e951fe
e952fe
e953fe
e954fe
e955fe
e956fe
e957fe
e958fe
e959fe
e95afe
e95bfe
e95cfe
e95dfe
e95efe
e95ffe
e960fe
e961fe
e962fe
e963fe
e964fe
e965fe
e966fe
e967fe
e968fe
e969fe
e96afe
e96bfe
e96cfe
e96dfe
e96efe
e96ffe
e970fe
e971fe
e972fe
e973fe
e974fe
e975fe
e976fe
e977fe
e978fe
e979fe
e97afe
e97bfe
e97cfe
e97dfe
e97efe
e97ffe
e980fe
e981fe
e982fe
e983fe
e984fe
e985fe
e986fe
e987fe
e988fe
e989fe
e98afe
e98bfe
e98cfe
e98dfe
e98efe
e98ffe
e990fe
e991fe
e992fe
e993fe
e994fe
e995fe
e996fe
e997fe
e998fe
e999fe
e99afe
e99bfe
e99cfe
e99dfe
e99efe
e99ffe
e9a0fe
e9a1fe
e9a2fe
e9a3fe
e9a4fe
e9a5fe
e9a6fe
e9a7fe
e9a8fe
e9a9fe
e9aafe
e9abfe
e9acfe
e9adfe
e9aefe
e9affe
e9b0fe
e9b1fe
e9b2fe
e9b3fe
e9b4fe
e9b5fe
e9b6fe
e9b7fe
e9b8fe
e9b9fe
e9bafe
e9bbfe
e9bcfe
e9bdfe
e9befe
e9bffe
e9c0fe
e9c1fe
e9c2fe
e9c3fe
e9c4fe
e9c5fe
e9c6fe
e9c7fe
e9c8fe
e9c9fe
e9cafe
e9cbfe
e9ccfe
e9cdfe
e9cefe
e9cffe
e9d0fe
e9d1fe
e9d2fe
e9d3fe
e9d4fe
e9d5fe
e9d6fe
e9d7fe
e9d8fe
e9d9fe
e9dafe
e9dbfe
e9dcfe
e9ddfe
e9defe
e9dffe
e9e0fe
e9e1fe
e9e2fe
e9e3fe
e9e4fe
e9e5fe
e9e6fe
e9e7fe
e9e8fe
e9e9fe
e9eafe
e9ebfe
e9ecfe
e9edfe
e9eefe
e9effe
e9f0fe
e9f1fe
e9f2fe
e9f3fe
e9f4fe
e9f5fe
e9f6fe
e9f7fe
e9f8fe
e9f9fe
e9fafe
e9fbfe
e9fcfe
e9fdfe
e9fefe
e9fffe
ea00fe
ea01fe
ea02fe
ea03fe
ea04fe
ea05fe
ea06fe
ea07fe
ea08fe
ea09fe
ea0afe
ea0bfe
ea0cfe
ea0dfe
ea0efe
ea0ffe
ea10fe
ea11fe
ea12fe
ea13fe
ea14fe
ea15fe
ea16fe
ea17fe
ea18fe
ea19fe
ea1afe
ea1bfe
ea1cfe
ea1dfe
ea1efe
ea1ffe
ea20fe
ea21fe
ea22fe
ea23fe
ea24fe
ea25fe
ea26fe
ea27fe
ea28fe
ea29fe
ea2afe
ea2bfe
ea2cfe
ea2dfe
ea2efe
ea2ffe
ea30fe
ea31fe
ea32fe
ea33fe
ea34fe
ea35fe
ea36fe
ea37fe
ea38fe
ea39fe
ea3afe
ea3bfe
ea3cfe
ea3dfe
ea3efe
ea3ffe
ea40fe
ea41fe
ea42fe
ea43fe
ea44fe
ea45fe
ea46fe
ea47fe
ea48fe
ea49fe
ea4afe
ea4bfe
ea4cfe
ea4dfe
ea4efe
ea4ffe
ea50fe
ea51fe
ea52fe
ea53fe
ea54fe
ea55fe
ea56fe
ea57fe
ea58fe
ea59fe
ea5afe
ea5bfe
ea5cfe
ea5dfe
ea5efe
ea5ffe
ea60fe
ea61fe
ea62fe
ea63fe
ea64fe
ea65fe
ea66fe
ea67fe
ea68fe
ea69fe
ea6afe
ea6bfe
ea6cfe
ea6dfe
ea6efe
ea6ffe
ea70fe
ea71fe
ea72fe
ea73fe
ea74fe
ea75fe
ea76fe
ea77fe
ea78fe
ea79fe
ea7afe
ea7bfe
ea7cfe
ea7dfe
ea7efe
ea7ffe
ea80fe
ea81fe
ea82fe
ea83fe
ea84fe
ea85fe
ea86fe
ea87fe
ea88fe
ea89fe
ea8afe
ea8bfe
ea8cfe
ea8dfe
ea8efe
ea8ffe
ea90fe
ea91fe
ea92fe
ea93fe
ea94fe
ea95fe
ea96fe
ea97fe
ea98fe
ea99fe
ea9afe
ea9bfe
ea9cfe
ea9dfe
ea9efe
ea9ffe
eaa0fe
eaa1fe
eaa2fe
eaa3fe
eaa4fe
eaa5fe
eaa6fe
eaa7fe
eaa8fe
eaa9fe
eaaafe
eaabfe
eaacfe
eaadfe
eaaefe
eaaffe
eab0fe
eab1fe
eab2fe
eab3fe
eab4fe
eab5fe
eab6fe
eab7fe
eab8fe
eab9fe
eabafe
eabbfe
eabcfe
eabdfe
eabefe
eabffe
eac0fe
eac1fe
eac2fe
eac3fe
eac4fe
eac5fe
eac6fe
eac7fe
eac8fe
eac9fe
eacafe
eacbfe
eaccfe
eacdfe
eacefe
eacffe
ead0fe
ead1fe
ead2fe
ead3fe
ead4fe
ead5fe
ead6fe
ead7fe
ead8fe
ead9fe
eadafe
eadbfe
eadcfe
eaddfe
eadefe
eadffe
eae0fe
eae1fe
eae2fe
eae3fe
eae4fe
eae5fe
eae6fe
eae7fe
eae8fe
eae9fe
eaeafe
eaebfe
eaecfe
eaedfe
eaeefe
eaeffe
eaf0fe
eaf1fe
eaf2fe
eaf3fe
eaf4fe
eaf5fe
eaf6fe
eaf7fe
eaf8fe
eaf9fe
eafafe
eafbfe
eafcfe
eafdfe
eafefe
eafffe
eb00fe
eb01fe
eb02fe
eb03fe
eb04fe
eb05fe
eb06fe
eb07fe
eb08fe
eb09fe
eb0afe
eb0bfe
eb0cfe
eb0dfe
eb0efe
eb0ffe
eb10fe
eb11fe
eb12fe
eb13fe
eb14fe
eb15fe
eb16fe
eb17fe
eb18fe
eb19fe
eb1afe
eb1bfe
eb1cfe
eb1dfe
eb1efe
eb1ffe
eb20fe
eb21fe
eb22fe
eb23fe
eb24fe
eb25fe
eb26fe
eb27fe
eb28fe
eb29fe
eb2afe
eb2bfe
eb2cfe
eb2dfe
eb2efe
eb2ffe
eb30fe
eb31fe
eb32fe
eb33fe
eb34fe
eb35fe
eb36fe
eb37fe
eb38fe
eb39fe
eb3afe
eb3bfe
eb3cfe
eb3dfe
eb3efe
eb3ffe
eb40fe
eb41fe
eb42fe
eb43fe
eb44fe
eb45fe
eb46fe
eb47fe
eb48fe
eb49fe
eb4afe
eb4bfe
eb4cfe
eb4dfe
eb4efe
eb4ffe
eb50fe
eb51fe
eb52fe
eb53fe
eb54fe
eb55fe
eb56fe
eb57fe
eb58fe
eb59fe
eb5afe
eb5bfe
eb5cfe
eb5dfe
eb5efe
eb5ffe
eb60fe
eb61fe
eb62fe
eb63fe
eb64fe
eb65fe
eb66fe
eb67fe
eb68fe
eb69fe
eb6afe
eb6bfe
eb6cfe
eb6dfe
eb6efe
eb6ffe
eb70fe
eb71fe
eb72fe
eb73fe
eb74fe
eb75fe
eb76fe
eb77fe
eb78fe
eb79fe
eb7afe
eb7bfe
eb7cfe
eb7dfe
eb7efe
eb7ffe
eb80fe
eb81fe
eb82fe
eb83fe
eb84fe
eb85fe
eb86fe
eb87fe
eb88fe
eb89fe
eb8afe
eb8bfe
eb8cfe
eb8dfe
eb8efe
eb8ffe
eb90fe
eb91fe
eb92fe
eb93fe
eb94fe
eb95fe
eb96fe
eb97fe
eb98fe
eb99fe
eb9afe
eb9bfe
eb9cfe
eb9dfe
eb9efe
eb9ffe
eba0fe
eba1fe
eba2fe
eba3fe
eba4fe
eba5fe
eba6fe
eba7fe
eba8fe
eba9fe
ebaafe
ebabfe
ebacfe
ebadfe
ebaefe
ebaffe
ebb0fe
ebb1fe
ebb2fe
ebb3fe
ebb4fe
ebb5fe
ebb6fe
ebb7fe
ebb8fe
ebb9fe
ebbafe
ebbbfe
ebbcfe
ebbdfe
ebbefe
ebbffe
ebc0fe
ebc1fe
ebc2fe
ebc3fe
ebc4fe
ebc5fe
ebc6fe
ebc7fe
ebc8fe
ebc9fe
ebcafe
ebcbfe
ebccfe
ebcdfe
ebcefe
ebcffe
ebd0fe
ebd1fe
ebd2fe
ebd3fe
ebd4fe
ebd5fe
ebd6fe
ebd7fe
ebd8fe
ebd9fe
ebdafe
ebdbfe
ebdcfe
ebddfe
ebdefe
ebdffe
ebe0fe
ebe1fe
ebe2fe
ebe3fe
ebe4fe
ebe5fe
ebe6fe
ebe7fe
ebe8fe
ebe9fe
ebeafe
ebebfe
ebecfe
ebedfe
ebeefe
ebeffe
ebf0fe
ebf1fe
ebf2fe
ebf3fe
ebf4fe
ebf5fe
ebf6fe
ebf7fe
ebf8fe
ebf9fe
ebfafe
ebfbfe
ebfcfe
ebfdfe
ebfefe
ebfffe
ec00fe
ec01fe
ec02fe
ec03fe
ec04fe
ec05fe
ec06fe
ec07fe
ec08fe
ec09fe
ec0afe
ec0bfe
ec0cfe
ec0dfe
ec0efe
ec0ffe
ec10fe
ec11fe
ec12fe
ec13fe
ec14fe
ec15fe
ec16fe
ec17fe
ec18fe
ec19fe
ec1afe
ec1bfe
ec1cfe
ec1dfe
ec1efe
ec1ffe
ec20fe
ec21fe
ec22fe
ec23fe
ec24fe
ec25fe
ec26fe
ec27fe
ec28fe
ec29fe
ec2afe
ec2bfe
ec2cfe
ec2dfe
ec2efe
ec2ffe
ec30fe
ec31fe
ec32fe
ec33fe
ec34fe
ec35fe
ec36fe
ec37fe
ec38fe
ec39fe
ec3afe
ec3bfe
ec3cfe
ec3dfe
ec3efe
ec3ffe
ec40fe
ec41fe
ec42fe
ec43fe
ec44fe
ec45fe
ec46fe
ec47fe
ec48fe
ec49fe
ec4afe
ec4bfe
ec4cfe
ec4dfe
ec4efe
ec4ffe
ec50fe
ec51fe
ec52fe
ec53fe
ec54fe
ec55fe
ec56fe
ec57fe
ec58fe
ec59fe
ec5afe
ec5bfe
ec5cfe
ec5dfe
ec5efe
ec5ffe
ec60fe
ec61fe
ec62fe
ec63fe
ec64fe
ec65fe
ec66fe
ec67fe
ec68fe
ec69fe
ec6afe
ec6bfe
ec6cfe
ec6dfe
ec6efe
ec6ffe
ec70fe
ec71fe
ec72fe
ec73fe
ec74fe
ec75fe
ec76fe
ec77fe
ec78fe
ec79fe
ec7afe
ec7bfe
ec7cfe
ec7dfe
ec7efe
ec7ffe
ec80fe
ec81fe
ec82fe
ec83fe
ec84fe
ec85fe
ec86fe
ec87fe
ec88fe
ec89fe
ec8afe
ec8bfe
ec8cfe
ec8dfe
ec8efe
ec8ffe
ec90fe
ec91fe
ec92fe
ec93fe
ec94fe
ec95fe
ec96fe
ec97fe
ec98fe
ec99fe
ec9afe
ec9bfe
ec9cfe
ec9dfe
ec9efe
ec9ffe
eca0fe
eca1fe
eca2fe
eca3fe
eca4fe
eca5fe
eca6fe
eca7fe
eca8fe
eca9fe
ecaafe
ecabfe
ecacfe
ecadfe
ecaefe
ecaffe
ecb0fe
ecb1fe
ecb2fe
ecb3fe
ecb4fe
ecb5fe
ecb6fe
ecb7fe
ecb8fe
ecb9fe
ecbafe
ecbbfe
ecbcfe
ecbdfe
ecbefe
ecbffe
ecc0fe
ecc1fe
ecc2fe
ecc3fe
ecc4fe
ecc5fe
ecc6fe
ecc7fe
ecc8fe
ecc9fe
eccafe
eccbfe
ecccfe
eccdfe
eccefe
eccffe
ecd0fe
ecd1fe
ecd2fe
ecd3fe
ecd4fe
ecd5fe
ecd6fe
ecd7fe
ecd8fe
ecd9fe
ecdafe
ecdbfe
ecdcfe
ecddfe
ecdefe
ecdffe
ece0fe
ece1fe
ece2fe
ece3fe
ece4fe
ece5fe
ece6fe
ece7fe
ece8fe
ece9fe
eceafe
ecebfe
ececfe
ecedfe
eceefe
eceffe
ecf0fe
ecf1fe
ecf2fe
ecf3fe
ecf4fe
ecf5fe
ecf6fe
ecf7fe
ecf8fe
ecf9fe
ecfafe
ecfbfe
ecfcfe
ecfdfe
ecfefe
ecfffe
ed00fe
ed01fe
ed02fe
ed03fe
ed04fe
ed05fe
ed06fe
ed07fe
ed08fe
ed09fe
ed0afe
ed0bfe
ed0cfe
ed0dfe
ed0efe
ed0ffe
ed10fe
ed11fe
ed12fe
ed13fe
ed14fe
ed15fe
ed16fe
ed17fe
ed18fe
ed19fe
ed1afe
ed1bfe
ed1cfe
ed1dfe
ed1efe
ed1ffe
ed20fe
ed21fe
ed22fe
ed23fe
ed24fe
ed25fe
ed26fe
ed27fe
ed28fe
ed29fe
ed2afe
ed2bfe
ed2cfe
ed2dfe
ed2efe
ed2ffe
ed30fe
ed31fe
ed32fe
ed33fe
ed34fe
ed35fe
ed36fe
ed37fe
ed38fe
ed39fe
ed3afe
ed3bfe
ed3cfe
ed3dfe
ed3efe
ed3ffe
ed40fe
ed41fe
ed42fe
ed43fe
ed44fe
ed45fe
ed46fe
ed47fe
ed48fe
ed49fe
ed4afe
ed4bfe
ed4cfe
ed4dfe
ed4efe
ed4ffe
ed50fe
ed51fe
ed52fe
ed53fe
ed54fe
ed55fe
ed56fe
ed57fe
ed58fe
ed59fe
ed5afe
ed5bfe
ed5cfe
ed5dfe
ed5efe
ed5ffe
ed60fe
ed61fe
ed62fe
ed63fe
ed64fe
ed65fe
ed66fe
ed67fe
ed68fe
ed69fe
ed6afe
ed6bfe
ed6cfe
ed6dfe
ed6efe
ed6ffe
ed70fe
ed71fe
ed72fe
ed73fe
ed74fe
ed75fe
ed76fe
ed77fe
ed78fe
ed79fe
ed7afe
ed7bfe
ed7cfe
ed7dfe
ed7efe
ed7ffe
ed80fe
ed81fe
ed82fe
ed83fe
ed84fe
ed85fe
ed86fe
ed87fe
ed88fe
ed89fe
ed8afe
ed8bfe
ed8cfe
ed8dfe
ed8efe
ed8ffe
ed90fe
ed91fe
ed92fe
ed93fe
ed94fe
ed95fe
ed96fe
ed97fe
ed98fe
ed99fe
ed9afe
ed9bfe
ed9cfe
ed9dfe
ed9efe
ed9ffe
eda0fe
eda1fe
eda2fe
eda3fe
eda4fe
eda5fe
eda6fe
eda7fe
eda8fe
eda9fe
edaafe
edabfe
edacfe
edadfe
edaefe
edaffe
edb0fe
edb1fe
edb2fe
edb3fe
edb4fe
edb5fe
edb6fe
edb7fe
edb8fe
edb9fe
edbafe
edbbfe
edbcfe
edbdfe
edbefe
edbffe
edc0fe
edc1fe
edc2fe
edc3fe
edc4fe
edc5fe
edc6fe
edc7fe
edc8fe
edc9fe
edcafe
edcbfe
edccfe
edcdfe
edcefe
edcffe
edd0fe
edd1fe
edd2fe
edd3fe
edd4fe
edd5fe
edd6fe
edd7fe
edd8fe
edd9fe
eddafe
eddbfe
eddcfe
edddfe
eddefe
eddffe
ede0fe
ede1fe
ede2fe
ede3fe
ede4fe
ede5fe
ede6fe
ede7fe
ede8fe
ede9fe
edeafe
edebfe
edecfe
ededfe
edeefe
edeffe
edf0fe
edf1fe
edf2fe
edf3fe
edf4fe
edf5fe
edf6fe
edf7fe
edf8fe
edf9fe
edfafe
edfbfe
edfcfe
edfdfe
edfefe
edfffe
ee00fe
ee01fe
ee02fe
ee03fe
ee04fe
ee05fe
ee06fe
ee07fe
ee08fe
ee09fe
ee0afe
ee0bfe
ee0cfe
ee0dfe
ee0efe
ee0ffe
ee10fe
ee11fe
ee12fe
ee13fe
ee14fe
ee15fe
ee16fe
ee17fe
ee18fe
ee19fe
ee1afe
ee1bfe
ee1cfe
ee1dfe
ee1efe
ee1ffe
ee20fe
ee21fe
ee22fe
ee23fe
ee24fe
ee25fe
ee26fe
ee27fe
ee28fe
ee29fe
ee2afe
ee2bfe
ee2cfe
ee2dfe
ee2efe
ee2ffe
ee30fe
ee31fe
ee32fe
ee33fe
ee34fe
ee35fe
ee36fe
ee37fe
ee38fe
ee39fe
ee3afe
ee3bfe
ee3cfe
ee3dfe
ee3efe
ee3ffe
ee40fe
ee41fe
ee42fe
ee43fe
ee44fe
ee45fe
ee46fe
ee47fe
ee48fe
ee49fe
ee4afe
ee4bfe
ee4cfe
ee4dfe
ee4efe
ee4ffe
ee50fe
ee51fe
ee52fe
ee53fe
ee54fe
ee55fe
ee56fe
ee57fe
ee58fe
ee59fe
ee5afe
ee5bfe
ee5cfe
ee5dfe
ee5efe
ee5ffe
ee60fe
ee61fe
ee62fe
ee63fe
ee64fe
ee65fe
ee66fe
ee67fe
ee68fe
ee69fe
ee6afe
ee6bfe
ee6cfe
ee6dfe
ee6efe
ee6ffe
ee70fe
ee71fe
ee72fe
ee73fe
ee74fe
ee75fe
ee76fe
ee77fe
ee78fe
ee79fe
ee7afe
ee7bfe
ee7cfe
ee7dfe
ee7efe
ee7ffe
ee80fe
ee81fe
ee82fe
ee83fe
ee84fe
ee85fe
ee86fe
ee87fe
ee88fe
ee89fe
ee8afe
ee8bfe
ee8cfe
ee8dfe
ee8efe
ee8ffe
ee90fe
ee91fe
ee92fe
ee93fe
ee94fe
ee95fe
ee96fe
ee97fe
ee98fe
ee99fe
ee9afe
ee9bfe
ee9cfe
ee9dfe
ee9efe
ee9ffe
eea0fe
eea1fe
eea2fe
eea3fe
eea4fe
eea5fe
eea6fe
eea7fe
eea8fe
eea9fe
eeaafe
eeabfe
eeacfe
eeadfe
eeaefe
eeaffe
eeb0fe
eeb1fe
eeb2fe
eeb3fe
eeb4fe
eeb5fe
eeb6fe
eeb7fe
eeb8fe
eeb9fe
eebafe
eebbfe
eebcfe
eebdfe
eebefe
eebffe
eec0fe
eec1fe
eec2fe
eec3fe
eec4fe
eec5fe
eec6fe
eec7fe
eec8fe
eec9fe
eecafe
eecbfe
eeccfe
eecdfe
eecefe
eecffe
eed0fe
eed1fe
eed2fe
eed3fe
eed4fe
eed5fe
eed6fe
eed7fe
eed8fe
eed9fe
eedafe
eedbfe
eedcfe
eeddfe
eedefe
eedffe
eee0fe
eee1fe
eee2fe
eee3fe
eee4fe
eee5fe
eee6fe
eee7fe
eee8fe
eee9fe
eeeafe
eeebfe
eeecfe
eeedfe
eeeefe
eeeffe
eef0fe
eef1fe
eef2fe
eef3fe
eef4fe
eef5fe
eef6fe
eef7fe
eef8fe
eef9fe
eefafe
eefbfe
eefcfe
eefdfe
eefefe
eefffe
ef00fe
ef01fe
ef02fe
ef03fe
ef04fe
ef05fe
ef06fe
ef07fe
ef08fe
ef09fe
ef0afe
ef0bfe
ef0cfe
ef0dfe
ef0efe
ef0ffe
ef10fe
ef11fe
ef12fe
ef13fe
ef14fe
ef15fe
ef16fe
ef17fe
ef18fe
ef19fe
ef1afe
ef1bfe
ef1cfe
ef1dfe
ef1efe
ef1ffe
ef20fe
ef21fe
ef22fe
ef23fe
ef24fe
ef25fe
ef26fe
ef27fe
ef28fe
ef29fe
ef2afe
ef2bfe
ef2cfe
ef2dfe
ef2efe
ef2ffe
ef30fe
ef31fe
ef32fe
ef33fe
ef34fe
ef35fe
ef36fe
ef37fe
ef38fe
ef39fe
ef3afe
ef3bfe
ef3cfe
ef3dfe
ef3efe
ef3ffe
ef40fe
ef41fe
ef42fe
ef43fe
ef44fe
ef45fe
ef46fe
ef47fe
ef48fe
ef49fe
ef4afe
ef4bfe
ef4cfe
ef4dfe
ef4efe
ef4ffe
ef50fe
ef51fe
ef52fe
ef53fe
ef54fe
ef55fe
ef56fe
ef57fe
ef58fe
ef59fe
ef5afe
ef5bfe
ef5cfe
ef5dfe
ef5efe
ef5ffe
ef60fe
ef61fe
ef62fe
ef63fe
ef64fe
ef65fe
ef66fe
ef67fe
ef68fe
ef69fe
ef6afe
ef6bfe
ef6cfe
ef6dfe
ef6efe
ef6ffe
ef70fe
ef71fe
ef72fe
ef73fe
ef74fe
ef75fe
ef76fe
ef77fe
ef78fe
ef79fe
ef7afe
ef7bfe
ef7cfe
ef7dfe
ef7efe
ef7ffe
ef80fe
ef81fe
ef82fe
ef83fe
ef84fe
ef85fe
ef86fe
ef87fe
ef88fe
ef89fe
ef8afe
ef8bfe
ef8cfe
ef8dfe
ef8efe
ef8ffe
ef90fe
ef91fe
ef92fe
ef93fe
ef94fe
ef95fe
ef96fe
ef97fe
ef98fe
ef99fe
ef9afe
ef9bfe
ef9cfe
ef9dfe
ef9efe
ef9ffe
efa0fe
efa1fe
efa2fe
efa3fe
efa4fe
efa5fe
efa6fe
efa7fe
efa8fe
efa9fe
efaafe
efabfe
efacfe
efadfe
efaefe
efaffe
efb0fe
efb1fe
efb2fe
efb3fe
efb4fe
efb5fe
efb6fe
efb7fe
efb8fe
efb9fe
efbafe
efbbfe
efbcfe
efbdfe
efbefe
efbffe
efc0fe
efc1fe
efc2fe
efc3fe
efc4fe
efc5fe
efc6fe
efc7fe
efc8fe
efc9fe
efcafe
efcbfe
efccfe
efcdfe
efcefe
efcffe
efd0fe
efd1fe
efd2fe
efd3fe
efd4fe
efd5fe
efd6fe
efd7fe
efd8fe
efd9fe
efdafe
efdbfe
efdcfe
efddfe
efdefe
efdffe
efe0fe
efe1fe
efe2fe
efe3fe
efe4fe
efe5fe
efe6fe
efe7fe
efe8fe
efe9fe
efeafe
efebfe
efecfe
efedfe
efeefe
efeffe
eff0fe
eff1fe
eff2fe
eff3fe
eff4fe
eff5fe
eff6fe
eff7fe
eff8fe
eff9fe
effafe
effbfe
effcfe
effdfe
effefe
effffe
f000fe
f001fe
f002fe
f003fe
f004fe
f005fe
f006fe
f007fe
f008fe
f009fe
f00afe
f00bfe
f00cfe
f00dfe
f00efe
f00ffe
f010fe
f011fe
f012fe
f013fe
f014fe
f015fe
f016fe
f017fe
f018fe
f019fe
f01afe
f01bfe
f01cfe
f01dfe
f01efe
f01ffe
f020fe
f021fe
f022fe
f023fe
f024fe
f025fe
f026fe
f027fe
f028fe
f029fe
f02afe
f02bfe
f02cfe
f02dfe
f02efe
f02ffe
f030fe
f031fe
f032fe
f033fe
f034fe
f035fe
f036fe
f037fe
f038fe
f039fe
f03afe
f03bfe
f03cfe
f03dfe
f03efe
f03ffe
f040fe
f041fe
f042fe
f043fe
f044fe
f045fe
f046fe
f047fe
f048fe
f049fe
f04afe
f04bfe
f04cfe
f04dfe
f04efe
f04ffe
f050fe
f051fe
f052fe
f053fe
f054fe
f055fe
f056fe
f057fe
f058fe
f059fe
f05afe
f05bfe
f05cfe
f05dfe
f05efe
f05ffe
f060fe
f061fe
f062fe
f063fe
f064fe
f065fe
f066fe
f067fe
f068fe
f069fe
f06afe
f06bfe
f06cfe
f06dfe
f06efe
f06ffe
f070fe
f071fe
f072fe
f073fe
f074fe
f075fe
f076fe
f077fe
f078fe
f079fe
f07afe
f07bfe
f07cfe
f07dfe
f07efe
f07ffe
f080fe
f081fe
f082fe
f083fe
f084fe
f085fe
f086fe
f087fe
f088fe
f089fe
f08afe
f08bfe
f08cfe
f08dfe
f08efe
f08ffe
f090fe
f091fe
f092fe
f093fe
f094fe
f095fe
f096fe
f097fe
f098fe
f099fe
f09afe
f09bfe
f09cfe
f09dfe
f09efe
f09ffe
f0a0fe
f0a1fe
f0a2fe
f0a3fe
f0a4fe
f0a5fe
f0a6fe
f0a7fe
f0a8fe
f0a9fe
f0aafe
f0abfe
f0acfe
f0adfe
f0aefe
f0affe
f0b0fe
f0b1fe
f0b2fe
f0b3fe
f0b4fe
f0b5fe
f0b6fe
f0b7fe
f0b8fe
f0b9fe
f0bafe
f0bbfe
f0bcfe
f0bdfe
f0befe
f0bffe
f0c0fe
f0c1fe
f0c2fe
f0c3fe
f0c4fe
f0c5fe
f0c6fe
f0c7fe
f0c8fe
f0c9fe
f0cafe
f0cbfe
f0ccfe
f0cdfe
f0cefe
f0cffe
f0d0fe
f0d1fe
f0d2fe
f0d3fe
f0d4fe
f0d5fe
f0d6fe
f0d7fe
f0d8fe
f0d9fe
f0dafe
f0dbfe
f0dcfe
f0ddfe
f0defe
f0dffe
f0e0fe
f0e1fe
f0e2fe
f0e3fe
f0e4fe
f0e5fe
f0e6fe
f0e7fe
f0e8fe
f0e9fe
f0eafe
f0ebfe
f0ecfe
f0edfe
f0eefe
f0effe
f0f0fe
f0f1fe
f0f2fe
f0f3fe
f0f4fe
f0f5fe
f0f6fe
f0f7fe
f0f8fe
f0f9fe
f0fafe
f0fbfe
f0fcfe
f0fdfe
f0fefe
f0fffe
f100fe
f101fe
f102fe
f103fe
f104fe
f105fe
f106fe
f107fe
f108fe
f109fe
f10afe
f10bfe
f10cfe
f10dfe
f10efe
f10ffe
f110fe
f111fe
f112fe
f113fe
f114fe
f115fe
f116fe
f117fe
f118fe
f119fe
f11afe
f11bfe
f11cfe
f11dfe
f11efe
f11ffe
f120fe
f121fe
f122fe
f123fe
f124fe
f125fe
f126fe
f127fe
f128fe
f129fe
f12afe
f12bfe
f12cfe
f12dfe
f12efe
f12ffe
f130fe
f131fe
f132fe
f133fe
f134fe
f135fe
f136fe
f137fe
f138fe
f139fe
f13afe
f13bfe
f13cfe
f13dfe
f13efe
f13ffe
f140fe
f141fe
f142fe
f143fe
f144fe
f145fe
f146fe
f147fe
f148fe
f149fe
f14afe
f14bfe
f14cfe
f14dfe
f14efe
f14ffe
f150fe
f151fe
f152fe
f153fe
f154fe
f155fe
f156fe
f157fe
f158fe
f159fe
f15afe
f15bfe
f15cfe
f15dfe
f15efe
f15ffe
f160fe
f161fe
f162fe
f163fe
f164fe
f165fe
f166fe
f167fe
f168fe
f169fe
f16afe
f16bfe
f16cfe
f16dfe
f16efe
f16ffe
f170fe
f171fe
f172fe
f173fe
f174fe
f175fe
f176fe
f177fe
f178fe
f179fe
f17afe
f17bfe
f17cfe
f17dfe
f17efe
f17ffe
f180fe
f181fe
f182fe
f183fe
f184fe
f185fe
f186fe
f187fe
f188fe
f189fe
f18afe
f18bfe
f18cfe
f18dfe
f18efe
f18ffe
f190fe
f191fe
f192fe
f193fe
f194fe
f195fe
f196fe
f197fe
f198fe
f199fe
f19afe
f19bfe
f19cfe
f19dfe
f19efe
f19ffe
f1a0fe
f1a1fe
f1a2fe
f1a3fe
f1a4fe
f1a5fe
f1a6fe
f1a7fe
f1a8fe
f1a9fe
f1aafe
f1abfe
f1acfe
f1adfe
f1aefe
f1affe
f1b0fe
f1b1fe
f1b2fe
f1b3fe
f1b4fe
f1b5fe
f1b6fe
f1b7fe
f1b8fe
f1b9fe
f1bafe
f1bbfe
f1bcfe
f1bdfe
f1befe
f1bffe
f1c0fe
f1c1fe
f1c2fe
f1c3fe
f1c4fe
f1c5fe
f1c6fe
f1c7fe
f1c8fe
f1c9fe
f1cafe
f1cbfe
f1ccfe
f1cdfe
f1cefe
f1cffe
f1d0fe
f1d1fe
f1d2fe
f1d3fe
f1d4fe
f1d5fe
f1d6fe
f1d7fe
f1d8fe
f1d9fe
f1dafe
f1dbfe
f1dcfe
f1ddfe
f1defe
f1dffe
f1e0fe
f1e1fe
f1e2fe
f1e3fe
f1e4fe
f1e5fe
f1e6fe
f1e7fe
f1e8fe
f1e9fe
f1eafe
f1ebfe
f1ecfe
f1edfe
f1eefe
f1effe
f1f0fe
f1f1fe
f1f2fe
f1f3fe
f1f4fe
f1f5fe
f1f6fe
f1f7fe
f1f8fe
f1f9fe
f1fafe
f1fbfe
f1fcfe
f1fdfe
f1fefe
f1fffe
f200fe
f201fe
f202fe
f203fe
f204fe
f205fe
f206fe
f207fe
f208fe
f209fe
f20afe
f20bfe
f20cfe
f20dfe
f20efe
f20ffe
f210fe
f211fe
f212fe
f213fe
f214fe
f215fe
f216fe
f217fe
f218fe
f219fe
f21afe
f21bfe
f21cfe
f21dfe
f21efe
f21ffe
f220fe
f221fe
f222fe
f223fe
f224fe
f225fe
f226fe
f227fe
f228fe
f229fe
f22afe
f22bfe
f22cfe
f22dfe
f22efe
f22ffe
f230fe
f231fe
f232fe
f233fe
f234fe
f235fe
f236fe
f237fe
f238fe
f239fe
f23afe
f23bfe
f23cfe
f23dfe
f23efe
f23ffe
f240fe
f241fe
f242fe
f243fe
f244fe
f245fe
f246fe
f247fe
f248fe
f249fe
f24afe
f24bfe
f24cfe
f24dfe
f24efe
f24ffe
f250fe
f251fe
f252fe
f253fe
f254fe
f255fe
f256fe
f257fe
f258fe
f259fe
f25afe
f25bfe
f25cfe
f25dfe
f25efe
f25ffe
f260fe
f261fe
f262fe
f263fe
f264fe
f265fe
f266fe
f267fe
f268fe
f269fe
f26afe
f26bfe
f26cfe
f26dfe
f26efe
f26ffe
f270fe
f271fe
f272fe
f273fe
f274fe
f275fe
f276fe
f277fe
f278fe
f279fe
f27afe
f27bfe
f27cfe
f27dfe
f27efe
f27ffe
f280fe
f281fe
f282fe
f283fe
f284fe
f285fe
f286fe
f287fe
f288fe
f289fe
f28afe
f28bfe
f28cfe
f28dfe
f28efe
f28ffe
f290fe
f291fe
f292fe
f293fe
f294fe
f295fe
f296fe
f297fe
f298fe
f299fe
f29afe
f29bfe
f29cfe
f29dfe
f29efe
f29ffe
f2a0fe
f2a1fe
f2a2fe
f2a3fe
f2a4fe
f2a5fe
f2a6fe
f2a7fe
f2a8fe
f2a9fe
f2aafe
f2abfe
f2acfe
f2adfe
f2aefe
f2affe
f2b0fe
f2b1fe
f2b2fe
f2b3fe
f2b4fe
f2b5fe
f2b6fe
f2b7fe
f2b8fe
f2b9fe
f2bafe
f2bbfe
f2bcfe
f2bdfe
f2befe
f2bffe
f2c0fe
f2c1fe
f2c2fe
f2c3fe
f2c4fe
f2c5fe
f2c6fe
f2c7fe
f2c8fe
f2c9fe
f2cafe
f2cbfe
f2ccfe
f2cdfe
f2cefe
f2cffe
f2d0fe
f2d1fe
f2d2fe
f2d3fe
f2d4fe
f2d5fe
f2d6fe
f2d7fe
f2d8fe
f2d9fe
f2dafe
f2dbfe
f2dcfe
f2ddfe
f2defe
f2dffe
f2e0fe
f2e1fe
f2e2fe
f2e3fe
f2e4fe
f2e5fe
f2e6fe
f2e7fe
f2e8fe
f2e9fe
f2eafe
f2ebfe
f2ecfe
f2edfe
f2eefe
f2effe
f2f0fe
f2f1fe
f2f2fe
f2f3fe
f2f4fe
f2f5fe
f2f6fe
f2f7fe
f2f8fe
f2f9fe
f2fafe
f2fbfe
f2fcfe
f2fdfe
f2fefe
f2fffe
f300fe
f301fe
f302fe
f303fe
f304fe
f305fe
f306fe
f307fe
f308fe
f309fe
f30afe
f30bfe
f30cfe
f30dfe
f30efe
f30ffe
f310fe
f311fe
f312fe
f313fe
f314fe
f315fe
f316fe
f317fe
f318fe
f319fe
f31afe
f31bfe
f31cfe
f31dfe
f31efe
f31ffe
f320fe
f321fe
f322fe
f323fe
f324fe
f325fe
f326fe
f327fe
f328fe
f329fe
f32afe
f32bfe
f32cfe
f32dfe
f32efe
f32ffe
f330fe
f331fe
f332fe
f333fe
f334fe
f335fe
f336fe
f337fe
f338fe
f339fe
f33afe
f33bfe
f33cfe
f33dfe
f33efe
f33ffe
f340fe
f341fe
f342fe
f343fe
f344fe
f345fe
f346fe
f347fe
f348fe
f349fe
f34afe
f34bfe
f34cfe
f34dfe
f34efe
f34ffe
f350fe
f351fe
f352fe
f353fe
f354fe
f355fe
f356fe
f357fe
f358fe
f359fe
f35afe
f35bfe
f35cfe
f35dfe
f35efe
f35ffe
f360fe
f361fe
f362fe
f363fe
f364fe
f365fe
f366fe
f367fe
f368fe
f369fe
f36afe
f36bfe
f36cfe
f36dfe
f36efe
f36ffe
f370fe
f371fe
f372fe
f373fe
f374fe
f375fe
f376fe
f377fe
f378fe
f379fe
f37afe
f37bfe
f37cfe
f37dfe
f37efe
f37ffe
f380fe
f381fe
f382fe
f383fe
f384fe
f385fe
f386fe
f387fe
f388fe
f389fe
f38afe
f38bfe
f38cfe
f38dfe
f38efe
f38ffe
f390fe
f391fe
f392fe
f393fe
f394fe
f395fe
f396fe
f397fe
f398fe
f399fe
f39afe
f39bfe
f39cfe
f39dfe
f39efe
f39ffe
f3a0fe
f3a1fe
f3a2fe
f3a3fe
f3a4fe
f3a5fe
f3a6fe
f3a7fe
f3a8fe
f3a9fe
f3aafe
f3abfe
f3acfe
f3adfe
f3aefe
f3affe
f3b0fe
f3b1fe
f3b2fe
f3b3fe
f3b4fe
f3b5fe
f3b6fe
f3b7fe
f3b8fe
f3b9fe
f3bafe
f3bbfe
f3bcfe
f3bdfe
f3befe
f3bffe
f3c0fe
f3c1fe
f3c2fe
f3c3fe
f3c4fe
f3c5fe
f3c6fe
f3c7fe
f3c8fe
f3c9fe
f3cafe
f3cbfe
f3ccfe
f3cdfe
f3cefe
f3cffe
f3d0fe
f3d1fe
f3d2fe
f3d3fe
f3d4fe
f3d5fe
f3d6fe
f3d7fe
f3d8fe
f3d9fe
f3dafe
f3dbfe
f3dcfe
f3ddfe
f3defe
f3dffe
f3e0fe
f3e1fe
f3e2fe
f3e3fe
f3e4fe
f3e5fe
f3e6fe
f3e7fe
f3e8fe
f3e9fe
f3eafe
f3ebfe
f3ecfe
f3edfe
f3eefe
f3effe
f3f0fe
f3f1fe
f3f2fe
f3f3fe
f3f4fe
f3f5fe
f3f6fe
f3f7fe
f3f8fe
f3f9fe
f3fafe
f3fbfe
f3fcfe
f3fdfe
f3fefe
f3fffe
f400fe
f401fe
f402fe
f403fe
f404fe
f405fe
f406fe
f407fe
f408fe
f409fe
f40afe
f40bfe
f40cfe
f40dfe
f40efe
f40ffe
f410fe
f411fe
f412fe
f413fe
f414fe
f415fe
f416fe
f417fe
f418fe
f419fe
f41afe
f41bfe
f41cfe
f41dfe
f41efe
f41ffe
f420fe
f421fe
f422fe
f423fe
f424fe
f425fe
f426fe
f427fe
f428fe
f429fe
f42afe
f42bfe
f42cfe
f42dfe
f42efe
f42ffe
f430fe
f431fe
f432fe
f433fe
f434fe
f435fe
f436fe
f437fe
f438fe
f439fe
f43afe
f43bfe
f43cfe
f43dfe
f43efe
f43ffe
f440fe
f441fe
f442fe
f443fe
f444fe
f445fe
f446fe
f447fe
f448fe
f449fe
f44afe
f44bfe
f44cfe
f44dfe
f44efe
f44ffe
f450fe
f451fe
f452fe
f453fe
f454fe
f455fe
f456fe
f457fe
f458fe
f459fe
f45afe
f45bfe
f45cfe
f45dfe
f45efe
f45ffe
f460fe
f461fe
f462fe
f463fe
f464fe
f465fe
f466fe
f467fe
f468fe
f469fe
f46afe
f46bfe
f46cfe
f46dfe
f46efe
f46ffe
f470fe
f471fe
f472fe
f473fe
f474fe
f475fe
f476fe
f477fe
f478fe
f479fe
f47afe
f47bfe
f47cfe
f47dfe
f47efe
f47ffe
f480fe
f481fe
f482fe
f483fe
f484fe
f485fe
f486fe
f487fe
f488fe
f489fe
f48afe
f48bfe
f48cfe
f48dfe
f48efe
f48ffe
f490fe
f491fe
f492fe
f493fe
f494fe
f495fe
f496fe
f497fe
f498fe
f499fe
f49afe
f49bfe
f49cfe
f49dfe
f49efe
f49ffe
f4a0fe
f4a1fe
f4a2fe
f4a3fe
f4a4fe
f4a5fe
f4a6fe
f4a7fe
f4a8fe
f4a9fe
f4aafe
f4abfe
f4acfe
f4adfe
f4aefe
f4affe
f4b0fe
f4b1fe
f4b2fe
f4b3fe
f4b4fe
f4b5fe
f4b6fe
f4b7fe
f4b8fe
f4b9fe
f4bafe
f4bbfe
f4bcfe
f4bdfe
f4befe
f4bffe
f4c0fe
f4c1fe
f4c2fe
f4c3fe
f4c4fe
f4c5fe
f4c6fe
f4c7fe
f4c8fe
f4c9fe
f4cafe
f4cbfe
f4ccfe
f4cdfe
f4cefe
f4cffe
f4d0fe
f4d1fe
f4d2fe
f4d3fe
f4d4fe
f4d5fe
f4d6fe
f4d7fe
f4d8fe
f4d9fe
f4dafe
f4dbfe
f4dcfe
f4ddfe
f4defe
f4dffe
f4e0fe
f4e1fe
f4e2fe
f4e3fe
f4e4fe
f4e5fe
f4e6fe
f4e7fe
f4e8fe
f4e9fe
f4eafe
f4ebfe
f4ecfe
f4edfe
f4eefe
f4effe
f4f0fe
f4f1fe
f4f2fe
f4f3fe
f4f4fe
f4f5fe
f4f6fe
f4f7fe
f4f8fe
f4f9fe
f4fafe
f4fbfe
f4fcfe
f4fdfe
f4fefe
f4fffe
f500fe
f501fe
f502fe
f503fe
f504fe
f505fe
f506fe
f507fe
f508fe
f509fe
f50afe
f50bfe
f50cfe
f50dfe
f50efe
f50ffe
f510fe
f511fe
f512fe
f513fe
f514fe
f515fe
f516fe
f517fe
f518fe
f519fe
f51afe
f51bfe
f51cfe
f51dfe
f51efe
f51ffe
f520fe
f521fe
f522fe
f523fe
f524fe
f525fe
f526fe
f527fe
f528fe
f529fe
f52afe
f52bfe
f52cfe
f52dfe
f52efe
f52ffe
f530fe
f531fe
f532fe
f533fe
f534fe
f535fe
f536fe
f537fe
f538fe
f539fe
f53afe
f53bfe
f53cfe
f53dfe
f53efe
f53ffe
f540fe
f541fe
f542fe
f543fe
f544fe
f545fe
f546fe
f547fe
f548fe
f549fe
f54afe
f54bfe
f54cfe
f54dfe
f54efe
f54ffe
f550fe
f551fe
f552fe
f553fe
f554fe
f555fe
f556fe
f557fe
f558fe
f559fe
f55afe
f55bfe
f55cfe
f55dfe
f55efe
f55ffe
f560fe
f561fe
f562fe
f563fe
f564fe
f565fe
f566fe
f567fe
f568fe
f569fe
f56afe
f56bfe
f56cfe
f56dfe
f56efe
f56ffe
f570fe
f571fe
f572fe
f573fe
f574fe
f575fe
f576fe
f577fe
f578fe
f579fe
f57afe
f57bfe
f57cfe
f57dfe
f57efe
f57ffe
f580fe
f581fe
f582fe
f583fe
f584fe
f585fe
f586fe
f587fe
f588fe
f589fe
f58afe
f58bfe
f58cfe
f58dfe
f58efe
f58ffe
f590fe
f591fe
f592fe
f593fe
f594fe
f595fe
f596fe
f597fe
f598fe
f599fe
f59afe
f59bfe
f59cfe
f59dfe
f59efe
f59ffe
f5a0fe
f5a1fe
f5a2fe
f5a3fe
f5a4fe
f5a5fe
f5a6fe
f5a7fe
f5a8fe
f5a9fe
f5aafe
f5abfe
f5acfe
f5adfe
f5aefe
f5affe
f5b0fe
f5b1fe
f5b2fe
f5b3fe
f5b4fe
f5b5fe
f5b6fe
f5b7fe
f5b8fe
f5b9fe
f5bafe
f5bbfe
f5bcfe
f5bdfe
f5befe
f5bffe
f5c0fe
f5c1fe
f5c2fe
f5c3fe
f5c4fe
f5c5fe
f5c6fe
f5c7fe
f5c8fe
f5c9fe
f5cafe
f5cbfe
f5ccfe
f5cdfe
f5cefe
f5cffe
f5d0fe
f5d1fe
f5d2fe
f5d3fe
f5d4fe
f5d5fe
f5d6fe
f5d7fe
f5d8fe
f5d9fe
f5dafe
f5dbfe
f5dcfe
f5ddfe
f5defe
f5dffe
f5e0fe
f5e1fe
f5e2fe
f5e3fe
f5e4fe
f5e5fe
f5e6fe
f5e7fe
f5e8fe
f5e9fe
f5eafe
f5ebfe
f5ecfe
f5edfe
f5eefe
f5effe
f5f0fe
f5f1fe
f5f2fe
f5f3fe
f5f4fe
f5f5fe
f5f6fe
f5f7fe
f5f8fe
f5f9fe
f5fafe
f5fbfe
f5fcfe
f5fdfe
f5fefe
f5fffe
f600fe
f601fe
f602fe
f603fe
f604fe
f605fe
f606fe
f607fe
f608fe
f609fe
f60afe
f60bfe
f60cfe
f60dfe
f60efe
f60ffe
f610fe
f611fe
f612fe
f613fe
f614fe
f615fe
f616fe
f617fe
f618fe
f619fe
f61afe
f61bfe
f61cfe
f61dfe
f61efe
f61ffe
f620fe
f621fe
f622fe
f623fe
f624fe
f625fe
f626fe
f627fe
f628fe
f629fe
f62afe
f62bfe
f62cfe
f62dfe
f62efe
f62ffe
f630fe
f631fe
f632fe
f633fe
f634fe
f635fe
f636fe
f637fe
f638fe
f639fe
f63afe
f63bfe
f63cfe
f63dfe
f63efe
f63ffe
f640fe
f641fe
f642fe
f643fe
f644fe
f645fe
f646fe
f647fe
f648fe
f649fe
f64afe
f64bfe
f64cfe
f64dfe
f64efe
f64ffe
f650fe
f651fe
f652fe
f653fe
f654fe
f655fe
f656fe
f657fe
f658fe
f659fe
f65afe
f65bfe
f65cfe
f65dfe
f65efe
f65ffe
f660fe
f661fe
f662fe
f663fe
f664fe
f665fe
f666fe
f667fe
f668fe
f669fe
f66afe
f66bfe
f66cfe
f66dfe
f66efe
f66ffe
f670fe
f671fe
f672fe
f673fe
f674fe
f675fe
f676fe
f677fe
f678fe
f679fe
f67afe
f67bfe
f67cfe
f67dfe
f67efe
f67ffe
f680fe
f681fe
f682fe
f683fe
f684fe
f685fe
f686fe
f687fe
f688fe
f689fe
f68afe
f68bfe
f68cfe
f68dfe
f68efe
f68ffe
f690fe
f691fe
f692fe
f693fe
f694fe
f695fe
f696fe
f697fe
f698fe
f699fe
f69afe
f69bfe
f69cfe
f69dfe
f69efe
f69ffe
f6a0fe
f6a1fe
f6a2fe
f6a3fe
f6a4fe
f6a5fe
f6a6fe
f6a7fe
f6a8fe
f6a9fe
f6aafe
f6abfe
f6acfe
f6adfe
f6aefe
f6affe
f6b0fe
f6b1fe
f6b2fe
f6b3fe
f6b4fe
f6b5fe
f6b6fe
f6b7fe
f6b8fe
f6b9fe
f6bafe
f6bbfe
f6bcfe
f6bdfe
f6befe
f6bffe
f6c0fe
f6c1fe
f6c2fe
f6c3fe
f6c4fe
f6c5fe
f6c6fe
f6c7fe
f6c8fe
f6c9fe
f6cafe
f6cbfe
f6ccfe
f6cdfe
f6cefe
f6cffe
f6d0fe
f6d1fe
f6d2fe
f6d3fe
f6d4fe
f6d5fe
f6d6fe
f6d7fe
f6d8fe
f6d9fe
f6dafe
f6dbfe
f6dcfe
f6ddfe
f6defe
f6dffe
f6e0fe
f6e1fe
f6e2fe
f6e3fe
f6e4fe
f6e5fe
f6e6fe
f6e7fe
f6e8fe
f6e9fe
f6eafe
f6ebfe
f6ecfe
f6edfe
f6eefe
f6effe
f6f0fe
f6f1fe
f6f2fe
f6f3fe
f6f4fe
f6f5fe
f6f6fe
f6f7fe
f6f8fe
f6f9fe
f6fafe
f6fbfe
f6fcfe
f6fdfe
f6fefe
f6fffe
f700fe
f701fe
f702fe
f703fe
f704fe
f705fe
f706fe
f707fe
f708fe
f709fe
f70afe
f70bfe
f70cfe
f70dfe
f70efe
f70ffe
f710fe
f711fe
f712fe
f713fe
f714fe
f715fe
f716fe
f717fe
f718fe
f719fe
f71afe
f71bfe
f71cfe
f71dfe
f71efe
f71ffe
f720fe
f721fe
f722fe
f723fe
f724fe
f725fe
f726fe
f727fe
f728fe
f729fe
f72afe
f72bfe
f72cfe
f72dfe
f72efe
f72ffe
f730fe
f731fe
f732fe
f733fe
f734fe
f735fe
f736fe
f737fe
f738fe
f739fe
f73afe
f73bfe
f73cfe
f73dfe
f73efe
f73ffe
f740fe
f741fe
f742fe
f743fe
f744fe
f745fe
f746fe
f747fe
f748fe
f749fe
f74afe
f74bfe
f74cfe
f74dfe
f74efe
f74ffe
f750fe
f751fe
f752fe
f753fe
f754fe
f755fe
f756fe
f757fe
f758fe
f759fe
f75afe
f75bfe
f75cfe
f75dfe
f75efe
f75ffe
f760fe
f761fe
f762fe
f763fe
f764fe
f765fe
f766fe
f767fe
f768fe
f769fe
f76afe
f76bfe
f76cfe
f76dfe
f76efe
f76ffe
f770fe
f771fe
f772fe
f773fe
f774fe
f775fe
f776fe
f777fe
f778fe
f779fe
f77afe
f77bfe
f77cfe
f77dfe
f77efe
f77ffe
f780fe
f781fe
f782fe
f783fe
f784fe
f785fe
f786fe
f787fe
f788fe
f789fe
f78afe
f78bfe
f78cfe
f78dfe
f78efe
f78ffe
f790fe
f791fe
f792fe
f793fe
f794fe
f795fe
f796fe
f797fe
f798fe
f799fe
f79afe
f79bfe
f79cfe
f79dfe
f79efe
f79ffe
f7a0fe
f7a1fe
f7a2fe
f7a3fe
f7a4fe
f7a5fe
f7a6fe
f7a7fe
f7a8fe
f7a9fe
f7aafe
f7abfe
f7acfe
f7adfe
f7aefe
f7affe
f7b0fe
f7b1fe
f7b2fe
f7b3fe
f7b4fe
f7b5fe
f7b6fe
f7b7fe
f7b8fe
f7b9fe
f7bafe
f7bbfe
f7bcfe
f7bdfe
f7befe
f7bffe
f7c0fe
f7c1fe
f7c2fe
f7c3fe
f7c4fe
f7c5fe
f7c6fe
f7c7fe
f7c8fe
f7c9fe
f7cafe
f7cbfe
f7ccfe
f7cdfe
f7cefe
f7cffe
f7d0fe
f7d1fe
f7d2fe
f7d3fe
f7d4fe
f7d5fe
f7d6fe
f7d7fe
f7d8fe
f7d9fe
f7dafe
f7dbfe
f7dcfe
f7ddfe
f7defe
f7dffe
f7e0fe
f7e1fe
f7e2fe
f7e3fe
f7e4fe
f7e5fe
f7e6fe
f7e7fe
f7e8fe
f7e9fe
f7eafe
f7ebfe
f7ecfe
f7edfe
f7eefe
f7effe
f7f0fe
f7f1fe
f7f2fe
f7f3fe
f7f4fe
f7f5fe
f7f6fe
f7f7fe
f7f8fe
f7f9fe
f7fafe
f7fbfe
f7fcfe
f7fdfe
f7fefe
f7fffe
f800fe
f801fe
f802fe
f803fe
f804fe
f805fe
f806fe
f807fe
f808fe
f809fe
f80afe
f80bfe
f80cfe
f80dfe
f80efe
f80ffe
f810fe
f811fe
f812fe
f813fe
f814fe
f815fe
f816fe
f817fe
f818fe
f819fe
f81afe
f81bfe
f81cfe
f81dfe
f81efe
f81ffe
f820fe
f821fe
f822fe
f823fe
f824fe
f825fe
f826fe
f827fe
f828fe
f829fe
f82afe
f82bfe
f82cfe
f82dfe
f82efe
f82ffe
f830fe
f831fe
f832fe
f833fe
f834fe
f835fe
f836fe
f837fe
f838fe
f839fe
f83afe
f83bfe
f83cfe
f83dfe
f83efe
f83ffe
f840fe
f841fe
f842fe
f843fe
f844fe
f845fe
f846fe
f847fe
f848fe
f849fe
f84afe
f84bfe
f84cfe
f84dfe
f84efe
f84ffe
f850fe
f851fe
f852fe
f853fe
f854fe
f855fe
f856fe
f857fe
f858fe
f859fe
f85afe
f85bfe
f85cfe
f85dfe
f85efe
f85ffe
f860fe
f861fe
f862fe
f863fe
f864fe
f865fe
f866fe
f867fe
f868fe
f869fe
f86afe
f86bfe
f86cfe
f86dfe
f86efe
f86ffe
f870fe
f871fe
f872fe
f873fe
f874fe
f875fe
f876fe
f877fe
f878fe
f879fe
f87afe
f87bfe
f87cfe
f87dfe
f87efe
f87ffe
f880fe
f881fe
f882fe
f883fe
f884fe
f885fe
f886fe
f887fe
f888fe
f889fe
f88afe
f88bfe
f88cfe
f88dfe
f88efe
f88ffe
f890fe
f891fe
f892fe
f893fe
f894fe
f895fe
f896fe
f897fe
f898fe
f899fe
f89afe
f89bfe
f89cfe
f89dfe
f89efe
f89ffe
f8a0fe
f8a1fe
f8a2fe
f8a3fe
f8a4fe
f8a5fe
f8a6fe
f8a7fe
f8a8fe
f8a9fe
f8aafe
f8abfe
f8acfe
f8adfe
f8aefe
f8affe
f8b0fe
f8b1fe
f8b2fe
f8b3fe
f8b4fe
f8b5fe
f8b6fe
f8b7fe
f8b8fe
f8b9fe
f8bafe
f8bbfe
f8bcfe
f8bdfe
f8befe
f8bffe
f8c0fe
f8c1fe
f8c2fe
f8c3fe
f8c4fe
f8c5fe
f8c6fe
f8c7fe
f8c8fe
f8c9fe
f8cafe
f8cbfe
f8ccfe
f8cdfe
f8cefe
f8cffe
f8d0fe
f8d1fe
f8d2fe
f8d3fe
f8d4fe
f8d5fe
f8d6fe
f8d7fe
f8d8fe
f8d9fe
f8dafe
f8dbfe
f8dcfe
f8ddfe
f8defe
f8dffe
f8e0fe
f8e1fe
f8e2fe
f8e3fe
f8e4fe
f8e5fe
f8e6fe
f8e7fe
f8e8fe
f8e9fe
f8eafe
f8ebfe
f8ecfe
f8edfe
f8eefe
f8effe
f8f0fe
f8f1fe
f8f2fe
f8f3fe
f8f4fe
f8f5fe
f8f6fe
f8f7fe
f8f8fe
f8f9fe
f8fafe
f8fbfe
f8fcfe
f8fdfe
f8fefe
f8fffe
f900fe
f901fe
f902fe
f903fe
f904fe
f905fe
f906fe
f907fe
f908fe
f909fe
f90afe
f90bfe
f90cfe
f90dfe
f90efe
f90ffe
f910fe
f911fe
f912fe
f913fe
f914fe
f915fe
f916fe
f917fe
f918fe
f919fe
f91afe
f91bfe
f91cfe
f91dfe
f91efe
f91ffe
f920fe
f921fe
f922fe
f923fe
f924fe
f925fe
f926fe
f927fe
f928fe
f929fe
f92afe
f92bfe
f92cfe
f92dfe
f92efe
f92ffe
f930fe
f931fe
f932fe
f933fe
f934fe
f935fe
f936fe
f937fe
f938fe
f939fe
f93afe
f93bfe
f93cfe
f93dfe
f93efe
f93ffe
f940fe
f941fe
f942fe
f943fe
f944fe
f945fe
f946fe
f947fe
f948fe
f949fe
f94afe
f94bfe
f94cfe
f94dfe
f94efe
f94ffe
f950fe
f951fe
f952fe
f953fe
f954fe
f955fe
f956fe
f957fe
f958fe
f959fe
f95afe
f95bfe
f95cfe
f95dfe
f95efe
f95ffe
f960fe
f961fe
f962fe
f963fe
f964fe
f965fe
f966fe
f967fe
f968fe
f969fe
f96afe
f96bfe
f96cfe
f96dfe
f96efe
f96ffe
f970fe
f971fe
f972fe
f973fe
f974fe
f975fe
f976fe
f977fe
f978fe
f979fe
f97afe
f97bfe
f97cfe
f97dfe
f97efe
f97ffe
f980fe
f981fe
f982fe
f983fe
f984fe
f985fe
f986fe
f987fe
f988fe
f989fe
f98afe
f98bfe
f98cfe
f98dfe
f98efe
f98ffe
f990fe
f991fe
f992fe
f993fe
f994fe
f995fe
f996fe
f997fe
f998fe
f999fe
f99afe
f99bfe
f99cfe
f99dfe
f99efe
f99ffe
f9a0fe
f9a1fe
f9a2fe
f9a3fe
f9a4fe
f9a5fe
f9a6fe
f9a7fe
f9a8fe
f9a9fe
f9aafe
f9abfe
f9acfe
f9adfe
f9aefe
f9affe
f9b0fe
f9b1fe
f9b2fe
f9b3fe
f9b4fe
f9b5fe
f9b6fe
f9b7fe
f9b8fe
f9b9fe
f9bafe
f9bbfe
f9bcfe
f9bdfe
f9befe
f9bffe
f9c0fe
f9c1fe
f9c2fe
f9c3fe
f9c4fe
f9c5fe
f9c6fe
f9c7fe
f9c8fe
f9c9fe
f9cafe
f9cbfe
f9ccfe
f9cdfe
f9cefe
f9cffe
f9d0fe
f9d1fe
f9d2fe
f9d3fe
f9d4fe
f9d5fe
f9d6fe
f9d7fe
f9d8fe
f9d9fe
f9dafe
f9dbfe
f9dcfe
f9ddfe
f9defe
f9dffe
f9e0fe
f9e1fe
f9e2fe
f9e3fe
f9e4fe
f9e5fe
f9e6fe
f9e7fe
f9e8fe
f9e9fe
f9eafe
f9ebfe
f9ecfe
f9edfe
f9eefe
f9effe
f9f0fe
f9f1fe
f9f2fe
f9f3fe
f9f4fe
f9f5fe
f9f6fe
f9f7fe
f9f8fe
f9f9fe
f9fafe
f9fbfe
f9fcfe
f9fdfe
f9fefe
f9fffe
fa00fe
fa01fe
fa02fe
fa03fe
fa04fe
fa05fe
fa06fe
fa07fe
fa08fe
fa09fe
fa0afe
fa0bfe
fa0cfe
fa0dfe
fa0efe
fa0ffe
fa10fe
fa11fe
fa12fe
fa13fe
fa14fe
fa15fe
fa16fe
fa17fe
fa18fe
fa19fe
fa1afe
fa1bfe
fa1cfe
fa1dfe
fa1efe
fa1ffe
fa20fe
fa21fe
fa22fe
fa23fe
fa24fe
fa25fe
fa26fe
fa27fe
fa28fe
fa29fe
fa2afe
fa2bfe
fa2cfe
fa2dfe
fa2efe
fa2ffe
fa30fe
fa31fe
fa32fe
fa33fe
fa34fe
fa35fe
fa36fe
fa37fe
fa38fe
fa39fe
fa3afe
fa3bfe
fa3cfe
fa3dfe
fa3efe
fa3ffe
fa40fe
fa41fe
fa42fe
fa43fe
fa44fe
fa45fe
fa46fe
fa47fe
fa48fe
fa49fe
fa4afe
fa4bfe
fa4cfe
fa4dfe
fa4efe
fa4ffe
fa50fe
fa51fe
fa52fe
fa53fe
fa54fe
fa55fe
fa56fe
fa57fe
fa58fe
fa59fe
fa5afe
fa5bfe
fa5cfe
fa5dfe
fa5efe
fa5ffe
fa60fe
fa61fe
fa62fe
fa63fe
fa64fe
fa65fe
fa66fe
fa67fe
fa68fe
fa69fe
fa6afe
fa6bfe
fa6cfe
fa6dfe
fa6efe
fa6ffe
fa70fe
fa71fe
fa72fe
fa73fe
fa74fe
fa75fe
fa76fe
fa77fe
fa78fe
fa79fe
fa7afe
fa7bfe
fa7cfe
fa7dfe
fa7efe
fa7ffe
fa80fe
fa81fe
fa82fe
fa83fe
fa84fe
fa85fe
fa86fe
fa87fe
fa88fe
fa89fe
fa8afe
fa8bfe
fa8cfe
fa8dfe
fa8efe
fa8ffe
fa90fe
fa91fe
fa92fe
fa93fe
fa94fe
fa95fe
fa96fe
fa97fe
fa98fe
fa99fe
fa9afe
fa9bfe
fa9cfe
fa9dfe
fa9efe
fa9ffe
faa0fe
faa1fe
faa2fe
faa3fe
faa4fe
faa5fe
faa6fe
faa7fe
faa8fe
faa9fe
faaafe
faabfe
faacfe
faadfe
faaefe
faaffe
fab0fe
fab1fe
fab2fe
fab3fe
fab4fe
fab5fe
fab6fe
fab7fe
fab8fe
fab9fe
fabafe
fabbfe
fabcfe
fabdfe
fabefe
fabffe
fac0fe
fac1fe
fac2fe
fac3fe
fac4fe
fac5fe
fac6fe
fac7fe
fac8fe
fac9fe
facafe
facbfe
faccfe
facdfe
facefe
facffe
fad0fe
fad1fe
fad2fe
fad3fe
fad4fe
fad5fe
fad6fe
fad7fe
fad8fe
fad9fe
fadafe
fadbfe
fadcfe
faddfe
fadefe
fadffe
fae0fe
fae1fe
fae2fe
fae3fe
fae4fe
fae5fe
fae6fe
fae7fe
fae8fe
fae9fe
faeafe
faebfe
faecfe
faedfe
faeefe
faeffe
faf0fe
faf1fe
faf2fe
faf3fe
faf4fe
faf5fe
faf6fe
faf7fe
faf8fe
faf9fe
fafafe
fafbfe
fafcfe
fafdfe
fafefe
fafffe
fb00fe
fb01fe
fb02fe
fb03fe
fb04fe
fb05fe
fb06fe
fb07fe
fb08fe
fb09fe
fb0afe
fb0bfe
fb0cfe
fb0dfe
fb0efe
fb0ffe
fb10fe
fb11fe
fb12fe
fb13fe
fb14fe
fb15fe
fb16fe
fb17fe
fb18fe
fb19fe
fb1afe
fb1bfe
fb1cfe
fb1dfe
fb1efe
fb1ffe
fb20fe
fb21fe
fb22fe
fb23fe
fb24fe
fb25fe
fb26fe
fb27fe
fb28fe
fb29fe
fb2afe
fb2bfe
fb2cfe
fb2dfe
fb2efe
fb2ffe
fb30fe
fb31fe
fb32fe
fb33fe
fb34fe
fb35fe
fb36fe
fb37fe
fb38fe
fb39fe
fb3afe
fb3bfe
fb3cfe
fb3dfe
fb3efe
fb3ffe
fb40fe
fb41fe
fb42fe
fb43fe
fb44fe
fb45fe
fb46fe
fb47fe
fb48fe
fb49fe
fb4afe
fb4bfe
fb4cfe
fb4dfe
fb4efe
fb4ffe
fb50fe
fb51fe
fb52fe
fb53fe
fb54fe
fb55fe
fb56fe
fb57fe
fb58fe
fb59fe
fb5afe
fb5bfe
fb5cfe
fb5dfe
fb5efe
fb5ffe
fb60fe
fb61fe
fb62fe
fb63fe
fb64fe
fb65fe
fb66fe
fb67fe
fb68fe
fb69fe
fb6afe
fb6bfe
fb6cfe
fb6dfe
fb6efe
fb6ffe
fb70fe
fb71fe
fb72fe
fb73fe
fb74fe
fb75fe
fb76fe
fb77fe
fb78fe
fb79fe
fb7afe
fb7bfe
fb7cfe
fb7dfe
fb7efe
fb7ffe
fb80fe
fb81fe
fb82fe
fb83fe
fb84fe
fb85fe
fb86fe
fb87fe
fb88fe
fb89fe
fb8afe
fb8bfe
fb8cfe
fb8dfe
fb8efe
fb8ffe
fb90fe
fb91fe
fb92fe
fb93fe
fb94fe
fb95fe
fb96fe
fb97fe
fb98fe
fb99fe
fb9afe
fb9bfe
fb9cfe
fb9dfe
fb9efe
fb9ffe
fba0fe
fba1fe
fba2fe
fba3fe
fba4fe
fba5fe
fba6fe
fba7fe
fba8fe
fba9fe
fbaafe
fbabfe
fbacfe
fbadfe
fbaefe
fbaffe
fbb0fe
fbb1fe
fbb2fe
fbb3fe
fbb4fe
fbb5fe
fbb6fe
fbb7fe
fbb8fe
fbb9fe
fbbafe
fbbbfe
fbbcfe
fbbdfe
fbbefe
fbbffe
fbc0fe
fbc1fe
fbc2fe
fbc3fe
fbc4fe
fbc5fe
fbc6fe
fbc7fe
fbc8fe
fbc9fe
fbcafe
fbcbfe
fbccfe
fbcdfe
fbcefe
fbcffe
fbd0fe
fbd1fe
fbd2fe
fbd3fe
fbd4fe
fbd5fe
fbd6fe
fbd7fe
fbd8fe
fbd9fe
fbdafe
fbdbfe
fbdcfe
fbddfe
fbdefe
fbdffe
fbe0fe
fbe1fe
fbe2fe
fbe3fe
fbe4fe
fbe5fe
fbe6fe
fbe7fe
fbe8fe
fbe9fe
fbeafe
fbebfe
fbecfe
fbedfe
fbeefe
fbeffe
fbf0fe
fbf1fe
fbf2fe
fbf3fe
fbf4fe
fbf5fe
fbf6fe
fbf7fe
fbf8fe
fbf9fe
fbfafe
fbfbfe
fbfcfe
fbfdfe
fbfefe
fbfffe
fc00fe
fc01fe
fc02fe
fc03fe
fc04fe
fc05fe
fc06fe
fc07fe
fc08fe
fc09fe
fc0afe
fc0bfe
fc0cfe
fc0dfe
fc0efe
fc0ffe
fc10fe
fc11fe
fc12fe
fc13fe
fc14fe
fc15fe
fc16fe
fc17fe
fc18fe
fc19fe
fc1afe
fc1bfe
fc1cfe
fc1dfe
fc1efe
fc1ffe
fc20fe
fc21fe
fc22fe
fc23fe
fc24fe
fc25fe
fc26fe
fc27fe
fc28fe
fc29fe
fc2afe
fc2bfe
fc2cfe
fc2dfe
fc2efe
fc2ffe
fc30fe
fc31fe
fc32fe
fc33fe
fc34fe
fc35fe
fc36fe
fc37fe
fc38fe
fc39fe
fc3afe
fc3bfe
fc3cfe
fc3dfe
fc3efe
fc3ffe
fc40fe
fc41fe
fc42fe
fc43fe
fc44fe
fc45fe
fc46fe
fc47fe
fc48fe
fc49fe
fc4afe
fc4bfe
fc4cfe
fc4dfe
fc4efe
fc4ffe
fc50fe
fc51fe
fc52fe
fc53fe
fc54fe
fc55fe
fc56fe
fc57fe
fc58fe
fc59fe
fc5afe
fc5bfe
fc5cfe
fc5dfe
fc5efe
fc5ffe
fc60fe
fc61fe
fc62fe
fc63fe
fc64fe
fc65fe
fc66fe
fc67fe
fc68fe
fc69fe
fc6afe
fc6bfe
fc6cfe
fc6dfe
fc6efe
fc6ffe
fc70fe
fc71fe
fc72fe
fc73fe
fc74fe
fc75fe
fc76fe
fc77fe
fc78fe
fc79fe
fc7afe
fc7bfe
fc7cfe
fc7dfe
fc7efe
fc7ffe
fc80fe
fc81fe
fc82fe
fc83fe
fc84fe
fc85fe
fc86fe
fc87fe
fc88fe
fc89fe
fc8afe
fc8bfe
fc8cfe
fc8dfe
fc8efe
fc8ffe
fc90fe
fc91fe
fc92fe
fc93fe
fc94fe
fc95fe
fc96fe
fc97fe
fc98fe
fc99fe
fc9afe
fc9bfe
fc9cfe
fc9dfe
fc9efe
fc9ffe
fca0fe
fca1fe
fca2fe
fca3fe
fca4fe
fca5fe
fca6fe
fca7fe
fca8fe
fca9fe
fcaafe
fcabfe
fcacfe
fcadfe
fcaefe
fcaffe
fcb0fe
fcb1fe
fcb2fe
fcb3fe
fcb4fe
fcb5fe
fcb6fe
fcb7fe
fcb8fe
fcb9fe
fcbafe
fcbbfe
fcbcfe
fcbdfe
fcbefe
fcbffe
fcc0fe
fcc1fe
fcc2fe
fcc3fe
fcc4fe
fcc5fe
fcc6fe
fcc7fe
fcc8fe
fcc9fe
fccafe
fccbfe
fcccfe
fccdfe
fccefe
fccffe
fcd0fe
fcd1fe
fcd2fe
fcd3fe
fcd4fe
fcd5fe
fcd6fe
fcd7fe
fcd8fe
fcd9fe
fcdafe
fcdbfe
fcdcfe
fcddfe
fcdefe
fcdffe
fce0fe
fce1fe
fce2fe
fce3fe
fce4fe
fce5fe
fce6fe
fce7fe
fce8fe
fce9fe
fceafe
fcebfe
fcecfe
fcedfe
fceefe
fceffe
fcf0fe
fcf1fe
fcf2fe
fcf3fe
fcf4fe
fcf5fe
fcf6fe
fcf7fe
fcf8fe
fcf9fe
fcfafe
fcfbfe
fcfcfe
fcfdfe
fcfefe
fcfffe
fd00fe
fd01fe
fd02fe
fd03fe
fd04fe
fd05fe
fd06fe
fd07fe
fd08fe
fd09fe
fd0afe
fd0bfe
fd0cfe
fd0dfe
fd0efe
fd0ffe
fd10fe
fd11fe
fd12fe
fd13fe
fd14fe
fd15fe
fd16fe
fd17fe
fd18fe
fd19fe
fd1afe
fd1bfe
fd1cfe
fd1dfe
fd1efe
fd1ffe
fd20fe
fd21fe
fd22fe
fd23fe
fd24fe
fd25fe
fd26fe
fd27fe
fd28fe
fd29fe
fd2afe
fd2bfe
fd2cfe
fd2dfe
fd2efe
fd2ffe
fd30fe
fd31fe
fd32fe
fd33fe
fd34fe
fd35fe
fd36fe
fd37fe
fd38fe
fd39fe
fd3afe
fd3bfe
fd3cfe
fd3dfe
fd3efe
fd3ffe
fd40fe
fd41fe
fd42fe
fd43fe
fd44fe
fd45fe
fd46fe
fd47fe
fd48fe
fd49fe
fd4afe
fd4bfe
fd4cfe
fd4dfe
fd4efe
fd4ffe
fd50fe
fd51fe
fd52fe
fd53fe
fd54fe
fd55fe
fd56fe
fd57fe
fd58fe
fd59fe
fd5afe
fd5bfe
fd5cfe
fd5dfe
fd5efe
fd5ffe
fd60fe
fd61fe
fd62fe
fd63fe
fd64fe
fd65fe
fd66fe
fd67fe
fd68fe
fd69fe
fd6afe
fd6bfe
fd6cfe
fd6dfe
fd6efe
fd6ffe
fd70fe
fd71fe
fd72fe
fd73fe
fd74fe
fd75fe
fd76fe
fd77fe
fd78fe
fd79fe
fd7afe
fd7bfe
fd7cfe
fd7dfe
fd7efe
fd7ffe
fd80fe
fd81fe
fd82fe
fd83fe
fd84fe
fd85fe
fd86fe
fd87fe
fd88fe
fd89fe
fd8afe
fd8bfe
fd8cfe
fd8dfe
fd8efe
fd8ffe
fd90fe
fd91fe
fd92fe
fd93fe
fd94fe
fd95fe
fd96fe
fd97fe
fd98fe
fd99fe
fd9afe
fd9bfe
fd9cfe
fd9dfe
fd9efe
fd9ffe
fda0fe
fda1fe
fda2fe
fda3fe
fda4fe
fda5fe
fda6fe
fda7fe
fda8fe
fda9fe
fdaafe
fdabfe
fdacfe
fdadfe
fdaefe
fdaffe
fdb0fe
fdb1fe
fdb2fe
fdb3fe
fdb4fe
fdb5fe
fdb6fe
fdb7fe
fdb8fe
fdb9fe
fdbafe
fdbbfe
fdbcfe
fdbdfe
fdbefe
fdbffe
fdc0fe
fdc1fe
fdc2fe
fdc3fe
fdc4fe
fdc5fe
fdc6fe
fdc7fe
fdc8fe
fdc9fe
fdcafe
fdcbfe
fdccfe
fdcdfe
fdcefe
fdcffe
fdd0fe
fdd1fe
fdd2fe
fdd3fe
fdd4fe
fdd5fe
fdd6fe
fdd7fe
fdd8fe
fdd9fe
fddafe
fddbfe
fddcfe
fdddfe
fddefe
fddffe
fde0fe
fde1fe
fde2fe
fde3fe
fde4fe
fde5fe
fde6fe
fde7fe
fde8fe
fde9fe
fdeafe
fdebfe
fdecfe
fdedfe
fdeefe
fdeffe
fdf0fe
fdf1fe
fdf2fe
fdf3fe
fdf4fe
fdf5fe
fdf6fe
fdf7fe
fdf8fe
fdf9fe
fdfafe
fdfbfe
fdfcfe
fdfdfe
fdfefe
fdfffe
fe00fe
fe01fe
fe02fe
fe03fe
fe04fe
fe05fe
fe06fe
fe07fe
fe08fe
fe09fe
fe0afe
fe0bfe
fe0cfe
fe0dfe
fe0efe
fe0ffe
fe10fe
fe11fe
fe12fe
fe13fe
fe14fe
fe15fe
fe16fe
fe17fe
fe18fe
fe19fe
fe1afe
fe1bfe
fe1cfe
fe1dfe
fe1efe
fe1ffe
fe20fe
fe21fe
fe22fe
fe23fe
fe24fe
fe25fe
fe26fe
fe27fe
fe28fe
fe29fe
fe2afe
fe2bfe
fe2cfe
fe2dfe
fe2efe
fe2ffe
fe30fe
fe31fe
fe32fe
fe33fe
fe34fe
fe35fe
fe36fe
fe37fe
fe38fe
fe39fe
fe3afe
fe3bfe
fe3cfe
fe3dfe
fe3efe
fe3ffe
fe40fe
fe41fe
fe42fe
fe43fe
fe44fe
fe45fe
fe46fe
fe47fe
fe48fe
fe49fe
fe4afe
fe4bfe
fe4cfe
fe4dfe
fe4efe
fe4ffe
fe50fe
fe51fe
fe52fe
fe53fe
fe54fe
fe55fe
fe56fe
fe57fe
fe58fe
fe59fe
fe5afe
fe5bfe
fe5cfe
fe5dfe
fe5efe
fe5ffe
fe60fe
fe61fe
fe62fe
fe63fe
fe64fe
fe65fe
fe66fe
fe67fe
fe68fe
fe69fe
fe6afe
fe6bfe
fe6cfe
fe6dfe
fe6efe
fe6ffe
fe70fe
fe71fe
fe72fe
fe73fe
fe74fe
fe75fe
fe76fe
fe77fe
fe78fe
fe79fe
fe7afe
fe7bfe
fe7cfe
fe7dfe
fe7efe
fe7ffe
fe80fe
fe81fe
fe82fe
fe83fe
fe84fe
fe85fe
fe86fe
fe87fe
fe88fe
fe89fe
fe8afe
fe8bfe
fe8cfe
fe8dfe
fe8efe
fe8ffe
fe90fe
fe91fe
fe92fe
fe93fe
fe94fe
fe95fe
fe96fe
fe97fe
fe98fe
fe99fe
fe9afe
fe9bfe
fe9cfe
fe9dfe
fe9efe
fe9ffe
fea0fe
fea1fe
fea2fe
fea3fe
fea4fe
fea5fe
fea6fe
fea7fe
fea8fe
fea9fe
feaafe
feabfe
feacfe
feadfe
feaefe
feaffe
feb0fe
feb1fe
feb2fe
feb3fe
feb4fe
feb5fe
feb6fe
feb7fe
feb8fe
feb9fe
febafe
febbfe
febcfe
febdfe
febefe
febffe
fec0fe
fec1fe
fec2fe
fec3fe
fec4fe
fec5fe
fec6fe
fec7fe
fec8fe
fec9fe
fecafe
fecbfe
feccfe
fecdfe
fecefe
fecffe
fed0fe
fed1fe
fed2fe
fed3fe
fed4fe
fed5fe
fed6fe
fed7fe
fed8fe
fed9fe
fedafe
fedbfe
fedcfe
feddfe
fedefe
fedffe
fee0fe
fee1fe
fee2fe
fee3fe
fee4fe
fee5fe
fee6fe
fee7fe
fee8fe
fee9fe
feeafe
feebfe
feecfe
feedfe
feeefe
feeffe
fef0fe
fef1fe
fef2fe
fef3fe
fef4fe
fef5fe
fef6fe
fef7fe
fef8fe
fef9fe
fefafe
fefbfe
fefcfe
fefdfe
fefefe
fefffe
ff00fe
ff01fe
ff02fe
ff03fe
ff04fe
ff05fe
ff06fe
ff07fe
ff08fe
ff09fe
ff0afe
ff0bfe
ff0cfe
ff0dfe
ff0efe
ff0ffe
ff10fe
ff11fe
ff12fe
ff13fe
ff14fe
ff15fe
ff16fe
ff17fe
ff18fe
ff19fe
ff1afe
ff1bfe
ff1cfe
ff1dfe
ff1efe
ff1ffe
ff20fe
ff21fe
ff22fe
ff23fe
ff24fe
ff25fe
ff26fe
ff27fe
ff28fe
ff29fe
ff2afe
ff2bfe
ff2cfe
ff2dfe
ff2efe
ff2ffe
ff30fe
ff31fe
ff32fe
ff33fe
ff34fe
ff35fe
ff36fe
ff37fe
ff38fe
ff39fe
ff3afe
ff3bfe
ff3cfe
ff3dfe
ff3efe
ff3ffe
ff40fe
ff41fe
ff42fe
ff43fe
ff44fe
ff45fe
ff46fe
ff47fe
ff48fe
ff49fe
ff4afe
ff4bfe
ff4cfe
ff4dfe
ff4efe
ff4ffe
ff50fe
ff51fe
ff52fe
ff53fe
ff54fe
ff55fe
ff56fe
ff57fe
ff58fe
ff59fe
ff5afe
ff5bfe
ff5cfe
ff5dfe
ff5efe
ff5ffe
ff60fe
ff61fe
ff62fe
ff63fe
ff64fe
ff65fe
ff66fe
ff67fe
ff68fe
ff69fe
ff6afe
ff6bfe
ff6cfe
ff6dfe
ff6efe
ff6ffe
ff70fe
ff71fe
ff72fe
ff73fe
ff74fe
ff75fe
ff76fe
ff77fe
ff78fe
ff79fe
ff7afe
ff7bfe
ff7cfe
ff7dfe
ff7efe
ff7ffe
ff80fe
ff81fe
ff82fe
ff83fe
ff84fe
ff85fe
ff86fe
ff87fe
ff88fe
ff89fe
ff8afe
ff8bfe
ff8cfe
ff8dfe
ff8efe
ff8ffe
ff90fe
ff91fe
ff92fe
ff93fe
ff94fe
ff95fe
ff96fe
ff97fe
ff98fe
ff99fe
ff9afe
ff9bfe
ff9cfe
ff9dfe
ff9efe
ff9ffe
ffa0fe
ffa1fe
ffa2fe
ffa3fe
ffa4fe
ffa5fe
ffa6fe
ffa7fe
ffa8fe
ffa9fe
ffaafe
ffabfe
ffacfe
ffadfe
ffaefe
ffaffe
ffb0fe
ffb1fe
ffb2fe
ffb3fe
ffb4fe
ffb5fe
ffb6fe
ffb7fe
ffb8fe
ffb9fe
ffbafe
ffbbfe
ffbcfe
ffbdfe
ffbefe
ffbffe
ffc0fe
ffc1fe
ffc2fe
ffc3fe
ffc4fe
ffc5fe
ffc6fe
ffc7fe
ffc8fe
ffc9fe
ffcafe
ffcbfe
ffccfe
ffcdfe
ffcefe
ffcffe
ffd0fe
ffd1fe
ffd2fe
ffd3fe
ffd4fe
ffd5fe
ffd6fe
ffd7fe
ffd8fe
ffd9fe
ffdafe
ffdbfe
ffdcfe
ffddfe
ffdefe
ffdffe
ffe0fe
ffe1fe
ffe2fe
ffe3fe
ffe4fe
ffe5fe
ffe6fe
ffe7fe
ffe8fe
ffe9fe
ffeafe
ffebfe
ffecfe
ffedfe
ffeefe
ffeffe
fff0fe
fff1fe
fff2fe
fff3fe
fff4fe
fff5fe
fff6fe
fff7fe
fff8fe
fff9fe
fffafe
fffbfe
fffcfe
fffdfe
fffefe
fffffe
